# Mixed quad/tri mesh generated by tri_to_quad_converter.py
# Vertices: 5230
# Quad faces: 2079
# Tri faces: 705

v -0.01012362 0.33822188 -0.00496720
v -0.01012362 0.33822188 -0.00496720
v -0.01012362 0.33822188 -0.00496720
v -0.01011748 0.33828867 0.00184809
v -0.01011748 0.33828867 0.00184809
v -0.01011748 0.33828867 0.00184809
v 0.10059865 0.56467308 0.09795954
v 0.10059865 0.56467308 0.09795954
v 0.10059865 0.56467308 0.09795954
v -0.02872354 0.04069319 0.11971262
v -0.02872354 0.04069319 0.11971262
v -0.02872354 0.04069319 0.11971262
v -0.02872354 0.04069319 0.11971262
v -0.04715563 0.15659559 0.15368331
v -0.04715563 0.15659559 0.15368331
v -0.04715563 0.15659559 0.15368331
v -0.03000567 0.15659387 0.15366785
v -0.03000567 0.15659387 0.15366785
v -0.03000567 0.15659387 0.15366785
v -0.03000567 0.15659387 0.15366785
v -0.07724361 0.19927268 0.09303995
v -0.07724361 0.19927268 0.09303995
v -0.07724361 0.19927268 0.09303995
v -0.07724361 0.19927268 0.09303995
v -0.07724361 0.19927268 0.09303995
v -0.07724361 0.19927268 0.09303995
v -0.03000823 0.15669808 0.15172492
v -0.03000823 0.15669808 0.15172492
v -0.03000823 0.15669808 0.15172492
v -0.03000823 0.15669808 0.15172492
v 0.07743436 0.19925721 0.09290074
v 0.07743436 0.19925721 0.09290074
v 0.07743436 0.19925721 0.09290074
v 0.07743436 0.19925721 0.09290074
v 0.07743436 0.19925721 0.09290074
v 0.07743436 0.19925721 0.09290074
v 0.06620130 0.56386418 0.07795637
v 0.06620130 0.56386418 0.07795637
v 0.09502807 0.54746476 0.07719255
v 0.09502807 0.54746476 0.07719255
v 0.09502807 0.54746476 0.07719255
v -0.17478921 -0.23818020 -0.00573001
v -0.24187163 -0.15139876 -0.01312948
v -0.15381733 -0.52771371 0.06281665
v -0.15381733 -0.52771371 0.06281665
v -0.15381733 -0.52771371 0.06281665
v -0.16574992 -0.53159906 0.06208262
v -0.16574992 -0.53159906 0.06208262
v -0.16574992 -0.53159906 0.06208262
v -0.09136138 -0.59824445 0.09892359
v -0.07743221 -0.59755228 0.10948680
v -0.07743221 -0.59755228 0.10948680
v -0.07743221 -0.59755228 0.10948680
v -0.07743221 -0.59755228 0.10948680
v -0.09140191 -0.59868759 0.05389556
v -0.07755828 -0.61421693 0.09889766
v -0.07755828 -0.61421693 0.09889766
v -0.07755828 -0.61421693 0.09889766
v -0.07759866 -0.61465652 0.05403962
v -0.07759866 -0.61465652 0.05403962
v -0.07759866 -0.61465652 0.05403962
v 0.09172362 -0.59826276 0.09875881
v 0.07791702 -0.61423246 0.09875773
v 0.07791702 -0.61423246 0.09875773
v 0.07791702 -0.61423246 0.09875773
v 0.09168309 -0.59870579 0.05373078
v 0.07776087 -0.59850074 0.04061241
v 0.07776087 -0.59850074 0.04061241
v 0.07776087 -0.59850074 0.04061241
v 0.07776087 -0.59850074 0.04061241
v -0.29586825 -0.05113970 -0.15387654
v -0.29586825 -0.05113970 -0.15387654
v -0.29586825 -0.05113970 -0.15387654
v -0.29700213 -0.05117324 -0.15731026
v -0.29700213 -0.05117324 -0.15731026
v -0.29700213 -0.05117324 -0.15731026
v -0.00682729 0.30407321 -0.05284548
v -0.00682729 0.30407321 -0.05284548
v -0.00682729 0.30407321 -0.05284548
v 0.00672915 0.30375577 -0.05286764
v 0.00672915 0.30375577 -0.05286764
v 0.00672915 0.30375577 -0.05286764
v 0.00377712 0.31030102 -0.16068574
v 0.00377712 0.31030102 -0.16068574
v 0.00377712 0.31030102 -0.16068574
v 0.00706491 0.30715657 -0.16066101
v 0.00706491 0.30715657 -0.16066101
v 0.00706491 0.30715657 -0.16066101
v 0.00364872 0.30690024 -0.05289259
v 0.00364872 0.30690024 -0.05289259
v 0.00364872 0.30690024 -0.05289259
v -0.00380524 0.31046134 -0.16067384
v -0.00380524 0.31046134 -0.16067384
v -0.00380524 0.31046134 -0.16067384
v 0.00668217 0.30312844 -0.16060587
v 0.00668217 0.30312844 -0.16060587
v 0.00668217 0.30312844 -0.16060587
v -0.10010714 0.56557701 0.09863384
v -0.10010714 0.56557701 0.09863384
v -0.10031926 0.56469319 0.09814036
v -0.10031926 0.56469319 0.09814036
v -0.10031926 0.56469319 0.09814036
v -0.07514392 0.58233754 0.09097708
v -0.07514392 0.58233754 0.09097708
v -0.07514392 0.58233754 0.09097708
v -0.07514392 0.58233754 0.09097708
v -0.07191341 0.57993592 0.09113264
v -0.07191341 0.57993592 0.09113264
v -0.09935368 0.56646443 0.09854075
v -0.09935368 0.56646443 0.09854075
v -0.06929964 0.55303533 0.06267191
v -0.06929964 0.55303533 0.06267191
v -0.06929964 0.55303533 0.06267191
v -0.15158019 0.51839045 0.06362509
v -0.15158019 0.51839045 0.06362509
v -0.15158019 0.51839045 0.06362509
v 0.00009084 0.58069136 0.04175913
v 0.00009084 0.58069136 0.04175913
v 0.00009716 0.58681715 0.04805116
v 0.00009716 0.58681715 0.04805116
v -0.02719762 0.30390786 0.16128340
v -0.02719762 0.30390786 0.16128340
v -0.02719762 0.30390786 0.16128340
v 0.02753390 0.30390239 0.16123415
v 0.02753390 0.30390239 0.16123415
v 0.02753390 0.30390239 0.16123415
v -0.38944777 -0.07534685 0.10124261
v -0.38944777 -0.07534685 0.10124261
v -0.38944777 -0.07534685 0.10124261
v -0.38944777 -0.07534685 0.10124261
v 0.01176889 0.24632859 -0.03323627
v -0.01179479 0.24633094 -0.03321507
v -0.01446874 0.26325905 -0.03327623
v -0.01446874 0.26325905 -0.03327623
v -0.06962040 0.27609520 -0.03358955
v -0.01308196 0.29030733 -0.03342159
v -0.01308196 0.29030733 -0.03342159
v -0.07132077 0.30016785 -0.02734461
v -0.06290614 0.35405333 0.01140487
v -0.01273029 0.31304607 -0.02693290
v -0.01273029 0.31304607 -0.02693290
v -0.08978541 0.34942957 0.01514897
v -0.08978541 0.34942957 0.01514897
v -0.12285127 0.27645714 -0.02694025
v -0.12285127 0.27645714 -0.02694025
v -0.23440415 0.17984784 -0.02074864
v -0.17081057 0.21478101 -0.03303241
v -0.28169688 0.11485424 -0.03121836
v -0.29549828 0.12929172 -0.01997955
v -0.36186060 0.06690653 -0.01631295
v -0.36186060 0.06690653 -0.01631295
v -0.36186060 0.06690653 -0.01631295
v -0.32662035 0.06371834 -0.03093493
v -0.36257624 -0.05223494 -0.01674481
v -0.36257624 -0.05223494 -0.01674481
v -0.36257624 -0.05223494 -0.01674481
v -0.24707434 -0.18662573 -0.02095493
v -0.24895663 -0.18613925 -0.01318317
v -0.24895663 -0.18613925 -0.01318317
v -0.19034188 -0.25569731 -0.00962691
v -0.12865985 -0.42566007 0.03041241
v -0.12865985 -0.42566007 0.03041241
v -0.12593571 -0.42392335 0.02190191
v -0.09760653 -0.57924293 0.04658993
v -0.09760653 -0.57924293 0.04658993
v -0.09760653 -0.57924293 0.04658993
v -0.09587979 -0.51562550 0.03771583
v -0.09587979 -0.51562550 0.03771583
v -0.11127135 -0.34007787 0.00253381
v -0.11127135 -0.34007787 0.00253381
v -0.13400453 -0.33994748 0.00221810
v -0.13400453 -0.33994748 0.00221810
v -0.13756405 -0.34446958 0.00327031
v -0.13756405 -0.34446958 0.00327031
v -0.11629101 -0.51142170 0.03629762
v -0.11490379 -0.42726911 0.02232706
v -0.11490379 -0.42726911 0.02232706
v -0.10953949 -0.27602617 -0.00557479
v -0.14901667 -0.32655244 0.00128638
v -0.30053715 -0.11560446 -0.02872901
v -0.27111737 -0.05552895 -0.03013497
v -0.32731711 -0.05336623 -0.02998923
v -0.25919049 0.05723744 -0.03121356
v -0.22357411 0.16855667 -0.03181095
v -0.11011498 0.22358710 -0.03300130
v -0.12295368 0.25294087 -0.03325880
v -0.20184447 0.15345676 -0.03178024
v -0.10400691 0.20844951 -0.01982078
v -0.01058152 0.23068139 -0.01799483
v -0.24428248 0.05322758 -0.01819886
v -0.26091550 -0.10568710 -0.02905728
v -0.25578425 -0.05416897 -0.01829890
v -0.22706988 -0.17587571 -0.02202579
v -0.21418420 -0.16676942 -0.01222684
v -0.17585246 -0.23397051 -0.01301112
v -0.16596627 -0.22117257 -0.00699640
v -0.16546212 -0.22059666 -0.00630713
v -0.21323558 -0.16649173 -0.01101498
v -0.24488915 -0.10137965 -0.01472269
v -0.24632817 -0.10154977 -0.01676168
v -0.25430703 -0.05411210 -0.01635885
v -0.24278672 0.05280085 -0.01627735
v -0.19015197 0.14269578 -0.01732665
v -0.10442138 0.20702237 -0.01766449
v -0.19061152 0.14372933 -0.01901550
v -0.09649012 -0.33920762 0.00354454
v -0.09649012 -0.33920762 0.00354454
v -0.09649012 -0.33920762 0.00354454
v -0.05854399 -0.29122230 -0.00275078
v -0.10291594 -0.26304730 -0.00249852
v -0.05637339 -0.27841055 -0.00062703
v -0.05512632 -0.27652092 0.00116268
v -0.10285839 -0.26111542 -0.00079186
v -0.36662161 0.07166274 -0.00746657
v -0.36662161 0.07166274 -0.00746657
v -0.36662161 0.07166274 -0.00746657
v -0.36662161 0.07166274 -0.00746657
v -0.07461653 -0.31523099 0.00199213
v -0.07461653 -0.31523099 0.00199213
v -0.07461653 -0.31523099 0.00199213
v -0.09222872 -0.34184194 0.00649918
v -0.09222872 -0.34184194 0.00649918
v -0.09222872 -0.34184194 0.00649918
v -0.09222872 -0.34184194 0.00649918
v -0.07170446 -0.31910829 0.10711034
v -0.07170446 -0.31910829 0.10711034
v -0.07170446 -0.31910829 0.10711034
v -0.07170446 -0.31910829 0.10711034
v -0.00003941 -0.32040388 0.00594227
v -0.00003941 -0.32040388 0.00594227
v -0.07223546 -0.32106836 0.00557758
v -0.07223546 -0.32106836 0.00557758
v -0.07223546 -0.32106836 0.00557758
v -0.07223546 -0.32106836 0.00557758
v 0.00004947 -0.32081594 0.10486467
v 0.00004947 -0.32081594 0.10486467
v -0.03910880 0.53372271 0.04064245
v -0.03910880 0.53372271 0.04064245
v -0.03910880 0.53372271 0.04064245
v 0.06391755 0.18204527 0.12919429
v 0.06391755 0.18204527 0.12919429
v -0.04808886 0.16263990 0.15828643
v -0.04808886 0.16263990 0.15828643
v -0.04808886 0.16263990 0.15828643
v -0.01147270 0.25711953 -0.02630980
v -0.01147270 0.25711953 -0.02630980
v -0.01272416 0.31311287 -0.02011760
v -0.01272416 0.31311287 -0.02011760
v 0.01273634 0.31311031 -0.02014051
v 0.01273634 0.31311031 -0.02014051
v 0.09840423 0.56223103 0.09912038
v 0.09840423 0.56223103 0.09912038
v 0.07218358 0.57992150 0.09100295
v 0.07218358 0.57992150 0.09100295
v 0.05200576 0.58199669 0.09013094
v 0.05200576 0.58199669 0.09013094
v 0.05200576 0.58199669 0.09013094
v 0.07297159 0.53094412 0.06490503
v 0.07297159 0.53094412 0.06490503
v 0.07297159 0.53094412 0.06490503
v 0.15178737 0.51836012 0.06335206
v 0.15178737 0.51836012 0.06335206
v 0.15178737 0.51836012 0.06335206
v 0.15114536 0.47148738 0.06367708
v 0.15114536 0.47148738 0.06367708
v 0.15114536 0.47148738 0.06367708
v 0.01478293 0.58674654 0.04809697
v 0.01478293 0.58674654 0.04809697
v 0.01478293 0.58674654 0.04809697
v 0.01478293 0.58674654 0.04809697
v 0.01447632 0.58713640 0.05039262
v 0.01447632 0.58713640 0.05039262
v 0.01447632 0.58713640 0.05039262
v 0.03252126 0.58332680 0.09372514
v 0.03252126 0.58332680 0.09372514
v 0.03252126 0.58332680 0.09372514
v 0.00005523 -0.31586820 0.11066988
v 0.00005523 -0.31586820 0.11066988
v 0.07180771 -0.31912263 0.10698118
v 0.07180771 -0.31912263 0.10698118
v 0.07180771 -0.31912263 0.10698118
v 0.07180771 -0.31912263 0.10698118
v 0.07278342 -0.31477134 0.11054710
v 0.07278342 -0.31477134 0.11054710
v 0.07278342 -0.31477134 0.11054710
v 0.38883678 -0.07423376 0.10759819
v 0.38883678 -0.07423376 0.10759819
v 0.38883678 -0.07423376 0.10759819
v 0.36660339 0.07158942 -0.00812647
v 0.36660339 0.07158942 -0.00812647
v 0.36660339 0.07158942 -0.00812647
v 0.36660339 0.07158942 -0.00812647
v 0.07215573 -0.32108278 0.00544763
v 0.07215573 -0.32108278 0.00544763
v 0.07215573 -0.32108278 0.00544763
v 0.07215573 -0.32108278 0.00544763
v 0.04528690 0.47508296 0.04043406
v 0.04528690 0.47508296 0.04043406
v 0.04528690 0.47508296 0.04043406
v 0.03927818 0.53371489 0.04057190
v 0.03927818 0.53371489 0.04057190
v 0.03927818 0.53371489 0.04057190
v -0.07083016 0.19290858 0.11490177
v -0.07083016 0.19290858 0.11490177
v 0.01307139 0.29037150 -0.02662987
v 0.01307139 0.29037150 -0.02662987
v -0.01093937 0.23175107 -0.02018413
v -0.00600813 -0.01480671 0.11904178
v -0.00600813 -0.01480671 0.11904178
v -0.00600813 -0.01480671 0.11904178
v -0.00602690 -0.01501106 0.09818920
v -0.00602690 -0.01501106 0.09818920
v -0.00602690 -0.01501106 0.09818920
v -0.00943205 -0.03649640 0.09840282
v -0.00943205 -0.03649640 0.09840282
v -0.00943205 -0.03649640 0.09840282
v -0.03014971 0.04062119 0.13042147
v -0.03014971 0.04062119 0.13042147
v -0.03014971 0.04062119 0.13042147
v -0.03016401 0.04060172 0.12086339
v -0.03016401 0.04060172 0.12086339
v -0.03016401 0.04060172 0.12086339
v -0.07042085 -0.00896535 0.08806492
v -0.07042085 -0.00896535 0.08806492
v -0.07042085 -0.00896535 0.08806492
v 0.01335464 -0.02488890 0.09826854
v 0.01335464 -0.02488890 0.09826854
v 0.01335464 -0.02488890 0.09826854
v 0.03037321 0.04061514 0.13036699
v 0.03037321 0.04061514 0.13036699
v 0.03037321 0.04061514 0.13036699
v 0.00009613 0.20687714 0.09289575
v 0.00009613 0.20687714 0.09289575
v 0.07565623 0.19929362 0.08759173
v 0.07565623 0.19929362 0.08759173
v 0.07565623 0.19929362 0.08759173
v 0.03029529 0.15669205 0.15167066
v 0.03029529 0.15669205 0.15167066
v 0.03029529 0.15669205 0.15167066
v 0.03029529 0.15669205 0.15167066
v -0.32598689 0.03812793 -0.04466406
v -0.32598689 0.03812793 -0.04466406
v -0.32598689 0.03812793 -0.04466406
v -0.29545937 0.06127144 -0.04163726
v -0.29545937 0.06127144 -0.04163726
v -0.29545937 0.06127144 -0.04163726
v -0.28906640 -0.05267107 -0.04395776
v -0.28906640 -0.05267107 -0.04395776
v -0.28906640 -0.05267107 -0.04395776
v -0.30586995 -0.05389493 -0.04794102
v -0.30586995 -0.05389493 -0.04794102
v -0.30586995 -0.05389493 -0.04794102
v 0.32136238 -0.05415917 -0.04810648
v 0.32136238 -0.05415917 -0.04810648
v 0.32136238 -0.05415917 -0.04810648
v 0.32137871 -0.05398015 -0.03023031
v 0.32137871 -0.05398015 -0.03023031
v 0.32590729 0.03820094 -0.03113775
v 0.32590729 0.03820094 -0.03113775
v 0.29883698 0.06314269 -0.04568150
v 0.29883698 0.06314269 -0.04568150
v 0.29883698 0.06314269 -0.04568150
v 0.29502207 0.06314307 -0.04567807
v 0.29502207 0.06314307 -0.04567807
v 0.29502207 0.06314307 -0.04567807
v 0.29537766 0.06121227 -0.04216903
v 0.29537766 0.06121227 -0.04216903
v 0.29537766 0.06121227 -0.04216903
v 0.29049149 0.05670974 -0.04561095
v 0.29049149 0.05670974 -0.04561095
v 0.29049149 0.05670974 -0.04561095
v 0.30575176 -0.05395619 -0.04849152
v 0.30575176 -0.05395619 -0.04849152
v 0.30575176 -0.05395619 -0.04849152
v 0.30488039 -0.05273054 -0.04449234
v 0.30488039 -0.05273054 -0.04449234
v 0.30488039 -0.05273054 -0.04449234
v 0.28895567 -0.05272895 -0.04447800
v 0.28895567 -0.05272895 -0.04447800
v 0.28895567 -0.05272895 -0.04447800
v 0.29848784 0.06121685 -0.04167185
v 0.29848784 0.06121685 -0.04167185
v 0.29848784 0.06121685 -0.04167185
v -0.29695532 -0.01194071 -0.16126649
v -0.29695532 -0.01194071 -0.16126649
v -0.29695532 -0.01194071 -0.16126649
v -0.29695532 -0.01194071 -0.16126649
v -0.29076014 -0.05079046 -0.05291396
v -0.29076014 -0.05079046 -0.05291396
v -0.29076014 -0.05079046 -0.05291396
v -0.29230294 0.06345374 -0.03170443
v -0.29230294 0.06345374 -0.03170443
v -0.29230294 0.06345374 -0.03170443
v -0.29892767 -0.01498184 -0.15768235
v -0.29892767 -0.01498184 -0.15768235
v -0.29892767 -0.01498184 -0.15768235
v -0.29661858 0.06653024 -0.03173069
v -0.29661858 0.06653024 -0.03173069
v -0.29661858 0.06653024 -0.03173069
v -0.29686593 -0.02933087 -0.16109615
v -0.29686593 -0.02933087 -0.16109615
v -0.29686593 -0.02933087 -0.16109615
v -0.30323950 -0.05078921 -0.05290273
v -0.30323950 -0.05078921 -0.05290273
v -0.30323950 -0.05078921 -0.05290273
v 0.29664253 -0.01200007 -0.16180072
v 0.29664253 -0.01200007 -0.16180072
v 0.29664253 -0.01200007 -0.16180072
v 0.29664253 -0.01200007 -0.16180072
v 0.29654966 -0.02939021 -0.16163022
v 0.29654966 -0.02939021 -0.16163022
v 0.29654966 -0.02939021 -0.16163022
v 0.29862068 -0.01504160 -0.15822015
v 0.29862068 -0.01504160 -0.15822015
v 0.29862068 -0.01504160 -0.15822015
v 0.30311308 -0.05084984 -0.05344845
v 0.30311308 -0.05084984 -0.05344845
v 0.30311308 -0.05084984 -0.05344845
v 0.28990786 -0.05090932 -0.03110828
v 0.28990786 -0.05090932 -0.03110828
v 0.28990786 -0.05090932 -0.03110828
v 0.29494549 -0.01504123 -0.15821683
v 0.29494549 -0.01504123 -0.15821683
v 0.29494549 -0.01504123 -0.15821683
v 0.29655577 0.06647093 -0.03226455
v 0.29655577 0.06647093 -0.03226455
v 0.29655577 0.06647093 -0.03226455
v 0.29052248 -0.02831745 -0.05365791
v 0.29052248 -0.02831745 -0.05365791
v 0.29052248 -0.02831745 -0.05365791
v 0.29063370 -0.05084860 -0.05343722
v 0.29063370 -0.05084860 -0.05343722
v 0.29063370 -0.05084860 -0.05343722
v -0.00764053 0.31021493 -0.16065929
v -0.00764053 0.31021493 -0.16065929
v -0.00764053 0.31021493 -0.16065929
v -0.12683515 -0.27437557 0.04313009
v -0.12683515 -0.27437557 0.04313009
v -0.10489927 -0.56237052 -0.09950392
v -0.10489927 -0.56237052 -0.09950392
v -0.10489927 -0.56237052 -0.09950392
v -0.10489927 -0.56237052 -0.09950392
v -0.12036879 -0.37248915 0.05306859
v -0.12036879 -0.37248915 0.05306859
v -0.11451312 -0.37146834 0.05359002
v -0.11451312 -0.37146834 0.05359002
v -0.10703877 -0.55946624 -0.09985721
v -0.10703877 -0.55946624 -0.09985721
v -0.10703877 -0.55946624 -0.09985721
v -0.12118922 -0.37045474 0.05277047
v -0.12118922 -0.37045474 0.05277047
v -0.10480577 -0.54842455 -0.11730864
v -0.10480577 -0.54842455 -0.11730864
v -0.10480577 -0.54842455 -0.11730864
v -0.10480577 -0.54842455 -0.11730864
v -0.10380981 -0.56229442 -0.09950564
v -0.10380981 -0.56229442 -0.09950564
v -0.10380981 -0.56229442 -0.09950564
v -0.10380981 -0.56229442 -0.09950564
v -0.10209571 -0.55912112 -0.09986504
v -0.10209571 -0.55912112 -0.09986504
v -0.10209571 -0.55912112 -0.09986504
v 0.12159676 -0.27403429 0.04290292
v 0.12159676 -0.27403429 0.04290292
v 0.10445558 -0.54844550 -0.11749697
v 0.10445558 -0.54844550 -0.11749697
v 0.10445558 -0.54844550 -0.11749697
v 0.10445558 -0.54844550 -0.11749697
v 0.10554583 -0.54852187 -0.11749721
v 0.10554583 -0.54852187 -0.11749721
v 0.10554583 -0.54852187 -0.11749721
v 0.10554583 -0.54852187 -0.11749721
v 0.10457806 -0.56239146 -0.09969245
v 0.10457806 -0.56239146 -0.09969245
v 0.10457806 -0.56239146 -0.09969245
v 0.10457806 -0.56239146 -0.09969245
v 0.11450867 -0.37149123 0.05338390
v 0.11450867 -0.37149123 0.05338390
v 0.10348861 -0.56231513 -0.09969221
v 0.10348861 -0.56231513 -0.09969221
v 0.10348861 -0.56231513 -0.09969221
v 0.10348861 -0.56231513 -0.09969221
v 0.10749749 -0.54811087 -0.11465209
v 0.10749749 -0.54811087 -0.11465209
v 0.10671755 -0.55948760 -0.10004959
v 0.10671755 -0.55948760 -0.10004959
v 0.10671755 -0.55948760 -0.10004959
v 0.12036317 -0.37251322 0.05285194
v 0.12036317 -0.37251322 0.05285194
v 0.10177454 -0.55914149 -0.10004852
v 0.10177454 -0.55914149 -0.10004852
v 0.10177454 -0.55914149 -0.10004852
v -0.19353795 -0.33262741 0.06300645
v -0.19353795 -0.33262741 0.06300645
v -0.19353795 -0.33262741 0.06300645
v -0.19353949 -0.33264419 0.06129523
v -0.19353949 -0.33264419 0.06129523
v -0.19353949 -0.33264419 0.06129523
v -0.17864650 -0.33146503 0.06127026
v -0.17864650 -0.33146503 0.06127026
v -0.17864650 -0.33146503 0.06127026
v 0.19355721 -0.33268287 0.06094684
v 0.19355721 -0.33268287 0.06094684
v 0.19355721 -0.33268287 0.06094684
v 0.17866600 -0.33148395 0.06265990
v 0.17866600 -0.33148395 0.06265990
v 0.17866446 -0.33150073 0.06094868
v 0.17866446 -0.33150073 0.06094868
v 0.17866446 -0.33150073 0.06094868
v 0.01029870 -0.04323005 -0.04149526
v 0.01029870 -0.04323005 -0.04149526
v -0.01040903 -0.04329915 -0.04874711
v -0.01040903 -0.04329915 -0.04874711
v -0.01040903 -0.04329915 -0.04874711
v 0.01029213 -0.04330124 -0.04876574
v 0.01029213 -0.04330124 -0.04876574
v 0.01029213 -0.04330124 -0.04876574
v -0.02075124 -0.02529919 -0.04164296
v -0.02075124 -0.02529919 -0.04164296
v -0.01040246 -0.04322794 -0.04147660
v -0.01040246 -0.04322794 -0.04147660
v -0.01039888 -0.00737252 -0.04182794
v -0.01039888 -0.00737252 -0.04182794
v 0.01030228 -0.00737459 -0.04184660
v 0.01030228 -0.00737459 -0.04184660
v 0.02065106 -0.02530335 -0.04168025
v 0.02065106 -0.02530335 -0.04168025
v 0.02064450 -0.02537458 -0.04895073
v 0.02064450 -0.02537458 -0.04895073
v 0.02064450 -0.02537458 -0.04895073
v 0.09965247 0.53674341 0.07432803
v 0.09973495 0.56231408 0.09970353
v 0.09883503 0.53844362 0.07342038
v 0.06990090 0.55687471 0.07067405
v 0.06990090 0.55687471 0.07067405
v 0.06990090 0.55687471 0.07067405
v 0.07374975 0.54984243 0.06391832
v 0.06993417 0.57163090 0.08504483
v 0.06993417 0.57163090 0.08504483
v 0.06993417 0.57163090 0.08504483
v 0.07210868 0.58084305 0.09196876
v 0.05158396 0.58070946 0.09133999
v 0.09891530 0.56463005 0.09880308
v 0.07377109 0.57204488 0.08493688
v 0.07377109 0.57204488 0.08493688
v 0.07442181 0.56251088 0.08963857
v 0.07442181 0.56251088 0.08963857
v 0.07104193 0.54959489 0.07747462
v 0.07104193 0.54959489 0.07747462
v 0.07104193 0.54959489 0.07747462
v 0.07375658 0.55729684 0.07061236
v 0.07375658 0.55729684 0.07061236
v 0.09344996 0.55129422 0.09397352
v 0.09344996 0.55129422 0.09397352
v 0.09506267 0.56063267 0.09050777
v 0.09506267 0.56063267 0.09050777
v 0.09506267 0.56063267 0.09050777
v 0.06796651 0.55554128 0.08368669
v 0.06796651 0.55554128 0.08368669
v 0.09356825 0.54167646 0.08422282
v 0.09356825 0.54167646 0.08422282
v 0.09584185 0.54782323 0.07859192
v 0.09584185 0.54782323 0.07859192
v 0.07106777 0.56217122 0.08972664
v 0.07106777 0.56217122 0.08972664
v 0.07106777 0.56217122 0.08972664
v 0.07440944 0.54994542 0.07742801
v 0.07440944 0.54994542 0.07742801
v 0.09301485 0.55251263 0.09451614
v 0.09301485 0.55251263 0.09451614
v 0.09301485 0.55251263 0.09451614
v 0.09298537 0.54137235 0.08317068
v 0.09298537 0.54137235 0.08317068
v 0.09298537 0.54137235 0.08317068
v 0.06179837 0.55131876 0.06310136
v 0.06181113 0.56473798 0.07569145
v 0.09572258 0.55898228 0.08982751
v 0.09572258 0.55898228 0.08982751
v -0.07750325 -0.59848522 0.04075215
v -0.07750325 -0.59848522 0.04075215
v -0.07750325 -0.59848522 0.04075215
v -0.07750325 -0.59848522 0.04075215
v 0.00012882 -0.59849300 0.04068229
v 0.00012882 -0.59849300 0.04068229
v -0.07093974 -0.32472570 0.00873663
v -0.07093974 -0.32472570 0.00873663
v -0.07093974 -0.32472570 0.00873663
v 0.07119929 -0.32473989 0.00860870
v 0.07119929 -0.32473989 0.00860870
v 0.07119929 -0.32473989 0.00860870
v 0.00012989 -0.32368597 0.00866241
v 0.00012989 -0.32368597 0.00866241
v 0.00022201 -0.32268297 0.11101538
v 0.00022201 -0.32268297 0.11101538
v 0.07132983 -0.32377527 0.11096202
v 0.07132983 -0.32377527 0.11096202
v 0.07132983 -0.32377527 0.11096202
v 0.29382534 -0.03004265 -0.15781867
v 0.29382534 -0.03004265 -0.15781867
v 0.29382534 -0.03004265 -0.15781867
v 0.29556023 -0.05119883 -0.15440883
v 0.29556023 -0.05119883 -0.15440883
v 0.29556023 -0.05119883 -0.15440883
v 0.29668793 -0.05123261 -0.15784457
v 0.29668793 -0.05123261 -0.15784457
v 0.29668793 -0.05123261 -0.15784457
v 0.29800491 -0.05119908 -0.15441103
v 0.29800491 -0.05119908 -0.15441103
v 0.29800491 -0.05119908 -0.15441103
v -0.19317418 0.10627082 -0.01664363
v -0.19317418 0.10627082 -0.01664363
v -0.17222594 0.13552608 0.09265891
v -0.17222594 0.13552608 0.09265891
v -0.19384921 -0.15475914 -0.01277590
v -0.19384921 -0.15475914 -0.01277590
v -0.09028498 -0.23999300 -0.00156473
v -0.09028498 -0.23999300 -0.00156473
v -0.24526875 -0.07266835 0.10293818
v -0.24526875 -0.07266835 0.10293818
v -0.24526875 -0.07266835 0.10293818
v -0.27333205 -0.07832621 0.09484567
v -0.27333205 -0.07832621 0.09484567
v -0.25007043 -0.02386607 0.10246427
v -0.25007043 -0.02386607 0.10246427
v -0.27332133 0.03043815 0.09377982
v -0.27332133 0.03043815 0.09377982
v -0.27331397 0.03051824 0.10195227
v -0.27331397 0.03051824 0.10195227
v -0.21633225 0.09589545 0.09308701
v -0.21633225 0.09589545 0.09308701
v -0.23379151 0.05632087 0.10166380
v -0.23379151 0.05632087 0.10166380
v -0.23379151 0.05632087 0.10166380
v -0.18650065 0.14110269 0.09261712
v -0.18650065 0.14110269 0.09261712
v -0.18650065 0.14110269 0.09261712
v 0.02926011 -0.30034765 0.00112528
v 0.02926011 -0.30034765 0.00112528
v -0.04625883 -0.25497868 -0.00033306
v -0.04625883 -0.25497868 -0.00033306
v -0.08278143 -0.28857979 -0.00003864
v -0.20671813 0.16141160 0.10060957
v -0.20671813 0.16141160 0.10060957
v -0.26369443 0.06221828 0.10163296
v -0.26369443 0.06221828 0.10163296
v 0.17240197 0.13549163 0.09234876
v 0.17240197 0.13549163 0.09234876
v 0.19324591 0.10730624 0.09260618
v 0.19324591 0.10730624 0.09260618
v 0.23316017 -0.02506851 -0.01574068
v 0.23316017 -0.02506851 -0.01574068
v 0.23316017 -0.02506851 -0.01574068
v 0.24541784 -0.07271742 0.10249657
v 0.24541784 -0.07271742 0.10249657
v 0.24541784 -0.07271742 0.10249657
v 0.27347633 0.03038348 0.09328770
v 0.27347633 0.03038348 0.09328770
v 0.27348370 0.03046356 0.10146015
v 0.27348370 0.03046356 0.10146015
v 0.24542765 0.02488583 0.10154009
v 0.24542765 0.02488583 0.10154009
v 0.24542765 0.02488583 0.10154009
v 0.23395903 0.05619400 0.09307036
v 0.23395903 0.05619400 0.09307036
v 0.23395903 0.05619400 0.09307036
v 0.21650770 0.09593226 0.10086992
v 0.21650770 0.09593226 0.10086992
v 0.18667778 0.14106538 0.09228125
v 0.18667778 0.14106538 0.09228125
v 0.18667778 0.14106538 0.09228125
v 0.21281443 -0.19994698 -0.01047919
v 0.26318806 -0.10198970 -0.01472328
v 0.21797819 -0.11346943 -0.01427940
v 0.21797819 -0.11346943 -0.01427940
v 0.13026080 -0.26781958 -0.00270004
v 0.09021002 -0.24001105 -0.00172718
v 0.09021002 -0.24001105 -0.00172718
v 0.18721262 0.18063171 0.09189306
v 0.18721262 0.18063171 0.09189306
v 0.26387049 0.06216552 0.10115815
v 0.26387049 0.06216552 0.10115815
v -0.29957335 -0.05145811 -0.05289948
v -0.29957335 -0.05145811 -0.05289948
v -0.29957335 -0.05145811 -0.05289948
v -0.29831294 -0.05113945 -0.15387434
v -0.29831294 -0.05113945 -0.15387434
v -0.29831294 -0.05113945 -0.15387434
v -0.30310053 -0.02892662 -0.05311710
v -0.30310053 -0.02892662 -0.05311710
v -0.30310053 -0.02892662 -0.05311710
v -0.29659993 -0.02730874 -0.05313881
v -0.29659993 -0.02730874 -0.05313881
v -0.29442641 -0.05145862 -0.05290411
v -0.29442641 -0.05145862 -0.05290411
v -0.29442641 -0.05145862 -0.05290411
v 0.00280442 0.26329582 -0.05732055
v 0.00280442 0.26329582 -0.05732055
v 0.00280442 0.26329582 -0.05732055
v -0.00287332 0.26329639 -0.05731544
v -0.00287332 0.26329639 -0.05731544
v -0.00287332 0.26329639 -0.05731544
v -0.00349571 0.30706052 -0.05288109
v -0.00349571 0.30706052 -0.05288109
v -0.00349571 0.30706052 -0.05288109
v -0.09864407 0.53719549 0.07595113
v -0.09864407 0.53719549 0.07595113
v -0.10013062 0.54079717 0.07419325
v -0.10013062 0.54079717 0.07419325
v -0.09812328 0.56225067 0.09929725
v -0.09812328 0.56225067 0.09929725
v -0.05272098 0.58025052 0.09109362
v -0.05272098 0.58025052 0.09109362
v -0.05214510 0.58273507 0.09117573
v -0.05214510 0.58273507 0.09117573
v -0.05214510 0.58273507 0.09117573
v -0.06951140 0.55177370 0.06397752
v -0.06951140 0.55177370 0.06397752
v -0.06993692 0.55271387 0.06260585
v -0.06993692 0.55271387 0.06260585
v -0.06993692 0.55271387 0.06260585
v -0.07201248 0.55128980 0.06393742
v -0.08324200 0.46197703 0.06317211
v -0.08324200 0.46197703 0.06317211
v -0.08709446 0.45596931 0.05184105
v -0.08709446 0.45596931 0.05184105
v -0.08641458 0.45680152 0.04753677
v -0.08641458 0.45680152 0.04753677
v -0.01458851 0.58674948 0.04812340
v -0.01458851 0.58674948 0.04812340
v -0.01458851 0.58674948 0.04812340
v -0.01458851 0.58674948 0.04812340
v -0.01455576 0.58052862 0.04198963
v -0.01455576 0.58052862 0.04198963
v -0.01455576 0.58052862 0.04198963
v -0.04053538 0.56381724 0.04812063
v -0.04053538 0.56381724 0.04812063
v -0.03966272 0.55835650 0.04171323
v -0.03966272 0.55835650 0.04171323
v -0.06721156 0.53630240 0.04253921
v -0.06721156 0.53630240 0.04253921
v -0.06721156 0.53630240 0.04253921
v -0.06891466 0.54085429 0.04875825
v -0.06891466 0.54085429 0.04875825
v -0.06891466 0.54085429 0.04875825
v -0.01427770 0.58713930 0.05041850
v -0.01427770 0.58713930 0.05041850
v -0.01427770 0.58713930 0.05041850
v -0.02890220 0.58028534 0.09415737
v -0.02890220 0.58028534 0.09415737
v -0.02890220 0.58028534 0.09415737
v -0.02894332 0.45899849 0.14458671
v -0.02894332 0.45899849 0.14458671
v -0.02983944 0.41619583 0.15640384
v -0.02983944 0.41619583 0.15640384
v -0.03340317 0.42363850 0.16057230
v -0.03340317 0.42363850 0.16057230
v -0.03356607 0.29608301 0.16133791
v -0.03356607 0.29608301 0.16133791
v -0.03356607 0.29608301 0.16133791
v -0.02907947 0.30085693 0.15964980
v -0.02907947 0.30085693 0.15964980
v -0.02907947 0.30085693 0.15964980
v -0.02907947 0.30085693 0.15964980
v -0.04526932 0.61124475 0.05605447
v -0.04526932 0.61124475 0.05605447
v -0.04520782 0.60822694 0.05044730
v -0.04520782 0.60822694 0.05044730
v -0.05591821 0.60816667 0.06081138
v -0.05591821 0.60816667 0.06081138
v -0.04650335 0.61253625 0.06062869
v -0.04650335 0.61253625 0.06062869
v -0.04650335 0.61253625 0.06062869
v -0.03224553 0.58333325 0.09378343
v -0.03224553 0.58333325 0.09378343
v -0.03224553 0.58333325 0.09378343
v -0.04804506 0.58332802 0.09310001
v -0.04804506 0.58332802 0.09310001
v -0.04804506 0.58332802 0.09310001
v -0.04804506 0.58332802 0.09310001
v -0.09564343 0.52057953 0.12092272
v -0.09564343 0.52057953 0.12092272
v -0.10348255 0.56257641 0.10281992
v -0.10348255 0.56257641 0.10281992
v -0.10262457 0.52943665 0.11709789
v -0.10262457 0.52943665 0.11709789
v -0.03305038 0.45900375 0.14646967
v -0.03305038 0.45900375 0.14646967
v -0.04754411 0.46478237 0.14419057
v -0.04754411 0.46478237 0.14419057
v 0.04817580 0.42409538 0.16120244
v 0.04817580 0.42409538 0.16120244
v 0.03339378 0.45899712 0.14640987
v 0.03339378 0.45899712 0.14640987
v 0.04788465 0.46477283 0.14410468
v 0.04788465 0.46477283 0.14410468
v 0.04831954 0.58331837 0.09301328
v 0.04831954 0.58331837 0.09301328
v 0.04831954 0.58331837 0.09301328
v 0.04831954 0.58331837 0.09301328
v 0.04541104 0.60821786 0.05036574
v 0.04541104 0.60821786 0.05036574
v 0.04119685 0.61178171 0.05561884
v 0.04119685 0.61178171 0.05561884
v 0.00010163 0.60796480 0.05046135
v 0.00010163 0.60796480 0.05046135
v 0.07535266 0.58331391 0.09328316
v 0.07535266 0.58331391 0.09328316
v 0.07535266 0.58331391 0.09328316
v 0.09595420 0.52056038 0.12075028
v 0.09595420 0.52056038 0.12075028
v 0.10376990 0.56255570 0.10263339
v 0.10376990 0.56255570 0.10263339
v 0.10293037 0.52941609 0.11691290
v 0.10293037 0.52941609 0.11691290
v 0.04729144 0.28296962 0.16132377
v 0.04729144 0.28296962 0.16132377
v 0.04718875 0.23345543 0.16171607
v 0.04718875 0.23345543 0.16171607
v 0.04838898 0.16263024 0.15819961
v 0.04838898 0.16263024 0.15819961
v 0.04838898 0.16263024 0.15819961
v -0.04422856 0.61086583 0.06011797
v -0.04422856 0.61086583 0.06011797
v -0.04422856 0.61086583 0.06011797
v -0.04422856 0.61086583 0.06011797
v -0.02667881 0.45661377 0.14759534
v -0.02667881 0.45661377 0.14759534
v -0.04140539 0.60859250 0.05788415
v -0.04140539 0.60859250 0.05788415
v 0.04162206 0.60858423 0.05780943
v 0.04162206 0.60858423 0.05780943
v 0.04163636 0.61466374 0.06068192
v 0.04163636 0.61466374 0.06068192
v 0.04163636 0.61466374 0.06068192
v -0.09855665 -0.49311450 0.11229798
v -0.09855665 -0.49311450 0.11229798
v -0.09322404 -0.34117188 0.10725756
v -0.09322404 -0.34117188 0.10725756
v -0.09322404 -0.34117188 0.10725756
v -0.09322404 -0.34117188 0.10725756
v -0.09153008 -0.50172175 0.10714094
v -0.09153008 -0.50172175 0.10714094
v -0.09721734 -0.57616812 0.11358541
v -0.09721734 -0.57616812 0.11358541
v -0.09721734 -0.57616812 0.11358541
v -0.38843478 0.08523541 0.10670319
v -0.38843478 0.08523541 0.10670319
v -0.38843478 0.08523541 0.10670319
v -0.25891049 0.16866616 0.09864542
v -0.25891049 0.16866616 0.09864542
v -0.25401621 0.16939280 0.10642053
v -0.25401621 0.16939280 0.10642053
v -0.17780795 0.22907920 -0.02194256
v -0.17780795 0.22907920 -0.02194256
v -0.36255793 0.08344398 -0.00772524
v -0.36255793 0.08344398 -0.00772524
v -0.35697180 0.07836264 -0.01693198
v -0.09233703 -0.57833179 0.04658383
v -0.09233703 -0.57833179 0.04658383
v -0.09233703 -0.57833179 0.04658383
v -0.03741518 0.53115935 0.05720619
v -0.03741518 0.53115935 0.05720619
v -0.03741518 0.53115935 0.05720619
v -0.01585943 0.54913756 0.04145654
v -0.01585943 0.54913756 0.04145654
v 0.05241598 0.58272461 0.09108162
v 0.05241598 0.58272461 0.09108162
v 0.05241598 0.58272461 0.09108162
v 0.05614003 0.60815545 0.06071053
v 0.05614003 0.60815545 0.06071053
v 0.05583836 0.60784658 0.05624973
v 0.05583836 0.60784658 0.05624973
v 0.00009948 0.58783655 0.05051004
v 0.00009948 0.58783655 0.05051004
v 0.03914105 0.60818231 0.05037909
v 0.03914105 0.60818231 0.05037909
v 0.05267069 0.60459566 0.05102380
v 0.05267069 0.60459566 0.05102380
v 0.05267069 0.60459566 0.05102380
v 0.06445756 0.50466089 0.08033943
v 0.06445756 0.50466089 0.08033943
v 0.06445756 0.50466089 0.08033943
v 0.07620218 0.54705160 0.06095751
v 0.07620218 0.54705160 0.06095751
v 0.06911251 0.54795217 0.06023878
v 0.06911251 0.54795217 0.06023878
v 0.06911251 0.54795217 0.06023878
v 0.06911251 0.54795217 0.06023878
v 0.03983938 0.55834853 0.04164167
v 0.03983938 0.55834853 0.04164167
v 0.01473780 0.58052572 0.04196327
v 0.01473780 0.58052572 0.04196327
v 0.01473780 0.58052572 0.04196327
v 0.06910014 0.54084048 0.04863404
v 0.06910014 0.54084048 0.04863404
v 0.06910014 0.54084048 0.04863404
v 0.04072476 0.56380911 0.04804750
v 0.04072476 0.56380911 0.04804750
v 0.04027725 0.56505186 0.05062709
v 0.04027725 0.56505186 0.05062709
v 0.03376423 0.42363178 0.16051184
v 0.03376423 0.42363178 0.16051184
v 0.03390075 0.29607627 0.16127719
v 0.03390075 0.29607627 0.16127719
v 0.03390075 0.29607627 0.16127719
v 0.04548327 0.61123567 0.05597279
v 0.04548327 0.61123567 0.05597279
v 0.04672581 0.61252694 0.06054479
v 0.04672581 0.61252694 0.06054479
v 0.04672581 0.61252694 0.06054479
v 0.04444974 0.61085698 0.06003816
v 0.04444974 0.61085698 0.06003816
v 0.04444974 0.61085698 0.06003816
v 0.04444974 0.61085698 0.06003816
v 0.02760129 0.58534878 0.09348532
v 0.02760129 0.58534878 0.09348532
v 0.02917794 0.58027954 0.09410510
v 0.02917794 0.58027954 0.09410510
v 0.02917794 0.58027954 0.09410510
v 0.02928334 0.45899265 0.14453431
v 0.02928334 0.45899265 0.14453431
v 0.03019138 0.41618981 0.15634983
v 0.03019138 0.41618981 0.15634983
v 0.02941215 0.30085107 0.15959715
v 0.02941215 0.30085107 0.15959715
v 0.02941215 0.30085107 0.15959715
v 0.02941215 0.30085107 0.15959715
v 0.15120004 0.46407833 0.04260702
v 0.15120004 0.46407833 0.04260702
v 0.15120004 0.46407833 0.04260702
v 0.15019588 0.46041709 0.04870274
v 0.15019588 0.46041709 0.04870274
v 0.08594500 0.45852096 0.04494942
v 0.08594500 0.45852096 0.04494942
v 0.08594500 0.45852096 0.04494942
v 0.08726697 0.45595188 0.05168412
v 0.08726697 0.45595188 0.05168412
v 0.15049622 0.46038467 0.05168779
v 0.15049622 0.46038467 0.05168779
v 0.15119380 0.46651343 0.06126522
v 0.15119380 0.46651343 0.06126522
v 0.08193835 0.46760726 0.06724038
v 0.08193835 0.46760726 0.06724038
v 0.08193835 0.46760726 0.06724038
v 0.09186672 -0.57123663 0.10877557
v 0.09186672 -0.57123663 0.10877557
v 0.09186672 -0.57123663 0.10877557
v 0.09863132 -0.49313422 0.11212052
v 0.09863132 -0.49313422 0.11212052
v 0.09332271 -0.34119054 0.10708968
v 0.09332271 -0.34119054 0.10708968
v 0.09332271 -0.34119054 0.10708968
v 0.09332271 -0.34119054 0.10708968
v 0.38862476 0.08515772 0.10600384
v 0.38862476 0.08515772 0.10600384
v 0.38862476 0.08515772 0.10600384
v 0.18092572 0.21748496 0.09783119
v 0.18092572 0.21748496 0.09783119
v 0.18092572 0.21748496 0.09783119
v 0.25422424 0.16934199 0.10596312
v 0.25422424 0.16934199 0.10596312
v 0.17380949 0.21949490 0.10494605
v 0.17380949 0.21949490 0.10494605
v 0.17380949 0.21949490 0.10494605
v -0.02693606 0.42086578 0.15840972
v -0.02693606 0.42086578 0.15840972
v 0.02729264 0.42086037 0.15836092
v 0.02729264 0.42086037 0.15836092
v 0.02702372 0.45660839 0.14754701
v 0.02702372 0.45660839 0.14754701
v -0.02732555 0.58535427 0.09353476
v -0.02732555 0.58535427 0.09353476
v -0.04141320 0.61467202 0.06075666
v -0.04141320 0.61467202 0.06075666
v -0.04141320 0.61467202 0.06075666
v 0.15492163 0.51487971 0.04258376
v 0.15492163 0.51487971 0.04258376
v 0.15428101 0.47076594 0.05963146
v 0.15428101 0.47076594 0.05963146
v 0.15392969 0.47542735 0.06148005
v 0.15392969 0.47542735 0.06148005
v 0.23438584 0.17980096 -0.02117055
v 0.29547024 0.12923263 -0.02051142
v 0.29896175 0.13420175 -0.00906306
v 0.29896175 0.13420175 -0.00906306
v 0.36254185 0.08337147 -0.00837783
v 0.36254185 0.08337147 -0.00837783
v 0.35693806 0.07829126 -0.01757450
v 0.35432991 -0.06500041 -0.01979598
v 0.35432991 -0.06500041 -0.01979598
v 0.36373737 -0.05744399 -0.01184333
v 0.36373737 -0.05744399 -0.01184333
v 0.36373737 -0.05744399 -0.01184333
v 0.36373737 -0.05744399 -0.01184333
v 0.36251438 -0.05230745 -0.01739739
v 0.36251438 -0.05230745 -0.01739739
v 0.36251438 -0.05230745 -0.01739739
v 0.09640275 -0.33922693 0.00337094
v 0.09640275 -0.33922693 0.00337094
v 0.09640275 -0.33922693 0.00337094
v 0.09214609 -0.34186036 0.00633324
v 0.09214609 -0.34186036 0.00633324
v 0.09214609 -0.34186036 0.00633324
v 0.09214609 -0.34186036 0.00633324
v 0.00008607 0.55165202 0.03997096
v 0.00008607 0.55165202 0.03997096
v 0.01603367 0.54913436 0.04142784
v 0.01603367 0.54913436 0.04142784
v 0.01017464 0.33828665 0.00182982
v 0.01017464 0.33828665 0.00182982
v 0.01017464 0.33828665 0.00182982
v 0.01016850 0.33821986 -0.00498547
v 0.01016850 0.33821986 -0.00498547
v 0.01016850 0.33821986 -0.00498547
v 0.01445255 0.26332293 -0.02648698
v 0.01445255 0.26332293 -0.02648698
v 0.01444641 0.26325616 -0.03330225
v 0.01444641 0.26325616 -0.03330225
v 0.01146156 0.25711722 -0.02633044
v 0.01146156 0.25711722 -0.02633044
v 0.01145543 0.25705043 -0.03314571
v 0.01145543 0.25705043 -0.03314571
v 0.04233463 0.47835055 0.05757276
v 0.04233463 0.47835055 0.05757276
v 0.04233463 0.47835055 0.05757276
v 0.03761378 0.53115183 0.05713867
v 0.03761378 0.53115183 0.05713867
v 0.03761378 0.53115183 0.05713867
v 0.00009368 0.47258155 0.05800688
v 0.00009368 0.47258155 0.05800688
v 0.09188521 -0.57947989 0.10770281
v 0.09188521 -0.57947989 0.10770281
v 0.09188196 -0.59233045 0.08170716
v 0.09188196 -0.59233045 0.08170716
v 0.09227500 -0.57835026 0.04641768
v 0.09227500 -0.57835026 0.04641768
v 0.09227500 -0.57835026 0.04641768
v 0.09230484 -0.50361508 0.03953739
v 0.09230484 -0.50361508 0.03953739
v 0.09159359 -0.50174006 0.10697613
v 0.09159359 -0.50174006 0.10697613
v -0.02442340 -0.00895701 0.12019529
v -0.02442340 -0.00895701 0.12019529
v -0.03017715 -0.02677143 0.12039868
v -0.03017715 -0.02677143 0.12039868
v -0.03017715 -0.02677143 0.12039868
v -0.03017715 -0.02677143 0.12039868
v -0.02873122 -0.03613784 0.12046554
v -0.02873122 -0.03613784 0.12046554
v -0.02442696 -0.04458746 0.12054446
v -0.02442696 -0.04458746 0.12054446
v -0.01772230 -0.05129345 0.12060414
v -0.01772230 -0.05129345 0.12060414
v -0.02108137 -0.04801385 0.11308438
v -0.02108137 -0.04801385 0.11308438
v -0.00459733 -0.05641499 0.11315186
v -0.00459733 -0.05641499 0.11315186
v -0.00459733 -0.05641499 0.11315186
v -0.00459733 -0.05641499 0.11315186
v 0.00009236 -0.05708376 0.12064486
v 0.00009236 -0.05708376 0.12064486
v -0.01349932 -0.00017361 0.11260874
v -0.01349932 -0.00017361 0.11260874
v -0.00925365 -0.00850829 0.11268659
v -0.00925365 -0.00850829 0.11268659
v -0.02658311 -0.01325481 0.11274872
v -0.02658311 -0.01325481 0.11274872
v -0.01824930 -0.01750214 0.11278283
v -0.01824930 -0.01750214 0.11278283
v -0.02947920 -0.03152816 0.11293040
v -0.02947920 -0.03152816 0.11293040
v -0.01446663 -0.04140043 0.11301361
v -0.01446663 -0.04140043 0.11301361
v 0.00331043 -0.00651960 0.11265577
v 0.00331043 -0.00651960 0.11265577
v 0.00331043 -0.00651960 0.11265577
v 0.00331043 -0.00651960 0.11265577
v 0.00331609 -0.00645791 0.11895157
v 0.00331609 -0.00645791 0.11895157
v 0.00331609 -0.00645791 0.11895157
v -0.01824363 -0.01744044 0.11907861
v -0.01824363 -0.01744044 0.11907861
v -0.02024049 -0.03006581 0.11290774
v -0.02024049 -0.03006581 0.11290774
v -0.00313317 -0.04717655 0.11306000
v -0.00313317 -0.04717655 0.11306000
v -0.00313317 -0.04717655 0.11306000
v -0.00313317 -0.04717655 0.11306000
v -0.01190292 -0.02088590 0.09825207
v -0.01190292 -0.02088590 0.09825207
v -0.01190292 -0.02088590 0.09825207
v -0.00941328 -0.03629206 0.11925540
v -0.00941328 -0.03629206 0.11925540
v -0.00941328 -0.03629206 0.11925540
v -0.01320356 -0.02909256 0.09833366
v -0.01320356 -0.02909256 0.09833366
v 0.00005887 -0.09840823 0.08839534
v 0.00005887 -0.09840823 0.08839534
v -0.02535475 -0.09471248 0.08838202
v -0.02535475 -0.09471248 0.08838202
v -0.04675282 -0.09147404 0.09393297
v -0.04675282 -0.09147404 0.09393297
v -0.04638905 -0.08399232 0.08829592
v -0.04638905 -0.08399232 0.08829592
v -0.06437226 -0.07385106 0.09377615
v -0.06437226 -0.07385106 0.09377615
v -0.07568356 -0.05164592 0.09356873
v -0.07568356 -0.05164592 0.09356873
v -0.07395989 -0.03487966 0.08832206
v -0.07395989 -0.03487966 0.08832206
v -0.07900195 -0.03482936 0.09340693
v -0.07900195 -0.03482936 0.09340693
v -0.04559739 0.00241320 0.12216599
v -0.04559739 0.00241320 0.12216599
v -0.04559739 0.00241320 0.12216599
v -0.03017067 0.00268842 0.12214939
v -0.03017067 0.00268842 0.12214939
v -0.04725654 -0.02676972 0.12041405
v -0.04725654 -0.02676972 0.12041405
v -0.04499011 -0.04141887 0.12053195
v -0.04499011 -0.04141887 0.12053195
v -0.03825818 -0.05463433 0.12065538
v -0.03825818 -0.05463433 0.12065538
v -0.01455781 -0.07185724 0.12080280
v -0.01455781 -0.07185724 0.12080280
v -0.00927352 -0.05559941 0.12063872
v -0.00927352 -0.05559941 0.12063872
v 0.01790816 -0.05129702 0.12057207
v 0.01790816 -0.05129702 0.12057207
v 0.01473957 -0.07186016 0.12077643
v 0.01473957 -0.07186016 0.12077643
v 0.02795502 -0.06512822 0.12069856
v 0.02795502 -0.06512822 0.12069856
v 0.02461417 -0.04459238 0.12050032
v 0.02461417 -0.04459238 0.12050032
v 0.02892012 -0.03614360 0.12041366
v 0.02892012 -0.03614360 0.12041366
v 0.03844338 -0.05464199 0.12058635
v 0.03844338 -0.05464199 0.12058635
v 0.04517795 -0.04142788 0.12045078
v 0.04517795 -0.04142788 0.12045078
v 0.04744736 -0.02677920 0.12032881
v 0.04744736 -0.02677920 0.12032881
v 0.04579771 0.00240406 0.12208373
v 0.04579771 0.00240406 0.12208373
v 0.04579771 0.00240406 0.12208373
v 0.04744616 0.15658613 0.15359818
v 0.04744616 0.15658613 0.15359818
v 0.04744616 0.15658613 0.15359818
v 0.03029621 0.15658784 0.15361359
v 0.03029621 0.15658784 0.15361359
v 0.03029621 0.15658784 0.15361359
v 0.03029621 0.15658784 0.15361359
v -0.07240633 -0.01268514 0.09341341
v -0.07240633 -0.01268514 0.09341341
v -0.07240633 -0.01268514 0.09341341
v -0.07240633 -0.01268514 0.09341341
v -0.02777192 -0.06512265 0.12074872
v -0.02777192 -0.06512265 0.12074872
v -0.02454993 -0.10278978 0.09402385
v -0.02454993 -0.10278978 0.09402385
v 0.00009065 -0.07417883 0.12081238
v 0.00009065 -0.07417883 0.12081238
v 0.00006304 -0.10669057 0.09403991
v 0.00006304 -0.10669057 0.09403991
v 0.04688194 -0.09148342 0.09384869
v 0.04688194 -0.09148342 0.09384869
v 0.06450491 -0.07386395 0.09366015
v 0.06450491 -0.07386395 0.09366015
v 0.07582065 -0.05166107 0.09343239
v 0.07582065 -0.05166107 0.09343239
v 0.07255163 -0.01269964 0.09328295
v 0.07255163 -0.01269964 0.09328295
v 0.07255163 -0.01269964 0.09328295
v 0.07255163 -0.01269964 0.09328295
v 0.00014353 0.15669530 0.15169779
v 0.00014353 0.15669530 0.15169779
v 0.02461774 -0.00896191 0.12015117
v 0.02461774 -0.00896191 0.12015117
v 0.02892199 -0.01741155 0.12023008
v 0.02892199 -0.01741155 0.12023008
v 0.02892199 -0.01741155 0.12023008
v 0.02125866 -0.00568231 0.11263141
v 0.02125866 -0.00568231 0.11263141
v 0.03036797 -0.02677749 0.12034418
v 0.03036797 -0.02677749 0.12034418
v 0.03036797 -0.02677749 0.12034418
v 0.03036797 -0.02677749 0.12034418
v 0.02965649 -0.02216803 0.11278539
v 0.02965649 -0.02216803 0.11278539
v 0.02676041 -0.04044138 0.11296707
v 0.02676041 -0.04044138 0.11296707
v 0.00945852 -0.05560128 0.12062186
v 0.00945852 -0.05560128 0.12062186
v 0.01367661 -0.05352255 0.11310705
v 0.01367661 -0.05352255 0.11310705
v 0.01842659 -0.03619403 0.11293296
v 0.01842659 -0.03619403 0.11293296
v 0.02041778 -0.02363034 0.11280804
v 0.02041778 -0.02363034 0.11280804
v 0.01464392 -0.01229573 0.11270218
v 0.01464392 -0.01229573 0.11270218
v 0.00477462 0.00271882 0.11256393
v 0.00477462 0.00271882 0.11256393
v 0.00477462 0.00271882 0.11256393
v 0.00477462 0.00271882 0.11256393
v 0.00943094 -0.04518790 0.11302919
v 0.00943094 -0.04518790 0.11302919
v 0.01843226 -0.03613233 0.11922874
v 0.01843226 -0.03613233 0.11922874
v 0.01464959 -0.01223403 0.11899795
v 0.01464959 -0.01223403 0.11899795
v 0.00958313 -0.01748505 0.09819939
v 0.00958313 -0.01748505 0.09819939
v 0.00219881 -0.01350771 0.11902165
v 0.00219881 -0.01350771 0.11902165
v 0.00219881 -0.01350771 0.11902165
v -0.00201019 -0.04006505 0.11928571
v -0.00201019 -0.04006505 0.11928571
v -0.00201019 -0.04006505 0.11928571
v 0.00619675 -0.03876606 0.11926557
v 0.00619675 -0.03876606 0.11926557
v 0.07055734 -0.00897944 0.08793804
v 0.07055734 -0.00897944 0.08793804
v 0.07055734 -0.00897944 0.08793804
v 0.07409120 -0.03489446 0.08818880
v 0.07409120 -0.03489446 0.08818880
v 0.07914241 -0.03484518 0.09326460
v 0.07914241 -0.03484518 0.09326460
v 0.06320511 -0.06730948 0.08803370
v 0.06320511 -0.06730948 0.08803370
v 0.04650967 -0.08400161 0.08821232
v 0.04650967 -0.08400161 0.08821232
v 0.02547323 -0.09471756 0.08833628
v 0.02547323 -0.09471756 0.08833628
v 0.02467679 -0.10279470 0.09397955
v 0.02467679 -0.10279470 0.09397955
v 0.03037306 0.04061414 0.12981093
v 0.03037306 0.04061414 0.12981093
v 0.03037306 0.04061414 0.12981093
v 0.03037306 0.04061414 0.12981093
v 0.03037306 0.04061414 0.12981093
v 0.03037033 0.04059567 0.12080891
v 0.03037033 0.04059567 0.12080891
v 0.03037033 0.04059567 0.12080891
v 0.03037105 0.00268237 0.12209491
v 0.03037105 0.00268237 0.12209491
v -0.29490576 0.08094315 -0.03099721
v -0.29490576 0.08094315 -0.03099721
v -0.29273446 0.07849182 -0.03097515
v -0.28981297 0.07011449 -0.03089568
v -0.28315558 0.05870130 -0.03078984
v -0.28316828 0.05856300 -0.04490289
v -0.28316828 0.05856300 -0.04490289
v -0.28053197 0.03826166 -0.03059190
v -0.28039239 -0.05601997 -0.02966810
v -0.28039239 -0.05601997 -0.02966810
v -0.28054467 0.03812336 -0.04470495
v -0.28054467 0.03812336 -0.04470495
v -0.28396618 -0.05867150 -0.02963888
v -0.28398245 -0.05884852 -0.04770284
v -0.28398245 -0.05884852 -0.04770284
v -0.29438437 -0.05981922 -0.02961826
v -0.31345177 -0.05782620 -0.02962060
v -0.31346802 -0.05800318 -0.04768456
v -0.31346802 -0.05800318 -0.04768456
v -0.32146403 -0.05391579 -0.02965170
v -0.32146403 -0.05391579 -0.02965170
v 0.28308014 0.05850630 -0.04541258
v 0.28308014 0.05850630 -0.04541258
v 0.28046507 0.03820546 -0.03109685
v 0.28309284 0.05864460 -0.03129952
v 0.28975245 0.07005646 -0.03141735
v 0.29484312 0.08083678 -0.03635562
v 0.29484312 0.08083678 -0.03635562
v 0.29484312 0.08083678 -0.03635562
v 0.29267565 0.07843321 -0.03150207
v 0.29125757 0.05536621 -0.04160800
v 0.29125757 0.05536621 -0.04160800
v 0.29125757 0.05536621 -0.04160800
v 0.28896822 0.03747302 -0.04143158
v 0.28896822 0.03747302 -0.04143158
v 0.30489294 0.03747145 -0.04144591
v 0.30489294 0.03747145 -0.04144591
v -0.28999417 -0.05085133 -0.03058637
v -0.28999417 -0.05085133 -0.03058637
v -0.28999417 -0.05085133 -0.03058637
v -0.30396536 -0.05084993 -0.03057379
v -0.30396536 -0.05084993 -0.03057379
v -0.30396536 -0.05084993 -0.03057379
v -0.30163371 0.06345467 -0.03169603
v -0.30163371 0.06345467 -0.03169603
v -0.30163371 0.06345467 -0.03169603
v -0.30017201 -0.02931718 -0.15754075
v -0.30017201 -0.02931718 -0.15754075
v -0.30017201 -0.02931718 -0.15754075
v -0.29401105 -0.02931780 -0.15754629
v -0.29401105 -0.02931780 -0.15754629
v -0.29401105 -0.02931780 -0.15754629
v -0.07650874 0.54393133 0.07446476
v -0.07650874 0.54393133 0.07446476
v -0.07684753 0.55445249 0.07074874
v -0.07684753 0.55445249 0.07074874
v -0.07490228 0.55863073 0.07298753
v -0.07490228 0.55863073 0.07298753
v -0.07809877 0.54823567 0.08443189
v -0.07809877 0.54823567 0.08443189
v -0.08223019 0.54851369 0.08507838
v -0.08223019 0.54851369 0.08507838
v -0.08598625 0.54777574 0.08337203
v -0.08598625 0.54777574 0.08337203
v -0.08785772 0.54647691 0.08036648
v -0.08785772 0.54647691 0.08036648
v -0.08766195 0.54867578 0.07525088
v -0.08766195 0.54867578 0.07525088
v -0.08473345 0.54830003 0.07214759
v -0.08473345 0.54830003 0.07214759
v -0.08473345 0.54830003 0.07214759
v -0.08439621 0.54347135 0.07340497
v -0.08439621 0.54347135 0.07340497
v -0.08439621 0.54347135 0.07340497
v -0.07504307 0.56752957 0.09349368
v -0.07504307 0.56752957 0.09349368
v 0.29647818 -0.02736805 -0.05367258
v 0.29647818 -0.02736805 -0.05367258
v 0.29944679 -0.05151801 -0.05343860
v 0.29944679 -0.05151801 -0.05343860
v 0.29944679 -0.05151801 -0.05343860
v 0.30297848 -0.02898722 -0.05366257
v 0.30297848 -0.02898722 -0.05366257
v 0.30297848 -0.02898722 -0.05366257
v 0.00056956 0.13816346 0.14405323
v -0.02970952 0.14551908 0.11473253
v -0.02968890 0.20724172 0.13019604
v 0.00053902 0.21459132 0.10082089
v 0.00051840 0.15286868 0.08535736
v 0.03079747 0.14551304 0.11467806
v 0.03081809 0.20723568 0.13014159
v 0.00059018 0.19988608 0.15951675
v 0.07075809 -0.08561439 -0.02746670
v 0.07075809 -0.08561439 -0.02746670
v 0.08598765 -0.06061104 -0.01060420
v 0.08598765 -0.06061104 -0.01060420
v 0.09276719 -0.03245720 -0.02800751
v 0.09276719 -0.03245720 -0.02800751
v 0.09276719 -0.03245720 -0.02800751
v -0.00732765 -0.11797222 -0.02707929
v -0.00732765 -0.11797222 -0.02707929
v 0.02170742 -0.11568270 -0.02712788
v 0.02170742 -0.11568270 -0.02712788
v -0.00731226 -0.11780449 -0.00995960
v -0.00731226 -0.11780449 -0.00995960
v 0.02172283 -0.11551509 -0.01000819
v 0.02172283 -0.11551509 -0.01000819
v 0.04861397 -0.10453305 -0.02726139
v 0.04861397 -0.10453305 -0.02726139
v 0.04861397 -0.10453305 -0.02726139
v -0.09055331 -0.04691247 -0.02770070
v -0.09055331 -0.04691247 -0.02770070
v -0.09053794 -0.04674488 -0.01058103
v -0.09053794 -0.04674488 -0.01058103
v -0.07940341 -0.07381906 -0.02744703
v -0.07940341 -0.07381906 -0.02744703
v -0.06609839 -0.09130334 -0.02728765
v -0.06609839 -0.09130334 -0.02728765
v -0.06608296 -0.09113557 -0.01016799
v -0.06608296 -0.09113557 -0.01016799
v -0.03564916 -0.11117731 -0.02712035
v -0.03564916 -0.11117731 -0.02712035
v -0.03564916 -0.11117731 -0.02712035
v -0.04869803 0.05448197 -0.01161064
v -0.04869803 0.05448197 -0.01161064
v -0.04869803 0.05448197 -0.01161064
v -0.08605034 0.01044599 -0.02826685
v -0.08605034 0.01044599 -0.02826685
v -0.09284227 -0.01787771 -0.02798315
v -0.09284227 -0.01787771 -0.02798315
v -0.09284227 -0.01787771 -0.02798315
v -0.08603493 0.01061393 -0.01114718
v -0.08603493 0.01061393 -0.01114718
v 0.03558899 0.06101055 -0.01175056
v 0.03558899 0.06101055 -0.01175056
v 0.03558899 0.06101055 -0.01175056
v 0.00725207 0.06763750 -0.02891132
v 0.00725207 0.06763750 -0.02891132
v 0.00726748 0.06780532 -0.01179163
v 0.00726748 0.06780532 -0.01179163
v -0.02171187 0.06539021 -0.01174185
v -0.02171187 0.06539021 -0.01174185
v -0.04871344 0.05431415 -0.02873033
v -0.04871344 0.05431415 -0.02873033
v -0.04871344 0.05431415 -0.02873033
v 0.09047774 -0.00342223 -0.02829000
v 0.09047774 -0.00342223 -0.02829000
v 0.07932798 0.02348437 -0.02854358
v 0.07932798 0.02348437 -0.02854358
v 0.03114867 -0.03278654 -0.04162497
v 0.03114867 -0.03278654 -0.04162497
v 0.02958996 -0.01301887 -0.04181724
v 0.02958996 -0.01301887 -0.04181724
v -0.01680987 -0.05266009 -0.04138696
v -0.01680987 -0.05266009 -0.04138696
v 0.01670971 0.00205735 -0.04195338
v 0.01670971 0.00205735 -0.04195338
v -0.00256247 0.00666150 -0.04198113
v -0.00256247 0.00666150 -0.04198113
v -0.16507972 -0.19018752 -0.00801408
v -0.16507972 -0.19018752 -0.00801408
v -0.16507972 -0.19018752 -0.00801408
v -0.21804797 -0.11342583 -0.01388698
v -0.21804797 -0.11342583 -0.01388698
v -0.23011687 0.02184370 0.09382511
v -0.23011687 0.02184370 0.09382511
v -0.23321330 -0.02502187 -0.01532095
v -0.23321330 -0.02502187 -0.01532095
v -0.23321330 -0.02502187 -0.01532095
v -0.21815852 0.06379202 0.09340326
v -0.21815852 0.06379202 0.09340326
v -0.19307553 0.10734488 0.09295387
v -0.19307553 0.10734488 0.09295387
v 0.23006876 -0.07154689 -0.01528242
v 0.23006876 -0.07154689 -0.01528242
v 0.19377247 -0.15479791 -0.01312476
v 0.19377247 -0.15479791 -0.01312476
v 0.16500389 -0.19022053 -0.00831115
v 0.16500389 -0.19022053 -0.00831115
v 0.16500389 -0.19022053 -0.00831115
v 0.12954795 -0.21934630 -0.00438370
v 0.12954795 -0.21934630 -0.00438370
v 0.12963816 -0.21836407 0.09585492
v 0.12963816 -0.21836407 0.09585492
v 0.09029806 -0.23905252 0.09609310
v 0.09029806 -0.23905252 0.09609310
v 0.04618289 -0.25498793 -0.00041626
v 0.04618289 -0.25498793 -0.00041626
v 0.04626992 -0.25404039 0.09627965
v 0.04626992 -0.25404039 0.09627965
v 0.04590160 0.20572936 -0.01783368
v 0.04590160 0.20572936 -0.01783368
v 0.04600023 0.20680337 0.09176381
v 0.04600023 0.20680337 0.09176381
v 0.09013965 0.19340898 0.09185530
v 0.09013965 0.19340898 0.09185530
v 0.14186085 0.16491905 0.09208789
v 0.14186085 0.16491905 0.09208789
v 0.16637282 0.14132052 -0.01731105
v 0.16637282 0.14132052 -0.01731105
v 0.21832020 0.06374837 0.09301043
v 0.21832020 0.06374837 0.09301043
v 0.23017157 0.02072364 -0.01618673
v 0.23017157 0.02072364 -0.01618673
v 0.27605303 0.00211818 -0.01604574
v 0.21822157 0.06267436 -0.01658706
v 0.21822157 0.06267436 -0.01658706
v 0.24464283 0.10570139 -0.01703251
v 0.19314730 0.10623219 -0.01699132
v 0.19314730 0.10623219 -0.01699132
v 0.18229456 0.18583585 -0.01776162
v 0.14176221 0.16384502 -0.01750960
v 0.14176221 0.16384502 -0.01750960
v 0.08052892 0.24041401 -0.01820478
v 0.09004101 0.19233497 -0.01774219
v 0.09004101 0.19233497 -0.01774219
v -0.00000304 0.21025525 -0.01783668
v -0.00000304 0.21025525 -0.01783668
v -0.02719030 0.25103432 -0.01821179
v -0.02719030 0.25103432 -0.01821179
v 0.18668515 0.14114546 0.10045372
v 0.18668515 0.14114546 0.10045372
v 0.18668515 0.14114546 0.10045372
v 0.20691403 0.16137023 0.10023730
v 0.20691403 0.16137023 0.10023730
v 0.23396639 0.05627409 0.10124283
v 0.23396639 0.05627409 0.10124283
v 0.23396639 0.05627409 0.10124283
v 0.25022928 -0.02391610 0.10201400
v 0.25022928 -0.02391610 0.10201400
v 0.27347267 -0.07830081 0.10252600
v 0.27347267 -0.07830081 0.10252600
v 0.02934944 -0.29940972 0.09673949
v 0.02934944 -0.29940972 0.09673949
v 0.13034995 -0.26684925 0.09632941
v 0.16509728 -0.18920288 0.09553720
v 0.16509728 -0.18920288 0.09553720
v 0.16509728 -0.18920288 0.09553720
v 0.21290989 -0.19890768 0.09558922
v 0.19386994 -0.15373675 0.09516373
v 0.19386994 -0.15373675 0.09516373
v 0.26508957 -0.10443872 0.09461646
v 0.26508957 -0.10443872 0.09461646
v 0.21710228 -0.11259055 0.09473959
v 0.21710228 -0.11259055 0.09473959
v 0.24473116 -0.07337129 0.09433034
v 0.24473116 -0.07337129 0.09433034
v 0.24473116 -0.07337129 0.09433034
v 0.25022192 -0.02399619 0.09384153
v 0.25022192 -0.02399619 0.09384153
v 0.23016739 -0.07047287 0.09431508
v 0.23016739 -0.07047287 0.09431508
v 0.23325880 -0.02399449 0.09385682
v 0.23325880 -0.02399449 0.09385682
v 0.23325880 -0.02399449 0.09385682
v 0.24542031 0.02480574 0.09336762
v 0.24542031 0.02480574 0.09336762
v 0.24542031 0.02480574 0.09336762
v 0.23027016 0.02179767 0.09341077
v 0.23027016 0.02179767 0.09341077
v 0.21650034 0.09585217 0.09269745
v 0.21650034 0.09585217 0.09269745
v 0.08062753 0.24148804 0.09139272
v 0.26386315 0.06208543 0.09298570
v 0.26386315 0.06208543 0.09298570
v -0.00693284 0.30312981 -0.16059362
v -0.00693284 0.30312981 -0.16059362
v -0.00693284 0.30312981 -0.16059362
v -0.00735730 0.30747403 -0.16063806
v -0.00735730 0.30747403 -0.16063806
v -0.00735730 0.30747403 -0.16063806
v -0.07513149 0.58291081 0.09180404
v -0.07513149 0.58291081 0.09180404
v -0.05173675 0.58200707 0.09022431
v -0.05173675 0.58200707 0.09022431
v -0.05173675 0.58200707 0.09022431
v -0.05562463 0.60785772 0.05635004
v -0.05562463 0.60785772 0.05635004
v -0.03893783 0.60819009 0.05044936
v -0.03893783 0.60819009 0.05044936
v -0.03893783 0.60819009 0.05044936
v -0.04008297 0.56505991 0.05069943
v -0.04008297 0.56505991 0.05069943
v -0.05246707 0.60460619 0.05111842
v -0.05246707 0.60460619 0.05111842
v -0.05246707 0.60460619 0.05111842
v -0.09639241 0.50850816 0.08851495
v -0.09639241 0.50850816 0.08851495
v -0.07599318 0.54706682 0.06109449
v -0.07599318 0.54706682 0.06109449
v -0.15106619 0.52332285 0.06050640
v -0.15106619 0.52332285 0.06050640
v -0.07251067 0.53607306 0.06132584
v -0.07251067 0.53607306 0.06132584
v -0.07251067 0.53607306 0.06132584
v -0.15012051 0.52898043 0.05118264
v -0.15012051 0.52898043 0.05118264
v -0.06887590 0.54063654 0.05023548
v -0.06887590 0.54063654 0.05023548
v -0.06887590 0.54063654 0.05023548
v -0.06887590 0.54063654 0.05023548
v -0.04098343 0.61178991 0.05569280
v -0.04098343 0.61178991 0.05569280
v -0.04098343 0.61178991 0.05569280
v -0.08444637 0.45917717 0.04304164
v -0.08444637 0.45917717 0.04304164
v -0.08444637 0.45917717 0.04304164
v -0.08022103 0.46056266 0.04029409
v -0.08022103 0.46056266 0.04029409
v -0.08015322 0.43515434 0.04119883
v -0.08015322 0.43515434 0.04119883
v -0.08015322 0.43515434 0.04119883
v -0.08487042 0.43478175 0.06578437
v -0.08173533 0.46762362 0.06738768
v -0.08173533 0.46762362 0.06738768
v -0.08173533 0.46762362 0.06738768
v -0.07011742 0.46149336 0.08887295
v -0.06890462 0.54796598 0.06036299
v -0.06890462 0.54796598 0.06036299
v -0.06890462 0.54796598 0.06036299
v -0.06890462 0.54796598 0.06036299
v -0.07275901 0.53095869 0.06503619
v -0.07275901 0.53095869 0.06503619
v -0.07275901 0.53095869 0.06503619
v -0.06364212 0.50176172 0.08540957
v -0.06364212 0.50176172 0.08540957
v -0.07086436 0.42500418 0.10051532
v -0.04781338 0.42410499 0.16128882
v -0.04781338 0.42410499 0.16128882
v -0.04695952 0.28297905 0.16140860
v -0.04695952 0.28297905 0.16140860
v -0.04686689 0.23346485 0.16180072
v -0.04686689 0.23346485 0.16180072
v -0.06366533 0.18205803 0.12930913
v -0.06366533 0.18205803 0.12930913
v -0.08059547 0.21720622 0.09122938
v -0.08059547 0.21720622 0.09122938
v -0.08059547 0.21720622 0.09122938
v -0.07701066 0.27679803 0.10534310
v -0.07701066 0.27679803 0.10534310
v -0.09662961 0.26808901 0.09952263
v -0.09259899 0.29609865 0.08905346
v -0.14729921 0.29684848 0.05660587
v -0.14594575 0.29869461 0.04612689
v -0.19704457 0.25416458 0.04678023
v -0.19704457 0.25416458 0.04678023
v -0.17843045 0.23057736 -0.01098653
v -0.17843045 0.23057736 -0.01098653
v -0.17843045 0.23057736 -0.01098653
v -0.12676547 0.28012003 -0.01368609
v -0.09523323 0.34917886 0.02369382
v -0.08424941 0.43469383 0.04780029
v -0.08601628 0.43475452 0.05350384
v -0.10624125 0.34612286 0.04541587
v -0.10758899 0.34312287 0.05727945
v -0.15450658 0.52486929 0.05120653
v -0.15450658 0.52486929 0.05120653
v -0.15426811 0.51971480 0.05859196
v -0.15426811 0.51971480 0.05859196
v -0.15409086 0.47079680 0.05990900
v -0.15409086 0.47079680 0.05990900
v -0.15360569 0.51563422 0.06131139
v -0.15360569 0.51563422 0.06131139
v -0.35655966 -0.06994136 -0.01134981
v -0.35655966 -0.06994136 -0.01134981
v -0.35439886 -0.06492954 -0.01915812
v -0.35439886 -0.06492954 -0.01915812
v -0.01307583 0.29037411 -0.02660634
v -0.01307583 0.29037411 -0.02660634
v -0.01446261 0.26332583 -0.02646096
v -0.01446261 0.26332583 -0.02646096
v -0.01147883 0.25705273 -0.03312507
v -0.01147883 0.25705273 -0.03312507
v -0.09181509 -0.57121825 0.10894088
v -0.09181509 -0.57121825 0.10894088
v -0.09181509 -0.57121825 0.10894088
v -0.09188357 -0.59231210 0.08187255
v -0.09188357 -0.59231210 0.08187255
v -0.09236297 -0.50359662 0.03970359
v -0.09236297 -0.50359662 0.03970359
v -0.13471705 -0.35194226 -0.00220341
v -0.13471705 -0.35194226 -0.00220341
v -0.11172402 -0.34919805 -0.00293939
v -0.11172402 -0.34919805 -0.00293939
v -0.10935981 -0.35099755 -0.00226809
v -0.10935981 -0.35099755 -0.00226809
v -0.11043122 -0.42605103 0.02041569
v -0.11043122 -0.42605103 0.02041569
v 0.06951278 0.55302145 0.06254698
v 0.06951278 0.55302145 0.06254698
v 0.06951278 0.55302145 0.06254698
v 0.07014987 0.55269983 0.06247977
v 0.07014987 0.55269983 0.06247977
v 0.07014987 0.55269983 0.06247977
v 0.09887759 0.53717573 0.07577335
v 0.09887759 0.53717573 0.07577335
v 0.07222752 0.55127538 0.06380760
v 0.06972662 0.55175974 0.06385220
v 0.06972662 0.55175974 0.06385220
v 0.10004587 0.54072675 0.07314381
v 0.10004587 0.54072675 0.07314381
v 0.10004587 0.54072675 0.07314381
v 0.05299117 0.58023995 0.09099848
v 0.05299117 0.58023995 0.09099848
v 0.15030763 0.52895037 0.05091224
v 0.15030763 0.52895037 0.05091224
v 0.06906398 0.54062273 0.05011133
v 0.06906398 0.54062273 0.05011133
v 0.06906398 0.54062273 0.05011133
v 0.06906398 0.54062273 0.05011133
v 0.14973744 0.52846915 0.04783918
v 0.14973744 0.52846915 0.04783918
v 0.08437881 0.46428787 0.04034879
v 0.08437881 0.46428787 0.04034879
v 0.06738487 0.53628894 0.04241807
v 0.06738487 0.53628894 0.04241807
v 0.06738487 0.53628894 0.04241807
v 0.03694866 0.55392050 0.03936200
v 0.00008808 0.57502791 0.03937444
v 0.01449191 0.57480894 0.03944266
v 0.01706481 0.55318888 0.03935668
v 0.04300082 0.53561053 0.03917319
v 0.04748206 0.47259372 0.03977739
v 0.06713036 0.52984820 0.03946839
v 0.08037381 0.46054661 0.04014955
v 0.08037381 0.46054661 0.04014955
v 0.04940752 0.46526127 0.03991728
v 0.01253608 0.46620041 0.03989944
v 0.00007697 0.46603344 0.04021207
v 0.02061228 0.47386283 0.03991475
v 0.01626879 0.55051486 0.03975356
v 0.01626879 0.55051486 0.03975356
v 0.00008593 0.55573935 0.03932353
v 0.01200387 0.46830665 0.04087929
v 0.01200387 0.46830665 0.04087929
v 0.13461652 -0.35196919 -0.00244581
v 0.13461652 -0.35196919 -0.00244581
v 0.11162280 -0.34922040 -0.00314041
v 0.11162280 -0.34922040 -0.00314041
v 0.10925940 -0.35101941 -0.00246485
v 0.10925940 -0.35101941 -0.00246485
v 0.11884178 -0.42158170 0.01881409
v 0.11884178 -0.42158170 0.01881409
v -0.03015056 0.04062019 0.12986540
v -0.03015056 0.04062019 0.12986540
v -0.03015056 0.04062019 0.12986540
v -0.03015056 0.04062019 0.12986540
v -0.03015056 0.04062019 0.12986540
v -0.29133965 0.05542455 -0.04108362
v -0.29133965 0.05542455 -0.04108362
v -0.29133965 0.05542455 -0.04108362
v -0.29856873 0.06127664 -0.04113444
v -0.29856873 0.06127664 -0.04113444
v -0.29856873 0.06127664 -0.04113444
v -0.28905385 0.03753092 -0.04091131
v -0.28905385 0.03753092 -0.04091131
v -0.30497857 0.03753255 -0.04089698
v -0.30497857 0.03753255 -0.04089698
v -0.29808365 0.08145542 -0.03582741
v -0.29808365 0.08145542 -0.03582741
v -0.29280306 0.07865076 -0.03690563
v -0.29280306 0.07865076 -0.03690563
v -0.28982190 0.07001735 -0.04080900
v -0.28982190 0.07001735 -0.04080900
v -0.30585719 0.03808678 -0.04489110
v -0.30585719 0.03808678 -0.04489110
v -0.31629548 0.06011158 -0.04488822
v -0.31629548 0.06011158 -0.04488822
v -0.32147994 -0.05409480 -0.04752788
v -0.32147994 -0.05409480 -0.04752788
v -0.32147994 -0.05409480 -0.04752788
v -0.29440062 -0.05999625 -0.04768221
v -0.29440062 -0.05999625 -0.04768221
v -0.28040848 -0.05619886 -0.04754937
v -0.28040848 -0.05619886 -0.04754937
v -0.28040848 -0.05619886 -0.04754937
v -0.28819508 -0.05389670 -0.04795693
v -0.28819508 -0.05389670 -0.04795693
v -0.28819508 -0.05389670 -0.04795693
v -0.29058043 0.05676792 -0.04508794
v -0.29058043 0.05676792 -0.04508794
v -0.29058043 0.05676792 -0.04508794
v -0.29510974 0.06320217 -0.04514690
v -0.29510974 0.06320217 -0.04514690
v -0.29510974 0.06320217 -0.04514690
v -0.29892466 0.06320255 -0.04514347
v -0.29892466 0.06320255 -0.04514347
v -0.29892466 0.06320255 -0.04514347
v 0.30225391 0.07932381 -0.03756181
v 0.30225391 0.07932381 -0.03756181
v 0.29273357 0.07859212 -0.03743266
v 0.29273357 0.07859212 -0.03743266
v 0.30685692 0.07271848 -0.04137309
v 0.30685692 0.07271848 -0.04137309
v 0.28974352 0.06995931 -0.04133063
v 0.28974352 0.06995931 -0.04133063
v 0.28045237 0.03806718 -0.04520991
v 0.28045237 0.03806718 -0.04520991
v 0.28807686 -0.05395442 -0.04847561
v 0.28807686 -0.05395442 -0.04847561
v 0.28807686 -0.05395442 -0.04847561
v 0.30576450 0.03802554 -0.04544161
v 0.30576450 0.03802554 -0.04544161
v 0.30336632 0.05670845 -0.04562253
v 0.30336632 0.05670845 -0.04562253
v 0.30336632 0.05670845 -0.04562253
v 0.31620756 0.06004822 -0.04545752
v 0.31620756 0.06004822 -0.04545752
v 0.28030661 -0.05607614 -0.03017276
v 0.28030661 -0.05607614 -0.03017276
v 0.28029053 -0.05625499 -0.04805405
v 0.28029053 -0.05625499 -0.04805405
v 0.28029053 -0.05625499 -0.04805405
v 0.28387991 -0.05872839 -0.03014999
v 0.28386364 -0.05890540 -0.04821399
v 0.28386364 -0.05890540 -0.04821399
v 0.29428158 -0.06005521 -0.04821210
v 0.29428158 -0.06005521 -0.04821210
v 0.29429785 -0.05987819 -0.03014812
v 0.31334940 -0.05806599 -0.04824878
v 0.31334940 -0.05806599 -0.04824878
v 0.31336565 -0.05788897 -0.03018478
v 0.29223951 0.06339529 -0.03223052
v 0.29223951 0.06339529 -0.03223052
v 0.29223951 0.06339529 -0.03223052
v 0.29370117 -0.02937657 -0.15807524
v 0.29370117 -0.02937657 -0.15807524
v 0.29370117 -0.02937657 -0.15807524
v 0.29986212 -0.02937718 -0.15808078
v 0.29986212 -0.02937718 -0.15808078
v 0.29986212 -0.02937718 -0.15808078
v -0.00341941 0.26208200 -0.05730306
v -0.00341941 0.26208200 -0.05730306
v -0.00341941 0.26208200 -0.05730306
v 0.00278329 0.26208137 -0.05730863
v 0.00278329 0.26208137 -0.05730863
v 0.00278329 0.26208137 -0.05730863
v 0.00748743 0.26551559 -0.05734652
v 0.00748743 0.26551559 -0.05734652
v -0.05265591 0.55059652 0.06371720
v -0.05349214 0.55178915 0.06381187
v -0.05349214 0.55178915 0.06381187
v -0.05349214 0.55178915 0.06381187
v -0.05349250 0.55060030 0.06372628
v -0.07233330 0.55068315 0.06393021
v -0.09807339 0.56165699 0.09997810
v -0.09807339 0.56165699 0.09997810
v -0.07190103 0.58004364 0.09203995
v -0.07191221 0.58005734 0.09100042
v -0.07191221 0.58005734 0.09100042
v -0.05222364 0.57995747 0.09182741
v -0.05306023 0.57996121 0.09183648
v -0.07134581 0.56456841 0.08663504
v -0.07134581 0.56456841 0.08663504
v -0.06999888 0.57192029 0.08319656
v -0.06999888 0.57192029 0.08319656
v -0.07074780 0.56584931 0.08960065
v -0.07074780 0.56584931 0.08960065
v -0.07106152 0.57759961 0.08864153
v -0.07106152 0.57759961 0.08864153
v -0.07447303 0.57723668 0.09074689
v -0.07447303 0.57723668 0.09074689
v -0.07222340 0.56694417 0.09213616
v -0.07222340 0.56694417 0.09213616
v -0.07819316 0.56734589 0.09307038
v -0.07819316 0.56734589 0.09307038
v -0.08103863 0.57018601 0.09025132
v -0.08103863 0.57018601 0.09025132
v -0.08047046 0.56646298 0.09102809
v -0.08047046 0.56646298 0.09102809
v -0.08100512 0.56521851 0.08814674
v -0.08100512 0.56521851 0.08814674
v -0.07997619 0.56541955 0.08441208
v -0.07997619 0.56541955 0.08441208
v -0.07959286 0.56408730 0.08552699
v -0.07959286 0.56408730 0.08552699
v -0.07677320 0.56350182 0.08416945
v -0.07677320 0.56350182 0.08416945
v -0.07656486 0.56636624 0.08205463
v -0.07656486 0.56636624 0.08205463
v -0.07362312 0.56368550 0.08459269
v -0.07362312 0.56368550 0.08459269
v -0.07362312 0.56368550 0.08459269
v -0.09915112 0.53691392 0.07589334
v -0.09825072 0.53735883 0.07548432
v -0.09825072 0.53735883 0.07548432
v -0.09914469 0.53744295 0.07642269
v -0.09823907 0.53837369 0.07555991
v -0.09823907 0.53837369 0.07555991
v -0.09823907 0.53837369 0.07555991
v -0.09902784 0.56100769 0.10027479
v -0.09903356 0.56053543 0.09980238
v -0.08732493 0.54465925 0.07615753
v -0.08732493 0.54465925 0.07615753
v -0.08026483 0.54319326 0.07275853
v -0.08026483 0.54319326 0.07275853
v -0.07456272 0.54540349 0.07787227
v -0.07456272 0.54540349 0.07787227
v -0.07517006 0.54704770 0.08167934
v -0.07517006 0.54704770 0.08167934
v -0.01154084 -0.39799489 0.13691599
v -0.01154084 -0.39799489 0.13691599
v 0.01167989 -0.39799695 0.13689509
v 0.01167989 -0.39799695 0.13689509
v 0.02249815 -0.40243867 0.13642816
v 0.02249815 -0.40243867 0.13642816
v 0.03178738 -0.40950383 0.13569254
v 0.03178738 -0.40950383 0.13569254
v -0.04479774 -0.44092904 0.13252547
v -0.04479774 -0.44092904 0.13252547
v 0.04492022 -0.44093735 0.13244471
v 0.04492022 -0.44093735 0.13244471
v -0.03879206 -0.46315556 0.13023188
v -0.03879206 -0.46315556 0.13023188
v 0.04338947 -0.45244214 0.13126165
v 0.04338947 -0.45244214 0.13126165
v -0.02237568 -0.47942761 0.12854204
v -0.02237568 -0.47942761 0.12854204
v 0.03177523 -0.47236832 0.12922057
v 0.03177523 -0.47236832 0.12922057
v 0.00005264 -0.48538509 0.12790875
v 0.00005264 -0.48538509 0.12790875
v 0.29429985 -0.05151749 -0.05343396
v 0.29429985 -0.05151749 -0.05343396
v 0.29429985 -0.05151749 -0.05343396
v 0.08618718 0.43473732 0.05334886
v 0.08986878 0.34941160 0.01498728
v 0.08986878 0.34941160 0.01498728
v 0.09533189 0.34915983 0.02352231
v 0.12284302 0.27643257 -0.02716137
v 0.12284302 0.27643257 -0.02716137
v 0.17779829 0.22904362 -0.02226260
v 0.17779829 0.22904362 -0.02226260
v 0.12678184 0.28009468 -0.01391428
v 0.14607367 0.29866540 0.04586406
v 0.10637828 0.34610162 0.04522452
v 0.08343620 0.46196036 0.06302210
v 0.08343620 0.46196036 0.06302210
v 0.08506340 0.43476474 0.06563143
v 0.07035774 0.46147932 0.08874652
v 0.07271769 0.53605852 0.06119513
v 0.07271769 0.53605852 0.06119513
v 0.07271769 0.53605852 0.06119513
v 0.04898191 0.51914436 0.12154144
v 0.04898191 0.51914436 0.12154144
v 0.04898191 0.51914436 0.12154144
v 0.07105885 0.19289439 0.11477408
v 0.07105885 0.19289439 0.11477408
v 0.09280362 0.29608011 0.08888661
v 0.09684695 0.26806965 0.09934851
v 0.19664543 0.25426025 0.05688541
v 0.19664543 0.25426025 0.05688541
v 0.19716391 0.25412516 0.04642544
v 0.19716391 0.25412516 0.04642544
v 0.14744558 0.29681901 0.05634060
v 0.07111768 0.42498999 0.10038754
v 0.10774669 0.34310132 0.05708565
v -0.16498618 -0.18916989 0.09583427
v -0.16498618 -0.18916989 0.09583427
v -0.16498618 -0.18916989 0.09583427
v -0.12962312 -0.21932038 -0.00415045
v -0.12962312 -0.21932038 -0.00415045
v -0.09019693 -0.23903448 0.09625555
v -0.09019693 -0.23903448 0.09625555
v 0.00004854 -0.25927160 0.09637255
v 0.00004854 -0.25927160 0.09637255
v -0.00003743 -0.26020764 0.00085109
v -0.00003743 -0.26020764 0.00085109
v -0.14167893 0.16494739 0.09234308
v -0.14167893 0.16494739 0.09234308
v -0.14177757 0.16387336 -0.01725441
v -0.14177757 0.16387336 -0.01725441
v -0.23013119 -0.07150087 -0.01486824
v -0.23013119 -0.07150087 -0.01486824
v -0.23021554 0.02076968 -0.01577238
v -0.23021554 0.02076968 -0.01577238
v -0.27576653 -0.05249573 -0.01501336
v -0.21825715 0.06271801 -0.01619423
v -0.21825715 0.06271801 -0.01619423
v -0.26548602 0.05550959 -0.01608104
v -0.16639268 0.14135379 -0.01701156
v -0.16639268 0.14135379 -0.01701156
v -0.21445210 0.15096466 -0.01706244
v -0.13708524 0.21608107 -0.01777025
v -0.09005068 0.19235297 -0.01758011
v -0.09005068 0.19235297 -0.01758011
v -0.04590858 0.20573853 -0.01775106
v -0.04590858 0.20573853 -0.01775106
v 0.00009560 0.21132928 0.09176082
v 0.00009560 0.21132928 0.09176082
v -0.04580995 0.20681256 0.09184644
v -0.04580995 0.20681256 0.09184644
v -0.02709167 0.25210833 0.09138569
v -0.02709167 0.25210833 0.09138569
v -0.08995204 0.19342698 0.09201739
v -0.08995204 0.19342698 0.09201739
v -0.13695350 0.21679107 0.09183077
v -0.20672549 0.16133151 0.09243713
v -0.20672549 0.16133151 0.09243713
v -0.23379885 0.05624078 0.09349134
v -0.23379885 0.05624078 0.09349134
v -0.23379885 0.05624078 0.09349134
v -0.24526641 0.02485481 0.09380924
v -0.24526641 0.02485481 0.09380924
v -0.24526641 0.02485481 0.09380924
v -0.26370179 0.06213819 0.09346051
v -0.26370179 0.06213819 0.09346051
v -0.25007779 -0.02394616 0.09429180
v -0.25007779 -0.02394616 0.09429180
v -0.23311467 -0.02394785 0.09427655
v -0.23311467 -0.02394785 0.09427655
v -0.23311467 -0.02394785 0.09427655
v -0.23003255 -0.07042685 0.09472925
v -0.23003255 -0.07042685 0.09472925
v -0.24459691 -0.07332237 0.09477074
v -0.24459691 -0.07332237 0.09477074
v -0.24459691 -0.07332237 0.09477074
v -0.21697585 -0.11254714 0.09513025
v -0.21697585 -0.11254714 0.09513025
v -0.19375174 -0.15369798 0.09551259
v -0.19375174 -0.15369798 0.09551259
v -0.24323811 -0.15414080 0.09556151
v -0.12953290 -0.21833815 0.09608818
v -0.12953290 -0.21833815 0.09608818
v -0.17469737 -0.23718031 0.09631351
v -0.04617180 -0.25403116 0.09636284
v -0.04617180 -0.25403116 0.09636284
v -0.08269762 -0.28763061 0.09672501
v -0.27332469 -0.07824613 0.10301812
v -0.27332469 -0.07824613 0.10301812
v -0.24525904 0.02493490 0.10198171
v -0.24525904 0.02493490 0.10198171
v -0.24525904 0.02493490 0.10198171
v -0.18649329 0.14118278 0.10078958
v -0.18649329 0.14118278 0.10078958
v -0.18649329 0.14118278 0.10078958
v -0.21632489 0.09597554 0.10125947
v -0.21632489 0.09597554 0.10125947
v -0.29089459 -0.02892784 -0.05312808
v -0.29089459 -0.02892784 -0.05312808
v -0.29089459 -0.02892784 -0.05312808
v -0.29413489 -0.02998386 -0.15728950
v -0.29413489 -0.02998386 -0.15728950
v -0.29413489 -0.02998386 -0.15728950
v -0.29687386 -0.02981173 -0.16086515
v -0.29687386 -0.02981173 -0.16086515
v -0.29687386 -0.02981173 -0.16086515
v -0.30004786 -0.02998326 -0.15728418
v -0.30004786 -0.02998326 -0.15728418
v -0.30004786 -0.02998326 -0.15728418
v -0.39085516 0.08418512 0.09947472
v -0.39085516 0.08418512 0.09947472
v -0.39085516 0.08418512 0.09947472
v -0.39085516 0.08418512 0.09947472
v -0.38724802 -0.10214899 0.06678810
v -0.38724802 -0.10214899 0.06678810
v -0.38395933 -0.10449365 0.05484955
v -0.38395933 -0.10449365 0.05484955
v -0.38487078 0.11754632 0.05267215
v -0.38487078 0.11754632 0.05267215
v -0.36379031 -0.05737124 -0.01118856
v -0.36379031 -0.05737124 -0.01118856
v -0.36379031 -0.05737124 -0.01118856
v -0.36379031 -0.05737124 -0.01118856
v -0.12554769 -0.41910324 0.11151099
v -0.12554769 -0.41910324 0.11151099
v -0.09974114 -0.34138131 0.11110283
v -0.09974114 -0.34138131 0.11110283
v -0.09974114 -0.34138131 0.11110283
v -0.09596080 -0.27624828 0.11063561
v -0.07267282 -0.31475679 0.11067800
v -0.07267282 -0.31475679 0.11067800
v -0.07267282 -0.31475679 0.11067800
v 0.00005607 -0.29569851 0.10916522
v -0.05214954 -0.29397585 0.10956051
v -0.08984756 -0.26640585 0.09815644
v -0.16560656 -0.23877152 0.10946361
v -0.21564421 -0.23274966 0.11006367
v -0.21564421 -0.23274966 0.11006367
v -0.21385667 -0.19153798 0.10942096
v -0.37815974 -0.08771074 0.10832827
v -0.37815974 -0.08771074 0.10832827
v -0.38867861 -0.07415601 0.10829796
v -0.38867861 -0.07415601 0.10829796
v -0.38867861 -0.07415601 0.10829796
v -0.38269926 0.09484892 0.10667359
v -0.38269926 0.09484892 0.10667359
v -0.07703991 0.23319704 0.10491919
v -0.07703991 0.23319704 0.10491919
v -0.17359254 0.21952963 0.10525872
v -0.17359254 0.21952963 0.10525872
v -0.17359254 0.21952963 0.10525872
v -0.14893358 0.18427615 0.09398969
v -0.15671473 0.19495753 0.10502850
v -0.20257294 0.13241395 0.09444392
v -0.21233117 0.14347795 0.10606681
v -0.23760056 0.07444962 0.09516700
v -0.24969277 0.08009176 0.10640302
v -0.26815587 0.01509607 0.10690309
v -0.25433585 0.00956142 0.09586261
v -0.27020548 -0.05893549 0.10772576
v -0.25615588 -0.05701098 0.09634733
v -0.25351496 -0.12305741 0.10866237
v -0.23836356 -0.12226987 0.09690917
v -0.20437600 -0.18143475 0.09770022
v -0.15583984 -0.22971924 0.09788546
v -0.04828390 -0.27939666 0.09828468
v 0.00003840 -0.28265169 0.09826801
v 0.04837995 -0.27940631 0.09819768
v 0.05226269 -0.29398628 0.10946654
v 0.13656382 -0.25901295 0.10954320
v 0.09984667 -0.34140126 0.11092321
v 0.09984667 -0.34140126 0.11092321
v 0.09984667 -0.34140126 0.11092321
v 0.11590520 -0.49805099 0.11201476
v 0.11590520 -0.49805099 0.11201476
v 0.10910190 -0.57135386 0.11286829
v 0.10910190 -0.57135386 0.11286829
v 0.10910190 -0.57135386 0.11286829
v 0.09727623 -0.57618754 0.11341037
v 0.09727623 -0.57618754 0.11341037
v 0.09727623 -0.57618754 0.11341037
v 0.12810378 -0.24836149 0.09782393
v 0.15594581 -0.22975042 0.09760486
v 0.16031557 -0.30797567 0.11033187
v 0.16031557 -0.30797567 0.11033187
v 0.21577133 -0.23279280 0.10967539
v 0.21577133 -0.23279280 0.10967539
v 0.16573136 -0.23880467 0.10916541
v 0.33089088 -0.12518362 0.10803805
v 0.33089088 -0.12518362 0.10803805
v 0.33089088 -0.12518362 0.10803805
v 0.38289131 0.09477236 0.10598456
v 0.38289131 0.09477236 0.10598456
v 0.26262892 0.04960627 0.10647042
v 0.24801401 0.04245606 0.09508084
v 0.27158371 -0.02312050 0.10698897
v 0.25713242 -0.02316666 0.09555784
v 0.26275389 -0.09109073 0.10734440
v 0.24943800 -0.09093587 0.09650217
v 0.21399161 -0.19158076 0.10903591
v 0.20449206 -0.18147563 0.09733224
v 0.22190233 0.10345227 0.09434064
v 0.17879700 0.15890466 0.09386630
v 0.23519495 0.10937382 0.10589780
v 0.18588557 0.17119372 0.10535037
v 0.13203408 0.20943371 0.10499626
v 0.10599064 0.20776023 0.09346477
v 0.08078687 0.21719008 0.09108413
v 0.08078687 0.21719008 0.09108413
v 0.08078687 0.21719008 0.09108413
v 0.07725940 0.23318161 0.10478032
v 0.07725940 0.23318161 0.10478032
v 0.07724040 0.27678260 0.10520426
v 0.07724040 0.27678260 0.10520426
v -0.37751009 -0.08944552 0.10171887
v -0.37751009 -0.08944552 0.10171887
v -0.33371687 -0.12536349 0.10143139
v -0.33371687 -0.12536349 0.10143139
v -0.33371687 -0.12536349 0.10143139
v -0.04513051 0.47509201 0.04051543
v -0.04513051 0.47509201 0.04051543
v -0.04513051 0.47509201 0.04051543
v -0.04214673 0.47835902 0.05764880
v -0.04214673 0.47835902 0.05764880
v -0.04214673 0.47835902 0.05764880
v -0.01939049 0.47546928 0.04068856
v -0.01939049 0.47546928 0.04068856
v -0.01789457 0.47950591 0.05798315
v -0.01789457 0.47950591 0.05798315
v 0.00007889 0.46876186 0.04201452
v 0.00007889 0.46876186 0.04201452
v -0.01159364 0.47301200 0.05797133
v -0.01159364 0.47301200 0.05797133
v 0.38816700 0.11750922 0.06367179
v 0.38816700 0.11750922 0.06367179
v 0.37765316 -0.08952104 0.10103922
v 0.37765316 -0.08952104 0.10103922
v 0.33385162 -0.12543025 0.10083056
v 0.33385162 -0.12543025 0.10083056
v 0.33385162 -0.12543025 0.10083056
v 0.37831501 -0.08778640 0.10764745
v 0.37831501 -0.08778640 0.10764745
v 0.01808337 0.47950232 0.05795077
v 0.01808337 0.47950232 0.05795077
v 0.01954731 0.47546539 0.04065352
v 0.01954731 0.47546539 0.04065352
v 0.01178102 0.47300967 0.05795029
v 0.01178102 0.47300967 0.05795029
v -0.06308115 -0.06729685 0.08814735
v -0.06308115 -0.06729685 0.08814735
v -0.07222927 -0.04626057 0.08794945
v -0.07222927 -0.04626057 0.08794945
v -0.07547503 0.19930873 0.08772774
v -0.07547503 0.19930873 0.08772774
v -0.07547503 0.19930873 0.08772774
v 0.00006871 -0.00429392 0.08795563
v 0.07235743 -0.04627502 0.08781932
v 0.07235743 -0.04627502 0.08781932
v 0.00009136 0.20688155 0.08758545
v 0.00009136 0.20688155 0.08758545
v -0.29491011 0.08089584 -0.03582479
v -0.29491011 0.08089584 -0.03582479
v -0.29491011 0.08089584 -0.03582479
v -0.29807931 0.08150273 -0.03099984
v -0.30247752 0.07921627 -0.03097347
v -0.30232342 0.07938435 -0.03701764
v -0.30232342 0.07938435 -0.03701764
v -0.30692578 0.07287708 -0.03090734
v -0.31628277 0.06024987 -0.03077517
v -0.30693469 0.07277993 -0.04082066
v -0.30693469 0.07277993 -0.04082066
v -0.32597418 0.03826623 -0.03055100
v -0.32597418 0.03826623 -0.03055100
v -0.28818230 0.03808498 -0.04490701
v -0.28818230 0.03808498 -0.04490701
v -0.30499112 -0.05266948 -0.04394342
v -0.30499112 -0.05266948 -0.04394342
v -0.30499112 -0.05266948 -0.04394342
v -0.30345530 0.05676920 -0.04507634
v -0.30345530 0.05676920 -0.04507634
v -0.30345530 0.05676920 -0.04507634
v -0.30268918 0.05542569 -0.04107340
v -0.30268918 0.05542569 -0.04107340
v -0.30268918 0.05542569 -0.04107340
v 0.29484747 0.08088409 -0.03152805
v 0.29484747 0.08088409 -0.03152805
v 0.29802107 0.08144304 -0.03153638
v 0.30241882 0.07915568 -0.03151793
v 0.29801674 0.08139572 -0.03636396
v 0.29801674 0.08139572 -0.03636396
v 0.30686583 0.07281562 -0.03145981
v 0.31622026 0.06018651 -0.03134447
v 0.32589458 0.03806264 -0.04525081
v 0.32589458 0.03806264 -0.04525081
v 0.32589458 0.03806264 -0.04525081
v 0.28808962 0.03802729 -0.04542570
v 0.28808962 0.03802729 -0.04542570
v 0.30260719 0.05536508 -0.04161823
v 0.30260719 0.05536508 -0.04161823
v 0.30260719 0.05536508 -0.04161823
v -0.30335066 -0.02825806 -0.05312342
v -0.30335066 -0.02825806 -0.05312342
v -0.30335066 -0.02825806 -0.05312342
v -0.29064438 -0.02825933 -0.05313486
v -0.29064438 -0.02825933 -0.05313486
v -0.29064438 -0.02825933 -0.05313486
v -0.29525252 -0.01498221 -0.15768565
v -0.29525252 -0.01498221 -0.15768565
v -0.29525252 -0.01498221 -0.15768565
v 0.30322876 -0.02831872 -0.05366934
v 0.30322876 -0.02831872 -0.05366934
v 0.30322876 -0.02831872 -0.05366934
v 0.30157028 0.06339435 -0.03223891
v 0.30157028 0.06339435 -0.03223891
v 0.30157028 0.06339435 -0.03223891
v 0.30387907 -0.05091072 -0.03112085
v 0.30387907 -0.05091072 -0.03112085
v 0.30387907 -0.05091072 -0.03112085
v 0.00288263 0.33587399 -0.16092333
v 0.00288263 0.33587399 -0.16092333
v 0.00288263 0.33587399 -0.16092333
v 0.00740021 0.31823201 -0.16075452
v 0.00740021 0.31823201 -0.16075452
v 0.00752583 0.31755516 -0.02093465
v 0.00752583 0.31755516 -0.02093465
v 0.00749590 0.30641568 -0.05287622
v 0.00749590 0.30641568 -0.05287622
v 0.00749590 0.30641568 -0.05287622
v 0.00751187 0.25451781 -0.02883111
v 0.00751187 0.25451781 -0.02883111
v 0.00739941 0.31021342 -0.16067283
v 0.00739941 0.31021342 -0.16067283
v 0.00739941 0.31021342 -0.16067283
v 0.00303033 0.33748225 0.00318623
v 0.00303033 0.33748225 0.00318623
v 0.00303033 0.33748225 0.00318623
v -0.00297095 0.33748286 0.00319163
v -0.00297095 0.33748286 0.00319163
v -0.00297095 0.33748286 0.00319163
v 0.00280772 0.25108361 -0.02879322
v 0.00280772 0.25108361 -0.02879322
v 0.00280772 0.25108361 -0.02879322
v -0.00339498 0.25108424 -0.02878764
v -0.00339498 0.25108424 -0.02878764
v -0.00339498 0.25108424 -0.02878764
v -0.00752807 0.25451932 -0.02881758
v -0.00752807 0.25451932 -0.02881758
v -0.00311865 0.33587460 -0.16091794
v -0.00311865 0.33587460 -0.16091794
v -0.00311865 0.33587460 -0.16091794
v -0.00751411 0.31755666 -0.02092111
v -0.00751411 0.31755666 -0.02092111
v -0.00763973 0.31823351 -0.16074098
v -0.00763973 0.31823351 -0.16074098
v -0.00754404 0.30641719 -0.05286269
v -0.00754404 0.30641719 -0.05286269
v -0.00754404 0.30641719 -0.05286269
v -0.00755251 0.26551710 -0.05733299
v -0.00755251 0.26551710 -0.05733299
v -0.12993007 -0.32414630 0.04382526
v -0.10784248 -0.54808932 -0.11445828
v -0.10784248 -0.54808932 -0.11445828
v -0.10589603 -0.54850073 -0.11730691
v -0.10589603 -0.54850073 -0.11730691
v -0.10589603 -0.54850073 -0.11730691
v -0.10589603 -0.54850073 -0.11730691
v -0.11382988 -0.36917197 0.05342578
v -0.11382988 -0.36917197 0.05342578
v -0.11166614 -0.32287108 0.04379631
v -0.10292639 -0.54774603 -0.11446608
v -0.10292639 -0.54774603 -0.11446608
v -0.12159883 -0.27400997 0.04312180
v -0.12159883 -0.27400997 0.04312180
v 0.12118350 -0.37047900 0.05255233
v 0.12118350 -0.37047900 0.05255233
v 0.12991834 -0.32417228 0.04359140
v 0.12683300 -0.27440094 0.04290179
v 0.12683300 -0.27440094 0.04290179
v 0.11382564 -0.36919471 0.05322089
v 0.11382564 -0.36919471 0.05322089
v 0.11165467 -0.32289340 0.04359532
v 0.10258146 -0.54776660 -0.11465103
v 0.10258146 -0.54776660 -0.11465103
v -0.16453904 -0.51527524 0.05449061
v -0.16453904 -0.51527524 0.05449061
v -0.11689198 -0.45599313 0.05379030
v -0.17656354 -0.42691942 0.05364166
v -0.17656354 -0.42691942 0.05364166
v -0.17656354 -0.42691942 0.05364166
v -0.13509328 -0.35839248 0.05285036
v -0.18501803 -0.35022380 0.05285904
v -0.40378821 -0.41883101 0.06232917
v -0.40378821 -0.41883101 0.06232917
v -0.40378821 -0.41883101 0.06232917
v -0.40077734 -0.46004610 0.06273039
v -0.40077734 -0.46004610 0.06273039
v -0.40077734 -0.46004610 0.06273039
v -0.40077734 -0.46004610 0.06273039
v -0.40077734 -0.46004610 0.06273039
v -0.39653117 -0.45945536 0.05950952
v -0.39653117 -0.45945536 0.05950952
v -0.39653117 -0.45945536 0.05950952
v -0.39653117 -0.45945536 0.05950952
v -0.39653117 -0.45945536 0.05950952
v -0.39653117 -0.45945536 0.05950952
v -0.16865487 -0.51477029 0.07289106
v -0.16865487 -0.51477029 0.07289106
v 0.15379541 -0.52774446 0.06253979
v 0.15379541 -0.52774446 0.06253979
v 0.15379541 -0.52774446 0.06253979
v 0.16450484 -0.51530812 0.05419447
v 0.16450484 -0.51530812 0.05419447
v 0.11686947 -0.45601652 0.05357992
v 0.13509032 -0.35841952 0.05260719
v 0.18501679 -0.35026080 0.05252601
v 0.40223194 -0.42678370 0.05846968
v 0.40223194 -0.42678370 0.05846968
v 0.17654703 -0.42695471 0.05332387
v 0.17654703 -0.42695471 0.05332387
v 0.17654703 -0.42695471 0.05332387
v 0.40378868 -0.41891173 0.06160235
v 0.40378868 -0.41891173 0.06160235
v 0.40378868 -0.41891173 0.06160235
v 0.40077114 -0.46010950 0.06372031
v 0.40077114 -0.46010950 0.06372031
v 0.40077114 -0.46010950 0.06372031
v 0.40077114 -0.46010950 0.06372031
v 0.40077114 -0.46010950 0.06372031
v 0.16610705 -0.53167710 0.06380790
v 0.16610705 -0.53167710 0.06380790
v 0.16610705 -0.53167710 0.06380790
v 0.16572583 -0.53163220 0.06178428
v 0.16572583 -0.53163220 0.06178428
v 0.16572583 -0.53163220 0.06178428
v -0.02075778 -0.02537041 -0.04891342
v -0.02075778 -0.02537041 -0.04891342
v -0.02075778 -0.02537041 -0.04891342
v -0.01040542 -0.00744371 -0.04909842
v -0.01040542 -0.00744371 -0.04909842
v -0.01040542 -0.00744371 -0.04909842
v 0.01029571 -0.00744582 -0.04911709
v 0.01029571 -0.00744582 -0.04911709
v 0.01029571 -0.00744582 -0.04911709
v -0.05223201 0.57938862 0.09128265
v -0.05223201 0.57938862 0.09128265
v -0.05230901 0.57415925 0.08627621
v -0.05232054 0.57337521 0.08552559
v -0.05264652 0.55123411 0.06432759
v -0.05264652 0.55123411 0.06432759
v -0.07088601 -0.32376104 0.11109001
v -0.07088601 -0.32376104 0.11109001
v -0.07088601 -0.32376104 0.11109001
v 0.07787665 -0.61467205 0.05389969
v 0.07787665 -0.61467205 0.05389969
v 0.07787665 -0.61467205 0.05389969
v -0.06843381 -0.36181009 0.13686230
v -0.06843381 -0.36181009 0.13686230
v -0.06843381 -0.36181009 0.13686230
v 0.00024093 -0.36181688 0.13680049
v 0.00024093 -0.36181688 0.13680049
v 0.00019071 -0.59756002 0.10941694
v 0.00019071 -0.59756002 0.10941694
v 0.00019071 -0.59756002 0.10941694
v 0.06891567 -0.36182375 0.13673868
v 0.06891567 -0.36182375 0.13673868
v 0.06891567 -0.36182375 0.13673868
v 0.07781364 -0.59756781 0.10934708
v 0.07781364 -0.59756781 0.10934708
v 0.07781364 -0.59756781 0.10934708
v 0.07781364 -0.59756781 0.10934708
v 0.29077253 -0.02898600 -0.05365158
v 0.29077253 -0.02898600 -0.05365158
v 0.29077253 -0.02898600 -0.05365158
v 0.29655790 -0.02987108 -0.16139923
v 0.29655790 -0.02987108 -0.16139923
v 0.29655790 -0.02987108 -0.16139923
v 0.29973829 -0.03004325 -0.15782399
v 0.29973829 -0.03004325 -0.15782399
v 0.29973829 -0.03004325 -0.15782399
v -0.06903703 0.55155741 0.06137912
v -0.06903703 0.55155741 0.06137912
v -0.06903703 0.55155741 0.06137912
v -0.07655513 0.55099188 0.06149840
v -0.07682685 0.55238367 0.06301995
v -0.07682685 0.55238367 0.06301995
v -0.09981629 0.54074674 0.07332368
v -0.09981629 0.54074674 0.07332368
v -0.09981629 0.54074674 0.07332368
v -0.10012567 0.53910719 0.07214579
v -0.07507766 0.58332894 0.09341853
v -0.07507766 0.58332894 0.09341853
v -0.07507766 0.58332894 0.09341853
v -0.10009333 0.56720352 0.10085518
v -0.10009333 0.56720352 0.10085518
v -0.10113855 0.56573036 0.09979617
v -0.10378179 0.56216461 0.10113771
v -0.10254491 0.53805479 0.07531885
v -0.09959291 0.52420776 0.11948138
v -0.09959291 0.52420776 0.11948138
v -0.10323924 0.52863812 0.11375732
v -0.04867011 0.51915413 0.12162932
v -0.04867011 0.51915413 0.12162932
v -0.04867011 0.51915413 0.12162932
v -0.09602652 0.51889988 0.11920457
v -0.06422296 0.50467375 0.08045524
v -0.06422296 0.50467375 0.08045524
v -0.06422296 0.50467375 0.08045524
v -0.09481476 0.50712301 0.09242724
v -0.10021993 0.51167180 0.09092936
v -0.10081371 0.52094513 0.11866791
v -0.10318869 0.51613866 0.08870212
v -0.10375952 0.53553537 0.07736101
v -0.10230555 0.53713422 0.07393460
v -0.09998642 0.53535402 0.07099870
v -0.09998642 0.53535402 0.07099870
v -0.10351929 0.53419382 0.07574363
v -0.10095480 0.51471937 0.08532784
v -0.10095480 0.51471937 0.08532784
v -0.09868343 0.51049417 0.08777660
v -0.09868343 0.51049417 0.08777660
v -0.09788523 0.53724317 0.06967124
v -0.09788523 0.53724317 0.06967124
v -0.38154349 -0.10946392 0.06670581
v -0.35178122 -0.13420964 0.06596913
v -0.35178122 -0.13420964 0.06596913
v -0.37935110 -0.11164899 0.05472947
v -0.34662646 -0.13273769 0.05199956
v -0.34662646 -0.13273769 0.05199956
v 0.06924753 0.55154360 0.06125466
v 0.06924753 0.55154360 0.06125466
v 0.06924753 0.55154360 0.06125466
v 0.07676571 0.55097654 0.06136042
v 0.07704048 0.55236826 0.06288147
v 0.07704048 0.55236826 0.06288147
v 0.10035277 0.53908716 0.07196535
v 0.10036177 0.54077714 0.07401281
v 0.10036177 0.54077714 0.07401281
v 0.09963418 0.56644451 0.09836166
v 0.09963418 0.56644451 0.09836166
v 0.07540350 0.58289574 0.09166856
v 0.07540350 0.58289574 0.09166856
v 0.07541433 0.58232247 0.09084158
v 0.07541433 0.58232247 0.09084158
v 0.07541433 0.58232247 0.09084158
v 0.07541433 0.58232247 0.09084158
v 0.10037815 0.56718346 0.10067476
v 0.10037815 0.56718346 0.10067476
v 0.10142116 0.56571011 0.09961386
v 0.10406602 0.56214382 0.10095064
v 0.10399521 0.53551458 0.07717403
v 0.10353886 0.52861744 0.11357122
v 0.10112050 0.52092491 0.11848617
v 0.09990188 0.52418781 0.11930184
v 0.09990188 0.52418781 0.11930184
v 0.06388499 0.50174898 0.08529480
v 0.06388499 0.50174898 0.08529480
v 0.09507137 0.50710401 0.09225634
v 0.09664229 0.50848886 0.08834122
v 0.09664229 0.50848886 0.08834122
v 0.09633383 0.51888066 0.11903145
v 0.10344055 0.51611802 0.08851616
v 0.10277747 0.53803426 0.07513407
v 0.10375177 0.53417310 0.07555709
v 0.10253543 0.53711374 0.07375023
v 0.10021063 0.53533399 0.07081851
v 0.10021063 0.53533399 0.07081851
v 0.10120029 0.51469915 0.08514590
v 0.10120029 0.51469915 0.08514590
v 0.10047482 0.51165174 0.09074874
v 0.09893240 0.51047441 0.08759874
v 0.09893240 0.51047441 0.08759874
v 0.09810747 0.53722360 0.06949486
v 0.09810747 0.53722360 0.06949486
v 0.38959297 -0.07542476 0.10054148
v 0.38959297 -0.07542476 0.10054148
v 0.38959297 -0.07542476 0.10054148
v 0.38959297 -0.07542476 0.10054148
v 0.38732548 -0.10222644 0.06609098
v 0.38732548 -0.10222644 0.06609098
v 0.34667072 -0.13280702 0.05137559
v 0.34667072 -0.13280702 0.05137559
v 0.35650368 -0.07001267 -0.01199157
v 0.35650368 -0.07001267 -0.01199157
v 0.37940483 -0.11172486 0.05404659
v 0.38161919 -0.10954023 0.06601896
v 0.38401481 -0.10457045 0.05415837
v 0.38401481 -0.10457045 0.05415837
v 0.00003926 0.36215628 0.01083617
v 0.01273021 0.31304352 -0.02695581
v 0.01273021 0.31304352 -0.02695581
v 0.06298382 0.35404074 0.01129157
v 0.05698718 0.43592274 0.04090496
v 0.05698718 0.43592274 0.04090496
v 0.08235607 0.43490764 0.04435146
v 0.08235607 0.43490764 0.04435146
v 0.08235607 0.43490764 0.04435146
v 0.07131704 0.30015360 -0.02747300
v 0.01306526 0.29030470 -0.03344513
v 0.01306526 0.29030470 -0.03344513
v 0.06960020 0.27608128 -0.03371485
v 0.11008437 0.22356509 -0.03319948
v 0.01093373 0.23174887 -0.02020382
v 0.01057958 0.23067927 -0.01801387
v 0.19058853 0.14369121 -0.01935858
v 0.10399669 0.20842872 -0.02000798
v 0.10441473 0.20700148 -0.01785244
v 0.19013180 0.14265775 -0.01766890
v 0.24274878 0.05275229 -0.01671434
v 0.25424566 -0.05416296 -0.01681654
v 0.25571938 -0.05422012 -0.01875926
v 0.21953020 -0.15474312 -0.01250882
v 0.22071469 -0.15565149 -0.01405919
v 0.16538275 -0.22062973 -0.00660489
v 0.10278021 -0.26113600 -0.00097694
v 0.16588553 -0.22120575 -0.00729506
v 0.05504837 -0.27653193 0.00106352
v -0.00003913 -0.28048874 0.00141706
v -0.00004087 -0.28277367 -0.00024432
v -0.00004437 -0.29625330 -0.00250766
v 0.05629181 -0.27842180 -0.00072843
v -0.00004265 -0.31579870 0.00177238
v -0.00004265 -0.31579870 0.00177238
v 0.07453161 -0.31524589 0.00185790
v 0.07453161 -0.31524589 0.00185790
v 0.07453161 -0.31524589 0.00185790
v 0.05845581 -0.29123401 -0.00285608
v 0.10944945 -0.27604809 -0.00577188
v 0.10283426 -0.26306788 -0.00268369
v 0.24424118 0.05317873 -0.01863853
v 0.20180064 0.15341639 -0.03214352
v 0.12292897 0.25291629 -0.03348009
v 0.17077786 0.21474685 -0.03333984
v 0.28164551 0.11479791 -0.03172536
v 0.22353346 0.16851194 -0.03221335
v 0.25912663 0.05718561 -0.03168005
v 0.32655834 0.06365302 -0.03152279
v 0.36182545 0.06683416 -0.01696427
v 0.36182545 0.06683416 -0.01696427
v 0.36182545 0.06683416 -0.01696427
v 0.27103090 -0.05558315 -0.03062290
v 0.32723129 -0.05343169 -0.03057832
v 0.30044008 -0.11566456 -0.02926989
v 0.26488302 -0.16426588 -0.02458004
v 0.23405743 -0.16213147 -0.02432667
v 0.17575810 -0.23400566 -0.01332757
v 0.19024885 -0.25573536 -0.00996944
v 0.19523285 -0.25907107 -0.00121070
v 0.19523285 -0.25907107 -0.00121070
v 0.14892791 -0.32658224 0.00101823
v 0.15514015 -0.33201540 0.01052668
v 0.15514015 -0.33201540 0.01052668
v 0.11622501 -0.51144493 0.03608836
v 0.11864875 -0.51079987 0.04188820
v 0.11864875 -0.51079987 0.04188820
v 0.09754431 -0.57926247 0.04641430
v 0.09754431 -0.57926247 0.04641430
v 0.09754431 -0.57926247 0.04641430
v 0.09581547 -0.51564465 0.03754331
v 0.09581547 -0.51564465 0.03754331
v 0.10674937 -0.41952218 0.02037463
v 0.10674937 -0.41952218 0.02037463
v 0.10763574 -0.34326963 0.00316789
v 0.10763574 -0.34326963 0.00316789
v 0.13391455 -0.33997426 0.00197697
v 0.13391455 -0.33997426 0.00197697
v 0.12586286 -0.42394853 0.02167529
v 0.11483099 -0.42729207 0.02212030
v 0.11483099 -0.42729207 0.02212030
v 0.30840498 -0.11707524 -0.02102343
v 0.30840498 -0.11707524 -0.02102343
v 0.30840498 -0.11707524 -0.02102343
v 0.26936453 -0.16482220 -0.01628417
v 0.26936453 -0.16482220 -0.01628417
v 0.26909578 -0.16717889 -0.00797579
v 0.19436095 -0.25941468 0.00685070
v 0.12860192 -0.42568578 0.03018088
v 0.12860192 -0.42568578 0.03018088
v 0.11788088 -0.51021512 0.04643567
v 0.10907149 -0.57081310 0.04274425
v 0.10907149 -0.57081310 0.04274425
v 0.10907149 -0.57081310 0.04274425
v 0.13182723 -0.50880171 0.08067559
v 0.11972566 -0.58467145 0.08985643
v 0.11972566 -0.58467145 0.08985643
v 0.11107970 -0.57454878 0.10938376
v 0.11107970 -0.57454878 0.10938376
v 0.11107970 -0.57454878 0.10938376
v 0.11880770 -0.49952563 0.10870206
v 0.13211798 -0.50740549 0.08836192
v 0.14886747 -0.42365790 0.08002469
v 0.12867403 -0.42471822 0.03441095
v 0.15577848 -0.33122084 0.01691273
v 0.17812296 -0.33395100 0.07593426
v 0.22173224 -0.26524699 0.07057270
v 0.28165344 -0.19943698 0.06171303
v 0.31078438 -0.11841172 -0.01261858
v 0.31078438 -0.11841172 -0.01261858
v 0.31078438 -0.11841172 -0.01261858
v 0.35185028 -0.13428000 0.06533586
v 0.35185028 -0.13428000 0.06533586
v 0.28954594 -0.16008550 0.10866849
v 0.28954594 -0.16008550 0.10866849
v 0.28973078 -0.16264014 0.10245011
v 0.21762728 -0.23490078 0.10504304
v 0.28475531 -0.19728034 0.07154759
v 0.14881334 -0.42364223 0.08708298
v 0.12563699 -0.41912838 0.11128492
v 0.12563699 -0.41912838 0.11128492
v 0.12928497 -0.41904003 0.10799226
v 0.17835451 -0.33335854 0.08513788
v 0.22253622 -0.26341748 0.07999158
v 0.16335905 -0.30886827 0.10693543
v -0.16612752 -0.53164388 0.06410691
v -0.16612752 -0.53164388 0.06410691
v -0.16612752 -0.53164388 0.06410691
v -0.15655242 -0.50926229 0.07299430
v -0.15381548 -0.52769345 0.06488222
v -0.15381548 -0.52769345 0.06488222
v -0.11475411 -0.46764685 0.06322572
v -0.11475411 -0.46764685 0.06322572
v -0.11475411 -0.46764685 0.06322572
v -0.11687520 -0.45581042 0.07243471
v -0.13507649 -0.35820976 0.07149480
v -0.13818712 -0.34097263 0.06218266
v -0.13818712 -0.34097263 0.06218266
v -0.13818712 -0.34097263 0.06218266
v -0.17864497 -0.33144821 0.06298148
v -0.17864497 -0.33144821 0.06298148
v -0.17563557 -0.35074939 0.07145811
v -0.18027495 -0.42722899 0.07204473
v -0.18027495 -0.42722899 0.07204473
v -0.18027495 -0.42722899 0.07204473
v -0.40223147 -0.42662352 0.06732690
v -0.40223147 -0.42662352 0.06732690
v -0.19027390 -0.35190078 0.07131647
v 0.16865385 -0.51480402 0.07258748
v 0.16865385 -0.51480402 0.07258748
v 0.15655280 -0.50929361 0.07271250
v 0.15379727 -0.52772424 0.06460538
v 0.15379727 -0.52772424 0.06460538
v 0.11474606 -0.46766977 0.06301917
v 0.11474606 -0.46766977 0.06301917
v 0.11474606 -0.46766977 0.06301917
v 0.11688625 -0.45583380 0.07222433
v 0.18029145 -0.42726504 0.07172022
v 0.18029145 -0.42726504 0.07172022
v 0.18029145 -0.42726504 0.07172022
v 0.13510710 -0.35823677 0.07125163
v 0.13820473 -0.34100025 0.06193391
v 0.13820473 -0.34100025 0.06193391
v 0.13820473 -0.34100025 0.06193391
v 0.17566767 -0.35078453 0.07114192
v 0.39652508 -0.45945494 0.06692897
v 0.39652508 -0.45945494 0.06692897
v 0.39652508 -0.45945494 0.06692897
v 0.39652508 -0.45945494 0.06692897
v 0.39652508 -0.45945494 0.06692897
v 0.39652508 -0.45945494 0.06692897
v 0.40223926 -0.42670397 0.06660288
v 0.40223926 -0.42670397 0.06660288
v 0.40379021 -0.41889494 0.06331370
v 0.40379021 -0.41889494 0.06331370
v 0.40379021 -0.41889494 0.06331370
v 0.19355875 -0.33266613 0.06265806
v 0.19355875 -0.33266613 0.06265806
v 0.19355875 -0.33266613 0.06265806
v 0.19030546 -0.35193882 0.07097394
v -0.15061112 0.51748149 0.03969620
v -0.15061112 0.51748149 0.03969620
v -0.01431565 0.57481184 0.03946859
v -0.01689341 0.55319228 0.03938724
v -0.03677706 0.55392790 0.03942835
v -0.06696375 0.52986159 0.03958908
v -0.08422485 0.46430473 0.04050053
v -0.08422485 0.46430473 0.04050053
v -0.04732739 0.47260322 0.03986272
v -0.05683845 0.43593410 0.04100740
v -0.05683845 0.43593410 0.04100740
v 0.00007491 0.43567654 0.04159587
v 0.00007491 0.43567654 0.04159587
v -0.01238264 0.46620288 0.03992186
v -0.01184821 0.46830906 0.04090076
v -0.01184821 0.46830906 0.04090076
v -0.04925420 0.46527115 0.04000607
v -0.02045714 0.47386692 0.03995171
v -0.04283354 0.53561911 0.03925044
v -0.01609725 0.55051810 0.03978269
v -0.01609725 0.55051810 0.03978269
v 0.00008723 0.55278727 0.04111935
v 0.00008723 0.55278727 0.04111935
v -0.00202895 -0.04026940 0.09843312
v -0.00202895 -0.04026940 0.09843312
v -0.00202895 -0.04026940 0.09843312
v -0.00202895 -0.04026940 0.09843312
v -0.02872935 -0.01740579 0.12028197
v -0.02872935 -0.01740579 0.12028197
v -0.02872935 -0.01740579 0.12028197
v -0.01771739 -0.00225234 0.12012356
v -0.01771739 -0.00225234 0.12012356
v -0.00926775 0.00205191 0.12007376
v -0.00926775 0.00205191 0.12007376
v 0.00009842 0.00353442 0.12005082
v 0.00009842 0.00353442 0.12005082
v 0.00946429 0.00205004 0.12005690
v 0.00946429 0.00205004 0.12005690
v 0.01791307 -0.00225590 0.12009149
v 0.01791307 -0.00225590 0.12009149
v 0.02892780 0.04068743 0.11966073
v 0.02892780 0.04068743 0.11966073
v 0.02892780 0.04068743 0.11966073
v 0.02892780 0.04068743 0.11966073
v 0.00218004 -0.01371206 0.09816909
v 0.00218004 -0.01371206 0.09816909
v 0.00218004 -0.01371206 0.09816909
v 0.00218004 -0.01371206 0.09816909
v 0.00007554 -0.02699074 0.09830110
v 0.01205400 -0.03309556 0.09835014
v 0.01205400 -0.03309556 0.09835014
v 0.01205400 -0.03309556 0.09835014
v 0.00617799 -0.03897040 0.09841300
v 0.00617799 -0.03897040 0.09841300
v -0.10904289 -0.57133204 0.11306462
v -0.10904289 -0.57133204 0.11306462
v -0.10904289 -0.57133204 0.11306462
v -0.11874055 -0.49950191 0.10891585
v -0.11583178 -0.49802779 0.11222332
v -0.11583178 -0.49802779 0.11222332
v -0.12920156 -0.41901421 0.10822490
v -0.16020375 -0.30794361 0.11062033
v -0.16020375 -0.30794361 0.11062033
v -0.27376391 -0.17648850 0.10846316
v -0.27376391 -0.17648850 0.10846316
v -0.27307080 -0.17770547 0.10308874
v -0.33074309 -0.12511745 0.10863354
v -0.33074309 -0.12511745 0.10863354
v -0.33074309 -0.12511745 0.10863354
v -0.21750897 -0.23485726 0.10543466
v -0.27928738 -0.19412883 0.05932735
v -0.31085209 -0.11834956 -0.01205910
v -0.31085209 -0.11834956 -0.01205910
v -0.31085209 -0.11834956 -0.01205910
v -0.30848752 -0.11701355 -0.02046822
v -0.30848752 -0.11701355 -0.02046822
v -0.30848752 -0.11701355 -0.02046822
v -0.24915148 -0.18649239 -0.00455824
v -0.19531085 -0.25903200 -0.00085922
v -0.19531085 -0.25903200 -0.00085922
v -0.19442452 -0.25937579 0.00720060
v -0.15521298 -0.33198435 0.01080600
v -0.15521298 -0.33198435 0.01080600
v -0.15583966 -0.33118967 0.01719318
v -0.11870417 -0.51077614 0.04210182
v -0.11870417 -0.51077614 0.04210182
v -0.11792801 -0.51019154 0.04664789
v -0.13181247 -0.50877535 0.08091286
v -0.11102766 -0.57452658 0.10958365
v -0.11102766 -0.57452658 0.10958365
v -0.11102766 -0.57452658 0.10958365
v -0.14876848 -0.42361244 0.08735080
v -0.16325351 -0.30883560 0.10722937
v -0.28334214 -0.19550712 0.07189470
v -0.22168248 -0.26520266 0.07097177
v -0.22246915 -0.26337298 0.08039209
v -0.17829346 -0.33332287 0.08545887
v -0.17807858 -0.33391537 0.07625484
v -0.14883531 -0.42362811 0.08029262
v -0.13208909 -0.50737906 0.08859971
v -0.12872415 -0.42469247 0.03464261
v 0.00017938 -0.61422468 0.09882769
v 0.00013901 -0.61466427 0.05396965
v -0.38651072 0.09450310 0.09882084
v -0.38651072 0.09450310 0.09882084
v -0.38804606 0.11758685 0.06437038
v -0.38804606 0.11758685 0.06437038
v -0.37950232 0.13404798 0.05212187
v -0.29896811 0.13426154 -0.00852492
v -0.29896811 0.13426154 -0.00852492
v -0.31662598 0.17325251 0.05112984
v -0.23444312 0.18582639 -0.00933637
v -0.23444312 0.18582639 -0.00933637
v -0.25256161 0.21264758 0.04728478
v -0.25376527 0.21408255 0.05843151
v -0.19650729 0.25429958 0.05723925
v -0.19650729 0.25429958 0.05723925
v -0.18072196 0.21752112 0.09815667
v -0.18072196 0.21752112 0.09815667
v -0.18072196 0.21752112 0.09815667
v -0.31688859 0.17263243 0.06047369
v -0.38054777 0.13122847 0.06389273
v -0.10913845 -0.57079128 0.04294064
v -0.10913845 -0.57079128 0.04294064
v -0.10913845 -0.57079128 0.04294064
v -0.11167908 -0.57665695 0.05261239
v -0.11167908 -0.57665695 0.05261239
v -0.11988046 -0.58474900 0.08255711
v -0.11988046 -0.58474900 0.08255711
v -0.09733195 -0.59273290 0.08207113
v -0.11971090 -0.58464750 0.09007194
v -0.11971090 -0.58464750 0.09007194
v -0.09735007 -0.58061644 0.10957984
v -0.09183729 -0.57946154 0.10786816
v -0.09183729 -0.57946154 0.10786816
v -0.09723844 -0.59272146 0.09036278
v -0.09173001 -0.59235601 0.08972865
v -0.09173001 -0.59235601 0.08972865
v 0.39103195 0.08410693 0.09877101
v 0.39103195 0.08410693 0.09877101
v 0.39103195 0.08410693 0.09877101
v 0.39103195 0.08410693 0.09877101
v 0.38497066 0.11746933 0.05197929
v 0.38497066 0.11746933 0.05197929
v 0.31673532 0.17318919 0.05055982
v 0.23444662 0.18577950 -0.00975837
v 0.23444662 0.18577950 -0.00975837
v 0.17844080 0.23054167 -0.01130771
v 0.17844080 0.23054167 -0.01130771
v 0.17844080 0.23054167 -0.01130771
v 0.25267271 0.21259705 0.04683007
v 0.25389673 0.21403179 0.05797461
v 0.25910437 0.16861434 0.09817921
v 0.25910437 0.16861434 0.09817921
v 0.37960480 0.13397207 0.05143867
v 0.31701460 0.17256905 0.05990318
v 0.38067085 0.13115235 0.06320763
v 0.38668857 0.09442577 0.09812496
v 0.38668857 0.09442577 0.09812496
v 0.11162823 -0.57667927 0.05241142
v 0.11162823 -0.57667927 0.05241142
v 0.11988167 -0.58477296 0.08234132
v 0.11988167 -0.58477296 0.08234132
v 0.09733058 -0.59275235 0.08189593
v 0.09740080 -0.58063589 0.10940456
v 0.09725199 -0.59274091 0.09018773
v 0.09174252 -0.59237436 0.08956352
v 0.09174252 -0.59237436 0.08956352
v 0.01846964 -0.39593446 0.13311361
v 0.01846964 -0.39593446 0.13311361
v 0.01846964 -0.39593446 0.13311361
v 0.02492896 -0.39767534 0.13497646
v 0.02492896 -0.39767534 0.13497646
v 0.03821593 -0.41095284 0.13154988
v 0.03821593 -0.41095284 0.13154988
v 0.04312509 -0.41571153 0.13310342
v 0.04312509 -0.41571153 0.13310342
v 0.04773779 -0.43374337 0.12919507
v 0.04773779 -0.43374337 0.12919507
v 0.02932596 -0.47776817 0.12467908
v 0.02932596 -0.47776817 0.12467908
v 0.02932596 -0.47776817 0.12467908
v 0.01291947 -0.48793651 0.12569469
v 0.01291947 -0.48793651 0.12569469
v -0.04300587 -0.46497463 0.12810845
v -0.04300587 -0.46497463 0.12810845
v -0.03810027 -0.46896538 0.12564540
v -0.03810027 -0.46896538 0.12564540
v -0.04796593 -0.42758637 0.13196202
v -0.04796593 -0.42758637 0.13196202
v -0.03509259 -0.40549993 0.13422439
v -0.03509259 -0.40549993 0.13422439
v -0.04436816 -0.42171868 0.13051505
v -0.04436816 -0.42171868 0.13051505
v -0.02479327 -0.39767083 0.13502122
v -0.02479327 -0.39767083 0.13502122
v -0.01280028 -0.39274976 0.13551716
v -0.01280028 -0.39274976 0.13551716
v -0.02921030 -0.40215013 0.13251617
v -0.02921030 -0.40215013 0.13251617
v -0.02921030 -0.40215013 0.13251617
v -0.39652384 -0.45937563 0.06764272
v -0.39652384 -0.45937563 0.06764272
v -0.39652384 -0.45937563 0.06764272
v -0.39652384 -0.45937563 0.06764272
v -0.39652384 -0.45937563 0.06764272
v -0.39652384 -0.45937563 0.06764272
v -0.40619940 -0.42890684 0.06414160
v -0.40378664 -0.41881419 0.06404052
v -0.40378664 -0.41881419 0.06404052
v -0.40378664 -0.41881419 0.06404052
v -0.40620093 -0.42892363 0.06243025
v -0.40223879 -0.42670325 0.05919370
v -0.40223879 -0.42670325 0.05919370
v -0.40077582 -0.46002935 0.06444171
v -0.40077582 -0.46002935 0.06444171
v -0.40077582 -0.46002935 0.06444171
v -0.40077582 -0.46002935 0.06444171
v -0.40077582 -0.46002935 0.06444171
v 0.40620090 -0.42898810 0.06341044
v 0.40076958 -0.46012628 0.06200899
v 0.40076958 -0.46012628 0.06200899
v 0.40076958 -0.46012628 0.06200899
v 0.40076958 -0.46012628 0.06200899
v 0.40076958 -0.46012628 0.06200899
v 0.39651775 -0.45953462 0.05879578
v 0.39651775 -0.45953462 0.05879578
v 0.39651775 -0.45953462 0.05879578
v 0.39651775 -0.45953462 0.05879578
v 0.39651775 -0.45953462 0.05879578
v 0.39651775 -0.45953462 0.05879578
v 0.40619938 -0.42900488 0.06169909
v -0.08060269 0.55050657 0.07042795
v -0.08060269 0.55050657 0.07042795
v -0.07232718 0.55187204 0.06401574
v -0.07232718 0.55187204 0.06401574
v -0.08826961 0.55148702 0.07855386
v -0.08826961 0.55148702 0.07855386
v -0.09807338 0.56171509 0.09904660
v -0.09807338 0.56171509 0.09904660
v -0.09807338 0.56171509 0.09904660
v -0.08632434 0.55563909 0.08080391
v -0.08632434 0.55563909 0.08080391
v -0.08256914 0.55960710 0.08111519
v -0.08256914 0.55960710 0.08111519
v -0.07843843 0.56182103 0.07939238
v -0.07843843 0.56182103 0.07939238
v -0.07550992 0.56144532 0.07628911
v -0.07550992 0.56144532 0.07628911
v -0.07275398 0.56927701 0.08140562
v -0.07275398 0.56927701 0.08140562
v -0.07275398 0.56927701 0.08140562
v -0.06931495 0.57488000 0.08616335
v -0.06931495 0.57488000 0.08616335
v -0.05307718 0.57997483 0.09079693
v -0.05307718 0.57997483 0.09079693
v -0.05307718 0.57997483 0.09079693
v -0.07828389 0.57416615 0.09146490
v -0.07828389 0.57416615 0.09146490
v -0.08168502 0.56685616 0.08755263
v -0.08168502 0.56685616 0.08755263
v -0.15373522 0.47545810 0.06175696
v -0.15373522 0.47545810 0.06175696
v -0.15094780 0.47151759 0.06394897
v -0.15094780 0.47151759 0.06394897
v -0.15094780 0.47151759 0.06394897
v -0.15100165 0.46654364 0.06153720
v -0.15100165 0.46654364 0.06153720
v -0.15032263 0.46041473 0.05195853
v -0.15032263 0.46041473 0.05195853
v -0.15002764 0.46044711 0.04897295
v -0.15002764 0.46044711 0.04897295
v -0.15475903 0.46547919 0.05194719
v -0.15475903 0.46547919 0.05194719
v -0.15104196 0.46410854 0.04287904
v -0.15104196 0.46410854 0.04287904
v -0.15104196 0.46410854 0.04287904
v -0.15475251 0.46573238 0.04883239
v -0.15475251 0.46573238 0.04883239
v -0.15482494 0.46818401 0.04554958
v -0.15482494 0.46818401 0.04554958
v -0.15098800 0.46855049 0.04026443
v -0.15098800 0.46855049 0.04026443
v -0.15471477 0.47147125 0.04352302
v -0.15471477 0.47147125 0.04352302
v -0.15475254 0.51491065 0.04286246
v -0.15475254 0.51491065 0.04286246
v -0.15459187 0.52064074 0.04495625
v -0.15459187 0.52064074 0.04495625
v -0.15038167 0.52182860 0.04092787
v -0.15038167 0.52182860 0.04092787
v -0.15038167 0.52182860 0.04092787
v -0.15461891 0.52472369 0.04930652
v -0.15461891 0.52472369 0.04930652
v -0.14955595 0.52849909 0.04810854
v -0.14955595 0.52849909 0.04810854
v -0.13350293 -0.34865582 -0.00298558
v -0.13350293 -0.34865582 -0.00298558
v -0.11891928 -0.42155789 0.01902807
v -0.11891928 -0.42155789 0.01902807
v -0.11982175 -0.42103341 0.02068429
v -0.11982175 -0.42103341 0.02068429
v -0.11461581 -0.42671895 0.02056960
v -0.11461581 -0.42671895 0.02056960
v -0.11015295 -0.42667489 0.02225185
v -0.11015295 -0.42667489 0.02225185
v -0.10682363 -0.41950082 0.02056685
v -0.10682363 -0.41950082 0.02056685
v -0.10743923 -0.42033685 0.01878484
v -0.10743923 -0.42033685 0.01878484
v -0.10772433 -0.34324807 0.00336171
v -0.10772433 -0.34324807 0.00336171
v 0.15380811 0.51560347 0.06103472
v 0.15380811 0.51560347 0.06103472
v 0.15493370 0.46544822 0.05166846
v 0.15493370 0.46544822 0.05166846
v 0.15492164 0.46570140 0.04855368
v 0.15492164 0.46570140 0.04855368
v 0.15114233 0.46852028 0.03999251
v 0.15114233 0.46852028 0.03999251
v 0.15498870 0.46815303 0.04527075
v 0.15498870 0.46815303 0.04527075
v 0.15487560 0.47144027 0.04324438
v 0.15487560 0.47144027 0.04324438
v 0.15077508 0.51745135 0.03942496
v 0.15077508 0.51745135 0.03942496
v 0.15476599 0.52060981 0.04467783
v 0.15476599 0.52060981 0.04467783
v 0.15054879 0.52179851 0.04065704
v 0.15054879 0.52179851 0.04065704
v 0.15054879 0.52179851 0.04065704
v 0.15480173 0.52469275 0.04902804
v 0.15480173 0.52469275 0.04902804
v 0.15469283 0.52483840 0.05092825
v 0.15469283 0.52483840 0.05092825
v 0.15126884 0.52329264 0.06023430
v 0.15126884 0.52329264 0.06023430
v 0.15446654 0.51968394 0.05831410
v 0.15446654 0.51968394 0.05831410
v 0.10736159 -0.42035832 0.01859152
v 0.10736159 -0.42035832 0.01859152
v 0.11008015 -0.42669690 0.02205365
v 0.11008015 -0.42669690 0.02205365
v 0.11035527 -0.42607312 0.02021698
v 0.11035527 -0.42607312 0.02021698
v 0.11453998 -0.42674184 0.02036337
v 0.11453998 -0.42674184 0.02036337
v 0.11974734 -0.42105737 0.02046868
v 0.11974734 -0.42105737 0.02046868
v 0.13747497 -0.34449704 0.00302277
v 0.13747497 -0.34449704 0.00302277
v 0.13340171 -0.34868253 -0.00322580
v 0.13340171 -0.34868253 -0.00322580
v 0.11118195 -0.34010011 0.00233360
v 0.11118195 -0.34010011 0.00233360
v 0.00960190 -0.01728070 0.11905196
v 0.00960190 -0.01728070 0.11905196
v 0.02042344 -0.02356865 0.11910383
v 0.02042344 -0.02356865 0.11910383
v 0.01337341 -0.02468455 0.11912112
v 0.01337341 -0.02468455 0.11912112
v 0.01337341 -0.02468455 0.11912112
v 0.00943661 -0.04512620 0.11932499
v 0.00943661 -0.04512620 0.11932499
v 0.01207277 -0.03289121 0.11920271
v 0.01207277 -0.03289121 0.11920271
v 0.01207277 -0.03289121 0.11920271
v -0.00312750 -0.04711486 0.11935579
v -0.00312750 -0.04711486 0.11935579
v -0.00312750 -0.04711486 0.11935579
v -0.01446096 -0.04133873 0.11930939
v -0.01446096 -0.04133873 0.11930939
v -0.02023482 -0.03000411 0.11920353
v -0.02023482 -0.03000411 0.11920353
v -0.01318479 -0.02888822 0.11918624
v -0.01318479 -0.02888822 0.11918624
v -0.01188415 -0.02068156 0.11910464
v -0.01188415 -0.02068156 0.11910464
v -0.01188415 -0.02068156 0.11910464
v -0.00924798 -0.00844659 0.11898237
v -0.00924798 -0.00844659 0.11898237
v 0.00006950 -0.37473272 0.13429573
v -0.01691752 -0.37694723 0.13408289
v 0.01705569 -0.37695032 0.13405231
v 0.03288343 -0.38344884 0.13336917
v 0.03108505 -0.38711347 0.13605833
v 0.03108505 -0.38711347 0.13605833
v 0.04647411 -0.39378545 0.13229290
v 0.05690153 -0.40725572 0.13089684
v 0.06345510 -0.42294171 0.12927610
v 0.06568818 -0.43977448 0.12754116
v 0.06344860 -0.45660675 0.12581027
v 0.05997325 -0.45625763 0.12891417
v 0.05997325 -0.45625763 0.12891417
v 0.05688896 -0.47229153 0.12420134
v 0.04645635 -0.48575992 0.12282405
v 0.03286169 -0.49609398 0.12177224
v 0.03106450 -0.49357841 0.12509769
v 0.03106450 -0.49357841 0.12509769
v 0.01703143 -0.50258964 0.12111762
v 0.00004438 -0.50480411 0.12090476
v -0.01694178 -0.50258651 0.12114821
v -0.03276952 -0.49608799 0.12183132
v -0.04636022 -0.48575130 0.12290760
v -0.05678764 -0.47228104 0.12430369
v -0.05986019 -0.45624657 0.12902203
v -0.05986019 -0.45624657 0.12902203
v -0.06334119 -0.45659504 0.12592440
v -0.06197075 -0.44033738 0.13066176
v -0.06197075 -0.44033738 0.13066176
v -0.05985404 -0.42442864 0.13229769
v -0.05985404 -0.42442864 0.13229769
v -0.06557426 -0.43976239 0.12765931
v -0.06333466 -0.42293011 0.12939024
v -0.05365432 -0.40960439 0.13381835
v -0.05365432 -0.40960439 0.13381835
v -0.05677505 -0.40724534 0.13099916
v -0.04634244 -0.39377691 0.13237644
v -0.03094528 -0.38710786 0.13611416
v -0.03094528 -0.38710786 0.13611416
v -0.03274778 -0.38344282 0.13342824
v 0.06208997 -0.44034875 0.13055008
v 0.06208997 -0.44034875 0.13055008
v 0.04978184 -0.44034764 0.13056117
v 0.04978184 -0.44034764 0.13056117
v 0.04808514 -0.45309983 0.12924983
v 0.04808514 -0.45309983 0.12924983
v 0.05377353 -0.47108181 0.12739350
v 0.05377353 -0.47108181 0.12739350
v 0.04311555 -0.46498265 0.12803093
v 0.04311555 -0.46498265 0.12803093
v 0.03521178 -0.47518623 0.12698750
v 0.03521178 -0.47518623 0.12698750
v 0.04391328 -0.48381123 0.12609181
v 0.04391328 -0.48381123 0.12609181
v 0.02491249 -0.48301540 0.12619066
v 0.02491249 -0.48301540 0.12619066
v 0.01610276 -0.49971763 0.12447897
v 0.01610276 -0.49971763 0.12447897
v 0.00005007 -0.48961414 0.12553343
v 0.00005007 -0.48961414 0.12553343
v 0.00004771 -0.50181064 0.12427780
v 0.00004771 -0.50181064 0.12427780
v -0.01281866 -0.48793407 0.12571786
v -0.01281866 -0.48793407 0.12571786
v -0.01600650 -0.49971466 0.12450788
v -0.01600650 -0.49971466 0.12450788
v -0.02480975 -0.48301086 0.12623541
v -0.02480975 -0.48301086 0.12623541
v -0.03096586 -0.49357265 0.12515354
v -0.03096586 -0.49357265 0.12515354
v -0.03510607 -0.47517975 0.12705078
v -0.03510607 -0.47517975 0.12705078
v -0.04381089 -0.48380321 0.12617076
v -0.04381089 -0.48380321 0.12617076
v -0.05366621 -0.47107197 0.12749024
v -0.05366621 -0.47107197 0.12749024
v -0.04797085 -0.45309098 0.12933632
v -0.04797085 -0.45309098 0.12933632
v -0.04966262 -0.44033852 0.13065068
v -0.04966262 -0.44033852 0.13065068
v -0.04379409 -0.39687497 0.13512008
v -0.04379409 -0.39687497 0.13512008
v -0.04299635 -0.41570359 0.13318095
v -0.04299635 -0.41570359 0.13318095
v -0.01598358 -0.38096860 0.13673290
v -0.01598358 -0.38096860 0.13673290
v 0.00007147 -0.37887563 0.13693406
v 0.00007147 -0.37887563 0.13693406
v 0.00006912 -0.39107202 0.13567842
v 0.00006912 -0.39107202 0.13567842
v 0.01612571 -0.38097147 0.13670398
v 0.01612571 -0.38097147 0.13670398
v 0.01293785 -0.39275209 0.13549400
v 0.01293785 -0.39275209 0.13549400
v 0.03522525 -0.40550641 0.13416110
v 0.03522525 -0.40550641 0.13416110
v 0.04393007 -0.39688302 0.13504109
v 0.04393007 -0.39688302 0.13504109
v 0.05378540 -0.40961427 0.13372164
v 0.05378540 -0.40961427 0.13372164
v 0.04809004 -0.42759522 0.13187556
v 0.04809004 -0.42759522 0.13187556
v 0.05997940 -0.42443959 0.13218984
v 0.05997940 -0.42443959 0.13218984
v -0.00550388 -0.39803556 0.13291866
v 0.01639524 -0.40089452 0.13260481
v -0.00621007 -0.39271238 0.13346730
v -0.00621007 -0.39271238 0.13346730
v 0.03391678 -0.41422082 0.13121726
v 0.04236583 -0.43444375 0.12912775
v 0.03947849 -0.45614441 0.12689621
v 0.04448383 -0.45819950 0.12668020
v 0.04448383 -0.45819950 0.12668020
v 0.02602843 -0.47350830 0.12512057
v 0.00632574 -0.48720581 0.12372795
v 0.00632574 -0.48720581 0.12372795
v 0.00561954 -0.48188267 0.12427659
v -0.01627958 -0.47902367 0.12459043
v -0.01835398 -0.48398388 0.12408164
v -0.01835398 -0.48398388 0.12408164
v -0.01835398 -0.48398388 0.12408164
v -0.03380112 -0.46569737 0.12597801
v -0.04225017 -0.44547451 0.12806749
v -0.03936282 -0.42377381 0.13029902
v -0.04762210 -0.44617482 0.12800019
v -0.04762210 -0.44617482 0.12800019
v -0.02591274 -0.40640988 0.13207469
v 0.01166329 -0.48387154 0.12805424
v 0.01166329 -0.48387154 0.12805424
v -0.01155742 -0.48386932 0.12807513
v -0.01155742 -0.48386932 0.12807513
v -0.01178652 -0.48350567 0.12310064
v -0.03166492 -0.47236252 0.12927766
v -0.03166492 -0.47236252 0.12927766
v -0.02281411 -0.47897804 0.12357663
v -0.03228309 -0.47177620 0.12432647
v -0.04327142 -0.45243420 0.13133967
v -0.04327142 -0.45243420 0.13133967
v -0.03954817 -0.46239109 0.12529916
v -0.04411420 -0.45146225 0.12642834
v -0.04567004 -0.43973454 0.12763712
v -0.04410967 -0.42800702 0.12884309
v -0.04326700 -0.42942418 0.13370854
v -0.04326700 -0.42942418 0.13370854
v -0.03878349 -0.41870362 0.13480825
v -0.03878349 -0.41870362 0.13480825
v -0.03953941 -0.41707898 0.12996408
v -0.03165277 -0.40949792 0.13574964
v -0.03165277 -0.40949792 0.13574964
v -0.03227071 -0.40769525 0.13092366
v -0.02236082 -0.40243463 0.13646854
v -0.02236082 -0.40243463 0.13646854
v -0.02279897 -0.40049516 0.13165648
v 0.00006982 -0.39648126 0.13706146
v 0.00006982 -0.39648126 0.13706146
v -0.01176960 -0.39596952 0.13211258
v 0.00006571 -0.39442659 0.13226087
v 0.01190043 -0.39597169 0.13209128
v 0.02292802 -0.40049935 0.13161533
v 0.03239701 -0.40770120 0.13086545
v 0.03966206 -0.41708627 0.12989276
v 0.03891453 -0.41871079 0.13473831
v 0.03891453 -0.41871079 0.13473831
v 0.04422810 -0.42801511 0.12876358
v 0.04339389 -0.42943215 0.13363053
v 0.04339389 -0.42943215 0.13363053
v 0.04578395 -0.43974297 0.12755480
v 0.04422357 -0.45147038 0.12634882
v 0.03965332 -0.46239842 0.12522784
v 0.03890596 -0.46316273 0.13016195
v 0.03890596 -0.46316273 0.13016195
v 0.03238465 -0.47178223 0.12426826
v 0.02248328 -0.47943180 0.12850167
v 0.02248328 -0.47943180 0.12850167
v 0.02291288 -0.47898220 0.12353547
v 0.01188352 -0.48350784 0.12307934
v 0.00004820 -0.48505077 0.12293103
v -0.02717403 0.00661816 -0.02794406
v -0.02717403 0.00661816 -0.02794406
v -0.03406792 0.00383433 -0.03301768
v -0.03406792 0.00383433 -0.03301768
v -0.04065716 -0.01541830 -0.02771601
v -0.04065716 -0.01541830 -0.02771601
v -0.04138733 -0.00809516 -0.03289426
v -0.04138733 -0.00809516 -0.03289426
v -0.04355188 -0.03566672 -0.03262212
v -0.04355188 -0.03566672 -0.03262212
v -0.02909829 -0.05924492 -0.03240402
v -0.02909829 -0.05924492 -0.03240402
v -0.01716008 -0.06655811 -0.03234311
v -0.01716008 -0.06655811 -0.03234311
v -0.02185790 -0.06078374 -0.02728835
v -0.02185790 -0.06078374 -0.02728835
v 0.00324615 -0.06680666 -0.02725194
v 0.00324615 -0.06680666 -0.02725194
v 0.03398867 -0.05427028 -0.03250960
v 0.03398867 -0.05427028 -0.03250960
v 0.03855237 -0.00917284 -0.02784855
v 0.03855237 -0.00917284 -0.02784855
v 0.03810814 -0.00182775 -0.03302724
v 0.03810814 -0.00182775 -0.03302724
v 0.02901412 0.00881674 -0.03312335
v 0.02901412 0.00881674 -0.03312335
v -0.03469767 -0.10889036 -0.02860299
v -0.03469767 -0.10889036 -0.02860299
v -0.00713392 -0.11550347 -0.02856303
v -0.00713392 -0.11550347 -0.02856303
v 0.04731093 -0.10242384 -0.02874025
v 0.04731093 -0.10242384 -0.02874025
v 0.06886258 -0.08401142 -0.02894010
v 0.06886258 -0.08401142 -0.02894010
v 0.08366969 -0.05984015 -0.02919034
v 0.08366969 -0.05984015 -0.02919034
v 0.08597224 -0.06077862 -0.02772387
v 0.08597224 -0.06077862 -0.02772387
v 0.09028282 -0.03227645 -0.02946641
v 0.09028282 -0.03227645 -0.02946641
v 0.08805464 -0.00401833 -0.02974134
v 0.08805464 -0.00401833 -0.02974134
v 0.06040925 0.04562860 -0.02874351
v 0.06040925 0.04562860 -0.02874351
v 0.03557358 0.06084261 -0.02887024
v 0.03557358 0.06084261 -0.02887024
v 0.03557358 0.06084261 -0.02887024
v 0.00705572 0.06514014 -0.03034603
v 0.00705572 0.06514014 -0.03034603
v -0.02114828 0.06278953 -0.03029759
v -0.02114828 0.06278953 -0.03029759
v -0.02172728 0.06522227 -0.02886154
v -0.02172728 0.06522227 -0.02886154
v -0.04741240 0.05217326 -0.03016989
v -0.04741240 0.05217326 -0.03016989
v -0.07082335 0.03526349 -0.02852369
v -0.07082335 0.03526349 -0.02852369
v -0.08375030 0.00947884 -0.02971879
v -0.08375030 0.00947884 -0.02971879
v -0.09036054 -0.01808705 -0.02944270
v -0.09036054 -0.01808705 -0.02944270
v -0.07728123 -0.07253167 -0.02892093
v -0.07728123 -0.07253167 -0.02892093
v 0.02178295 0.01045567 -0.02802578
v 0.02178295 0.01045567 -0.02802578
v -0.00330847 0.01645001 -0.02806192
v -0.00330847 0.01645001 -0.02806192
v 0.01753306 0.00351816 -0.02795397
v 0.01753306 0.00351816 -0.02795397
v -0.02188876 0.00042805 -0.02788818
v -0.02188876 0.00042805 -0.02788818
v -0.03274583 -0.01731642 -0.02770450
v -0.03274583 -0.01731642 -0.02770450
v -0.03862732 -0.04115523 -0.02746560
v -0.03862732 -0.04115523 -0.02746560
v -0.01760803 -0.05384623 -0.02736016
v -0.01760803 -0.05384623 -0.02736016
v 0.02181130 -0.05073791 -0.02742614
v 0.02181130 -0.05073791 -0.02742614
v 0.02709599 -0.05692359 -0.02737027
v 0.02709599 -0.05692359 -0.02737027
v 0.03267050 -0.03301132 -0.02760964
v 0.03267050 -0.03301132 -0.02760964
v 0.04058173 -0.03490936 -0.02759820
v 0.04058173 -0.03490936 -0.02759820
v 0.03103638 -0.01228740 -0.02781126
v 0.03103638 -0.01228740 -0.02781126
v 0.00489953 0.03768780 -0.02861570
v 0.00489953 0.03768780 -0.02861570
v -0.01472773 0.03605201 -0.02858199
v -0.01472773 0.03605201 -0.02858199
v -0.03115050 0.02558226 -0.03323344
v -0.03115050 0.02558226 -0.03323344
v -0.04528088 0.01340704 -0.03310139
v -0.04528088 0.01340704 -0.03310139
v -0.05935309 -0.02055532 -0.03275594
v -0.05935309 -0.02055532 -0.03275594
v -0.05789022 -0.03911131 -0.03257542
v -0.05789022 -0.03911131 -0.03257542
v -0.06134244 -0.03989496 -0.02779579
v -0.06134244 -0.03989496 -0.02779579
v -0.05379077 -0.05811833 -0.02762397
v -0.05379077 -0.05811833 -0.02762397
v -0.03867353 -0.07045953 -0.03228549
v -0.03867353 -0.07045953 -0.03228549
v -0.02280118 -0.08018273 -0.03220451
v -0.02280118 -0.08018273 -0.03220451
v -0.02415677 -0.08342044 -0.02740271
v -0.02415677 -0.08342044 -0.02740271
v 0.01385520 -0.08306209 -0.03220932
v 0.01385520 -0.08306209 -0.03220932
v 0.03105108 -0.07593640 -0.03229464
v 0.03105108 -0.07593640 -0.03229464
v 0.03291324 -0.07892039 -0.02749823
v 0.03291324 -0.07892039 -0.02749823
v 0.05492660 -0.04797310 -0.03259022
v 0.05492660 -0.04797310 -0.03259022
v 0.04791106 -0.06610709 -0.02763731
v 0.04791106 -0.06610709 -0.02763731
v 0.05821533 -0.04928627 -0.02781148
v 0.05821533 -0.04928627 -0.02781148
v 0.05068028 0.00587905 -0.03311408
v 0.05068028 0.00587905 -0.03311408
v 0.02271702 0.02975456 -0.03332285
v 0.02271702 0.02975456 -0.03332285
v 0.00461685 0.03409713 -0.03334910
v 0.00461685 0.03409713 -0.03334910
v 0.00346207 0.01939616 -0.03320400
v 0.00346207 0.01939616 -0.03320400
v -0.01046797 0.01823520 -0.03318008
v -0.01046797 0.01823520 -0.03318008
v -0.01390376 0.03255360 -0.03331729
v -0.01390376 0.03255360 -0.03331729
v -0.02343992 0.01299178 -0.03311700
v -0.02343992 0.01299178 -0.03311700
v -0.05501236 -0.00245372 -0.03293724
v -0.05501236 -0.00245372 -0.03293724
v -0.04465213 -0.02171004 -0.03275786
v -0.04465213 -0.02171004 -0.03275786
v -0.03819222 -0.04860042 -0.03250013
v -0.03819222 -0.04860042 -0.03250013
v -0.05076434 -0.05630723 -0.03241328
v -0.05076434 -0.05630723 -0.03241328
v -0.00354623 -0.06982431 -0.03232337
v -0.00354623 -0.06982431 -0.03232337
v 0.01041060 -0.06872377 -0.03234673
v 0.01041060 -0.06872377 -0.03234673
v -0.00470101 -0.08452530 -0.03217826
v -0.00470101 -0.08452530 -0.03217826
v 0.02334427 -0.06336425 -0.03241090
v 0.02334427 -0.06336425 -0.03241090
v 0.04130197 -0.04233203 -0.03263325
v 0.04130197 -0.04233203 -0.03263325
v 0.04520329 -0.06384556 -0.03242588
v 0.04520329 -0.06384556 -0.03242588
v 0.04456822 -0.02871821 -0.03276957
v 0.04456822 -0.02871821 -0.03276957
v 0.05926923 -0.02987300 -0.03277151
v 0.05926923 -0.02987300 -0.03277151
v 0.05780606 -0.01131686 -0.03295206
v 0.05780606 -0.01131686 -0.03295206
v 0.04346771 -0.01476144 -0.03290538
v 0.04346771 -0.01476144 -0.03290538
v 0.03858939 0.02003136 -0.03324188
v 0.03858939 0.02003136 -0.03324188
v 0.01707591 0.01612994 -0.03318426
v 0.01707591 0.01612994 -0.03318426
v -0.00267139 0.00834502 -0.02798307
v -0.00267139 0.00834502 -0.02798307
v -0.02089308 -0.00089015 -0.04189061
v -0.02089308 -0.00089015 -0.04189061
v -0.03124921 -0.01781587 -0.04171545
v -0.03124921 -0.01781587 -0.04171545
v -0.02969010 -0.03758385 -0.04152310
v -0.02969010 -0.03758385 -0.04152310
v -0.03111132 -0.03804070 -0.02750289
v -0.03111132 -0.03804070 -0.02750289
v 0.00260663 -0.05869609 -0.02733085
v 0.00260663 -0.05869609 -0.02733085
v 0.00247199 -0.05728613 -0.04135900
v 0.00247199 -0.05728613 -0.04135900
v 0.02079052 -0.04969520 -0.04144990
v 0.02079052 -0.04969520 -0.04144990
v -0.04797964 0.01576143 -0.02835319
v -0.04797964 0.01576143 -0.02835319
v -0.03300499 0.02866412 -0.02849312
v -0.03300499 0.02866412 -0.02849312
v -0.04571462 0.04941744 -0.02868505
v -0.02039104 0.05965355 -0.02880818
v 0.00680296 0.06191996 -0.02885489
v -0.06646236 0.03154045 -0.02849116
v -0.08075125 0.00825192 -0.02825012
v -0.05829262 -0.00104703 -0.02817924
v -0.05829262 -0.00104703 -0.02817924
v -0.06289270 -0.02023022 -0.02798708
v -0.06289270 -0.02023022 -0.02798708
v -0.08712474 -0.01832681 -0.02798390
v -0.04097752 -0.07311627 -0.02748854
v -0.04097752 -0.07311627 -0.02748854
v -0.07451383 -0.07082171 -0.02748081
v -0.00497510 -0.08802251 -0.02737490
v -0.00497510 -0.08802251 -0.02737490
v 0.01468988 -0.08647186 -0.02740782
v 0.01468988 -0.08647186 -0.02740782
v 0.08704964 -0.03200809 -0.02800676
v 0.06281745 -0.03010466 -0.02800358
v 0.06281745 -0.03010466 -0.02800358
v 0.06126683 -0.01043976 -0.02819491
v 0.06126683 -0.01043976 -0.02819491
v 0.08490124 -0.00476190 -0.02827185
v 0.05371529 0.00778363 -0.02836664
v 0.05371529 0.00778363 -0.02836664
v 0.07443837 0.02048702 -0.02850980
v 0.04090197 0.02278155 -0.02850207
v 0.04090197 0.02278155 -0.02850207
v 0.02408120 0.03308575 -0.02858789
v 0.02408120 0.03308575 -0.02858789
v 0.03337963 0.05554371 -0.02881635
v 0.03461947 0.05852704 -0.03030607
v 0.03461947 0.05852704 -0.03030607
v 0.05879063 0.04372011 -0.03018274
v 0.05879063 0.04372011 -0.03018274
v 0.05668523 0.04126698 -0.02869744
v 0.07720317 0.02216836 -0.02998813
v 0.07720317 0.02216836 -0.02998813
v 0.08067334 -0.05858472 -0.02774060
v 0.06639649 -0.08189037 -0.02749929
v 0.04561662 -0.09964345 -0.02730660
v 0.02112431 -0.11327515 -0.02861031
v 0.02112431 -0.11327515 -0.02861031
v 0.02036775 -0.11010621 -0.02718132
v -0.00687854 -0.11225465 -0.02713572
v -0.03345521 -0.10587840 -0.02717426
v -0.05676078 -0.09160167 -0.02729317
v -0.06433223 -0.08954812 -0.02876584
v -0.06433223 -0.08954812 -0.02876584
v -0.08813284 -0.04634496 -0.02916781
v -0.08813284 -0.04634496 -0.02916781
v -0.08497682 -0.04557280 -0.02771886
v -0.06893074 0.03363232 -0.02996881
v -0.06893074 0.03363232 -0.02996881
v 0.07934337 0.02365219 -0.01142392
v 0.07934337 0.02365219 -0.01142392
v 0.06042466 0.04579637 -0.01162384
v 0.06042466 0.04579637 -0.01162384
v -0.00002238 -0.02499959 -0.01087565
v -0.07080793 0.03543126 -0.01140404
v -0.07080793 0.03543126 -0.01140404
v -0.09282687 -0.01770989 -0.01086347
v -0.09282687 -0.01770989 -0.01086347
v -0.09282687 -0.01770989 -0.01086347
v -0.07938799 -0.07365134 -0.01032737
v -0.07938799 -0.07365134 -0.01032737
v -0.03563375 -0.11100975 -0.01000067
v -0.03563375 -0.11100975 -0.01000067
v -0.03563375 -0.11100975 -0.01000067
v 0.04862937 -0.10436533 -0.01014169
v 0.04862937 -0.10436533 -0.01014169
v 0.04862937 -0.10436533 -0.01014169
v 0.07077350 -0.08544662 -0.01034704
v 0.07077350 -0.08544662 -0.01034704
v 0.09278262 -0.03228948 -0.01088783
v 0.09278262 -0.03228948 -0.01088783
v 0.09278262 -0.03228948 -0.01088783
v 0.09049315 -0.00325429 -0.01117033
v 0.09049315 -0.00325429 -0.01117033
v 0.01637711 0.02618405 0.09226581
v 0.01628091 0.02513660 -0.01462606
v -0.01632134 0.02513986 -0.01459684
v -0.01622514 0.02618728 0.09229493
v -0.04269895 0.00597942 -0.01438532
v -0.05277673 -0.02502610 -0.01407235
v -0.04260275 0.00702693 0.09250655
v -0.05268053 -0.02397860 0.09281945
v -0.04270528 -0.05603365 -0.01377761
v -0.04260908 -0.05498620 0.09311426
v -0.01633130 -0.07519935 -0.01361355
v -0.01623510 -0.07415184 0.09327831
v 0.01627081 -0.07520258 -0.01364289
v 0.01636701 -0.07415508 0.09324898
v 0.04264848 -0.05604217 -0.01385443
v 0.04274470 -0.05499474 0.09303744
v 0.05272613 -0.02503664 -0.01416730
v 0.05282236 -0.02398914 0.09272450
v 0.04275088 0.00701842 0.09242973
v 0.04275088 0.00701842 0.09242973
v 0.04265468 0.00597091 -0.01446214
v 0.04265468 0.00597091 -0.01446214
v -0.21580270 -0.06030749 0.04871755
v -0.21580270 -0.06030749 0.04871755
v -0.19989625 -0.06034987 0.04867249
v -0.19989625 -0.06034987 0.04867249
v -0.19972159 -0.06008443 0.04760389
v -0.19972159 -0.06008443 0.04760389
v -0.15636022 -0.05990321 0.04756603
v -0.15636022 -0.05990321 0.04756603
v -0.04857794 -0.05371150 0.04680762
v -0.04857794 -0.05371150 0.04680762
v -0.22822350 -0.05652812 0.04949318
v -0.22822350 -0.05652812 0.04949318
v -0.23263192 -0.02714922 0.06960394
v -0.23263192 -0.02714922 0.06960394
v -0.23262690 -0.02799060 0.07114737
v -0.23262690 -0.02799060 0.07114737
v -0.22843230 -0.00140228 0.08124229
v -0.22843230 -0.00140228 0.08124229
v -0.22843230 -0.00140228 0.08124229
v -0.21369971 0.05838918 0.04677344
v -0.21369971 0.05838918 0.04677344
v -0.21369971 0.05838918 0.04677344
v -0.20446015 0.05249665 0.04651099
v -0.20446015 0.05249665 0.04651099
v -0.19107543 0.04442710 0.04763777
v -0.19107543 0.04442710 0.04763777
v -0.19078637 0.04456778 0.04657030
v -0.19078637 0.04456778 0.04657030
v -0.15330791 0.02279505 0.04781858
v -0.15330791 0.02279505 0.04781858
v -0.15314373 0.02304407 0.04675027
v -0.15314373 0.02304407 0.04675027
v -0.10930889 0.00021949 0.04672164
v -0.10930889 0.00021949 0.04672164
v -0.05670281 -0.02548598 0.04653834
v -0.05670281 -0.02548598 0.04653834
v -0.10949053 -0.00014832 0.04776334
v -0.10949053 -0.00014832 0.04776334
v -0.21370072 0.06190197 0.04831953
v -0.21370072 0.06190197 0.04831953
v -0.21405516 0.05818198 0.04767596
v -0.21405516 0.05818198 0.04767596
v -0.21405516 0.05818198 0.04767596
v -0.20292645 0.08958497 0.06843323
v -0.20292645 0.08958497 0.06843323
v -0.13896471 0.14455299 0.04664078
v -0.13896471 0.14455299 0.04664078
v -0.14365647 0.15415858 0.04577183
v -0.14365647 0.15415858 0.04577183
v -0.14365647 0.15415858 0.04577183
v -0.13104794 0.13075625 0.04673770
v -0.13104794 0.13075625 0.04673770
v -0.13072213 0.13073162 0.04567181
v -0.13072213 0.13073162 0.04567181
v -0.10915636 0.09313857 0.04708947
v -0.10915636 0.09313857 0.04708947
v -0.10888453 0.09327026 0.04602222
v -0.10888453 0.09327026 0.04602222
v -0.08267987 0.05135994 0.04723442
v -0.08267987 0.05135994 0.04723442
v -0.04962637 0.00302048 0.04625262
v -0.04962637 0.00302048 0.04625262
v -0.11957224 0.17541073 0.06905226
v -0.11957224 0.17541073 0.06905226
v -0.11883372 0.17582703 0.06751233
v -0.11883372 0.17582703 0.06751233
v 0.07686880 0.18043959 0.04609464
v 0.07686880 0.18043959 0.04609464
v 0.07695805 0.18005828 0.04500739
v 0.07695805 0.18005828 0.04500739
v 0.06887909 0.16668492 0.04620548
v 0.06887909 0.16668492 0.04620548
v 0.04750550 0.12874185 0.04553370
v 0.04750550 0.12874185 0.04553370
v 0.02468281 0.08490471 0.04577103
v 0.02468281 0.08490471 0.04577103
v 0.02430578 0.08509746 0.04680742
v 0.02430578 0.08509746 0.04680742
v 0.08555922 0.18987624 0.04795934
v 0.08555922 0.18987624 0.04795934
v 0.11384806 0.17876301 0.06727392
v 0.11384806 0.17876301 0.06727392
v 0.13341879 0.16329718 0.08035753
v 0.13341879 0.16329718 0.08035753
v 0.17861725 0.11925792 0.04582348
v 0.17861725 0.11925792 0.04582348
v 0.17861725 0.11925792 0.04582348
v 0.16889660 0.11419769 0.04556997
v 0.16889660 0.11419769 0.04556997
v 0.07581403 0.05828680 0.04702375
v 0.07581403 0.05828680 0.04702375
v 0.02717394 0.02571400 0.04686532
v 0.02717394 0.02571400 0.04686532
v 0.18164860 0.11752686 0.04741823
v 0.18164860 0.11752686 0.04741823
v 0.18123980 0.11840515 0.04857353
v 0.18123980 0.11840515 0.04857353
v 0.20924406 0.07151392 0.08118865
v 0.20924406 0.07151392 0.08118865
v 0.22673563 0.01108807 0.04774033
v 0.22673563 0.01108807 0.04774033
v 0.22673563 0.01108807 0.04774033
v 0.21586422 0.01146567 0.04762528
v 0.21586422 0.01146567 0.04762528
v 0.21558739 0.01119153 0.04653731
v 0.21558739 0.01119153 0.04653731
v 0.15643406 0.01135765 0.04765159
v 0.15643406 0.01135765 0.04765159
v 0.15641978 0.01103993 0.04658900
v 0.15641978 0.01103993 0.04658900
v 0.10704610 0.00888519 0.04644178
v 0.10704610 0.00888519 0.04644178
v 0.04863638 0.00483644 0.04614629
v 0.04863638 0.00483644 0.04614629
v 0.22653435 0.01071404 0.04684399
v 0.22653435 0.01071404 0.04684399
v 0.22653435 0.01071404 0.04684399
v 0.23273159 -0.02127722 0.06912712
v 0.23273159 -0.02127722 0.06912712
v 0.22836603 0.00866908 0.04960643
v 0.22836603 0.00866908 0.04960643
v 0.22901903 -0.04588534 0.08232129
v 0.22901903 -0.04588534 0.08232129
v 0.20489132 -0.10125892 0.04873982
v 0.20489132 -0.10125892 0.04873982
v 0.19084591 -0.09343113 0.04757879
v 0.19084591 -0.09343113 0.04757879
v 0.19113692 -0.09326953 0.04864277
v 0.19113692 -0.09326953 0.04864277
v 0.21376370 -0.11072810 0.04962610
v 0.21376370 -0.11072810 0.04962610
v 0.21431061 -0.10992829 0.05078130
v 0.21431061 -0.10992829 0.05078130
v 0.20302613 -0.13801139 0.07029783
v 0.20302613 -0.13801139 0.07029783
v 0.14413398 -0.20299790 0.04991270
v 0.14413398 -0.20299790 0.04991270
v 0.14413398 -0.20299790 0.04991270
v 0.14371663 -0.20301568 0.04901307
v 0.14371663 -0.20301568 0.04901307
v 0.14371663 -0.20301568 0.04901307
v 0.10921780 -0.14198098 0.04919679
v 0.10921780 -0.14198098 0.04919679
v 0.10894409 -0.14213352 0.04813281
v 0.10894409 -0.14213352 0.04813281
v 0.04968484 -0.05189555 0.04670129
v 0.04968484 -0.05189555 0.04670129
v 0.09566181 -0.23326889 0.08427772
v 0.09566181 -0.23326889 0.08427772
v 0.03591744 -0.24025433 0.05025416
v 0.03591744 -0.24025433 0.05025416
v 0.03565298 -0.23998919 0.04916090
v 0.03565298 -0.23998919 0.04916090
v 0.03595946 -0.22434815 0.05006710
v 0.03595946 -0.22434815 0.05006710
v 0.03568260 -0.22418301 0.04899990
v 0.03568260 -0.22418301 0.04899990
v 0.03376809 -0.13140915 0.04892057
v 0.03376809 -0.13140915 0.04892057
v 0.02988294 -0.07300732 0.04783030
v 0.02988294 -0.07300732 0.04783030
v 0.02930324 -0.07304468 0.04692691
v 0.02930324 -0.07304468 0.04692691
v 0.03517272 -0.25093281 0.04958042
v 0.03517272 -0.25093281 0.04958042
v 0.03517272 -0.25093281 0.04958042
v 0.03214662 -0.25266808 0.05118068
v 0.03214662 -0.25266808 0.05118068
v 0.03553876 -0.25112452 0.05048216
v 0.03553876 -0.25112452 0.05048216
v 0.03553876 -0.25112452 0.05048216
v 0.03310332 -0.25273516 0.05234401
v 0.03310332 -0.25273516 0.05234401
v 0.00384374 -0.25687629 0.07317730
v 0.00384374 -0.25687629 0.07317730
v 0.00298592 -0.25689494 0.07164306
v 0.00298592 -0.25689494 0.07164306
v -0.08257078 -0.23850580 0.05046491
v -0.08257078 -0.23850580 0.05046491
v -0.08257078 -0.23850580 0.05046491
v -0.08278761 -0.23815840 0.04956153
v -0.08278761 -0.23815840 0.04956153
v -0.08278761 -0.23815840 0.04956153
v -0.07689841 -0.22892157 0.04915384
v -0.07689841 -0.22892157 0.04915384
v -0.06896961 -0.21524783 0.04900662
v -0.06896961 -0.21524783 0.04900662
v -0.04718545 -0.17775987 0.04968831
v -0.04718545 -0.17775987 0.04968831
v -0.02424469 -0.13394457 0.04899768
v -0.02424469 -0.13394457 0.04899768
v -0.02462359 -0.13377221 0.04795840
v -0.02462359 -0.13377221 0.04795840
v 0.00107769 -0.08116955 0.04703196
v 0.00107769 -0.08116955 0.04703196
v -0.16894311 -0.16341643 0.04968575
v -0.16894311 -0.16341643 0.04968575
v -0.15514669 -0.15549996 0.04956460
v -0.15514669 -0.15549996 0.04956460
v -0.02711384 -0.07457137 0.04789698
v -0.02711384 -0.07457137 0.04789698
v -0.17854726 -0.16852290 0.04986559
v -0.17854726 -0.16852290 0.04986559
v -0.17854726 -0.16852290 0.04986559
v -0.18158553 -0.16635312 0.05052740
v -0.18158553 -0.16635312 0.05052740
v -0.18117463 -0.16720863 0.05169895
v -0.18117463 -0.16720863 0.05169895
v -0.19999039 -0.14309686 0.07071078
v -0.19999039 -0.14309686 0.07071078
v -0.03562305 0.17531966 0.04514919
v -0.03562305 0.17531966 0.04514919
v -0.03574816 0.13198207 0.04664267
v -0.03574816 0.13198207 0.04664267
v -0.03370705 0.08256206 0.04688453
v -0.03370705 0.08256206 0.04688453
v -0.02924476 0.02416961 0.04602700
v -0.02924476 0.02416961 0.04602700
v -0.03208365 0.20384192 0.04676494
v -0.03208365 0.20384192 0.04676494
v -0.03303825 0.20393183 0.04792846
v -0.03303825 0.20393183 0.04792846
v 0.02186045 0.20487121 0.08005063
v 0.02186045 0.20487121 0.08005063
v -0.18741830 -0.10287334 0.03295427
v -0.18741830 -0.10287334 0.03295427
v -0.14500841 -0.09300600 0.03388225
v -0.14500841 -0.09300600 0.03388225
v -0.14495591 -0.09331932 0.03281953
v -0.14495591 -0.09331932 0.03281953
v -0.09726725 -0.08022990 0.03392685
v -0.09726725 -0.08022990 0.03392685
v -0.04096056 -0.06421934 0.03320272
v -0.04096056 -0.06421934 0.03320272
v -0.21590173 -0.10528127 0.03217093
v -0.21590173 -0.10528127 0.03217093
v -0.21577283 -0.10624272 0.03101667
v -0.21577283 -0.10624272 0.03101667
v -0.12321563 -0.18576859 0.03477458
v -0.12321563 -0.18576859 0.03477458
v -0.09116333 -0.15659594 0.03339114
v -0.09116333 -0.15659594 0.03339114
v -0.01564684 -0.07939629 0.03332863
v -0.01564684 -0.07939629 0.03332863
v -0.14319218 -0.20387733 0.03375191
v -0.14319218 -0.20387733 0.03375191
v -0.14319218 -0.20387733 0.03375191
v -0.14662742 -0.20242888 0.03306052
v -0.14662742 -0.20242888 0.03306052
v -0.14604091 -0.20319807 0.03190397
v -0.14604091 -0.20319807 0.03190397
v -0.16903739 -0.18474378 0.01097749
v -0.16903739 -0.18474378 0.01097749
v -0.16961713 -0.18409959 0.01250689
v -0.16961713 -0.18409959 0.01250689
v 0.17224991 -0.15951463 0.03315412
v 0.17224991 -0.15951463 0.03315412
v 0.17187033 -0.15947838 0.03424501
v 0.17187033 -0.15947838 0.03424501
v 0.13203292 -0.11575878 0.03278986
v 0.13203292 -0.11575878 0.03278986
v 0.09715232 -0.08069075 0.03271823
v 0.09715232 -0.08069075 0.03271823
v 0.05484142 -0.04023551 0.03288136
v 0.05484142 -0.04023551 0.03288136
v 0.05443454 -0.04063865 0.03378996
v 0.05443454 -0.04063865 0.03378996
v 0.17890873 -0.16787890 0.03400913
v 0.17890873 -0.16787890 0.03400913
v 0.17890873 -0.16787890 0.03400913
v 0.17861372 -0.17065411 0.03129254
v 0.17861372 -0.17065411 0.03129254
v 0.22689570 -0.05895416 0.03199829
v 0.22689570 -0.05895416 0.03199829
v 0.22689570 -0.05895416 0.03199829
v 0.21664259 -0.05531962 0.03209306
v 0.21664259 -0.05531962 0.03209306
v 0.20123682 -0.05069140 0.03315856
v 0.20123682 -0.05069140 0.03315856
v 0.15983164 -0.03781311 0.03306673
v 0.15983164 -0.03781311 0.03306673
v 0.11209991 -0.02500317 0.03319702
v 0.11209991 -0.02500317 0.03319702
v 0.15993585 -0.03753451 0.03199815
v 0.15993585 -0.03753451 0.03199815
v 0.11219553 -0.02460486 0.03215506
v 0.11219553 -0.02460486 0.03215506
v 0.05532819 -0.01072464 0.03259173
v 0.05532819 -0.01072464 0.03259173
v 0.22659537 -0.05923327 0.03290149
v 0.22659537 -0.05923327 0.03290149
v 0.22659537 -0.05923327 0.03290149
v 0.22735224 -0.06266281 0.03135393
v 0.22735224 -0.06266281 0.03135393
v 0.21176489 -0.11461503 -0.00146733
v 0.21176489 -0.11461503 -0.00146733
v 0.21368634 0.05909078 0.03085340
v 0.21368634 0.05909078 0.03085340
v 0.21368634 0.05909078 0.03085340
v 0.21357031 0.05869968 0.03175754
v 0.21357031 0.05869968 0.03175754
v 0.21357031 0.05869968 0.03175754
v 0.18745074 0.05371505 0.03108203
v 0.18745074 0.05371505 0.03108203
v 0.14504273 0.04386848 0.03227960
v 0.14504273 0.04386848 0.03227960
v 0.04114809 0.01452565 0.03326134
v 0.04114809 0.01452565 0.03326134
v 0.04099432 0.01507582 0.03235181
v 0.04099432 0.01507582 0.03235181
v 0.21593264 0.05610665 0.03020032
v 0.21593264 0.05610665 0.03020032
v 0.21580166 0.05704530 0.02902768
v 0.21580166 0.05704530 0.02902768
v 0.22654352 0.02837441 0.01006780
v 0.22654352 0.02837441 0.01006780
v 0.14332381 0.15432008 0.03088378
v 0.14332381 0.15432008 0.03088378
v 0.14332381 0.15432008 0.03088378
v 0.13495110 0.14765431 0.03017761
v 0.13495110 0.14765431 0.03017761
v 0.12319209 0.13694282 0.03032432
v 0.12319209 0.13694282 0.03032432
v 0.12324987 0.13663118 0.03139314
v 0.12324987 0.13663118 0.03139314
v 0.01609338 0.02985394 0.03313371
v 0.01609338 0.02985394 0.03313371
v 0.14322421 0.15471602 0.02997980
v 0.14322421 0.15471602 0.02997980
v 0.14322421 0.15471602 0.02997980
v 0.14606962 0.15400066 0.02814038
v 0.14606962 0.15400066 0.02814038
v 0.14665819 0.15325428 0.02931073
v 0.14665819 0.15325428 0.02931073
v 0.16961123 0.13452528 0.00907887
v 0.16961123 0.13452528 0.00907887
v 0.18355849 0.11364171 -0.00367874
v 0.18355849 0.11364171 -0.00367874
v 0.03075637 0.19204685 0.02983645
v 0.03075637 0.19204685 0.02983645
v 0.03092558 0.19171518 0.03093045
v 0.03092558 0.19171518 0.03093045
v 0.02592867 0.17689094 0.03002049
v 0.02592867 0.17689094 0.03002049
v 0.02613986 0.17665084 0.03108847
v 0.02613986 0.17665084 0.03108847
v 0.01297155 0.13534036 0.03043647
v 0.01297155 0.13534036 0.03043647
v -0.01383021 0.03073952 0.03224772
v -0.01383021 0.03073952 0.03224772
v 0.03467835 0.20200656 0.03051437
v 0.03467835 0.20200656 0.03051437
v 0.03467835 0.20200656 0.03051437
v 0.08968648 0.18686524 -0.00431172
v 0.08968648 0.18686524 -0.00431172
v 0.06723102 0.19798853 0.00854920
v 0.06723102 0.19798853 0.00854920
v 0.09040142 0.18616292 -0.00325025
v 0.09040142 0.18616292 -0.00325025
v 0.09040142 0.18616292 -0.00325025
v -0.07827800 0.16285526 0.03025192
v -0.07827800 0.16285526 0.03025192
v -0.06872391 0.12039290 0.03065656
v -0.06872391 0.12039290 0.03065656
v -0.05604884 0.07258708 0.03135420
v -0.05604884 0.07258708 0.03135420
v -0.03963068 0.01640566 0.03241142
v -0.03963068 0.01640566 0.03241142
v -0.08325462 0.18898151 0.03074826
v -0.08325462 0.18898151 0.03074826
v -0.08325462 0.18898151 0.03074826
v -0.08067852 0.19132978 0.02914243
v -0.08067852 0.19132978 0.02914243
v -0.08365535 0.18908954 0.02984736
v -0.08365535 0.18908954 0.02984736
v -0.08365535 0.18908954 0.02984736
v -0.02822084 0.20334273 -0.00436696
v -0.02822084 0.20334273 -0.00436696
v -0.17183602 0.11034067 0.03191057
v -0.17183602 0.11034067 0.03191057
v -0.13176398 0.06680841 0.03230420
v -0.13176398 0.06680841 0.03230420
v -0.05439917 -0.00848721 0.03357295
v -0.05439917 -0.00848721 0.03357295
v -0.05480763 -0.00890807 0.03267316
v -0.05480763 -0.00890807 0.03267316
v -0.09711948 0.03153695 0.03179348
v -0.09711948 0.03153695 0.03179348
v -0.17887503 0.11873507 0.03152280
v -0.17887503 0.11873507 0.03152280
v -0.17887503 0.11873507 0.03152280
v -0.17928058 0.11862748 0.03062402
v -0.17928058 0.11862748 0.03062402
v -0.17928058 0.11862748 0.03062402
v -0.17782611 0.12205542 0.02990882
v -0.17782611 0.12205542 0.02990882
v -0.17858495 0.12145645 0.02875181
v -0.17858495 0.12145645 0.02875181
v -0.22686347 0.00979291 0.03173342
v -0.22686347 0.00979291 0.03173342
v -0.22686347 0.00979291 0.03173342
v -0.21661015 0.00616074 0.03188093
v -0.21661015 0.00616074 0.03188093
v -0.20145392 0.00133330 0.03194575
v -0.20145392 0.00133330 0.03194575
v -0.20120238 0.00155401 0.03300917
v -0.20120238 0.00155401 0.03300917
v -0.15979725 -0.01132438 0.03309512
v -0.15979725 -0.01132438 0.03309512
v -0.15990340 -0.01162384 0.03203241
v -0.15990340 -0.01162384 0.03203241
v -0.11206518 -0.02413017 0.03339043
v -0.11206518 -0.02413017 0.03339043
v -0.05514652 -0.03784935 0.03386136
v -0.05514652 -0.03784935 0.03386136
v -0.05529440 -0.03841886 0.03296279
v -0.05529440 -0.03841886 0.03296279
v -0.22768481 0.01258911 0.02986290
v -0.22768481 0.01258911 0.02986290
v -0.22303427 0.04161392 0.00880792
v -0.22303427 0.04161392 0.00880792
v -0.02589638 -0.22604933 0.03401582
v -0.02589638 -0.22604933 0.03401582
v -0.02610565 -0.22578838 0.03507927
v -0.02610565 -0.22578838 0.03507927
v -0.01293922 -0.18449885 0.03359411
v -0.01293922 -0.18449885 0.03359411
v -0.00001165 -0.13675598 0.03335519
v -0.00001165 -0.13675598 0.03335519
v -0.00041921 -0.13664922 0.03439248
v -0.00041921 -0.13664922 0.03439248
v 0.01330415 -0.07972716 0.03421007
v 0.01330415 -0.07972716 0.03421007
v -0.08971571 -0.23669341 0.00000061
v -0.08971571 -0.23669341 0.00000061
v -0.09042873 -0.23597039 0.00104940
v -0.09042873 -0.23597039 0.00104940
v -0.09042873 -0.23597039 0.00104940
v 0.08170744 -0.22755358 0.03390245
v 0.08170744 -0.22755358 0.03390245
v 0.07800394 -0.21189144 0.03484929
v 0.07800394 -0.21189144 0.03484929
v 0.08368734 -0.23825098 0.03388435
v 0.08368734 -0.23825098 0.03388435
v 0.08368734 -0.23825098 0.03388435
v 0.08165829 -0.24038606 0.03206324
v 0.08165829 -0.24038606 0.03206324
v 0.08070929 -0.24050457 0.03322882
v 0.08070929 -0.24050457 0.03322882
v 0.05399255 -0.25116004 0.01142739
v 0.05399255 -0.25116004 0.01142739
v -0.22647423 -0.05957114 0.04794091
v -0.22647423 -0.05957114 0.04794091
v -0.22647423 -0.05957114 0.04794091
v -0.21566729 -0.05473407 0.04788489
v -0.21552783 -0.06005471 0.04762392
v -0.21552783 -0.06005471 0.04762392
v -0.19974280 -0.05480312 0.04781952
v -0.15634232 0.00156715 0.08283167
v -0.15634232 0.00156715 0.08283167
v -0.15637619 -0.05461127 0.04776745
v -0.10694489 -0.00180251 0.08197974
v -0.10694489 -0.00180251 0.08197974
v -0.10703701 -0.05272925 0.04738270
v -0.04874547 -0.01036705 0.07835994
v -0.04874547 -0.01036705 0.07835994
v -0.04863324 -0.04933562 0.04643509
v -0.10698696 -0.05775267 0.04728765
v -0.10698696 -0.05775267 0.04728765
v -0.16022530 0.09809782 0.08181531
v -0.16022530 0.09809782 0.08181531
v -0.18816537 0.04915261 0.04679036
v -0.20192208 0.05717474 0.04677584
v -0.12256443 0.07633323 0.08206856
v -0.12256443 0.07633323 0.08206856
v -0.10684126 0.00459517 0.04682077
v -0.05456118 -0.02166926 0.04616931
v -0.15051282 0.02763544 0.04695617
v -0.13406399 0.14721799 0.04583232
v -0.14190854 0.15720402 0.04732093
v -0.14190854 0.15720402 0.04732093
v -0.13859960 0.14443515 0.04555070
v -0.13859960 0.14443515 0.04555070
v -0.12616116 0.13339222 0.04590899
v -0.10431162 0.09593148 0.04624528
v -0.05592892 0.12419362 0.08153950
v -0.05592892 0.12419362 0.08153950
v -0.03414166 0.07972459 0.08111521
v -0.03414166 0.07972459 0.08111521
v -0.07800952 0.05414170 0.04630925
v -0.01242970 0.02501941 0.07798044
v -0.01242970 0.02501941 0.07798044
v -0.04586175 0.00525447 0.04589763
v -0.08233372 0.05158580 0.04619396
v -0.08233372 0.05158580 0.04619396
v 0.13396090 0.16243668 0.07931023
v 0.13396090 0.16243668 0.07931023
v 0.13396090 0.16243668 0.07931023
v 0.08163338 0.17752355 0.04534100
v 0.08634653 0.18931906 0.04680056
v 0.08634653 0.18931906 0.04680056
v 0.08284784 0.18930117 0.04522337
v 0.08284784 0.18930117 0.04522337
v 0.08284784 0.18930117 0.04522337
v 0.12224076 0.13620632 0.08118736
v 0.12224076 0.13620632 0.08118736
v 0.06902926 0.16638442 0.04514246
v 0.06902926 0.16638442 0.04514246
v 0.07361170 0.16376628 0.04543134
v 0.10047548 0.09854629 0.08164993
v 0.10047548 0.09854629 0.08164993
v 0.07286453 0.05743867 0.08123719
v 0.07286453 0.05743867 0.08123719
v 0.00280043 0.03014934 0.04560982
v 0.02905720 0.08243862 0.04593549
v -0.00101919 0.03229448 0.04592195
v -0.00101919 0.03229448 0.04592195
v 0.05209462 0.12611360 0.04580859
v 0.20928833 0.07049578 0.08014334
v 0.20928833 0.07049578 0.08014334
v 0.20928833 0.07049578 0.08014334
v 0.20009012 0.09467027 0.06802029
v 0.20009012 0.09467027 0.06802029
v 0.17167672 0.10966546 0.04592485
v 0.15519314 0.10632020 0.04565343
v 0.15519314 0.10632020 0.04565343
v 0.15785131 0.10176205 0.04596306
v 0.18601555 0.05364255 0.08193899
v 0.18601555 0.05364255 0.08193899
v 0.12039066 0.07991241 0.04619981
v 0.14833588 0.03191076 0.08225981
v 0.14833588 0.03191076 0.08225981
v 0.10387429 0.01011449 0.08167302
v 0.10387429 0.01011449 0.08167302
v 0.04920163 -0.01163651 0.07828413
v 0.04920163 -0.01163651 0.07828413
v 0.02972417 0.02144990 0.04567082
v 0.02748726 0.02521803 0.04596561
v 0.02748726 0.02521803 0.04596561
v 0.07860373 0.05360689 0.04617338
v 0.11773169 0.08448261 0.04590416
v 0.11773169 0.08448261 0.04590416
v 0.07604912 0.05792954 0.04598910
v 0.07604912 0.05792954 0.04598910
v 0.22828648 0.00770200 0.04845245
v 0.22828648 0.00770200 0.04845245
v 0.21572741 0.00587699 0.04690224
v 0.19978113 0.01122109 0.04654519
v 0.19978113 0.01122109 0.04654519
v 0.19980284 0.00594504 0.04686423
v 0.04869110 0.00045409 0.04585948
v 0.10709643 0.00386461 0.04663517
v 0.15643619 0.00575297 0.04689407
v 0.21375984 -0.10724629 0.04801146
v 0.21375984 -0.10724629 0.04801146
v 0.21375984 -0.10724629 0.04801146
v 0.20451971 -0.10135985 0.04765023
v 0.20451971 -0.10135985 0.04765023
v 0.20198220 -0.10603183 0.04801129
v 0.18822541 -0.09801071 0.04789338
v 0.15320328 -0.07190734 0.04740475
v 0.15320328 -0.07190734 0.04740475
v 0.16034930 -0.14625968 0.08392107
v 0.16034930 -0.14625968 0.08392107
v 0.15057280 -0.07649374 0.04770533
v 0.08158842 -0.09689164 0.08274171
v 0.08158842 -0.09689164 0.08274171
v 0.05461902 -0.02721225 0.04612526
v 0.10690069 -0.05345981 0.04719710
v 0.05676126 -0.02338908 0.04641557
v 0.05676126 -0.02338908 0.04641557
v 0.10936806 -0.04908696 0.04700779
v 0.10936806 -0.04908696 0.04700779
v 0.11893342 -0.22425349 0.07121873
v 0.11893342 -0.22425349 0.07121873
v 0.07778550 -0.21003444 0.08462043
v 0.07778550 -0.21003444 0.08462043
v 0.13412416 -0.19607506 0.04895481
v 0.14197150 -0.20603011 0.05062470
v 0.14197150 -0.20603011 0.05062470
v 0.13865918 -0.19329838 0.04861053
v 0.13865918 -0.19329838 0.04861053
v 0.12622118 -0.18225032 0.04877475
v 0.13078169 -0.17959498 0.04847728
v 0.13078169 -0.17959498 0.04847728
v 0.05605303 -0.17235394 0.08434465
v 0.05605303 -0.17235394 0.08434465
v 0.10437163 -0.14478978 0.04841623
v 0.07806895 -0.10300632 0.04770861
v 0.01254573 -0.07326781 0.07892112
v 0.01254573 -0.07326781 0.07892112
v 0.04591961 -0.05413599 0.04639694
v 0.08239288 -0.10045327 0.04753546
v 0.08239288 -0.10045327 0.04753546
v -0.02560423 -0.22398311 0.08485026
v -0.02560423 -0.22398311 0.08485026
v 0.03033568 -0.24012589 0.04948001
v 0.03550139 -0.18082164 0.04857810
v 0.03550139 -0.18082164 0.04857810
v 0.03040416 -0.22420184 0.04927220
v -0.01369912 -0.07292767 0.07894143
v -0.01369912 -0.07292767 0.07894143
v 0.02832667 -0.13149903 0.04803264
v 0.02492382 -0.07310292 0.04660172
v 0.03334853 -0.13145020 0.04788341
v 0.03334853 -0.13145020 0.04788341
v 0.03021219 -0.18083533 0.04883628
v -0.13383972 -0.21063015 0.08320741
v -0.13383972 -0.21063015 0.08320741
v -0.13383972 -0.21063015 0.08320741
v -0.11374831 -0.22718957 0.07145715
v -0.11374831 -0.22718957 0.07145715
v -0.08628346 -0.23814528 0.05114506
v -0.08628346 -0.23814528 0.05114506
v -0.08157315 -0.22638071 0.04944613
v -0.07355160 -0.21262446 0.04925241
v -0.05203452 -0.17497197 0.04885292
v -0.02899775 -0.13130331 0.04808237
v -0.00274253 -0.07903088 0.04668474
v -0.04744587 -0.17760514 0.04862132
v -0.04744587 -0.17760514 0.04862132
v -0.17855706 -0.16811521 0.04896142
v -0.17855706 -0.16811521 0.04896142
v -0.17855706 -0.16811521 0.04896142
v -0.16883695 -0.16306104 0.04859127
v -0.16883695 -0.16306104 0.04859127
v -0.15779122 -0.15062028 0.04872069
v -0.17161651 -0.15852269 0.04886228
v -0.18589156 -0.10180450 0.08379739
v -0.18589156 -0.10180450 0.08379739
v -0.15513354 -0.15518362 0.04849565
v -0.15513354 -0.15518362 0.04849565
v -0.11767209 -0.13334598 0.04825087
v -0.11767209 -0.13334598 0.04825087
v -0.12033060 -0.12877084 0.04846170
v -0.14821175 -0.08007121 0.08362435
v -0.14821175 -0.08007121 0.08362435
v -0.10375169 -0.05829140 0.08253042
v -0.10375169 -0.05829140 0.08253042
v -0.04908561 -0.03661191 0.07861743
v -0.04908561 -0.03661191 0.07861743
v -0.02966627 -0.07033145 0.04662375
v -0.02742879 -0.07409313 0.04698829
v -0.02742879 -0.07409313 0.04698829
v -0.07854428 -0.10247160 0.04784448
v -0.07598993 -0.10679704 0.04774033
v -0.07598993 -0.10679704 0.04774033
v -0.00288623 0.20846847 0.06708800
v -0.00288623 0.20846847 0.06708800
v -0.03511260 0.20207570 0.04520447
v -0.03511260 0.20207570 0.04520447
v -0.03511260 0.20207570 0.04520447
v -0.03559339 0.19112601 0.04500034
v -0.03559339 0.19112601 0.04500034
v -0.03027554 0.19126870 0.04530713
v -0.03544183 0.13195837 0.04557692
v -0.03544183 0.13195837 0.04557692
v -0.03034413 0.17534375 0.04541156
v -0.03015215 0.13197701 0.04582523
v 0.02570934 0.13232417 0.08138627
v 0.02570934 0.13232417 0.08138627
v 0.02234716 0.08291774 0.08103303
v 0.02234716 0.08291774 0.08103303
v 0.01381514 0.02467928 0.07796013
v 0.01381514 0.02467928 0.07796013
v -0.02826724 0.08263439 0.04598522
v -0.02486594 0.02422139 0.04569284
v -0.03328936 0.08258276 0.04584601
v -0.03328936 0.08258276 0.04584601
v -0.22801024 -0.05213529 -0.00062815
v -0.22801024 -0.05213529 -0.00062815
v -0.22801024 -0.05213529 -0.00062815
v -0.22654927 -0.07794871 0.01151795
v -0.22654927 -0.07794871 0.01151795
v -0.20403058 -0.10078467 0.03369554
v -0.21353656 -0.10784330 0.03377440
v -0.21353656 -0.10784330 0.03377440
v -0.21353656 -0.10784330 0.03377440
v -0.20274451 -0.10594325 0.03405791
v -0.20274451 -0.10594325 0.03405791
v -0.20073937 -0.04306952 -0.00235105
v -0.20073937 -0.04306952 -0.00235105
v -0.18846774 -0.09740894 0.03370013
v -0.18730550 -0.10255557 0.03401687
v -0.18730550 -0.10255557 0.03401687
v -0.14616777 -0.08784756 0.03357948
v -0.09840191 -0.07533891 0.03373568
v -0.05063447 -0.02199335 0.00172498
v -0.05063447 -0.02199335 0.00172498
v -0.04211266 -0.05938450 0.03439034
v -0.04111270 -0.06365144 0.03410157
v -0.04111270 -0.06365144 0.03410157
v -0.13858710 -0.19259779 0.03453630
v -0.14329014 -0.20346373 0.03464815
v -0.14329014 -0.20346373 0.03464815
v -0.14329014 -0.20346373 0.03464815
v -0.13489239 -0.19642197 0.03488343
v -0.13489239 -0.19642197 0.03488343
v -0.16477240 -0.14100001 -0.00142378
v -0.16477240 -0.14100001 -0.00142378
v -0.12679680 -0.18189286 0.03447248
v -0.09398011 -0.08074588 -0.00131152
v -0.09398011 -0.08074588 -0.00131152
v -0.09136010 -0.15634988 0.03445465
v -0.09136010 -0.15634988 0.03445465
v -0.05640200 -0.12141476 0.03429363
v -0.05640200 -0.12141476 0.03429363
v -0.09494459 -0.15246249 0.03416653
v -0.01905583 -0.07578417 0.03453028
v -0.01605799 -0.07897975 0.03422920
v -0.01605799 -0.07897975 0.03422920
v -0.05983088 -0.11774649 0.03411651
v 0.15930946 -0.19440149 0.01231148
v 0.15930946 -0.19440149 0.01231148
v 0.17785702 -0.17123024 0.03246243
v 0.17785702 -0.17123024 0.03246243
v 0.16804278 -0.16317589 0.03397171
v 0.15733836 -0.15138512 0.03391752
v 0.16121704 -0.14780161 0.03414626
v 0.16121704 -0.14780161 0.03414626
v 0.12790814 -0.11953286 0.03364304
v 0.11606542 -0.18967692 -0.00119979
v 0.11606542 -0.18967692 -0.00119979
v 0.08670199 -0.15758623 -0.00156171
v 0.08670199 -0.15758623 -0.00156171
v 0.05581947 -0.11887779 -0.00107280
v 0.05581947 -0.11887779 -0.00107280
v 0.13179828 -0.11594607 0.03385765
v 0.13179828 -0.11594607 0.03385765
v 0.02280396 -0.07015883 0.00213083
v 0.02280396 -0.07015883 0.00213083
v 0.09319558 -0.08441621 0.03365201
v 0.05124253 -0.04363351 0.03415187
v 0.09686541 -0.08098607 0.03375935
v 0.09686541 -0.08098607 0.03375935
v 0.18289242 -0.10956322 -0.00204509
v 0.18289242 -0.10956322 -0.00204509
v 0.22277287 -0.09202104 0.01125103
v 0.22277287 -0.09202104 0.01125103
v 0.21630120 -0.05547717 0.03318582
v 0.21630120 -0.05547717 0.03318582
v 0.21483364 -0.06059332 0.03292430
v 0.19966828 -0.05573438 0.03294204
v 0.14141719 -0.09645365 -0.00221008
v 0.14141719 -0.09645365 -0.00221008
v 0.11063610 -0.02980881 0.03310117
v 0.15825481 -0.04286462 0.03286438
v 0.09532211 -0.07837175 -0.00150534
v 0.09532211 -0.07837175 -0.00150534
v 0.05391664 -0.01546579 0.03387343
v 0.05518193 -0.01127642 0.03350155
v 0.05518193 -0.01127642 0.03350155
v 0.20406437 0.05164101 0.03183415
v 0.18850161 0.04826629 0.03193293
v 0.20277882 0.05680573 0.03209768
v 0.20277882 0.05680573 0.03209768
v 0.18733984 0.05341816 0.03215085
v 0.18733984 0.05341816 0.03215085
v 0.15823558 -0.01615387 -0.00301214
v 0.15823558 -0.01615387 -0.00301214
v 0.09730193 0.03109656 0.03266060
v 0.09730193 0.03109656 0.03266060
v 0.14620161 0.03870512 0.03207589
v 0.10927933 -0.02354128 -0.00205523
v 0.10927933 -0.02354128 -0.00205523
v 0.05061233 -0.02775908 0.00169027
v 0.05061233 -0.02775908 0.00169027
v 0.04214864 0.01026518 0.03363189
v 0.09843635 0.02620275 0.03256327
v 0.13862074 0.14345411 0.03099339
v 0.13492663 0.14728438 0.03127216
v 0.13492663 0.14728438 0.03127216
v 0.12683057 0.13275015 0.03116059
v 0.13265079 0.06179696 -0.00375298
v 0.13265079 0.06179696 -0.00375298
v 0.09395137 0.03092189 -0.00257513
v 0.09395137 0.03092189 -0.00257513
v 0.09139433 0.10721237 0.03170719
v 0.09139433 0.10721237 0.03170719
v 0.05643664 0.07228135 0.03229382
v 0.05643664 0.07228135 0.03229382
v 0.09497839 0.10332001 0.03148884
v 0.04527151 -0.00206117 0.00144325
v 0.04527151 -0.00206117 0.00144325
v 0.01909181 0.02666483 0.03349195
v 0.05986527 0.06861026 0.03218244
v 0.03809102 0.20274938 0.02892352
v 0.03809102 0.20274938 0.02892352
v 0.03603836 0.19024482 0.03062728
v 0.03118000 0.17507987 0.03083196
v 0.08462867 0.15798786 -0.00457844
v 0.08462867 0.15798786 -0.00457844
v 0.01326153 0.13524567 0.03150287
v 0.01326153 0.13524567 0.03150287
v 0.01831034 0.13366654 0.03126054
v 0.00525796 0.08605077 0.03206074
v 0.05344540 0.07042443 -0.00292574
v 0.05344540 0.07042443 -0.00292574
v 0.02779726 0.01752347 0.00126708
v 0.02779726 0.01752347 0.00126708
v -0.00907586 0.02933895 0.03349113
v -0.01326876 0.03060130 0.03315284
v -0.01326876 0.03060130 0.03315284
v 0.00045388 0.08751583 0.03219497
v 0.00045388 0.08751583 0.03219497
v -0.02724521 0.20309286 -0.00331016
v -0.02724521 0.20309286 -0.00331016
v -0.02724521 0.20309286 -0.00331016
v -0.01816510 0.17580476 -0.00466042
v -0.01816510 0.17580476 -0.00466042
v -0.07619594 0.17947561 0.03083393
v -0.05316444 0.20175917 0.00862072
v -0.05316444 0.20175917 0.00862072
v -0.08135735 0.17819280 0.03116414
v -0.08135735 0.17819280 0.03116414
v -0.07282068 0.16391325 0.03103509
v -0.00878145 0.13333040 -0.00432654
v -0.00878145 0.13333040 -0.00432654
v -0.07796969 0.16275385 0.03131845
v -0.07796969 0.16275385 0.03131845
v -0.06842008 0.12045678 0.03172140
v -0.06842008 0.12045678 0.03172140
v -0.06325941 0.12161340 0.03145215
v -0.03480683 0.01757099 0.03362962
v -0.05075359 0.07385100 0.03223075
v -0.05564587 0.07271789 0.03239053
v -0.05564587 0.07271789 0.03239053
v -0.03907083 0.01656747 0.03331361
v -0.03907083 0.01656747 0.03331361
v -0.15931532 0.14482695 0.00927427
v -0.15931532 0.14482695 0.00927427
v -0.16800910 0.11403200 0.03155798
v -0.15730457 0.10224232 0.03171556
v -0.08673228 0.10774568 -0.00400559
v -0.08673228 0.10774568 -0.00400559
v -0.12787431 0.07039023 0.03201233
v -0.05584825 0.06905372 -0.00281385
v -0.05584825 0.06905372 -0.00281385
v -0.16118277 0.09866401 0.03202147
v -0.16118277 0.09866401 0.03202147
v -0.09316111 0.03527994 0.03264694
v -0.02282612 0.02040635 0.00128444
v -0.02282612 0.02040635 0.00128444
v -0.05120652 -0.00548588 0.03387035
v -0.09683068 0.03185262 0.03282810
v -0.09683068 0.03185262 0.03282810
v -0.22277858 0.04244677 0.01033473
v -0.22277858 0.04244677 0.01033473
v -0.22732127 0.01348824 0.03101732
v -0.22732127 0.01348824 0.03101732
v -0.22656152 0.01008966 0.03263044
v -0.22656152 0.01008966 0.03263044
v -0.22656152 0.01008966 0.03263044
v -0.21479981 0.01144965 0.03260539
v -0.18292241 0.05972424 -0.00337444
v -0.18292241 0.05972424 -0.00337444
v -0.19963433 0.00659176 0.03269103
v -0.21626681 0.00633964 0.03296977
v -0.21626681 0.00633964 0.03296977
v -0.15822087 -0.00627783 0.03279099
v -0.05388062 -0.03365353 0.03414880
v -0.11060162 -0.01932734 0.03319778
v -0.08465888 -0.20782685 -0.00084109
v -0.08465888 -0.20782685 -0.00084109
v -0.06723696 -0.24756289 0.01303656
v -0.06723696 -0.24756289 0.01303656
v -0.03806022 -0.25192409 0.03344773
v -0.03806022 -0.25192409 0.03344773
v -0.03464470 -0.25115030 0.03501756
v -0.03464470 -0.25115030 0.03501756
v -0.03464470 -0.25115030 0.03501756
v -0.03600472 -0.23938858 0.03490242
v -0.03089138 -0.24085275 0.03522514
v -0.03089138 -0.24085275 0.03522514
v -0.03114627 -0.22422262 0.03480111
v -0.07154866 -0.16635249 -0.00133322
v -0.07154866 -0.16635249 -0.00133322
v -0.01827656 -0.18280909 0.03439483
v -0.01322730 -0.18438322 0.03465897
v -0.01322730 -0.18438322 0.03465897
v -0.05347416 -0.12024843 -0.00096090
v -0.05347416 -0.12024843 -0.00096090
v 0.00911185 -0.07845831 0.03453110
v -0.00522358 -0.13518699 0.03423821
v 0.05315854 -0.25133363 0.01296503
v 0.05315854 -0.25133363 0.01296503
v 0.07622959 -0.22861940 0.03469576
v 0.08328824 -0.23812532 0.03478368
v 0.08328824 -0.23812532 0.03478368
v 0.08328824 -0.23812532 0.03478368
v 0.08139155 -0.22733051 0.03499146
v 0.08139155 -0.22733051 0.03499146
v 0.07285444 -0.21305603 0.03459798
v 0.00875113 -0.18317092 -0.00124076
v 0.00875113 -0.18317092 -0.00124076
v 0.06329322 -0.17075600 0.03420322
v 0.06845433 -0.16959435 0.03444045
v 0.06845433 -0.16959435 0.03444045
v 0.05568052 -0.12185133 0.03419692
v 0.05568052 -0.12185133 0.03419692
v 0.00135629 -0.13420566 -0.00087352
v 0.00135629 -0.13420566 -0.00087352
v 0.05078799 -0.12298725 0.03406820
v -0.00289397 -0.07549960 0.00220632
v -0.00289397 -0.07549960 0.00220632
v 0.03484281 -0.06669035 0.03439259
v 0.03910622 -0.06569333 0.03404930
v 0.03910622 -0.06569333 0.03404930
v -0.22667390 -0.05992752 0.04884476
v -0.22667390 -0.05992752 0.04884476
v -0.22667390 -0.05992752 0.04884476
v -0.19997577 -0.05777531 0.05073349
v -0.15637258 -0.06020003 0.04863465
v -0.15637258 -0.06020003 0.04863465
v -0.15637797 -0.05766833 0.05067895
v -0.10695514 -0.05816107 0.04832955
v -0.10695514 -0.05816107 0.04832955
v -0.04854864 -0.05428153 0.04771746
v -0.04854864 -0.05428153 0.04771746
v -0.10696403 -0.05593890 0.05029078
v -0.04856193 -0.05248835 0.04955258
v -0.04848851 -0.01091490 0.07999067
v -0.10694516 -0.00355227 0.08315232
v -0.15635450 -0.00039999 0.08391239
v -0.19987857 -0.00036030 0.08389154
v -0.19984025 0.00158538 0.08279678
v -0.19984025 0.00158538 0.08279678
v -0.22889607 -0.00228731 0.08230662
v -0.22889607 -0.00228731 0.08230662
v -0.21608514 -0.05773290 0.05078089
v -0.22830096 -0.05747237 0.05066604
v -0.22830096 -0.05747237 0.05066604
v -0.21424548 0.06112498 0.04949116
v -0.21424548 0.06112498 0.04949116
v -0.20379706 0.05479163 0.04966713
v -0.20482980 0.05241708 0.04760300
v -0.20482980 0.05241708 0.04760300
v -0.15205666 0.02499391 0.04986500
v -0.10839664 0.00178410 0.04972642
v -0.05696677 -0.02599269 0.04744783
v -0.05696677 -0.02599269 0.04744783
v -0.05609053 -0.02442981 0.04928440
v -0.03538760 0.01159152 0.07975832
v -0.08234647 0.04720165 0.08263278
v -0.03532848 0.01219155 0.07812679
v -0.03532848 0.01219155 0.07812679
v -0.08146583 0.04871480 0.08146173
v -0.08146583 0.04871480 0.08146173
v -0.12356361 0.07463759 0.08314752
v -0.16123645 0.09643389 0.08290818
v -0.18986701 0.04670019 0.04970056
v -0.18647286 0.10980361 0.08011472
v -0.18647286 0.10980361 0.08011472
v -0.18647286 0.10980361 0.08011472
v -0.18732207 0.10927093 0.08117594
v -0.18732207 0.10927093 0.08117594
v -0.20335017 0.08885651 0.06997594
v -0.20335017 0.08885651 0.06997594
v -0.14407224 0.15415845 0.04667239
v -0.14407224 0.15415845 0.04667239
v -0.14407224 0.15415845 0.04667239
v -0.13689305 0.14609674 0.04871209
v -0.05011266 0.00271522 0.04716033
v -0.05011266 0.00271522 0.04716033
v -0.04858123 0.00363385 0.04900262
v -0.08077580 0.05248999 0.04920464
v -0.01278872 0.02453218 0.07961114
v -0.10698318 0.09442088 0.04914404
v -0.03566641 0.07885651 0.08228053
v -0.05764714 0.12322661 0.08261197
v -0.07766152 0.16187261 0.08111596
v -0.07766152 0.16187261 0.08111596
v -0.12887479 0.13212424 0.04880849
v -0.07937434 0.16093906 0.08220230
v -0.09453198 0.18513111 0.07929371
v -0.09453198 0.18513111 0.07929371
v -0.09453198 0.18513111 0.07929371
v -0.09553884 0.18509618 0.08035020
v -0.09553884 0.18509618 0.08035020
v -0.14277435 0.15680557 0.04848915
v -0.14277435 0.15680557 0.04848915
v 0.08263263 0.18966624 0.04612017
v 0.08263263 0.18966624 0.04612017
v 0.08263263 0.18966624 0.04612017
v 0.07922474 0.17942923 0.04819073
v 0.07113363 0.16549878 0.04830123
v 0.04724702 0.12891741 0.04659793
v 0.04724702 0.12891741 0.04659793
v 0.04942746 0.12768829 0.04867711
v -0.00153397 0.03256812 0.04682400
v -0.00153397 0.03256812 0.04682400
v 0.00001241 0.03171170 0.04868369
v 0.02622054 0.08402476 0.04879921
v 0.03575924 0.01133881 0.07969669
v 0.03637377 0.01126226 0.07807129
v 0.03637377 0.01126226 0.07807129
v 0.07134110 0.05833165 0.08238525
v 0.09877042 0.09955681 0.08270299
v 0.12056723 0.13722900 0.08225451
v 0.11310595 0.17920317 0.06880546
v 0.11310595 0.17920317 0.06880546
v 0.17860909 0.11968330 0.04671950
v 0.17860909 0.11968330 0.04671950
v 0.17860909 0.11968330 0.04671950
v 0.15655769 0.10450657 0.04882196
v 0.16900471 0.11457448 0.04665707
v 0.16900471 0.11457448 0.04665707
v 0.15520826 0.10665738 0.04671594
v 0.15520826 0.10665738 0.04671594
v 0.11759054 0.08476582 0.04696721
v 0.11759054 0.08476582 0.04696721
v 0.07692641 0.05640394 0.04902418
v 0.02807610 0.02420240 0.04873199
v 0.04869993 -0.01126010 0.07990649
v 0.10299595 0.01165162 0.08281418
v 0.14735940 0.03364031 0.08330518
v 0.18507243 0.05536686 0.08299861
v 0.11885441 0.08261480 0.04905625
v 0.19966019 0.09542522 0.06954847
v 0.19966019 0.09542522 0.06954847
v 0.17052986 0.11252517 0.04876409
v 0.19995774 0.01150744 0.04760806
v 0.19995774 0.01150744 0.04760806
v 0.15644318 0.00886652 0.04974509
v 0.10701612 0.00931398 0.04747555
v 0.10701612 0.00931398 0.04747555
v 0.04860870 0.00542419 0.04704483
v 0.04860870 0.00542419 0.04704483
v 0.04862530 0.00366731 0.04891471
v 0.10702858 0.00713064 0.04947993
v 0.10706983 -0.04460193 0.08336177
v 0.04860744 -0.03730163 0.08016177
v 0.04886150 -0.03788132 0.07854162
v 0.04886150 -0.03788132 0.07854162
v 0.10706746 -0.04637431 0.08222369
v 0.10706746 -0.04637431 0.08222369
v 0.15646644 -0.04972750 0.08305249
v 0.15646644 -0.04972750 0.08305249
v 0.15648053 -0.04773956 0.08409445
v 0.19996422 -0.04974718 0.08293961
v 0.19996422 -0.04974718 0.08293961
v 0.22855337 -0.04679106 0.08127534
v 0.22855337 -0.04679106 0.08127534
v 0.22855337 -0.04679106 0.08127534
v 0.20000448 -0.04778041 0.08399595
v 0.20004099 0.00897375 0.04971896
v 0.23272934 -0.02040574 0.07065376
v 0.23272934 -0.02040574 0.07065376
v 0.21615042 0.00893204 0.04973816
v 0.20386240 -0.10359254 0.05085192
v 0.21411692 -0.10702143 0.04890912
v 0.21411692 -0.10702143 0.04890912
v 0.21411692 -0.10702143 0.04890912
v 0.15336939 -0.07163743 0.04846767
v 0.15336939 -0.07163743 0.04846767
v 0.10955154 -0.04869880 0.04804176
v 0.10955154 -0.04869880 0.04804176
v 0.05702685 -0.02286465 0.04731447
v 0.05702685 -0.02286465 0.04731447
v 0.05615394 -0.02439118 0.04918289
v 0.03550655 -0.05980806 0.08039412
v 0.10846122 -0.05059233 0.05004429
v 0.08247113 -0.09535585 0.08388129
v 0.03544448 -0.06043998 0.07877477
v 0.03544448 -0.06043998 0.07877477
v 0.12268854 -0.12449359 0.08381560
v 0.12268854 -0.12449359 0.08381560
v 0.12368964 -0.12277714 0.08485932
v 0.15212186 -0.07379574 0.05055904
v 0.18659397 -0.15799699 0.08240292
v 0.18659397 -0.15799699 0.08240292
v 0.18659397 -0.15799699 0.08240292
v 0.18744507 -0.15744358 0.08345198
v 0.18744507 -0.15744358 0.08345198
v 0.16136238 -0.14457460 0.08497931
v 0.18993223 -0.09550175 0.05075188
v 0.20345263 -0.13725285 0.07182520
v 0.20345263 -0.13725285 0.07182520
v 0.13695836 -0.19489764 0.05180696
v 0.13902623 -0.19339484 0.04970205
v 0.13902623 -0.19339484 0.04970205
v 0.13110940 -0.17959870 0.04954284
v 0.13110940 -0.17959870 0.04954284
v 0.10704837 -0.14322270 0.05128001
v 0.08274091 -0.10020706 0.04857068
v 0.08274091 -0.10020706 0.04857068
v 0.08084041 -0.10129824 0.05056607
v 0.05017272 -0.05157257 0.04760197
v 0.05017272 -0.05157257 0.04760197
v 0.04864464 -0.05245489 0.04946467
v 0.01290767 -0.07274872 0.08054130
v 0.03579109 -0.12701071 0.08423355
v 0.05777316 -0.17136620 0.08539487
v 0.03426424 -0.12790140 0.08308823
v 0.03426424 -0.12790140 0.08308823
v 0.09465309 -0.23332448 0.08322393
v 0.09465309 -0.23332448 0.08322393
v 0.09465309 -0.23332448 0.08322393
v 0.07950026 -0.20907980 0.08568519
v 0.12894005 -0.18092580 0.05164396
v 0.14283942 -0.20560887 0.05178332
v 0.14283942 -0.20560887 0.05178332
v 0.11967468 -0.22380710 0.07274888
v 0.11967468 -0.22380710 0.07274888
v 0.03336519 -0.24051819 0.05234736
v 0.03340721 -0.22440911 0.05215615
v 0.03580963 -0.18082446 0.04964358
v 0.03580963 -0.18082446 0.04964358
v 0.03156713 -0.13140040 0.05090546
v 0.02810956 -0.07300413 0.04968454
v -0.01313390 -0.07265623 0.08056386
v -0.02046247 -0.13108459 0.08432416
v -0.02222456 -0.13109458 0.08317041
v -0.02222456 -0.13109458 0.08317041
v -0.02558524 -0.18048454 0.08449788
v -0.02558524 -0.18048454 0.08449788
v -0.02360674 -0.18048727 0.08555757
v 0.03330008 -0.18081147 0.05171480
v -0.02263379 -0.25258952 0.08351840
v -0.02263379 -0.25258952 0.08351840
v -0.02263379 -0.25258952 0.08351840
v -0.02173744 -0.25304389 0.08457729
v -0.02173744 -0.25304389 0.08457729
v -0.02364703 -0.22401188 0.08592445
v -0.07680718 -0.22928150 0.05024819
v -0.07680718 -0.22928150 0.05024819
v -0.07915937 -0.22823019 0.05232832
v -0.06881754 -0.21552742 0.05007506
v -0.06881754 -0.21552742 0.05007506
v -0.04936219 -0.17649020 0.05174693
v -0.02615588 -0.13283307 0.05097150
v 0.00159410 -0.08142545 0.04793828
v 0.00159410 -0.08142545 0.04793828
v 0.00005104 -0.08053273 0.04978360
v -0.03564029 -0.05955534 0.08045575
v -0.07121639 -0.10648593 0.08412884
v -0.03625775 -0.05951069 0.07883027
v -0.03625775 -0.05951069 0.07883027
v -0.07274190 -0.10561556 0.08296624
v -0.07274190 -0.10561556 0.08296624
v -0.10035131 -0.14670670 0.08423423
v -0.10035131 -0.14670670 0.08423423
v -0.09864432 -0.14769648 0.08530384
v -0.12044126 -0.18536984 0.08563299
v -0.07106830 -0.21430041 0.05215122
v -0.12211672 -0.18436823 0.08454902
v -0.12211672 -0.18436823 0.08454902
v -0.13329572 -0.21146997 0.08427039
v -0.13329572 -0.21146997 0.08427039
v -0.11300342 -0.22759963 0.07299567
v -0.11300342 -0.22759963 0.07299567
v -0.08549402 -0.23867970 0.05231312
v -0.08549402 -0.23867970 0.05231312
v -0.15649238 -0.15330826 0.05163048
v -0.11878915 -0.13141672 0.05136779
v -0.11752901 -0.13360830 0.04931903
v -0.11752901 -0.13360830 0.04931903
v -0.07575296 -0.10713397 0.04878136
v -0.07575296 -0.10713397 0.04878136
v -0.07686181 -0.10521226 0.05074652
v -0.02801264 -0.07302346 0.04973530
v -0.04858098 -0.03695648 0.08024595
v -0.10287126 -0.05980587 0.08369991
v -0.14723339 -0.08177998 0.08470166
v -0.18494647 -0.10350771 0.08488889
v -0.20916720 -0.11868928 0.08237430
v -0.20916720 -0.11868928 0.08237430
v -0.20916720 -0.11868928 0.08237430
v -0.20912102 -0.11968674 0.08343927
v -0.20912102 -0.11968674 0.08343927
v -0.19955769 -0.14382168 0.07225268
v -0.19955769 -0.14382168 0.07225268
v -0.17046452 -0.16132617 0.05175495
v -0.03547699 0.20228507 0.04610292
v -0.03547699 0.20228507 0.04610292
v -0.03547699 0.20228507 0.04610292
v -0.03585589 0.19141251 0.04608867
v -0.03585589 0.19141251 0.04608867
v -0.03589799 0.17550570 0.04621344
v -0.03589799 0.17550570 0.04621344
v -0.03323488 0.13200963 0.04870924
v -0.03150253 0.08259217 0.04886524
v -0.02982284 0.02414997 0.04693200
v -0.02982284 0.02414997 0.04693200
v -0.02804614 0.02418307 0.04878274
v 0.01325282 0.02443968 0.07958858
v 0.02058715 0.08293037 0.08218992
v 0.02373276 0.13234771 0.08244927
v 0.02572821 0.17582130 0.08088611
v 0.02572821 0.17582130 0.08088611
v 0.02275487 0.20439615 0.07899924
v 0.02275487 0.20439615 0.07899924
v 0.02275487 0.20439615 0.07899924
v 0.02377294 0.17587114 0.08196304
v -0.03334199 0.17560756 0.04829629
v -0.00374129 0.20847988 0.06862385
v -0.00374129 0.20847988 0.06862385
v -0.03329989 0.19171729 0.04817169
v -0.18805175 -0.10041763 0.03084461
v -0.22636204 -0.07879913 0.00999092
v -0.22636204 -0.07879913 0.00999092
v -0.22827136 -0.05312034 -0.00167349
v -0.22827136 -0.05312034 -0.00167349
v -0.20035584 -0.04499853 -0.00340819
v -0.15785207 -0.03563056 -0.00359793
v -0.15826576 -0.03368655 -0.00255517
v -0.15826576 -0.03368655 -0.00255517
v -0.10930801 -0.02628269 -0.00183142
v -0.10930801 -0.02628269 -0.00183142
v -0.05026458 -0.02250450 0.00010406
v -0.04136050 -0.06250765 0.03133362
v -0.09763588 -0.07851319 0.03088940
v -0.09714753 -0.08064211 0.03289281
v -0.09714753 -0.08064211 0.03289281
v -0.14550775 -0.09088911 0.03072711
v -0.10892966 -0.02801373 -0.00297025
v -0.20295783 -0.10627079 0.03297041
v -0.20295783 -0.10627079 0.03297041
v -0.20378943 -0.10385900 0.03085921
v -0.21365422 -0.10825204 0.03287831
v -0.21365422 -0.10825204 0.03287831
v -0.21365422 -0.10825204 0.03287831
v -0.18358769 -0.16346977 -0.00063237
v -0.18358769 -0.16346977 -0.00063237
v -0.16348117 -0.14247973 -0.00248614
v -0.18384869 -0.16248525 0.00041345
v -0.18384869 -0.16248525 0.00041345
v -0.18384869 -0.16248525 0.00041345
v -0.13268104 -0.11163737 -0.00181434
v -0.13268104 -0.11163737 -0.00181434
v -0.09279276 -0.08205681 -0.00245519
v -0.04529364 -0.04769126 0.00197200
v -0.04529364 -0.04769126 0.00197200
v -0.04472593 -0.04795040 0.00034843
v -0.01685835 -0.07811548 0.03146449
v -0.05609744 -0.12171279 0.03325831
v -0.05609744 -0.12171279 0.03325831
v -0.05759475 -0.12011492 0.03126100
v -0.13135613 -0.11311503 -0.00286249
v -0.12315978 -0.18610115 0.03371197
v -0.12315978 -0.18610115 0.03371197
v -0.09286670 -0.15476903 0.03130568
v -0.12494668 -0.18429297 0.03160970
v -0.13685540 -0.19514214 0.03169344
v -0.13491890 -0.19681324 0.03379638
v -0.13491890 -0.19681324 0.03379638
v 0.17931267 -0.16778897 0.03310769
v 0.17931267 -0.16778897 0.03310769
v 0.17931267 -0.16778897 0.03310769
v 0.17055647 -0.16146971 0.03108649
v 0.15993724 -0.19383540 0.01077017
v 0.15993724 -0.19383540 0.01077017
v 0.13854112 -0.20848725 -0.00048145
v 0.13854112 -0.20848725 -0.00048145
v 0.11753364 -0.18839526 -0.00228937
v 0.13756785 -0.20873893 0.00057713
v 0.13756785 -0.20873893 0.00057713
v 0.13756785 -0.20873893 0.00057713
v 0.08816830 -0.15627070 -0.00263737
v 0.05711807 -0.11770074 -0.00224096
v 0.02304570 -0.06960557 0.00049959
v 0.09553329 -0.08220574 0.03075154
v 0.05354080 -0.04146351 0.03104189
v 0.13018384 -0.11748056 0.03073930
v 0.16153811 -0.14775526 0.03307970
v 0.16153811 -0.14775526 0.03307970
v 0.15970765 -0.14956069 0.03101287
v 0.22771370 -0.06178651 0.03018145
v 0.22771370 -0.06178651 0.03018145
v 0.21614308 -0.05786135 0.03003011
v 0.22302582 -0.09121829 0.00970773
v 0.22302582 -0.09121829 0.00970773
v 0.21105318 -0.11531872 -0.00040456
v 0.21105318 -0.11531872 -0.00040456
v 0.21105318 -0.11531872 -0.00040456
v 0.04238864 -0.05268458 0.00194193
v 0.04238864 -0.05268458 0.00194193
v 0.04231320 -0.05208596 0.00031054
v 0.09585240 -0.07670405 -0.00267760
v 0.05480651 -0.01244002 0.03075633
v 0.11154094 -0.02672809 0.03019346
v 0.14202394 -0.09458215 -0.00329041
v 0.15918504 -0.03995197 0.02995342
v 0.18351767 -0.10772005 -0.00313940
v 0.20148636 -0.05049160 0.03209056
v 0.20148636 -0.05049160 0.03209056
v 0.20079336 -0.05297223 0.03002933
v 0.22635351 0.02919480 0.00852474
v 0.22635351 0.02919480 0.00852474
v 0.22824230 0.00329226 -0.00263762
v 0.22824230 0.00329226 -0.00263762
v 0.18808037 0.05121845 0.02901976
v 0.22798306 0.00232793 -0.00157270
v 0.22798306 0.00232793 -0.00157270
v 0.22798306 0.00232793 -0.00157270
v 0.20070929 -0.00676940 -0.00306847
v 0.20070929 -0.00676940 -0.00306847
v 0.20032379 -0.00486150 -0.00416252
v 0.10889890 -0.02183289 -0.00322708
v 0.05023954 -0.02727980 0.00006031
v 0.09766514 0.02932065 0.02965671
v 0.04139093 0.01332782 0.03051591
v 0.09718037 0.03148843 0.03161890
v 0.09718037 0.03148843 0.03161890
v 0.15781996 -0.01423065 -0.00409205
v 0.14553641 0.04169020 0.02916566
v 0.14498832 0.04416095 0.03121104
v 0.14498832 0.04416095 0.03121104
v 0.20381802 0.05465916 0.02893856
v 0.20299019 0.05711191 0.03100358
v 0.20299019 0.05711191 0.03100358
v 0.13688393 0.14594229 0.02810433
v 0.16902876 0.13513938 0.00753818
v 0.16902876 0.13513938 0.00753818
v 0.12497524 0.13509375 0.02825467
v 0.18382143 0.11267785 -0.00261429
v 0.18382143 0.11267785 -0.00261429
v 0.18382143 0.11267785 -0.00261429
v 0.16474224 0.09116108 -0.00399575
v 0.16474224 0.09116108 -0.00399575
v 0.04470088 -0.00183392 -0.00018406
v 0.09276193 0.03221020 -0.00374214
v 0.01688876 0.02893567 0.03038504
v 0.01568060 0.03025278 0.03222590
v 0.01568060 0.03025278 0.03222590
v 0.05762398 0.07092235 0.02928511
v 0.05613023 0.07255905 0.03125340
v 0.05613023 0.07255905 0.03125340
v 0.13132391 0.06325380 -0.00482750
v 0.16344906 0.09261972 -0.00508457
v 0.09289531 0.10557009 0.02858709
v 0.09119566 0.10743754 0.03063942
v 0.09119566 0.10743754 0.03063942
v 0.03438960 0.20229886 0.02961157
v 0.03438960 0.20229886 0.02961157
v 0.03438960 0.20229886 0.02961157
v 0.03720222 0.20310045 0.02775732
v 0.03720222 0.20310045 0.02775732
v 0.03327577 0.19152875 0.02775095
v 0.06641184 0.19822775 0.00701239
v 0.06641184 0.19822775 0.00701239
v 0.02838699 0.17617935 0.02793908
v 0.08277405 0.15860353 -0.00565849
v 0.07151833 0.11651201 -0.00423408
v 0.07151833 0.11651201 -0.00423408
v 0.00214647 0.08692998 0.02917823
v 0.02718127 0.01743356 -0.00035709
v -0.01213465 0.03020135 0.03039878
v 0.00004444 0.08760219 0.03115653
v 0.00004444 0.08760219 0.03115653
v 0.01536684 0.13457115 0.02837274
v 0.05176535 0.07094441 -0.00408477
v 0.06963550 0.11710934 -0.00529968
v -0.07924478 0.17920372 0.02797311
v -0.08162960 0.19118846 0.02798111
v -0.08162960 0.19118846 0.02798111
v -0.05400124 0.20155548 0.00708827
v -0.05400124 0.20155548 0.00708827
v -0.02008453 0.17540974 -0.00573052
v -0.01071602 0.13290534 -0.00538207
v -0.00138504 0.08438165 -0.00301312
v -0.00138504 0.08438165 -0.00301312
v 0.00287180 0.02574714 0.00120894
v 0.00287180 0.02574714 0.00120894
v 0.00237513 0.02535990 -0.00041241
v -0.03790251 0.01678581 0.03055346
v -0.05390228 0.07305419 0.02936470
v -0.00310583 0.08399095 -0.00416319
v -0.07580370 0.16346637 0.02815753
v -0.06627533 0.12092256 0.02858006
v -0.08167518 0.17839448 0.03007154
v -0.08167518 0.17839448 0.03007154
v -0.15994586 0.14423083 0.00774548
v -0.15994586 0.14423083 0.00774548
v -0.13857030 0.15865897 -0.00382965
v -0.13857030 0.15865897 -0.00382965
v -0.13759516 0.15893129 -0.00277797
v -0.13759516 0.15893129 -0.00277797
v -0.13759516 0.15893129 -0.00277797
v -0.11609557 0.13983778 -0.00421973
v -0.11609557 0.13983778 -0.00421973
v -0.02307077 0.01982124 -0.00033521
v -0.05351034 -0.00771637 0.03080763
v -0.09550400 0.03301307 0.02979457
v -0.13015522 0.06828149 0.02915347
v -0.05714892 0.06785399 -0.00395637
v -0.08820049 0.10640936 -0.00505261
v -0.11756574 0.13853504 -0.00528133
v -0.15967898 0.10036130 0.02885150
v -0.16150578 0.09859671 0.03095661
v -0.16150578 0.09859671 0.03095661
v -0.13200051 0.06660024 0.03124071
v -0.13200051 0.06660024 0.03124071
v -0.17221763 0.11035549 0.03081986
v -0.17221763 0.11035549 0.03081986
v -0.17052792 0.11226969 0.02871128
v -0.21611439 0.00866154 0.02976766
v -0.20076463 0.00377306 0.02983504
v -0.21179389 0.06478699 -0.00284378
v -0.21179389 0.06478699 -0.00284378
v -0.21108027 0.06551130 -0.00179629
v -0.21108027 0.06551130 -0.00179629
v -0.21108027 0.06551130 -0.00179629
v -0.18354958 0.05786002 -0.00443130
v -0.14144736 0.04661323 -0.00335722
v -0.14144736 0.04661323 -0.00335722
v -0.09535079 0.02854776 -0.00238131
v -0.09535079 0.02854776 -0.00238131
v -0.09588314 0.02685742 -0.00351972
v -0.04241076 0.00293212 0.00147332
v -0.04241076 0.00293212 0.00147332
v -0.04233827 0.00230165 -0.00014617
v -0.05477606 -0.03673978 0.03109319
v -0.11151162 -0.02246446 0.03035265
v -0.11216266 -0.02454883 0.03235665
v -0.11216266 -0.02454883 0.03235665
v -0.15915632 -0.00924696 0.02993934
v -0.14205604 0.04472093 -0.00439957
v -0.03717354 -0.25229797 0.03228703
v -0.03717354 -0.25229797 0.03228703
v -0.03324727 -0.24072864 0.03204683
v -0.06642052 -0.24783223 0.01150327
v -0.06642052 -0.24783223 0.01150327
v -0.08280617 -0.20846369 -0.00191221
v -0.06966771 -0.16697061 -0.00239030
v -0.02781943 -0.06727593 0.00214818
v -0.02781943 -0.06727593 0.00214818
v -0.05179619 -0.12079104 -0.00211254
v -0.02720636 -0.06721787 0.00052146
v -0.00211725 -0.13612256 0.03136788
v 0.01216508 -0.07938120 0.03145075
v 0.01386397 -0.07988307 0.03330681
v 0.01386397 -0.07988307 0.03330681
v -0.01533823 -0.18377016 0.03152003
v -0.02835843 -0.22537864 0.03192529
v -0.03072415 -0.24120586 0.03413754
v -0.03072415 -0.24120586 0.03413754
v -0.03435761 -0.25146026 0.03412014
v -0.03435761 -0.25146026 0.03412014
v -0.03435761 -0.25146026 0.03412014
v 0.07927328 -0.22840370 0.03182466
v 0.07583227 -0.21266573 0.03170685
v 0.02819161 -0.25317089 0.00005586
v 0.02819161 -0.25317089 0.00005586
v 0.02721790 -0.25290036 0.00110932
v 0.02721790 -0.25290036 0.00110932
v 0.02721790 -0.25290036 0.00110932
v 0.01068381 -0.18276668 -0.00230791
v 0.01813488 -0.22564383 -0.00075910
v 0.01813488 -0.22564383 -0.00075910
v -0.00240021 -0.07514421 0.00057679
v 0.03793294 -0.06596565 0.03129606
v 0.05393150 -0.12224684 0.03118141
v 0.03966447 -0.06554921 0.03314311
v 0.03966447 -0.06554921 0.03314311
v 0.05608164 -0.12174084 0.03315751
v 0.05608164 -0.12174084 0.03315751
v 0.00307497 -0.13383763 -0.00203413
v 0.02005240 -0.22526988 -0.00184019
v 0.06630395 -0.17012165 0.03131271
v 0.06875625 -0.16955140 0.03337402
v 0.06875625 -0.16955140 0.03337402
v 0.07831031 -0.21201374 0.03378439
v 0.07831031 -0.21201374 0.03378439
v -0.38884089 -0.50550485 0.06487659
v -0.38884089 -0.50550485 0.06487659
v -0.38884089 -0.50550485 0.06487659
v -0.38884089 -0.50550485 0.06487659
v -0.39447287 -0.49619772 0.06479044
v -0.39447287 -0.49619772 0.06479044
v -0.39447287 -0.49619772 0.06479044
v -0.39447287 -0.49619772 0.06479044
v -0.39447443 -0.49621461 0.06307916
v -0.39447443 -0.49621461 0.06307916
v -0.39447443 -0.49621461 0.06307916
v -0.39447443 -0.49621461 0.06307916
v -0.39028159 -0.49519621 0.06798812
v -0.39028159 -0.49519621 0.06798812
v -0.39028159 -0.49519621 0.06798812
v -0.38884241 -0.50552175 0.06316529
v -0.38884241 -0.50552175 0.06316529
v -0.38884241 -0.50552175 0.06316529
v -0.38884241 -0.50552175 0.06316529
v -0.38762308 -0.49761553 0.06805978
v -0.38762308 -0.49761553 0.06805978
v -0.38762308 -0.49761553 0.06805978
v -0.38763048 -0.49769620 0.05982589
v -0.38763048 -0.49769620 0.05982589
v -0.38763048 -0.49769620 0.05982589
v -0.16536448 -0.51647790 0.05504588
v -0.16536448 -0.51647790 0.05504588
v -0.16536448 -0.51647790 0.05504588
v -0.39028891 -0.49527585 0.05985492
v -0.39028891 -0.49527585 0.05985492
v -0.39028891 -0.49527585 0.05985492
v -0.17738904 -0.42812208 0.05419695
v -0.17738904 -0.42812208 0.05419695
v -0.17738904 -0.42812208 0.05419695
v -0.16662705 -0.52962106 0.06242444
v -0.16662705 -0.52962106 0.06242444
v -0.16662705 -0.52962106 0.06242444
v -0.16713134 -0.52968549 0.06465286
v -0.16713134 -0.52968549 0.06465286
v -0.16713134 -0.52968549 0.06465286
v -0.16948066 -0.51597643 0.07309201
v -0.16948066 -0.51597643 0.07309201
v -0.16948066 -0.51597643 0.07309201
v -0.18110076 -0.42843520 0.07224568
v -0.18110076 -0.42843520 0.07224568
v -0.18110076 -0.42843520 0.07224568
v -0.32292777 -0.50268400 0.06948721
v -0.32292777 -0.50268400 0.06948721
v 0.39446098 -0.49627660 0.06408039
v 0.39446098 -0.49627660 0.06408039
v 0.39446098 -0.49627660 0.06408039
v 0.39446098 -0.49627660 0.06408039
v 0.38882557 -0.50559949 0.06246539
v 0.38882557 -0.50559949 0.06246539
v 0.38882557 -0.50559949 0.06246539
v 0.38882557 -0.50559949 0.06246539
v 0.39027565 -0.49527429 0.06728562
v 0.39027565 -0.49527429 0.06728562
v 0.39027565 -0.49527429 0.06728562
v 0.38760937 -0.49777372 0.05912818
v 0.38760937 -0.49777372 0.05912818
v 0.38760937 -0.49777372 0.05912818
v 0.39445942 -0.49629350 0.06236912
v 0.39445942 -0.49629350 0.06236912
v 0.39445942 -0.49629350 0.06236912
v 0.39445942 -0.49629350 0.06236912
v 0.38882709 -0.50558263 0.06417669
v 0.38882709 -0.50558263 0.06417669
v 0.38882709 -0.50558263 0.06417669
v 0.38882709 -0.50558263 0.06417669
v 0.32292297 -0.50274858 0.06890596
v 0.32292297 -0.50274858 0.06890596
v 0.38761677 -0.49769304 0.06736206
v 0.38761677 -0.49769304 0.06736206
v 0.38761677 -0.49769304 0.06736206
v 0.17737326 -0.42815756 0.05387766
v 0.17737326 -0.42815756 0.05387766
v 0.17737326 -0.42815756 0.05387766
v 0.39026832 -0.49535390 0.05915242
v 0.39026832 -0.49535390 0.05915242
v 0.39026832 -0.49535390 0.05915242
v 0.16660399 -0.52965436 0.06212454
v 0.16660399 -0.52965436 0.06212454
v 0.16660399 -0.52965436 0.06212454
v 0.16711226 -0.52971891 0.06435205
v 0.16711226 -0.52971891 0.06435205
v 0.16711226 -0.52971891 0.06435205
v 0.16533100 -0.51651097 0.05474826
v 0.16533100 -0.51651097 0.05474826
v 0.16533100 -0.51651097 0.05474826
v 0.16947975 -0.51601034 0.07278695
v 0.16947975 -0.51601034 0.07278695
v 0.16947975 -0.51601034 0.07278695
v 0.18111737 -0.42847140 0.07191968
v 0.18111737 -0.42847140 0.07191968
v 0.18111737 -0.42847140 0.07191968
v 0.16651848 0.44913375 0.05820621
v 0.16651848 0.44913375 0.05820621
v 0.16651848 0.44913375 0.05820621
v 0.15639194 0.46083785 0.05651332
v 0.15639194 0.46083785 0.05651332
v 0.15639194 0.46083785 0.05651332
v 0.15639574 0.53556670 0.05170554
v 0.15639574 0.53556670 0.05170554
v 0.15639574 0.53556670 0.05170554
v 0.30518236 0.47803863 0.04177232
v 0.30518236 0.47803863 0.04177232
v 0.30518236 0.47803863 0.04177232
v 0.31322477 0.46966231 0.05628554
v 0.31322477 0.46966231 0.05628554
v 0.15638101 0.48744766 0.04113345
v 0.15638101 0.48744766 0.04113345
v 0.15638101 0.48744766 0.04113345
v 0.15639869 0.47207316 0.06265704
v 0.15639869 0.47207316 0.06265704
v 0.15639869 0.47207316 0.06265704
v 0.31323057 0.47197493 0.06238313
v 0.31323057 0.47197493 0.06238313
v 0.31323057 0.47197493 0.06238313
v 0.15639641 0.46965751 0.06041035
v 0.15639641 0.46965751 0.06041035
v 0.15639641 0.46965751 0.06041035
v 0.31548327 0.47256144 0.06200290
v 0.31548327 0.47256144 0.06200290
v 0.31548327 0.47256144 0.06200290
v 0.16651705 0.44911815 0.05661905
v 0.16651705 0.44911815 0.05661905
v 0.16651705 0.44911815 0.05661905
v 0.18694922 0.55776091 0.05544402
v 0.18694922 0.55776091 0.05544402
v 0.18694922 0.55776091 0.05544402
v 0.31286337 0.50744895 0.05184016
v 0.31286337 0.50744895 0.05184016
v 0.18694563 0.55772184 0.05146097
v 0.18694563 0.55772184 0.05146097
v 0.18694563 0.55772184 0.05146097
v 0.30340916 0.47815071 0.04109209
v 0.30340916 0.47815071 0.04109209
v 0.31322836 0.46970145 0.06026858
v 0.31322836 0.46970145 0.06026858
v 0.31555626 0.46267978 0.05743152
v 0.31555626 0.46267978 0.05743152
v 0.31555626 0.46267978 0.05743152
v 0.31329714 0.46194915 0.05794838
v 0.31329714 0.46194915 0.05794838
v 0.31555590 0.46267581 0.05702868
v 0.31555590 0.46267581 0.05702868
v 0.31555590 0.46267581 0.05702868
v 0.31329538 0.46193359 0.05636121
v 0.31329538 0.46193359 0.05636121
v 0.31329538 0.46193359 0.05636121
v 0.15639282 0.46961837 0.05642727
v 0.15639282 0.46961837 0.05642727
v 0.15639282 0.46961837 0.05642727
v 0.15639337 0.46085342 0.05810049
v 0.15639337 0.46085342 0.05810049
v 0.15639337 0.46085342 0.05810049
v 0.15640025 0.48765708 0.06250433
v 0.15640025 0.48765708 0.06250433
v 0.31314291 0.47828997 0.06245489
v 0.31314291 0.47828997 0.06245489
v 0.15639934 0.53560576 0.05568860
v 0.15639934 0.53560576 0.05568860
v 0.15639934 0.53560576 0.05568860
v 0.31287163 0.50748602 0.05582324
v 0.31287163 0.50748602 0.05582324
v 0.31287163 0.50748602 0.05582324
v 0.31549173 0.46966845 0.05696021
v 0.31549173 0.46966845 0.05696021
v 0.31549173 0.46966845 0.05696021
v 0.31549410 0.46969424 0.05958987
v 0.31549410 0.46969424 0.05958987
v 0.31549410 0.46969424 0.05958987
v 0.31540970 0.47823287 0.06168765
v 0.31540970 0.47823287 0.06168765
v 0.31540449 0.47817603 0.05588701
v 0.31512756 0.50651000 0.05231404
v 0.31512756 0.50651000 0.05231404
v 0.31512756 0.50651000 0.05231404
v 0.31513672 0.50647250 0.05555423
v 0.31513672 0.50647250 0.05555423
v 0.31513672 0.50647250 0.05555423
v -0.31311278 0.46199622 0.05692498
v -0.31311278 0.46199622 0.05692498
v -0.31311278 0.46199622 0.05692498
v -0.31311167 0.46201179 0.05851215
v -0.31311167 0.46201179 0.05851215
v -0.15620813 0.46088466 0.05838183
v -0.15620813 0.46088466 0.05838183
v -0.15620813 0.46088466 0.05838183
v -0.15620956 0.46086913 0.05679466
v -0.15620956 0.46086913 0.05679466
v -0.15620956 0.46086913 0.05679466
v -0.18675122 0.55775923 0.05179730
v -0.18675122 0.55775923 0.05179730
v -0.18675122 0.55775923 0.05179730
v -0.30325049 0.47821140 0.04163808
v -0.30325049 0.47821140 0.04163808
v -0.31304062 0.46972495 0.05684917
v -0.31304062 0.46972495 0.05684917
v -0.31494254 0.50657302 0.05288110
v -0.31494254 0.50657302 0.05288110
v -0.31494254 0.50657302 0.05288110
v -0.18674762 0.55779825 0.05578035
v -0.18674762 0.55779825 0.05578035
v -0.18674762 0.55779825 0.05578035
v -0.31267891 0.50751151 0.05240314
v -0.31267891 0.50751151 0.05240314
v -0.31494584 0.50653552 0.05612130
v -0.31494584 0.50653552 0.05612130
v -0.31494584 0.50653552 0.05612130
v -0.16633702 0.44915141 0.05691861
v -0.16633702 0.44915141 0.05691861
v -0.16633702 0.44915141 0.05691861
v -0.31537192 0.46273891 0.05759651
v -0.31537192 0.46273891 0.05759651
v -0.31537192 0.46273891 0.05759651
v -0.31303494 0.47203757 0.06294677
v -0.31303494 0.47203757 0.06294677
v -0.15620509 0.46968879 0.06069169
v -0.15620509 0.46968879 0.06069169
v -0.15620509 0.46968879 0.06069169
v -0.16633559 0.44916705 0.05850578
v -0.16633559 0.44916705 0.05850578
v -0.16633559 0.44916705 0.05850578
v -0.31530392 0.46975730 0.06015759
v -0.31530392 0.46975730 0.06015759
v -0.31530392 0.46975730 0.06015759
v -0.31303704 0.46976405 0.06083222
v -0.31303704 0.46976405 0.06083222
v -0.31537156 0.46274287 0.05799935
v -0.31537156 0.46274287 0.05799935
v -0.31537156 0.46274287 0.05799935
v -0.15620869 0.46964965 0.05670861
v -0.15620869 0.46964965 0.05670861
v -0.15620869 0.46964965 0.05670861
v -0.15622049 0.48747890 0.04141479
v -0.15622049 0.48747890 0.04141479
v -0.15622049 0.48747890 0.04141479
v -0.15620576 0.53559798 0.05198688
v -0.15620576 0.53559798 0.05198688
v -0.15620576 0.53559798 0.05198688
v -0.15620126 0.48768832 0.06278567
v -0.15620126 0.48768832 0.06278567
v -0.15620216 0.53563700 0.05596994
v -0.15620216 0.53563700 0.05596994
v -0.15620216 0.53563700 0.05596994
v -0.31268008 0.50754859 0.05638624
v -0.31268008 0.50754859 0.05638624
v -0.31528821 0.47262450 0.06257060
v -0.31528821 0.47262450 0.06257060
v -0.31528821 0.47262450 0.06257060
v -0.31294579 0.47835257 0.06301837
v -0.15620281 0.47210440 0.06293838
v -0.15620281 0.47210440 0.06293838
v -0.15620281 0.47210440 0.06293838
v -0.31521393 0.47829592 0.06225521
v -0.31521393 0.47829592 0.06225521
v -0.31530629 0.46973155 0.05752793
v -0.31530629 0.46973155 0.05752793
v -0.31530629 0.46973155 0.05752793
v -0.31521916 0.47823909 0.05645457
v -0.30502249 0.47809966 0.04232151
v -0.30502249 0.47809966 0.04232151
v -0.30502249 0.47809966 0.04232151

f 5222 5174 5166 5227
f 5184 5220 5208 5218
f 5223 5217 5184 5218
f 5213 5175 5223 5218
f 5198 5182 5149 5151
f 5199 5177 5148 5164
f 5142 5145 5139 5141
f 5136 5135 5141 5139
f 5112 5135 5136 5106
f 5082 5125 5123 5079
f 5084 5090 5140 5126
f 5078 5124 5129 5070
f 5108 5109 5115 5113
f 5085 5062 5109 5104
f 5147 5144 5098 5132
f 5083 5105 5138 5089
f 5093 5064 5121 5066
f 5055 5043 2884 5046
f 2882 2644 2313 2877
f 5022 5039 5035 5015
f 2883 2878 5031 5045
f 5034 5021 5029 5014
f 2292 2286 2873 2860
f 4993 4996 2293 4999
f 4969 4986 4978 4971
f 2285 4976 4973 2872
f 4981 4988 4991 5000
f 4968 4970 4975 4984
f 4949 4961 4943 4960
f 4954 4961 4949 4959
f 4954 4958 4963 4961
f 4959 4952 4953 4954
f 4944 4946 4950 4960
f 4936 4935 3928 3924
f 4926 4935 4936 4925
f 3906 3904 4898 4899
f 4914 3918 4917 4915
f 4908 4911 4913 4910
f 3921 4900 4905 4899
f 3919 4898 3904 3901
f 4892 4896 4897 4890
f 4885 4886 4888 4887
f 4885 3889 4894 4886
f 4884 3887 3889 4885
f 4335 4338 4887 4888
f 5179 5157 5154 5190
f 4876 4878 4881 4889
f 4874 4876 4889 4890
f 3898 4897 4896 3894
f 4870 4871 3865 3863
f 4868 4871 4861 4869
f 4868 3867 3865 4871
f 3878 4307 4310 4860
f 4858 3878 4860 4870
f 4843 4852 3849 3845
f 4849 3851 4851 4847
f 4853 4848 4849 4847
f 4841 3855 4844 4843
f 4838 4840 3841 4836
f 4816 4832 4834 3824
f 5007 5005 5002 4992
f 4830 4832 4816 4831
f 4827 4832 4830 4823
f 4824 4826 4829 4827
f 4277 4284 4822 4823
f 4994 4989 4983 4974
f 3832 4813 3822 3830
f 4806 4807 4793 4799
f 4265 4267 4801 4800
f 4799 4797 4260 4806
f 4791 4794 4797 4799
f 4787 3778 4771 4788
f 4249 4777 4779 4780
f 4245 4249 4780 4783
f 4772 3796 4785 4788
f 4767 3758 4751 4768
f 4763 4765 4760 4761
f 5075 5118 5076 5102
f 4763 3764 3762 4765
f 4227 4231 4762 4761
f 4225 4227 4761 4760
f 4744 4743 3743 4742
f 4740 4743 4744 4726
f 4203 4733 4735 4732
f 4724 4727 4200 4726
f 4717 4711 4712 4713
f 4709 4189 4711 4717
f 4707 4709 4717 4706
f 4705 4182 4707 4706
f 4703 4171 4182 4705
f 3738 4720 4719 4722
f 4695 3724 4697 4696
f 4690 4692 3724 4695
f 4687 4165 4163 4688
f 4683 4688 4689 4682
f 3717 4685 4686 4683
f 4696 4681 3715 4682
f 4699 4679 4681 4696
f 3722 4676 4679 4699
f 4666 4670 4672 4655
f 4137 4130 4666 4665
f 4663 4141 4139 4664
f 4661 4664 4665 4656
f 4660 3702 4662 4661
f 3708 3704 3698 4674
f 4645 4649 4651 4646
f 4644 4645 4646 4631
f 4642 4647 4645 4644
f 3692 4634 4635 4632
f 4646 4630 3690 4631
f 4096 4620 4623 4625
f 4616 4096 4625 4618
f 4613 4614 4616 4618
f 4611 4612 4613 4610
f 4609 3660 4610 4619
f 4607 3656 4609 4619
f 4600 3649 4604 4601
f 4077 4597 3649 4600
f 4593 4595 4087 4594
f 4591 4592 4593 4588
f 4587 4590 4591 4588
f 3644 4587 4588 4585
f 4576 4574 4578 4577
f 4064 4571 4574 4576
f 4569 4576 4577 4570
f 4674 3698 3700 4655
f 4562 4565 4067 4564
f 4561 4562 4564 4563
f 4538 4541 4546 4540
f 4530 4533 4532 4531
f 4527 4529 4530 4531
f 4550 3605 4524 4547
f 3621 3602 3605 4550
f 4518 3599 4520 4506
f 4517 4518 4506 4519
f 5206 5161 5171 5211
f 4513 4516 4517 4519
f 4522 4508 4510 4506
f 4006 3997 3584 4500
f 4499 4500 4487 4490
f 4498 4013 4011 4499
f 3579 4492 4493 4494
f 4489 3579 4494 4490
f 4486 3569 3573 4487
f 3580 4484 3569 4486
f 4472 4476 4479 4475
f 4471 4475 4474 4469
f 4470 3989 3987 4471
f 4468 3992 3989 4470
f 3557 3561 4467 4469
f 4463 3548 3553 4474
f 4450 4451 4452 4439
f 4445 4448 3975 4450
f 3531 3539 4440 4439
f 4452 3527 3531 4439
f 4427 3518 4429 4426
f 4425 4426 4413 4416
f 4845 4298 4853 4854
f 4424 3963 3960 4425
f 4423 3966 3963 4424
f 4422 4423 4424 4421
f 4418 4420 4422 4421
f 4415 4418 4421 4416
f 4413 3505 4415 4416
f 4432 4411 3503 4431
f 4388 4393 3943 4394
f 3950 4391 4393 4388
f 4387 4388 4394 4951
f 4381 3932 4385 4379
f 4373 4375 3926 4376
f 4369 4372 4375 4373
f 5097 5103 5077 5099
f 4362 4363 3914 3916
f 4861 4871 4870 4860
f 4907 4361 4363 4909
f 4358 4361 4907 4357
f 4355 4360 3908 4358
f 4339 4342 4345 4344
f 4336 4337 4342 4339
f 4333 3881 4341 4334
f 4332 4333 4334 4882
f 4325 4326 4328 4330
f 4863 4326 4325 4865
f 4319 4324 4326 4863
f 4312 4316 4321 4317
f 3874 3872 4316 4312
f 4314 4312 4317 4311
f 4302 4297 4306 4304
f 4299 4297 4302 4301
f 4295 4306 4297 4296
f 4846 4296 4297 4299
f 3858 4290 4291 4293
f 4280 4282 4287 4283
f 4276 4283 4287 4278
f 3837 4271 4274 4821
f 4261 4264 4270 4266
f 4255 4264 4261 4798
f 4255 4259 3807 4264
f 4254 4257 4259 4255
f 4251 4247 3784 4253
f 4246 4248 4247 4250
f 4244 4248 4246 4238
f 4244 3780 3782 4248
f 4243 4242 3780 4244
f 3795 3793 4242 4243
f 4226 4222 4233 4228
f 4219 4222 4226 4224
f 4219 4221 4230 4222
f 4218 3760 4221 4219
f 4215 4218 4219 4224
f 3824 3822 4813 4816
f 4204 4213 4210 4734
f 4206 4208 4213 4209
f 4731 4209 4213 4204
f 4202 4209 4731 4201
f 4202 3741 4206 4209
f 3750 4197 4199 4194
f 3756 4194 4202 4201
f 4191 4188 3733 4193
f 4710 4188 4191 4190
f 3729 3733 4188 4187
f 4175 4176 4184 4183
f 4167 4170 4158 4160
f 4156 4159 3713 4155
f 4487 3573 4489 4490
f 4128 4131 4138 4136
f 4133 4128 4136 4135
f 3707 4129 4127 4125
f 4120 3696 3694 4119
f 4641 4639 4120 4119
f 4116 4117 3688 3686
f 4854 4852 4843 4844
f 4115 4116 3686 3684
f 4113 4648 4117 4116
f 4104 4107 4100 4108
f 4615 4103 4105 4104
f 3658 4101 4108 4100
f 3669 4098 3654 3667
f 3678 4097 4101 4098
f 4596 4092 4093 4090
f 5193 5195 5183 5216
f 3813 3803 4257 4254
f 4076 4078 4084 4079
f 4070 4074 4063 4066
f 4069 4072 4074 4070
f 4061 4065 4568 4066
f 4230 4236 4233 4222
f 3628 4061 4066 4063
f 4060 4061 3628 4059
f 3632 4060 4059 4057
f 3636 4065 4061 4060
f 4052 3615 3613 4053
f 4051 4542 4539 4054
f 4050 4051 4054 3611
f 4047 4048 3607 3618
f 4782 4784 4783 4780
f 4041 4045 4043 4031
f 4038 4040 4045 4041
f 4688 4163 4161 4689
f 4033 4035 4041 4031
f 4028 4030 4033 4031
f 4025 4028 4027 3590
f 3596 4025 3590 3588
f 4024 4030 4028 4025
f 4012 4014 4016 4019
f 4010 4007 4012 4019
f 4000 4010 4009 3571
f 3583 4007 4010 4000
f 3991 3996 3559 3986
f 4345 4342 4347 3885
f 4643 4641 4119 4118
f 3990 3993 3994 3991
f 3988 3990 3991 3986
f 3555 3985 3986 3559
f 3982 3980 3984 3551
f 4291 4296 4846 4293
f 4532 4536 4538 4540
f 3978 3537 3535 3977
f 4449 4447 3978 3977
f 3973 3972 3976 3979
f 3974 3973 3529 3525
f 3541 3974 3525 3523
f 4184 4186 3729 4187
f 3965 3970 3509 3962
f 3964 3967 3968 3965
f 3513 3956 3958 3955
f 3949 4386 3952 3948
f 4400 4957 4955 4408
f 4398 4962 4957 4400
f 4964 4962 4398 3942
f 3944 3940 4392 4389
f 4371 4368 4921 4941
f 3931 3929 4933 3933
f 4937 3923 3925 4374
f 4353 4350 3920 3902
f 3913 4916 3917 3915
f 3909 3911 4916 3913
f 3905 3911 3909 3907
f 3903 3905 3907 4359
f 3900 3903 4359 4352
f 3896 4331 4875 3899
f 3891 3896 3899 3895
f 4346 3888 3886 3884
f 3882 4893 3888 4346
f 4891 4893 3882 4340
f 5202 5200 5165 5162
f 4895 4891 4340 3880
f 4859 4313 4308 3879
f 4966 4982 5001 5003
f 3871 3873 4857 3877
f 4322 3864 3866 4327
f 3862 3864 4322 4320
f 4090 4095 3646 4089
f 3875 4872 4315 3870
f 4294 3848 4850 4305
f 3840 3844 3846 3842
f 4815 3836 4818 3839
f 3821 3823 3825 4272
f 3829 3821 4272 3818
f 4531 4532 4540 4525
f 4262 4804 3810 3808
f 3806 4808 4804 4262
f 3804 4808 3806 4258
f 3798 4811 4256 3801
f 4773 4239 4775 3797
f 3794 4239 4773 4770
f 3792 3794 4770 3776
f 4785 4237 4245 4783
f 3783 3787 3789 4252
f 3781 3785 3787 3783
f 4786 3785 3781 3779
f 3777 4786 3779 4241
f 4753 4214 4758 4755
f 4216 4214 4753 3773
f 5123 5125 5130 5094
f 3770 4216 3773 4750
f 4235 3763 3765 3767
f 4436 4438 3527 4452
f 4229 3761 3763 4235
f 3757 4766 4220 3759
f 4748 3757 3759 3769
f 3561 4465 4466 4467
f 3754 3755 4728 4725
f 4580 4582 4584 4601
f 4746 4741 3740 4198
f 4601 4584 3644 4585
f 4905 4356 4906 4919
f 3746 4746 4198 4195
f 3736 4174 4702 3739
f 4178 3736 3739 4723
f 3732 4714 3734 4192
f 3728 3730 4714 3732
f 3774 3777 4241 3791
f 4563 4564 4569 4570
f 4718 3726 4185 4180
f 4698 3725 4693 4149
f 4887 4883 4884 4885
f 3720 3723 4698 4149
f 4169 3718 4684 3716
f 3714 4157 4169 3716
f 4678 4154 3712 4680
f 4675 4151 4154 4678
f 4673 4671 4668 3710
f 4665 4666 4655 4656
f 3976 4449 3977 3979
f 4657 4134 4147 4659
f 4269 4270 4263 3809
f 3703 4123 4126 3697
f 4652 4650 4110 4112
f 4053 3613 3611 4054
f 4114 4654 4652 4112
f 3683 3681 4654 4114
f 3693 3695 4633 3691
f 4629 3687 4121 3689
f 3668 3674 3676 3677
f 3666 3672 3674 3668
f 4106 3663 3661 3659
f 3655 3657 4099 4608
f 3651 3653 3657 3655
f 4605 3650 4598 4075
f 3641 3639 4603 4080
f 4094 3647 4589 4586
f 3643 3645 4094 4586
f 4583 4085 3645 3643
f 4581 4082 4085 4583
f 4130 4667 4670 4666
f 3631 3634 4579 3635
f 4073 4071 4559 4557
f 4555 4062 4073 4557
f 3629 3627 4062 4555
f 3625 4058 3627 3629
f 5069 5128 5096 5101
f 4780 4779 4781 4782
f 4537 4535 4052 4053
f 4046 3622 4549 3619
f 3608 3610 3612 4526
f 4972 4980 2862 2871
f 3601 3616 3606 3604
f 3595 3598 4521 4023
f 4323 4328 4326 4324
f 3587 4505 3598 3595
f 4044 4039 3593 3591
f 4511 4042 4044 3591
f 4509 4026 4042 4511
f 4502 3585 3998 3582
f 4001 3581 4502 3582
f 4004 4485 3581 4001
f 4655 3700 4658 4656
f 3568 3570 4008 3572
f 4483 4003 3570 3568
f 3981 4482 3565 3566
f 4506 4510 4512 4519
f 3995 3562 4464 3560
f 3556 3558 3995 3560
f 3547 3983 3554 3552
f 3550 4462 4482 3981
f 4460 3549 3983 3547
f 4459 4457 4454 3545
f 4317 4324 4319 4311
f 3526 3528 3532 3530
f 3512 4433 3517 3514
f 3502 3957 3506 3504
f 4410 3953 3957 3502
f 3497 3496 3501 3499
f 3494 3496 3497 3495
f 3490 3492 3493 3491
f 3488 3490 3491 3489
f 3485 3488 3489 3487
f 3484 3485 3487 3486
f 3482 3484 3486 3483
f 3500 3481 3480 3498
f 3699 4132 4134 4657
f 3507 3959 3962 3509
f 3273 3271 3405 3410
f 3276 3451 3452 3413
f 3243 3241 3446 3445
f 3980 3985 3555 3984
f 3443 3243 3445 3444
f 3245 3443 3444 3441
f 3924 4938 4922 4936
f 3247 3245 3441 3440
f 3249 3247 3440 3439
f 3255 3253 3418 3423
f 3437 3255 3423 3426
f 3432 3434 3436 3431
f 3431 3403 3261 3432
f 5160 5173 5214 5170
f 3428 3430 3431 3436
f 3419 3421 3423 3418
f 5009 5007 4992 4997
f 3333 3419 3418 3439
f 3331 3333 3439 3440
f 3327 3331 3440 3441
f 3416 3327 3441 3444
f 4540 4546 4547 4525
f 3414 3416 3444 3445
f 4875 4331 4879 4877
f 4602 3638 4582 4580
f 3321 3414 3445 3446
f 3409 3313 3452 3410
f 3407 3409 3410 3405
f 3402 3401 3267 3263
f 3398 3404 3401 3400
f 1400 1404 3282 3300
f 3396 1398 3295 3291
f 3388 1402 3289 3389
f 3384 3386 3286 3284
f 4547 4524 3609 4525
f 3239 3380 3337 3377
f 3237 3239 3377 3335
f 3375 3237 3335 3373
f 3369 3375 3373 3372
f 3226 3357 3362 3320
f 3224 3226 3320 3318
f 3726 3730 3728 4185
f 3223 3353 3356 3312
f 3352 3223 3312 3309
f 3221 3352 3309 3349
f 3753 4724 4726 4744
f 5080 5086 5105 5083
f 3339 3342 3344 3345
f 3378 3338 3429 3427
f 3323 3325 3328 3417
f 3319 3361 3415 3322
f 3311 3355 3316 3314
f 4444 4446 4448 4445
f 3308 3350 3406 3397
f 3346 3306 3399 3303
f 3296 3299 3234 3297
f 3392 3292 3293 3231
f 3390 3290 3229 3288
f 3381 3283 3215 3279
f 4689 4695 4696 4682
f 3450 3275 1362 1358
f 4769 4771 3778 3775
f 3274 3450 1358 1376
f 3284 3382 1406 3384
f 1384 3262 3264 3265
f 3433 3262 1384 3258
f 3438 3435 3256 1395
f 3252 3254 1393 1344
f 3248 3252 1344 3250
f 3244 3246 1340 1355
f 3442 3244 1355 1349
f 4764 3766 3764 4763
f 4507 3589 4026 4509
f 3242 3442 1349 1347
f 3240 3242 1347 1368
f 5067 5122 5087 5119
f 4350 4348 3922 3920
f 3278 3280 3341 3379
f 4783 4784 4788 4785
f 3235 3278 3238 3236
f 3298 3235 3376 3370
f 3294 3298 3366 3233
f 3230 3294 3364 3360
f 3228 3230 3358 3227
f 3218 3287 3222 3351
f 3214 3218 3220 3216
f 3347 3343 3280 3214
f 3211 3209 3164 3212
f 3205 3206 1866 3208
f 3204 1862 3206 3205
f 3200 3202 1859 3203
f 3196 1855 3199 3197
f 3195 1853 1855 3196
f 4790 3816 4795 4792
f 4932 4934 3930 4931
f 4488 3574 3576 3578
f 1860 3173 3176 3175
f 3169 1860 3175 3172
f 3313 3315 3413 3452
f 1868 3213 3212 3164
f 3158 3159 3162 2843
f 2837 3150 3153 3152
f 3148 3147 3150 2837
f 3146 3147 3148 2833
f 3145 3146 2833 2829
f 3305 3348 3217 3307
f 3142 3145 2829 2824
f 5054 5057 5059 5041
f 2828 3132 3133 3041
f 3402 3263 3261 3403
f 3130 2828 3041 3127
f 3126 3130 3127 3123
f 3121 2853 3126 3123
f 5167 5172 5163 5230
f 3194 1851 1853 3195
f 3074 2851 2853 3121
f 3430 3302 3403 3431
f 5087 5124 5078 5119
f 4164 4166 4168 4167
f 3071 3119 2847 3118
f 3065 3115 2844 3067
f 4162 4164 4167 4160
f 3113 3115 3065 3062
f 3107 2840 3112 3110
f 3103 3107 3110 3106
f 3095 3099 3102 3098
f 4514 4515 4516 4513
f 3094 2838 3095 3098
f 3054 3091 2838 3094
f 3089 3087 3091 3054
f 4823 4822 4824 4827
f 3077 3080 3082 3048
f 4965 3941 4942 4943
f 3070 3117 3073 3072
f 3064 3066 3069 3068
f 3061 3064 3068 3063
f 3111 3061 3063 3060
f 3951 4944 4960 4943
f 3109 3111 3060 3059
f 3101 3105 3058 3057
f 3097 3101 3057 3056
f 3055 3093 3097 3056
f 3052 3053 3093 3055
f 3051 3090 3053 3052
f 4577 3630 4556 4570
f 3047 3049 3084 3050
f 4628 4627 4630 4646
f 4788 4784 3786 4787
f 4234 4233 4236 3768
f 3043 3134 3136 3044
f 3039 3128 3042 3040
f 3539 4442 4443 4440
f 3037 3038 3122 3124
f 4289 3854 3843 4290
f 3030 3032 1082 3029
f 1092 3030 3029 3027
f 1218 1092 3027 3025
f 3817 4254 4255 4798
f 1080 3036 308 1215
f 3010 1685 1687 2551
f 3394 3396 3291 3391
f 1690 1683 3006 3004
f 2556 3002 1690 3004
f 3000 3002 2556 2998
f 3883 4347 4342 4337
f 2996 3000 2998 2549
f 3844 3848 4294 3846
f 2996 2549 2551 1687
f 1652 2991 2993 2989
f 1658 1652 2989 2987
f 3317 3319 3322 3412
f 931 928 2977 2973
f 938 931 2973 2971
f 4842 3857 3860 3856
f 2968 2993 2991 261
f 1632 1630 170 2967
f 177 2959 1635 2961
f 2955 2959 177 2957
f 3046 3078 3049 3047
f 174 1628 2955 2957
f 172 170 1630 2952
f 4568 4068 4070 4066
f 3893 4895 3880 3890
f 2950 2948 1603 1543
f 3922 4348 4903 4901
f 2943 2948 2950 2946
f 2941 2943 2946 2657
f 2930 2936 2940 2937
f 4105 3664 4107 4104
f 1609 2918 2919 114
f 4298 4300 4848 4853
f 2900 1821 1827 2902
f 2895 2916 2900 2898
f 3805 4812 4810 4793
f 4635 4636 4637 4632
f 4390 3949 3948 3946
f 2304 2310 2650 2887
f 2880 2885 2304 2887
f 2875 2316 2880 2887
f 2647 2645 2316 2875
f 4032 4029 4518 4517
f 2283 2870 2863 2867
f 2866 2281 2868 2867
f 2918 1608 2922 2919
f 2622 2866 2867 2863
f 2622 2863 2870 2858
f 3066 3070 3072 3069
f 2887 2650 2647 2875
f 1424 1427 1485 1488
f 3359 3363 3326 3324
f 4793 4807 4809 3805
f 267 119 874 272
f 1403 3387 3385 1405
f 1732 345 1700 1734
f 3014 3015 3020 1210
f 1456 1454 1449 648
f 3260 1385 1387 1383
f 1375 1377 3463 1380
f 5187 5201 5204 5209
f 1392 3270 3461 1373
f 4920 4922 4938 4940
f 1367 1365 1369 3468
f 2803 2801 982 1880
f 4334 4337 4336 4882
f 1350 1356 3471 1354
f 1348 1350 1354 1352
f 2123 2466 2474 2799
f 2462 2466 2123 2797
f 1341 3251 1343 3474
f 4466 4468 4470 4467
f 2591 2592 2599 2593
f 1337 1338 1339 1332
f 1134 1191 1195 1128
f 1339 1334 1333 1332
f 2990 2994 978 2970
f 3117 3075 3076 3073
f 4207 4737 3744 4211
f 188 204 203 205
f 1843 1301 1302 2888
f 4835 3840 3842 3852
f 2527 291 992 996
f 1505 662 659 657
f 3923 3927 4380 3925
f 2193 2190 1296 1299
f 1286 393 1292 1288
f 1864 3169 3172 3171
f 1698 1703 1704 2170
f 59 579 583 2758
f 1231 1168 1166 1233
f 1263 1264 1265 1719
f 1260 1263 1719 1261
f 651 1422 1499 1501
f 3325 3367 3332 3328
f 4481 4461 3548 4463
f 1251 1252 1253 1710
f 1397 3393 1401 1399
f 2137 2139 2144 1097
f 4872 3862 4320 4315
f 2146 1170 1168 1231
f 2566 2570 2817 2815
f 5117 5074 5114 5091
f 1225 1174 1228 1227
f 5048 5019 5032 5050
f 2440 2457 2449 2439
f 2528 2530 2531 2532
f 3522 3544 4435 3540
f 2681 1219 1222 2709
f 1214 3012 1216 2702
f 3173 1856 3177 3176
f 4515 4036 4034 4516
f 1211 1201 1074 1078
f 4732 4735 4736 4739
f 2901 1307 1309 2899
f 494 2616 500 496
f 616 641 42 1908
f 1040 948 2060 951
f 4281 4828 4825 3827
f 1928 1930 1931 1919
f 2247 1781 2233 2235
f 2528 2498 2517 2523
f 4011 4006 4500 4499
f 3315 3411 3447 3413
f 4093 3648 4095 4090
f 1250 1251 1710 1708
f 1139 1169 1171 1141
f 1269 1272 1273 1742
f 2664 1555 2662 2661
f 4588 4593 4594 4585
f 2787 2791 2788 2746
f 1119 1111 1107 1121
f 4056 4554 3634 3631
f 166 2785 2784 2782
f 4610 4613 4618 4619
f 86 95 94 84
f 3013 1199 1201 1211
f 2181 1750 1752 1754
f 4351 4354 4360 4355
f 1824 1830 2906 1826
f 3617 3603 3622 4046
f 1158 1124 1127 1053
f 2303 2305 2886 2308
f 3048 3082 3086 3083
f 855 857 150 214
f 5151 5194 5192 5197
f 1102 1106 2138 1104
f 2783 2786 2755 2743
f 4016 3577 3575 4019
f 674 1424 1488 1492
f 1047 1118 1120 1049
f 3031 1093 315 1096
f 1072 1086 3024 3026
f 4260 4265 4800 4806
f 3517 4430 3519 3514
f 5148 5180 5224 5164
f 3609 4527 4531 4525
f 2670 2121 1030 2118
f 4977 2284 2291 4995
f 1067 1071 1084 1069
f 1063 1067 1069 1065
f 1177 332 23 30
f 945 2067 948 1040
f 3977 3535 3533 3979
f 2619 2276 2272 2295
f 981 264 940 979
f 1052 1126 1056 1054
f 1048 1050 1054 1070
f 2522 2521 2523 2518
f 1041 953 1002 1038
f 682 689 1996 685
f 3711 4131 4128 4129
f 1120 1122 1051 1049
f 4756 4223 4225 4760
f 2135 1029 1006 1008
f 1017 1021 1020 1016
f 3018 1207 1197 1209
f 250 2478 2486 306
f 3673 3671 3652 4606
f 4647 4109 4649 4645
f 4217 3771 3760 4218
f 723 2923 2925 725
f 1010 1014 2478 250
f 2508 2516 2515 2514
f 1672 2483 2481 1674
f 2500 2503 2501 2499
f 2961 1635 2965 2963
f 3050 3084 3090 3051
f 2965 1632 2967 2963
f 1106 1108 2140 2138
f 2470 990 997 993
f 4407 4404 4401 4409
f 4150 4691 4159 4156
f 4027 4028 4031 4043
f 2259 462 457 453
f 896 1659 2986 1664
f 1115 1156 1111 1119
f 448 450 2248 2249
f 1363 1365 1367 3466
f 2982 2985 1658 2987
f 1205 1063 1065 1076
f 4814 3838 4831 4816
f 3565 4480 4477 3566
f 2988 2990 2970 2972
f 2055 2021 2057 2056
f 4334 4341 3883 4337
f 2976 2983 2988 2972
f 131 2488 2519 2489
f 2384 2388 785 783
f 3727 4719 4720 4700
f 2147 2141 24 333
f 966 968 970 827
f 3141 3143 2854 3163
f 2808 958 964 961
f 2795 2814 2081 955
f 115 1570 1542 1539
f 939 941 1884 937
f 1334 1335 1336 1333
f 930 932 937 935
f 4376 3926 4381 4379
f 929 933 1660 2975
f 686 1997 1994 75
f 122 125 968 966
f 3310 3311 3314 3408
f 4899 4918 3912 3906
f 832 915 919 913
f 4579 4575 4572 3635
f 2092 2090 2083 2082
f 792 920 922 901
f 1460 1463 1461 1458
f 4541 4543 3623 4546
f 4327 3866 3868 4329
f 5185 5194 5151 5188
f 275 917 920 792
f 889 892 270 898
f 1662 889 898 895
f 1394 1396 3456 3479
f 4068 4566 4069 4070
f 1275 1736 1740 1739
f 3697 4126 4132 3699
f 801 879 1655 899
f 3546 3972 3973 3974
f 2747 2716 2748 2752
f 697 701 1515 96
f 4079 4084 4086 4083
f 2897 1311 1313 2892
f 696 90 704 699
f 2849 3160 3163 2854
f 4194 4199 3741 4202
f 1849 3191 3193 3192
f 1418 1926 610 1419
f 2580 2563 2582 2581
f 4378 4379 4385 4383
f 2652 502 508 505
f 535 549 568 552
f 3254 3438 1395 1393
f 829 975 834 831
f 2537 2538 2564 2554
f 1364 3448 3240 1368
f 1594 853 146 2767
f 3434 3437 3426 3436
f 3969 3510 4419 4417
f 836 844 1621 841
f 1856 3180 3178 3177
f 1961 1921 1415 1958
f 368 381 2186 1280
f 4286 4287 4282 3828
f 1320 1843 2888 1316
f 420 2204 2202 1772
f 1284 2188 1753 1749
f 2752 2748 2725 2751
f 973 824 750 971
f 2103 2105 2723 2029
f 872 878 800 907
f 815 1577 1579 817
f 2602 2606 2604 2294
f 4686 4687 4688 4683
f 2390 2392 2396 1572
f 223 206 218 232
f 3023 1085 1207 3018
f 757 1577 815 905
f 4860 4310 4318 4861
f 4625 4623 3675 4607
f 3044 3136 3140 3045
f 755 1575 1577 757
f 4129 4128 4133 4127
f 117 732 730 120
f 2501 2503 2516 2502
f 1455 1457 1446 1458
f 5042 5061 2644 2882
f 778 2378 780 2389
f 1464 1438 1440 1936
f 4626 3685 3687 4629
f 764 1525 769 770
f 2760 2034 852 850
f 766 1532 1525 764
f 4383 4385 4384 4928
f 3572 4008 3574 4488
f 3188 1849 3192 3189
f 369 2184 1745 1270
f 1526 766 764 1549
f 816 818 2100 2102
f 894 897 900 1656
f 1101 1160 1125 1159
f 1202 1184 1206 1077
f 2744 2711 2715 2713
f 4414 3508 3969 4417
f 3277 3281 3381 3279
f 787 756 753 751
f 4533 4534 4536 4532
f 775 787 751 748
f 747 729 735 1530
f 731 733 737 736
f 2507 2514 2513 2510
f 2927 2932 1554 727
f 3954 4412 4433 3512
f 2521 983 988 2524
f 2868 2289 2283 2867
f 1283 375 379 1282
f 172 2952 1628 174
f 3355 3317 3412 3316
f 1422 674 1492 1499
f 1430 1482 1486 1483
f 1934 1938 1942 1932
f 3203 1859 1862 3204
f 1179 1183 1189 1182
f 826 752 754 965
f 3257 3259 1382 3458
f 2665 139 142 1557
f 1999 847 2034 2760
f 690 683 694 692
f 2438 2451 2452 2450
f 638 1434 676 675
f 1811 1801 1829 1323
f 3721 4156 4155 4153
f 1814 1816 1818 2915
f 1423 673 672 671
f 3751 4745 4747 3747
f 297 1024 1027 302
f 3363 3232 3368 3326
f 1497 1477 661 1504
f 5 248 141 3
f 1088 1059 1196 1208
f 1068 1083 3028 1081
f 2832 3138 3139 3135
f 3542 3521 3524 4437
f 184 148 149 146
f 1791 1792 2891 1790
f 1208 1196 1192 1198
f 385 394 1291 398
f 1370 1348 1352 3469
f 2043 2045 2044 2042
f 3749 3755 3754 3752
f 2674 2659 2675 238
f 2585 2558 990 2470
f 561 554 578 563
f 4394 4397 4396 4951
f 4119 3694 4122 4118
f 2041 2043 2042 2040
f 1399 1401 3387 1403
f 3170 1865 1867 3207
f 4802 4805 4809 4807
f 407 426 2201 413
f 4662 4663 4664 4661
f 2720 2724 2107 2721
f 252 253 2431 2426
f 3952 4386 4947 4945
f 259 942 265 263
f 3679 3682 3685 4626
f 4084 4078 4088 4089
f 3266 1391 1372 1389
f 2717 2014 2019 2017
f 397 392 2196 384
f 1508 667 1469 668
f 538 37 576 542
f 3083 3086 3087 3089
f 1107 1105 1123 1121
f 1619 246 1020 1021
f 839 221 231 226
f 382 367 365 361
f 3037 3124 3128 3039
f 1464 1936 1938 1934
f 3411 3321 3446 3447
f 1738 1277 2173 1274
f 1881 1882 1900 2804
f 2459 2447 2461 2454
f 2794 2122 2812 2813
f 3371 3374 3422 3420
f 3845 3841 4840 4843
f 2876 2312 2641 2881
f 1894 240 1581 303
f 4394 3943 4399 4397
f 179 160 195 178
f 4890 4886 4894 4892
f 4101 4097 4617 4108
f 2479 1874 1877 2485
f 201 192 190 202
f 2241 2211 2221 435
f 1609 114 1538 1605
f 2576 2597 2596 2063
f 1581 240 819 243
f 3956 3959 3507 3958
f 181 192 200 191
f 1108 1112 1110 2140
f 3154 3158 2843 3157
f 1948 629 1985 633
f 4706 4716 4700 4705
f 519 2325 513 520
f 3604 3606 4049 4523
f 1735 1701 2171 2167
f 3153 3154 3157 3152
f 193 157 180 191
f 1831 1834 1837 1833
f 598 601 1870 2359
f 1105 1101 1159 1123
f 3873 4313 4859 4857
f 191 180 182 181
f 4159 4691 4162 4160
f 3251 1345 3476 1343
f 3481 3482 3483 3480
f 4440 4445 4450 4439
f 3492 3494 3495 3493
f 4558 4560 4561 4563
f 1163 1164 1237 1131
f 1239 329 1150 338
f 5109 5107 5137 5104
f 3283 3285 3219 3215
f 2382 2383 2384 783
f 4494 4498 4499 4490
f 796 2417 871 869
f 2435 812 2437 2436
f 168 175 176 2960
f 2539 2580 2579 2565
f 1396 3257 3458 3456
f 245 1617 1015 1019
f 3567 4473 3985 3980
f 2593 2588 2128 2591
f 1800 1804 2908 1802
f 3301 3340 3346 3303
f 179 178 220 208
f 4376 4379 4378 4365
f 293 1001 952 280
f 4608 4099 4106 3659
f 5208 5169 5213 5218
f 4632 4637 4644 4631
f 3960 4427 4426 4425
f 3350 3310 3408 3406
f 1451 652 1502 1507
f 1133 1167 1169 1139
f 1601 1591 1590 1602
f 2016 836 841 838
f 197 196 194 198
f 139 2665 2667 2476
f 2004 2007 216 2008
f 5044 5028 5020 5026
f 3863 4873 4855 4870
f 2899 1309 1311 2897
f 1193 1195 1057 1060
f 4768 4765 3762 4767
f 1336 1335 1338 1337
f 1075 1064 3035 1079
f 4349 4355 4358 4357
f 85 91 82 88
f 1727 1730 1711 1254
f 4909 4363 4362 4912
f 1959 1416 1923 1413
f 5173 5168 5176 5214
f 5195 5186 5219 5183
f 190 192 181 183
f 2601 47 45 2605
f 575 576 37 534
f 4742 4747 4745 4744
f 2503 2500 2532 2533
f 761 759 904 925
f 4275 4277 4823 4830
f 1555 2672 2666 1558
f 186 135 132 185
f 2667 2480 2479 2476
f 220 209 2507 2510
f 592 594 596 589
f 1998 2759 2777 2761
f 2422 1649 2423 2420
f 1786 2218 2230 1784
f 4552 4055 4058 3625
f 4087 4077 4600 4594
f 3159 3160 2849 3162
f 3994 3563 3996 3991
f 1932 1942 1916 1918
f 1083 1072 3026 3028
f 211 212 2505 2506
f 983 984 986 988
f 1314 1841 1321 1317
f 2297 2320 2317 2627
f 3435 3433 3258 3256
f 202 190 205 203
f 3105 3109 3059 3058
f 4402 4405 4952 4959
f 1252 1255 1258 1253
f 3270 1375 1380 3461
f 2050 2027 2052 2051
f 2027 2024 2053 2052
f 1235 1236 1165 1098
f 4811 3804 4258 4256
f 2117 2121 2670 2114
f 2443 880 2446 2445
f 370 1279 1281 2185
f 93 1516 77 703
f 1909 1971 1911 617
f 3118 2847 2851 3074
f 2730 180 157 158
f 3357 3359 3324 3362
f 4493 4495 4498 4494
f 897 268 273 900
f 2738 162 2756 2739
f 4426 4429 3516 4413
f 468 472 474 481
f 461 2258 2257 2256
f 523 2327 2323 518
f 1294 2189 1293 395
f 3971 4453 4456 4451
f 5132 5098 5100 5095
f 583 67 2341 2758
f 138 135 186 144
f 160 157 193 195
f 4516 4034 4032 4517
f 1543 1603 1605 1538
f 1071 1055 1073 1084
f 2033 2045 2043 851
f 1198 1192 1190 1200
f 531 533 543 532
f 2659 1680 2677 2675
f 4889 4881 4335 4888
f 848 2001 128 2031
f 1964 1956 624 620
f 861 237 2676 864
f 256 1650 1645 1637
f 1522 112 716 711
f 5016 2314 2643 5024
f 1364 1362 3275 3448
f 902 790 794 793
f 4147 4144 3701 4659
f 540 566 559 38
f 1023 2131 1008 1028
f 4929 4930 4932 4931
f 533 537 551 39
f 1233 1166 1236 1235
f 3367 3329 3334 3332
f 4925 4364 4377 4926
f 3304 3402 3403 3302
f 3534 3536 4441 3538
f 3232 3365 3330 3368
f 918 274 909 912
f 1298 401 387 2197
f 5092 5116 5110 5063
f 4205 3742 4737 4207
f 3132 2832 3135 3133
f 1500 1496 1503 1506
f 1613 182 180 2730
f 1878 1881 2804 1879
f 62 64 2343 66
f 2032 129 2103 2029
f 2913 1812 1816 1814
f 2473 2587 2468 2472
f 4266 4270 4269 4268
f 50 55 60 57
f 2090 2092 2093 2091
f 2669 2671 2119 1676
f 871 885 1654 877
f 2120 865 1006 1029
f 2463 2796 956 287
f 2346 2340 55 50
f 484 485 473 471
f 2802 2805 1901 2806
f 2348 2353 595 593
f 1227 1228 1170 2146
f 4653 3680 4627 4628
f 183 148 184 187
f 1608 2929 2924 2922
f 1524 1531 1545 1565
f 2519 2488 2485 1877
f 486 483 2264 2262
f 1447 1456 648 647
f 1873 1876 1875 2484
f 3576 4017 4491 3578
f 1868 3166 3168 3213
f 3688 4117 4118 4122
f 3141 3142 2824 3143
f 3401 3402 3304 3400
f 2610 2611 2617 2618
f 2364 2367 608 605
f 2771 1590 1591 1592
f 2926 2934 2936 2930
f 2084 2085 2087 2086
f 828 830 802 1550
f 788 1575 755 786
f 1774 424 409 411
f 3660 3662 4611 4610
f 1064 1068 1081 3035
f 1899 959 2809 2807
f 130 2003 2411 2104
f 4869 4866 4867 4868
f 1326 607 2366 1330
f 693 71 1989 1986
f 2477 2485 2488 2487
f 1992 1990 72 74
f 4146 4148 4135 4136
f 2438 2449 2455 2451
f 3425 3428 3436 3426
f 3264 3268 1390 3265
f 736 737 739 743
f 3075 3122 3038 3076
f 1280 2186 1283 1282
f 4831 4820 4275 4830
f 2920 1562 1571 116
f 4781 3790 3788 4782
f 521 514 517 511
f 1517 1513 700 79
f 3706 3709 4673 3710
f 132 307 188 185
f 3099 3103 3106 3102
f 195 196 210 178
f 491 2268 2269 2270
f 282 236 229 295
f 4931 3930 3928 4935
f 814 2442 2440 2439
f 151 153 182 154
f 1041 1038 1035 1033
f 87 81 698 97
f 2046 2048 2049 2047
f 2536 2563 2580 2539
f 4437 3524 3528 3526
f 4847 4851 3849 4852
f 2340 587 580 55
f 1200 1190 1184 1202
f 3077 3139 3138 3080
f 133 1618 246 1619
f 230 234 219 2509
f 4564 4067 4567 4569
f 4606 3652 3656 4607
f 1061 1162 1130 1194
f 2925 2927 727 725
f 2082 2083 2085 2084
f 3329 3371 3420 3334
f 2749 2726 2750 2751
f 4048 4051 4050 3607
f 1952 626 628 1980
f 1907 1409 615 1968
f 3975 3971 4451 4450
f 1966 1411 1921 1961
f 4338 4343 4883 4887
f 3399 3306 3308 3397
f 2191 2194 390 405
f 545 547 565 539
f 205 190 183 187
f 1931 1466 1935 1933
f 2579 2566 2541 2565
f 4939 4937 4374 4370
f 574 41 552 568
f 1592 1591 1597 1595
f 1924 1920 1410 43
f 181 182 153 183
f 3267 3401 3404 3453
f 2561 2562 2563 2536
f 3040 3042 3134 3043
f 4827 4829 4834 4832
f 1945 643 1983 635
f 175 168 165 2778
f 853 147 184 146
f 4002 4000 3571 4005
f 5191 5222 5227 5226
f 2814 2808 961 2081
f 4803 3811 4805 4802
f 2687 1043 1066 1062
f 4761 4762 4764 4763
f 2396 2397 2407 1534
f 1615 247 249 305
f 1122 1158 1053 1051
f 1265 1264 1267 1717
f 2890 2907 1803 1789
f 4556 4558 4563 4570
f 749 823 772 774
f 827 970 916 972
f 2354 62 66 597
f 2788 2791 2793 2790
f 2661 2674 2110 2664
f 2653 2649 2309 503
f 1601 1600 1599 1598
f 1845 1847 2903 1304
f 798 1891 809 806
f 327 3016 3012 1214
f 276 798 870 910
f 3182 3185 3186 3183
f 364 366 1278 371
f 870 872 907 910
f 2279 2869 2282 498
f 2767 146 149 2764
f 4161 4690 4695 4689
f 4924 4366 3938 3936
f 1217 310 313 2703
f 135 138 140 137
f 4495 4496 4013 4498
f 1404 1406 3382 3282
f 2583 2469 2588 2593
f 1301 1845 1304 1302
f 1402 3394 3391 3289
f 26 1154 1113 15
f 4431 3503 3505 4413
f 941 266 943 1884
f 104 107 710 109
f 179 163 161 2737
f 442 459 446 444
f 437 2261 454 2251
f 230 2509 2512 296
f 4760 4765 4768 4756
f 1452 672 1421 650
f 1131 1237 1167 1133
f 1894 303 1584 2096
f 1871 1327 1331 1325
f 2187 383 362 1751
f 2800 2811 2812 2810
f 480 492 2271 466
f 4434 3543 4438 4436
f 4377 4382 4929 4926
f 4143 4145 4148 4146
f 722 1560 1574 1564
f 1015 1617 1615 305
f 907 800 875 803
f 4184 4187 4708 4183
f 526 528 2330 525
f 2902 1827 2907 2904
f 306 2486 1017 1016
f 1683 3007 2553 3006
f 850 852 2039 2775
f 2547 2997 2555 2540
f 2160 342 1718 1268
f 1573 1564 789 2391
f 1530 735 742 1547
f 554 570 556 578
f 1140 1142 1188 1137
f 4741 3742 4205 3740
f 2104 2411 2412 2106
f 4288 3857 4842 4839
f 3782 3784 4247 4248
f 198 194 200 199
f 1094 1220 2682 316
f 1744 1271 1272 1269
f 3737 4179 4181 4176
f 2935 2933 2949 2944
f 791 816 2102 1903
f 2661 740 738 2660
f 2147 333 34 334
f 989 2557 2530 2529
f 4752 4754 4756 4768
f 139 138 144 142
f 1229 1175 1146 1143
f 3814 4810 4812 3799
f 853 186 185 147
f 4906 4908 4910 4919
f 1212 3011 3015 3014
f 2143 323 1155 25
f 1171 1229 1143 1141
f 2396 2392 2398 2397
f 1668 1678 2677 1680
f 160 179 2737 2734
f 1600 1601 1602 1560
f 346 1698 2170 1699
f 157 160 2734 158
f 2968 261 264 981
f 2768 2769 1593 1596
f 4708 4187 4188 4710
f 4702 4174 4172 4704
f 3201 1857 3174 1858
f 36 1148 1144 1172
f 2751 2750 2753 2752
f 3246 3248 3250 1340
f 271 876 801 899
f 617 1911 1974 640
f 5178 5189 5152 5150
f 1173 1223 336 35
f 4789 4791 4799 4793
f 33 332 1177 340
f 4721 4718 4180 4177
f 408 415 1777 410
f 2442 810 2448 2440
f 4910 4913 4914 4915
f 1897 957 1898 1902
f 3292 3296 3297 3293
f 2879 2315 5017 5030
f 2709 1222 3022 2707
f 3689 4121 3693 3691
f 10 2696 1240 1693
f 3290 3392 3231 3229
f 1357 1341 3474 3472
f 2788 2790 1623 845
f 575 534 551 537
f 1956 1951 1979 624
f 4551 3626 3630 4577
f 1209 1197 1199 3013
f 4467 4470 4471 4469
f 1629 1633 2964 2954
f 1748 380 376 372
f 178 210 211 209
f 976 2981 2985 2982
f 1417 1949 1950 1412
f 2399 2405 2407 2397
f 386 400 1295 396
f 3812 3816 4790 3815
f 4766 3761 4229 4220
f 1290 404 389 1287
f 1671 1665 890 1663
f 1187 1189 1191 1136
f 928 2974 2979 2977
f 1731 1729 1696 344
f 582 585 591 584
f 629 634 1982 1985
f 1647 2421 1644 1642
f 2436 2429 808 2435
f 3637 3640 4082 4581
f 148 153 857 149
f 1679 300 1026 1007
f 2472 2471 994 2475
f 597 66 69 590
f 1385 3266 1389 1387
f 2331 529 515 512
f 1822 1824 1826 1820
f 769 778 773 770
f 2206 421 432 417
f 2200 418 433 430
f 2209 2237 2226 2224
f 3910 3914 4363 4361
f 1495 655 1477 1497
f 1579 242 820 817
f 2840 3113 3062 3112
f 591 588 70 584
f 637 641 639 1914
f 451 449 441 443
f 545 557 571 547
f 4713 4716 4706 4717
f 3633 4553 3626 4551
f 456 460 2255 445
f 986 289 2525 988
f 2265 469 467 464
f 4953 4956 4958 4954
f 5143 5073 5103 5097
f 734 118 1666 2658
f 2571 2577 2576 2574
f 2070 2058 2076 2071
f 4117 4648 4643 4118
f 2015 837 225 2018
f 495 497 2280 2865
f 4396 4397 4404 4403
f 1 1012 1009 4
f 1055 1058 1087 1073
f 4618 4625 4607 4619
f 2788 845 2712 2746
f 1968 615 1411 1966
f 873 745 1528 805
f 2892 1313 1841 1314
f 1328 1872 603 609
f 4523 4049 3610 3608
f 1194 1130 1132 1129
f 524 2329 2326 522
f 1378 1359 1361 3464
f 478 482 476 489
f 2020 227 235 278
f 3530 3532 3534 3538
f 555 544 541 543
f 4539 4537 4053 4054
f 3940 4964 3942 4392
f 185 188 205 187
f 4098 4101 3658 3654
f 38 559 550 536
f 3404 3405 3271 3453
f 229 236 228 233
f 1726 350 2165 349
f 1319 1308 1306 1842
f 4680 3712 4157 3714
f 561 563 40 573
f 4960 4950 4395 4949
f 2599 2598 2581 2582
f 189 307 2490 2491
f 149 857 855 2764
f 546 569 572 567
f 3935 3937 4364 4925
f 2752 2753 2754 2747
f 3197 3199 3202 3200
f 1112 1157 325 1110
f 479 477 2267 490
f 4637 4640 4642 4644
f 3386 3388 3389 3286
f 3344 3348 3305 3345
f 726 1599 1600 724
f 3690 3692 4632 4631
f 1503 665 1448 1506
f 592 586 2339 594
f 1947 631 644 1953
f 5172 5159 5203 5163
f 4318 4862 4869 4861
f 1346 1394 3479 3477
f 1742 1273 1277 1738
f 2229 2231 1779 1783
f 3823 4833 4279 3825
f 1834 1839 2896 1837
f 1929 613 1419 610
f 1963 618 1976 622
f 3713 4159 4160 4158
f 873 805 876 271
f 4802 4807 4806 4800
f 2447 881 884 2461
f 3277 3234 3299 3281
f 4736 3745 4738 4739
f 3715 3717 4683 4682
f 439 447 2250 2253
f 2215 2243 434 2219
f 2041 2035 1586 2037
f 2436 2437 2438 2450
f 1426 1429 1431 1484
f 4278 4287 4286 4285
f 1429 677 1433 1431
f 351 1712 1705 2166
f 677 1435 1437 1433
f 1675 1682 2134 1677
f 4592 4091 4595 4593
f 2179 2180 1755 1741
f 3180 3182 3183 3178
f 4923 3935 4925 4936
f 2349 51 56 2757
f 1459 1447 647 1444
f 1454 1451 1507 1449
f 4998 2292 2860 5011
f 1880 982 2522 2520
f 1461 1439 1465 1467
f 4512 3592 4513 4519
f 4612 4102 4614 4613
f 684 687 73 695
f 212 211 210 213
f 1949 1954 625 1950
f 1481 1482 1432 1436
f 4915 4918 4919 4910
f 2611 2613 2615 2617
f 4250 4247 4251 4778
f 2903 1847 1307 2901
f 2937 2940 2941 2657
f 1489 1493 1498 1491
f 1493 1496 1500 1498
f 2212 2239 2232 2228
f 1950 1955 1957 1412
f 2784 2785 2791 2787
f 210 196 197 213
f 2299 2624 2318 2321
f 646 670 679 1445
f 1441 1510 1941 1937
f 665 1503 656 1512
f 17 317 1692 28
f 4086 4084 4089 3646
f 95 1514 1518 94
f 728 746 874 119
f 199 200 192 201
f 3612 3614 4528 4526
f 1755 2180 359 2183
f 2806 1901 1899 2807
f 1413 1923 1926 1418
f 3807 4263 4270 4264
f 2122 2798 2810 2812
f 3174 1861 1863 1858
f 309 3033 1090 312
f 745 1529 767 1528
f 1566 1536 2371 2370
f 767 1529 1546 1533
f 4029 4020 3599 4518
f 2408 2403 2410 1535
f 3353 3224 3318 3356
f 1535 2410 1537 2395
f 6 1011 249 247
f 2992 1653 1657 1889
f 4196 3749 3752 3748
f 1539 1542 1548 1544
f 2128 2079 2590 2591
f 3166 1864 3171 3168
f 1462 1459 1444 1442
f 1553 1559 1599 726
f 2086 2087 2089 2088
f 721 2372 2374 705
f 1604 2928 1607 1606
f 1564 1574 1576 789
f 1576 1574 1587 1578
f 3897 3892 3881 4333
f 1578 1587 2036 1580
f 3361 3323 3417 3415
f 193 194 196 195
f 3034 3031 1096 1091
f 2279 2277 2290 2869
f 1588 1590 2771 2773
f 2742 2781 2783 2743
f 1704 1703 348 2164
f 1595 1597 145 854
f 4443 4444 4445 4440
f 145 1597 1598 143
f 2046 2045 2033 846
f 3339 3337 3380 3342
f 1445 679 1510 1443
f 2820 1032 2823 2821
f 123 763 927 126
f 1589 1574 1560 1602
f 2168 1713 341 1714
f 3670 3665 3653 3651
f 2949 2933 2928 1604
f 4474 3553 3557 4469
f 916 833 974 972
f 1210 3020 1221 3019
f 1563 2921 2923 723
f 2791 2785 1625 2793
f 2727 1612 1614 2731
f 1612 2011 156 1614
f 2373 2371 2377 2376
f 3398 3407 3405 3404
f 2617 2615 493 2623
f 248 1616 136 141
f 1616 1618 133 136
f 127 2000 2762 2002
f 4915 4917 3912 4918
f 842 1624 858 1626
f 842 1626 222 840
f 2964 1634 2958 2954
f 2380 1520 2383 2382
f 3968 3511 3970 3965
f 2048 2050 2051 2049
f 2721 2749 2751 2725
f 776 768 1524 2368
f 1643 251 7 2424
f 4305 4850 3850 4303
f 262 2992 1889 258
f 1653 1659 896 1657
f 4176 4181 4186 4184
f 2980 1671 1663 2984
f 1022 131 132 1620
f 890 1665 1668 1667
f 1804 1810 1806 2908
f 1957 1955 1962 1960
f 893 1667 1666 118
f 1666 1667 1668 1680
f 1671 1670 299 1669
f 4546 3623 4548 4547
f 1733 2168 1714 2158
f 3959 4428 3961 3962
f 1674 2481 2668 1675
f 1675 1676 2119 1682
f 2108 239 862 2112
f 2685 1046 1070 1066
f 1675 1677 1670 1674
f 1670 1677 2134 299
f 2490 2493 2494 2491
f 4271 4273 3826 4274
f 2019 277 2021 2022
f 2416 2729 2733 2726
f 4228 4233 4234 4232
f 1669 301 1678 1668
f 4451 4456 4458 4452
f 1438 1462 1442 1440
f 2472 2468 2584 2471
f 4210 4213 4208 4212
f 1684 1689 2995 1688
f 2995 1689 3001 2999
f 1255 1256 1721 1258
f 706 707 100 709
f 3504 3506 3508 4414
f 3853 4288 4839 4837
f 286 954 2082 2084
f 2762 2007 2004 2002
f 2735 2738 2739 2736
f 152 155 2009 217
f 1743 363 369 1270
f 429 1775 1778 2199
f 3045 3140 3078 3046
f 1709 1711 1733 2158
f 3987 4472 4475 4471
f 1793 1795 1796 2894
f 2763 856 215 2006
f 341 1713 352 1716
f 1758 1756 1271 1744
f 5049 5052 5057 5054
f 1806 1810 1322 1808
f 2534 2535 2538 2537
f 1723 1724 2162 1259
f 1259 2162 1727 1254
f 3834 3836 4815 3833
f 510 516 530 527
f 4636 4638 4640 4637
f 2691 2689 1062 1203
f 1739 1740 360 1743
f 163 175 2740 161
f 2693 1204 1183 2695
f 2035 2041 2040 1583
f 2184 1746 1760 1745
f 548 564 546 567
f 1892 2443 2445 2448
f 374 1750 2181 353
f 2713 2715 2013 2716
f 1754 1752 360 1740
f 1757 1759 1762 1761
f 1761 1762 1764 1766
f 3287 3228 3225 3354
f 2572 2575 2820 2821
f 1766 1764 1767 1769
f 1767 354 356 1769
f 131 2489 2493 2490
f 12 2690 2692 2698
f 3552 3554 3558 3556
f 1780 2244 2214 1782
f 4500 3584 4501 4487
f 1881 1876 1883 1882
f 2063 2065 2573 2576
f 2891 1792 1832 1836
f 2669 2673 2115 2671
f 1795 1799 2911 1796
f 1407 42 43 614
f 1828 1800 1802 2905
f 2755 2713 2716 2747
f 1808 1322 1812 2913
f 2915 1818 1822 1820
f 3374 3336 3424 3422
f 2896 1839 1838 1794
f 2524 2529 2528 2523
f 1310 1308 1319 1840
f 969 967 923 921
f 3365 3369 3372 3330
f 2095 2094 2101 2099
f 1080 1215 3011 1212
f 3181 3179 3198 1854
f 4014 4497 4015 4016
f 3179 1857 3201 3198
f 4900 4902 4356 4905
f 1728 2163 1702 1697
f 2272 48 2603 2295
f 4240 4243 4244 4238
f 4726 4200 4730 4740
f 4701 4703 4705 4700
f 934 936 1873 2484
f 4403 4404 4407 4406
f 1876 1881 1878 1875
f 138 139 2 140
f 1876 1873 1886 1883
f 1885 1887 1903 1886
f 1670 1671 1660 1672
f 2444 1893 795 1887
f 1398 1400 3300 3295
f 1572 2396 1534 2393
f 2347 2351 2356 2352
f 4594 4600 4601 4585
f 1898 1900 1882 1902
f 1902 1882 1883 1904
f 1408 1906 1971 1909
f 3208 1866 3209 3211
f 640 1974 1913 1915
f 744 741 2947 2951
f 4088 4596 4090 4089
f 671 675 1428 1425
f 1918 1916 613 1929
f 1165 1161 1100 1098
f 2648 2651 2654 2655
f 27 1691 1238 1176
f 3185 3188 3189 3186
f 1927 1930 611 1925
f 307 189 204 188
f 815 790 902 905
f 2048 2046 846 2030
f 1276 2174 2175 2178
f 2150 1709 2158 2154
f 987 985 2800 2810
f 1257 1260 1261 1722
f 1939 1940 1944 1943
f 1944 1946 636 1917
f 4368 4366 4924 4921
f 1962 621 1969 1965
f 5181 5196 5191 5226
f 1969 1972 1905 1967
f 288 2130 2124 2464
f 1161 1102 1104 1100
f 1972 1975 1910 1970
f 1973 1975 1480 1912
f 2761 2777 2763 2006
f 4888 4886 4890 4889
f 1160 1164 1163 1125
f 5053 5025 5018 5047
f 2062 949 2068 2064
f 3835 3820 4273 4271
f 2452 2453 2460 2423
f 843 835 2714 2710
f 3676 4624 4621 3677
f 3184 3181 1854 1852
f 235 281 284 278
f 2820 2575 2066 2069
f 2022 2021 2055 2054
f 2054 2023 2017 2022
f 279 950 2059 283
f 2023 2053 2024 2017
f 2492 2493 2489 2518
f 4009 4010 4019 3575
f 4739 4743 4740 4732
f 2045 2046 2047 2044
f 2222 2225 2239 2212
f 3272 3274 1376 1374
f 2401 2377 2409 2402
f 2021 277 285 2057
f 2070 2057 285 2058
f 4856 4855 4873 3876
f 2058 285 2061 2072
f 3515 4428 3959 3956
f 4124 3705 3709 3706
f 1390 3268 3454 3269
f 4274 4283 4276 4821
f 2077 2129 2084 2086
f 2080 960 2092 2082
f 3529 3973 3979 3533
f 1129 1132 1138 1135
f 3336 3378 3427 3424
f 3796 4774 4237 4785
f 2383 2385 2400 2384
f 3819 3834 3833 3831
f 962 2094 2091 2093
f 4168 3719 4170 4167
f 2109 2113 2117 2114
f 4081 4079 4083 3642
f 1873 936 1885 1886
f 5204 5207 5212 5209
f 2124 2130 2078 2127
f 298 2133 2132 1025
f 2132 2133 1681 2136
f 4567 4064 4576 4569
f 1681 2118 1030 2136
f 2498 2500 2499 2497
f 2151 1707 2152 1249
f 324 2142 2148 2144
f 83 92 702 89
f 117 120 269 891
f 1230 1097 2144 2145
f 2287 2288 2859 2874
f 1224 2144 2148 335
f 2594 2577 2570 2578
f 4712 3735 4715 4713
f 4274 3826 4280 4283
f 2152 1707 2155 2153
f 2153 2155 2159 2156
f 4290 3843 3847 4291
f 2156 2159 1715 2157
f 1715 343 2161 2157
f 4291 3847 4295 4296
f 1135 1138 1140 1137
f 3285 3390 3288 3219
f 1705 1712 2169 2172
f 4730 4203 4732 4740
f 2175 2176 1737 2178
f 3620 4542 4051 4048
f 2176 2179 1741 1737
f 2013 2718 2748 2716
f 1281 378 1747 2185
f 373 377 1284 1749
f 455 458 440 2254
f 1297 2195 391 2192
f 4380 3927 3929 3931
f 1776 414 2203 2198
f 2974 2981 976 2979
f 1773 428 1770 422
f 1598 1599 1559 143
f 4279 4833 4828 4281
f 2223 2213 2210 2207
f 4919 4918 4899 4905
f 2213 2218 1786 2216
f 3301 3429 3338 3340
f 2208 2211 2241 2236
f 4754 4757 4223 4756
f 4521 3600 4021 4023
f 2227 2238 2242 2240
f 2240 2245 2247 2235
f 4713 4715 3731 4716
f 5114 5074 5133 5111
f 4152 4677 3723 3720
f 3802 3812 3815 3800
f 3540 4435 4459 3545
f 2088 2089 2071 2076
f 46 2273 2274 2609
f 4800 4801 4803 4802
f 2274 2277 2279 2278
f 2278 2279 501 2614
f 2534 2531 2560 2535
f 2859 2288 2275 2620
f 4664 4139 4137 4665
f 4700 4716 3731 3727
f 4035 4037 4038 4041
f 4358 3908 3910 4361
f 2553 3007 1685 3010
f 3772 4751 3758 4749
f 2301 2302 2303 2308
f 2302 2639 509 2303
f 2425 2450 2452 2423
f 2303 504 2311 2305
f 4844 4292 4845 4854
f 664 1475 667 1508
f 2641 2634 2306 2881
f 3421 3425 3426 3423
f 475 487 2263 488
f 2633 2624 2299 2307
f 2324 2328 2331 512
f 4847 4852 4854 4853
f 1861 3170 3207 1863
f 2338 2345 2348 593
f 602 599 2362 604
f 2747 2754 2743 2755
f 307 132 131 2490
f 52 2351 2347 2344
f 1003 294 2511 998
f 2596 2597 2600 2073
f 209 211 2506 2507
f 3961 3964 3965 3962
f 2370 2371 2373 720
f 4943 4961 4963 4965
f 708 2377 2401 2385
f 4739 4738 3743 4743
f 1597 1591 1601 1598
f 1124 1162 1061 1127
f 2384 2400 2399 2388
f 785 2388 2398 2387
f 2387 2398 2392 781
f 2516 2503 2533 2515
f 2398 2388 2399 2397
f 4138 4140 4146 4136
f 4382 4927 4930 4929
f 2400 2404 2405 2399
f 2400 2385 2401 2404
f 2377 2371 1536 2409
f 2411 2414 2415 2412
f 2938 2656 2661 2662
f 2414 1611 2728 2415
f 3947 4942 3941 3945
f 2414 2005 2010 1611
f 2414 2411 2003 2005
f 886 2419 2420 883
f 2419 1641 2422 2420
f 3592 3594 4514 4513
f 4503 3586 3589 4507
f 3253 3249 3439 3418
f 4015 4018 3577 4016
f 2437 2439 2449 2438
f 4782 3788 3786 4784
f 355 2182 358 357
f 2437 812 814 2439
f 2474 991 292 2799
f 2756 162 2741 2742
f 2445 2446 2458 2457
f 2445 2457 2440 2448
f 2449 2457 2458 2455
f 2423 2460 883 2420
f 2465 2125 2473 2467
f 3019 1221 1218 3025
f 2125 2126 2587 2473
f 979 940 938 2971
f 1544 1548 744 2951
f 2472 2475 2467 2473
f 1013 2479 2485 2477
f 1414 1924 1927 1922
f 2975 1660 1671 2980
f 2493 2492 2495 2494
f 2492 2517 2496 2495
f 2812 2811 2809 2813
f 2516 2508 2504 2502
f 2508 2506 2505 2504
f 2506 2508 2514 2507
f 2757 56 59 2758
f 1903 1904 1883 1886
f 2500 2498 2528 2532
f 2741 2779 2781 2742
f 4867 3869 3867 4868
f 2523 2517 2492 2518
f 2489 2519 1880 2520
f 2522 982 983 2521
f 2526 995 2529 2524
f 4080 4603 4605 4075
f 2557 2560 2531 2530
f 2531 2534 2533 2532
f 2533 2534 2537 2515
f 4395 4402 4959 4949
f 2554 2564 2542 2540
f 2540 2568 2544 2547
f 4421 4424 4425 4416
f 2537 1000 2513 2515
f 2559 2586 2562 2561
f 2541 2566 2815 2567
f 2566 2579 2578 2570
f 2817 2570 2577 2571
f 2810 2798 290 987
f 2577 2594 2597 2576
f 1600 1560 722 724
f 2578 2579 2580 2581
f 2578 2581 2598 2594
f 2590 2075 2592 2591
f 3193 3191 1851 3194
f 1450 1453 1455 1452
f 2582 2563 2562 2583
f 4931 4935 4926 4929
f 1142 1145 1247 1188
f 2583 2562 2586 2469
f 1702 2163 1725 347
f 3032 308 3036 1082
f 2593 2599 2582 2583
f 3217 3221 3349 3307
f 2769 2770 2772 1593
f 3451 3273 3410 3452
f 2594 2598 2600 2597
f 2598 2599 2592 2600
f 2592 2075 2073 2600
f 3597 4504 4508 4522
f 2608 2610 2618 2604
f 2623 2621 2857 2618
f 2621 2623 493 2864
f 2319 2625 2626 2628
f 4367 4373 4376 4365
f 2630 2626 2635 2632
f 2632 2635 2640 2636
f 2636 2640 506 2638
f 2640 2655 2654 506
f 2480 2482 1874 2479
f 3067 2844 3119 3071
f 2655 2635 2646 2648
f 1552 2931 2938 2662
f 1487 1486 1489 1491
f 2656 2945 740 2661
f 2924 2929 2934 2926
f 1248 1250 1708 2149
f 2111 863 865 2116
f 4399 4401 4404 4397
f 738 2658 2659 2660
f 3454 3272 1374 3269
f 3855 3859 4292 4844
f 2672 2669 2668 2666
f 2669 2672 2664 2673
f 2664 2110 2115 2673
f 3017 328 2706 3021
f 2298 2631 2301 2300
f 2786 2745 2713 2755
f 2718 2026 2725 2748
f 2801 984 983 982
f 191 200 194 193
f 2725 2026 2720 2721
f 2721 2107 2413 2749
f 4862 4864 4866 4869
f 2496 2517 2498 2497
f 2413 2416 2726 2749
f 663 1511 680 1473
f 2733 2729 2732 159
f 159 2735 2736 2733
f 4475 4479 3564 4474
f 1435 1915 1913 1437
f 4317 4321 4323 4324
f 2742 2743 2754 2756
f 1887 795 791 1903
f 4140 4142 4143 4146
f 2726 2733 2736 2750
f 2750 2736 2739 2753
f 2739 2756 2754 2753
f 4617 4615 4104 4108
f 2757 2758 2341 63
f 63 2355 2350 2757
f 4658 4660 4661 4656
f 425 406 423 1771
f 856 2763 2766 2765
f 2765 2766 2769 2768
f 2769 2766 2776 2770
f 1117 1114 1118 1047
f 2772 2770 849 2774
f 3985 4473 3988 3986
f 2766 2763 2777 2776
f 2777 2759 849 2776
f 1666 1680 2659 2658
f 2785 166 860 1625
f 985 2802 2806 2800
f 5140 5146 5131 5126
f 2806 2807 2811 2800
f 2545 2816 2818 2819
f 2818 2572 2821 2819
f 4549 3624 4544 3619
f 2820 2069 947 1032
f 2821 2823 1034 2819
f 4384 4385 3932 3934
f 2819 1034 1037 2545
f 851 2043 2041 2037
f 3838 4817 4820 4831
f 5158 5201 5187 5155
f 1359 1363 3466 1361
f 2476 1013 2
f 252 2426 8
f 11 1694 320
f 18 21 14
f 29 22 19
f 1241 2697 1243
f 31 1151 1147
f 32 339 1152
f 2616 2612 499
f 2637 505 507
f 558 564 548
f 577 555 543
f 39 562 533
f 1908 42 1407
f 43 1410 614
f 616 639 641
f 671 1425 1423
f 675 676 1428
f 1434 638 1914
f 1421 672 673
f 2605 44 2607
f 2627 2629 2296
f 53 50 58
f 2346 50 54
f 581 61 55
f 62 2357 65
f 62 2354 2358
f 68 66 2342
f 710 99 109
f 99 710 101
f 132 134 1620
f 132 135 134
f 135 137 134
f 139 2476 2
f 186 853 144
f 153 151 857
f 182 1613 154
f 175 2778 2740
f 2962 168 2960
f 2962 208 168
f 2966 208 2962
f 169 208 2966
f 179 208 169
f 171 179 169
f 173 179 171
f 163 179 173
f 2956 163 173
f 2956 175 163
f 176 175 2956
f 148 183 153
f 147 187 184
f 185 187 147
f 209 220 178
f 2684 321 1045
f 2684 13 321
f 1244 1181 1186
f 1244 2699 1181
f 538 541 544
f 538 542 541
f 553 572 569
f 553 560 572
f 533 577 543
f 533 562 577
f 1478 1494 1490
f 1478 653 1494
f 669 1472 678
f 669 1470 1472
f 76 73 687
f 1988 692 694
f 90 696 80
f 78 699 704
f 707 706 2375
f 715 108 106
f 715 712 108
f 1523 712 715
f 719 717 113
f 719 721 717
f 2372 721 719
f 758 753 756
f 758 760 753
f 2389 773 778
f 2381 780 2378
f 782 780 2381
f 782 2386 780
f 784 2386 782
f 2389 786 773
f 788 786 2389
f 1891 793 794
f 1891 276 793
f 1891 798 276
f 875 1551 803
f 804 1551 875
f 1527 1551 804
f 809 2434 806
f 809 811 2434
f 2441 811 809
f 2441 813 811
f 750 826 971
f 752 826 750
f 754 121 965
f 121 754 762
f 975 829 825
f 831 834 914
f 1627 207 224
f 1627 167 207
f 859 167 1627
f 859 164 167
f 2676 1005 864
f 1005 2676 2678
f 865 2120 2116
f 2428 799 807
f 2428 867 799
f 2428 2430 867
f 885 871 2417
f 885 1888 1654
f 2459 2454 2456
f 881 887 884
f 922 903 901
f 903 922 924
f 830 906 802
f 911 906 830
f 911 908 906
f 969 919 915
f 969 921 919
f 124 923 967
f 124 926 923
f 939 937 932
f 977 2976 2978
f 2983 2976 977
f 2994 980 978
f 2994 2969 980
f 1036 2546 2543
f 1039 2546 1036
f 1039 999 2546
f 999 1039 1004
f 1679 1005 2678
f 1679 1007 1005
f 2135 1008 2131
f 946 2822 1031
f 1041 2822 946
f 1041 1033 2822
f 2687 1062 2689
f 2685 1066 1043
f 1048 1070 1046
f 1052 1054 1050
f 1060 1056 1126
f 16 319 20
f 1114 319 16
f 1114 1117 319
f 1145 331 1247
f 1149 331 1145
f 331 1149 1153
f 337 1176 1238
f 1204 2693 2691
f 1183 1179 2695
f 1189 1187 1182
f 1191 1134 1136
f 1195 1193 1128
f 1242 1246 330
f 1245 1246 1242
f 1245 1185 1246
f 399 1292 393
f 1299 1296 402
f 1801 1811 1805
f 1825 1323 1829
f 1823 1323 1825
f 1819 1323 1823
f 1817 1323 1819
f 1813 1323 1817
f 1871 1325 2361
f 3393 1397 3395
f 3385 3383 1405
f 1450 1452 650
f 1457 1455 1453
f 1460 1458 1446
f 1439 1461 1463
f 666 1471 1468
f 666 681 1471
f 1474 681 666
f 1476 658 660
f 1476 1479 658
f 654 1479 1476
f 1481 1436 1912
f 1482 1430 1432
f 1486 1487 1483
f 1509 1448 665
f 1509 649 1448
f 670 649 1509
f 670 646 649
f 1510 1441 1443
f 779 1519 2379
f 714 1519 779
f 714 103 1519
f 777 1521 713
f 2369 1521 777
f 2369 111 1521
f 718 111 2369
f 1524 1565 2368
f 1540 1565 1545
f 2403 2408 2406
f 1568 2395 1537
f 765 828 1550
f 765 822 828
f 771 822 765
f 1556 1553 2663
f 1559 1553 1556
f 1564 1561 722
f 1564 1569 1561
f 1569 1564 2394
f 1567 1569 2394
f 1567 1541 1569
f 1564 1573 2394
f 2036 1582 1580
f 1582 244 1580
f 304 1582 2036
f 304 2036 1585
f 1574 1589 1587
f 1589 1588 1587
f 1588 2038 1587
f 1588 2773 2038
f 1589 1590 1588
f 1589 1602 1590
f 2935 2942 2939
f 2935 2944 2942
f 2917 1606 1607
f 2917 1610 1606
f 2792 1622 2789
f 2792 842 1622
f 1624 842 2792
f 1631 1629 2953
f 1633 1629 1631
f 255 797 866
f 255 2418 797
f 1636 2418 255
f 1636 1639 2418
f 1640 1644 2421
f 1640 1646 1644
f 1646 1640 1638
f 1643 2424 1648
f 254 868 2433
f 1651 868 254
f 1651 257 868
f 1667 893 890
f 1669 1668 1665
f 1671 1669 1665
f 1674 1670 1672
f 1676 1675 2668
f 299 301 1669
f 1684 1686 3008
f 1684 1688 1686
f 1116 1695 318
f 1116 322 1695
f 1044 322 1116
f 2150 2154 1706
f 352 1266 1716
f 352 1720 1266
f 1724 1720 352
f 1724 1262 1720
f 1724 1723 1262
f 1711 1730 1733
f 1736 1275 2177
f 360 363 1743
f 1746 1763 1760
f 1746 1765 1763
f 374 1765 1746
f 374 1768 1765
f 374 353 1768
f 2202 427 1772
f 1778 1775 412
f 2244 1780 2246
f 1785 1782 2214
f 1791 2337 1787
f 1791 1790 2337
f 1799 2333 2911
f 1799 1798 2333
f 1310 1840 1312
f 1306 1300 1842
f 1306 1844 1300
f 1844 1306 1846
f 3187 3190 1848
f 3187 1850 3190
f 3184 1850 3187
f 3184 1852 1850
f 3167 1867 1865
f 3167 3210 1867
f 1869 3210 3167
f 1869 3165 3210
f 603 606 609
f 934 1673 1661
f 934 2484 1673
f 944 1887 1885
f 260 1887 944
f 1887 260 882
f 888 882 260
f 888 260 1890
f 2444 1887 882
f 241 2100 818
f 241 818 821
f 1895 2100 241
f 2100 1895 2098
f 1896 1903 2102
f 1897 1896 2102
f 963 1897 2102
f 957 1897 963
f 1902 1896 1897
f 1904 1896 1902
f 1904 1903 1896
f 1924 1414 1920
f 1927 1925 1922
f 1930 1928 611
f 1931 1933 1919
f 1935 1466 1465
f 1940 1939 1937
f 1944 1917 1943
f 636 612 1917
f 636 1420 612
f 630 1420 636
f 630 1417 1420
f 1949 1417 630
f 1962 1965 1960
f 1969 1967 1965
f 1972 1970 1905
f 1975 1973 1910
f 623 1977 619
f 623 627 1977
f 627 623 1978
f 642 1984 1981
f 645 1984 642
f 645 632 1984
f 1991 691 1987
f 1993 691 1991
f 1995 691 1993
f 1995 688 691
f 835 2012 2714
f 2014 2012 835
f 2014 2717 2012
f 2022 2017 2019
f 2024 2717 2017
f 2024 2025 2717
f 2024 2027 2025
f 2027 2719 2025
f 2027 2050 2719
f 2050 2722 2719
f 2050 2028 2722
f 2050 2048 2028
f 2048 2030 2028
f 2057 2070 2056
f 2595 2072 2061
f 949 2595 2061
f 949 2062 2595
f 2072 2076 2058
f 2074 2076 2072
f 2088 2076 2074
f 2589 2088 2074
f 2086 2088 2589
f 2077 2086 2589
f 286 2084 2129
f 2080 2082 954
f 960 2093 2092
f 962 2093 960
f 2094 2095 2091
f 2099 2097 2095
f 2101 2094 962
f 1103 1097 1099
f 2137 1097 1103
f 1109 2144 2139
f 324 2144 1109
f 1097 1232 1234
f 1097 1230 1232
f 2144 1226 2145
f 2144 1224 1226
f 2189 1289 1293
f 2189 403 1289
f 1285 2192 391
f 388 2192 1285
f 2205 2198 2203
f 416 2198 2205
f 428 419 1770
f 428 431 419
f 2216 2210 2213
f 2216 2220 2210
f 2228 2217 2212
f 2234 2232 2239
f 2242 2245 2240
f 2245 2242 436
f 438 2249 2248
f 2249 438 2252
f 2258 2260 2257
f 2260 2258 452
f 483 2266 2264
f 2266 483 470
f 463 2270 2269
f 2270 463 465
f 2273 46 49
f 2277 2274 2273
f 2279 498 501
f 2298 2300 2322
f 2301 2308 2300
f 504 2303 509
f 2332 1788 2910
f 2334 1788 2332
f 2335 1788 2334
f 2336 1788 2335
f 1324 600 2360
f 1324 2363 600
f 1324 2365 2363
f 2365 1324 1329
f 2377 708 2376
f 2385 102 708
f 2385 2383 102
f 2383 98 102
f 2383 110 98
f 2383 1520 110
f 1520 105 110
f 2392 2390 781
f 2402 2404 2401
f 2405 2404 2402
f 2425 2423 1649
f 9 2450 2425
f 2436 2450 9
f 2427 2436 9
f 2429 2436 2427
f 2429 2427 2432
f 1892 2448 810
f 2451 2453 2452
f 2451 2455 2453
f 2479 1013 2476
f 2488 1018 2487
f 2488 131 1018
f 1018 131 1022
f 2515 2513 2514
f 2520 2518 2489
f 1880 2519 1877
f 2522 2518 2520
f 2524 2523 2521
f 2526 2524 988
f 989 2529 995
f 2530 2528 2529
f 2568 2540 2542
f 2548 2997 2547
f 1000 2548 2547
f 1000 2550 2548
f 1000 3009 2550
f 1000 2537 3009
f 2537 2552 3009
f 2537 3005 2552
f 2554 3005 2537
f 2554 3003 3005
f 2540 3003 2554
f 2540 2555 3003
f 2608 2604 2606
f 2604 2618 2294
f 2623 2618 2617
f 2626 2630 2628
f 2635 2626 2625
f 2635 2655 2640
f 734 2658 738
f 2659 2674 2660
f 2674 2661 2660
f 2672 1555 2664
f 2669 1676 2668
f 238 2110 2674
f 2704 314 2680
f 2704 1095 314
f 2704 1089 1095
f 2704 311 1089
f 2700 311 2704
f 1042 12 2683
f 2686 12 1042
f 2688 12 2686
f 2690 12 2688
f 2694 2698 2692
f 1178 2698 2694
f 2698 1178 1180
f 2704 1213 2701
f 2704 326 1213
f 2704 2705 326
f 2704 2708 2705
f 2679 2708 2704
f 2770 2776 849
f 166 2782 2780
f 2811 2807 2809
f 2816 2545 2569
f 2830 2827 2826
f 2827 2830 3131
f 2830 2831 3131
f 2834 2831 2830
f 2834 3137 2831
f 2834 3079 3137
f 3149 3079 2834
f 3149 3081 3079
f 3149 3085 3081
f 2836 3085 3149
f 2836 3088 3085
f 3092 3088 2836
f 3151 3092 2835
f 3151 2839 3092
f 3151 3096 2839
f 3151 3100 3096
f 3156 3100 3151
f 3104 3100 3156
f 3155 3108 3104
f 2842 3108 3155
f 2842 2841 3108
f 2842 3114 2841
f 3161 3114 2842
f 3161 3116 3114
f 3161 2845 3116
f 2848 2845 3161
f 2848 3120 2845
f 2848 2846 3120
f 2855 2846 2848
f 2850 2846 2855
f 2856 2852 2850
f 3144 2852 2856
f 3144 3125 2852
f 2825 3125 3144
f 2825 3129 3125
f 3129 2825 2827
f 1303 2890 2889
f 2890 1318 2889
f 2890 1835 1318
f 1835 1315 1318
f 1835 2893 1315
f 2895 2893 1835
f 2895 2898 2893
f 1821 2900 2916
f 2907 1305 2904
f 2907 2890 1305
f 1305 2890 1303
f 2909 1789 1803
f 2909 2912 1789
f 1807 2912 2909
f 1807 1797 2912
f 1809 1797 1807
f 1809 2895 1797
f 2914 2895 1809
f 1815 2895 2914
f 1815 2916 2895
f 3214 3216 3347
f 3218 3351 3220
f 3287 3354 3222
f 3228 3227 3225
f 3230 3360 3358
f 3294 3233 3364
f 3298 3370 3366
f 3235 3236 3376
f 3278 3379 3238
f 3280 3343 3341
f 3241 3447 3446
f 3449 3447 3241
f 3449 3413 3447
f 3276 3413 3449
f 3455 3459 3478
f 3457 3459 3455
f 1381 3459 3457
f 1386 3459 1381
f 1388 3459 1386
f 1371 3459 1388
f 3460 3459 1371
f 1379 3459 3460
f 3462 3459 1379
f 1360 3459 3462
f 3465 3459 1360
f 1366 3459 3465
f 3467 3459 1366
f 1351 3459 3467
f 1353 3459 1351
f 3470 3459 1353
f 3473 3459 3470
f 1342 3459 3473
f 3475 3459 1342
f 3478 3459 3475
f 4428 3515 3520
f 3956 3513 3515
f 3972 3546 4455
f 3974 3541 3546
f 4473 3567 4478
f 3980 3982 3567
f 4007 3583 3999
f 4000 4002 3583
f 4030 4024 4022
f 4025 3596 4024
f 4542 3620 4545
f 4048 4047 3620
f 4065 3636 4573
f 4060 3632 3636
f 4078 4076 4599
f 4079 4081 4076
f 4097 3678 4622
f 4098 3669 3678
f 4648 4113 4111
f 4116 4115 4113
f 4131 3711 4669
f 4129 3707 3711
f 4691 4150 4694
f 4156 3721 4150
f 4175 4183 4173
f 3737 4176 4175
f 3756 4201 4729
f 3750 4194 3756
f 4215 4224 4759
f 4217 4218 4215
f 4240 4238 4776
f 3795 4243 4240
f 3817 4798 4796
f 3813 4254 3817
f 3837 4821 4819
f 3835 4271 3837
f 3858 4293 3861
f 4289 4290 3858
f 4314 4311 4309
f 3874 4312 4314
f 4332 4882 4880
f 3897 4333 4332
f 4349 4357 4904
f 4351 4355 4349
f 4367 4365 3939
f 4369 4373 4367
f 4387 4951 4948
f 3950 4388 4387
f 3516 4431 4413
f 3516 4432 4431
f 4458 4436 4452
f 4458 4434 4436
f 3564 4463 4474
f 3564 4481 4463
f 4501 4486 4487
f 4501 3580 4486
f 4520 4522 4506
f 4520 3597 4522
f 4548 4550 4547
f 4548 3621 4550
f 4578 4551 4577
f 4578 3633 4551
f 4604 4580 4601
f 4604 4602 4580
f 3675 4606 4607
f 3675 3673 4606
f 4651 4628 4646
f 4651 4653 4628
f 4672 4674 4655
f 4672 3708 4674
f 4697 4699 4696
f 4697 3722 4699
f 4701 4720 3738
f 4700 4720 4701
f 3753 4745 3751
f 4744 4745 3753
f 4752 4751 3772
f 4768 4751 4752
f 4772 4771 4769
f 4788 4771 4772
f 4789 4810 3814
f 4793 4810 4789
f 4814 4813 3832
f 4816 4813 4814
f 4841 4840 4838
f 4843 4840 4841
f 4858 4855 4856
f 4870 4855 4858
f 4874 4897 3898
f 4890 4897 4874
f 3921 4898 3919
f 4899 4898 3921
f 4923 4922 4920
f 4936 4922 4923
f 3951 4942 3947
f 4943 4942 3951
f 4996 4993 4990
f 5006 4967 5004
f 5012 4967 5006
f 4985 4967 5012
f 5010 5013 5008
f 4979 5013 5010
f 4979 5010 2861
f 4987 5013 4979
f 5033 5056 5051
f 5033 5036 5056
f 5038 5036 5033
f 5055 5046 5027
f 5037 5060 5058
f 5037 5023 5060
f 5060 5023 2642
f 5040 5023 5037
f 5075 5071 5134
f 5075 5102 5071
f 5117 5091 5065
f 5077 5068 5099
f 5062 5085 5120
f 5081 5124 5087
f 5123 5094 5127
f 5139 5088 5136
f 5072 5141 5135
f 5142 5141 5072
f 5165 5228 5162
f 5165 5225 5228
f 5205 5203 5159
f 5177 5199 5156
f 5185 5188 5153
f 5209 5221 5187
f 5169 5208 5210
f 5215 5222 5191
f 5229 5227 5166
f 5227 5229 5226
