# Blender 4.5.2 LTS
# www.blender.org
mtllib ours.mtl
o reconstructed_pred
v -0.017262 0.367952 -0.275317
v -0.025244 0.365671 -0.274177
v -0.043488 0.383915 -0.273037
v -0.046908 0.391897 -0.273037
v -0.020683 0.378214 -0.273037
v -0.028665 0.370232 -0.269616
v -0.008140 0.371373 -0.269616
v -0.064012 0.350848 -0.269616
v -0.024103 0.359970 -0.269616
v -0.090238 0.372513 -0.267335
v -0.005860 0.338305 -0.267335
v -0.074275 0.348567 -0.267335
v -0.062872 0.345147 -0.266195
v -0.017262 0.331463 -0.266195
v -0.024103 0.382775 -0.266195
v -0.041207 0.378214 -0.266195
v -0.061732 0.331463 -0.266195
v -0.005860 0.364531 -0.265055
v -0.010420 0.378214 -0.265055
v -0.084537 0.378214 -0.263915
v -0.070854 0.356549 -0.263915
v -0.118745 0.394178 -0.263915
v -0.030945 0.370232 -0.262774
v -0.004719 0.332604 -0.262774
v -0.018402 0.299536 -0.261634
v -0.022964 0.373653 -0.260494
v -0.000158 0.399879 -0.260494
v -0.045768 0.393038 -0.260494
v -0.002439 0.406720 -0.260494
v -0.113044 0.397599 -0.260494
v -0.060592 0.312079 -0.259353
v -0.013841 0.375934 -0.258214
v -0.036646 0.364531 -0.258214
v -0.087958 0.371373 -0.257073
v -0.089098 0.378214 -0.257073
v -0.085677 0.377074 -0.257073
v -0.070854 0.339446 -0.255933
v -0.003579 0.301817 -0.255933
v -0.071994 0.355409 -0.255933
v -0.061732 0.300677 -0.254792
v -0.066293 0.330323 -0.254792
v -0.001299 0.393038 -0.254792
v -0.099361 0.367952 -0.253652
v 0.003263 0.336024 -0.252512
v -0.111903 0.395318 -0.252512
v 0.013525 0.380495 -0.251372
v -0.081116 0.366812 -0.251372
v -0.010420 0.405580 -0.250231
v -0.119885 0.385055 -0.250231
v 0.003263 0.302957 -0.247951
v 0.008964 0.386196 -0.247951
v 0.013525 0.372513 -0.247951
v -0.000158 0.378214 -0.247951
v -0.082257 0.381635 -0.246811
v -0.061732 0.286994 -0.246811
v -0.066293 0.313220 -0.246811
v -0.149532 0.409001 -0.246811
v -0.002439 0.242524 -0.245670
v -0.082257 0.338305 -0.245670
v -0.071994 0.354269 -0.244530
v 0.003263 0.383915 -0.242250
v -0.144971 0.413562 -0.242250
v -0.027524 0.247085 -0.241109
v -0.064012 0.279012 -0.241109
v 0.005543 0.241383 -0.241109
v -0.067433 0.267609 -0.238829
v -0.142690 0.411281 -0.237689
v -0.061732 0.293835 -0.237689
v -0.147252 0.397599 -0.235408
v 0.021507 0.345147 -0.234268
v -0.089098 0.323482 -0.233127
v -0.075415 0.308658 -0.231987
v -0.020683 0.323482 -0.231987
v 0.026068 0.309798 -0.230847
v 0.028349 0.150163 -0.229707
v -0.062872 0.282432 -0.229707
v 0.039751 0.251646 -0.229707
v 0.029489 0.387336 -0.229707
v 0.064837 0.169547 -0.227426
v -0.065153 0.257347 -0.227426
v -0.008140 0.177529 -0.227426
v -0.176898 0.416983 -0.227426
v 0.101324 0.031576 -0.226286
v 0.022647 0.393038 -0.226286
v 0.028349 0.380495 -0.226286
v 0.002123 0.331463 -0.225146
v -0.083397 0.312079 -0.225146
v -0.135849 0.373653 -0.224005
v 0.061416 0.089729 -0.224005
v 0.003263 0.174108 -0.224005
v 0.016946 0.390757 -0.224005
v -0.172337 0.421544 -0.224005
v 0.023788 0.419263 -0.224005
v 0.027208 0.412422 -0.224005
v -0.042348 0.316640 -0.222865
v 0.089922 0.118236 -0.222865
v 0.077380 0.062363 -0.221725
v -0.073134 0.280152 -0.220585
v 0.023788 0.404440 -0.220585
v -0.065153 0.268750 -0.219445
v 0.012385 0.415843 -0.219445
v -0.166636 0.418123 -0.219445
v -0.115324 0.372513 -0.218304
v -0.114184 0.364531 -0.218304
v 0.022647 0.387336 -0.217164
v 0.112727 0.081747 -0.217164
v -0.166636 0.404440 -0.217164
v -0.083397 0.284713 -0.216024
v -0.075415 0.229981 -0.216024
v 0.125270 0.071485 -0.216024
v -0.105062 0.361111 -0.216024
v -0.103922 0.377074 -0.214884
v -0.042348 0.202614 -0.213743
v -0.093659 0.348567 -0.212603
v -0.070854 0.245944 -0.211462
v 0.036330 0.390757 -0.210323
v 0.034050 0.382775 -0.210323
v -0.077696 0.225420 -0.208042
v 0.028349 0.398739 -0.206901
v 0.021507 0.393038 -0.206901
v 0.016946 0.337165 -0.205761
v 0.083081 0.001929 -0.205761
v 0.034050 0.377074 -0.205761
v -0.077696 0.232261 -0.205761
v -0.077696 0.242524 -0.205761
v -0.101641 0.266469 -0.204621
v -0.107342 0.316640 -0.203481
v 0.037470 0.382775 -0.203481
v -0.083397 0.256206 -0.203481
v -0.057171 0.313220 -0.203481
v -0.084537 0.237963 -0.203481
v 0.002123 0.139901 -0.202341
v 0.046592 0.163846 -0.201200
v 0.037470 0.168407 -0.201200
v -0.026384 0.162705 -0.201200
v -0.093659 0.240243 -0.201200
v 0.050013 0.138760 -0.200060
v 0.061416 0.142181 -0.200060
v 0.043172 0.143321 -0.200060
v 0.053434 0.147882 -0.200060
v 0.056855 0.137620 -0.200060
v 0.048873 0.143321 -0.200060
v 0.054574 0.137620 -0.200060
v 0.059135 0.138760 -0.200060
v 0.046592 0.142181 -0.200060
v 0.051154 0.144462 -0.200060
v 0.039751 0.074906 -0.200060
v -0.016122 0.136479 -0.200060
v 0.047732 0.162705 -0.198920
v 0.038611 0.166126 -0.198920
v 0.046592 0.166126 -0.198920
v 0.036330 0.170687 -0.198920
v 0.040891 0.162705 -0.198920
v 0.031769 0.166126 -0.198920
v 0.053434 0.166126 -0.198920
v 0.043172 0.170687 -0.198920
v -0.181459 0.423824 -0.198920
v 0.031769 0.406720 -0.198920
v -0.178038 0.420404 -0.198920
v -0.188301 0.420404 -0.198920
v 0.044312 0.133059 -0.198920
v 0.037470 0.137620 -0.198920
v 0.069397 0.142181 -0.198920
v 0.061416 0.149022 -0.198920
v 0.056855 0.037277 -0.197780
v 0.078520 0.137620 -0.197780
v 0.070538 0.144462 -0.197780
v 0.040891 0.125077 -0.197780
v 0.034050 0.128498 -0.197780
v 0.051154 0.395318 -0.197780
v 0.044312 0.163846 -0.197780
v 0.046592 0.164986 -0.197780
v 0.050013 0.166126 -0.197780
v 0.034050 0.168407 -0.197780
v 0.036330 0.169547 -0.197780
v 0.039751 0.170687 -0.197780
v -0.090238 0.422684 -0.197780
v -0.085677 0.424965 -0.197780
v -0.081116 0.427245 -0.197780
v -0.057171 0.428385 -0.197780
v -0.052610 0.429526 -0.197780
v -0.111903 0.430666 -0.197780
v -0.046908 0.431806 -0.197780
v -0.078836 0.438648 -0.197780
v -0.092519 0.438648 -0.197780
v -0.058311 0.444349 -0.197780
v -0.073134 0.448910 -0.197780
v -0.037787 0.452331 -0.197780
v -0.124446 0.504783 -0.197780
v -0.083397 0.512765 -0.197780
v -0.102781 0.529868 -0.197780
v -0.059452 0.536710 -0.197780
v -0.157514 0.504783 -0.197780
v -0.116464 0.516185 -0.197780
v 0.022647 0.395318 -0.197780
v -0.175757 0.406720 -0.197780
v 0.047732 0.162705 -0.197780
v 0.038611 0.166126 -0.197780
v 0.043172 0.160425 -0.197780
v 0.052294 0.163846 -0.197780
v 0.034050 0.164986 -0.197780
v 0.042031 0.164986 -0.197780
v 0.050013 0.168407 -0.197780
v 0.042031 0.168407 -0.197780
v 0.031769 0.168407 -0.197780
v 0.039751 0.172968 -0.197780
v 0.045452 0.386196 -0.197780
v 0.044312 0.107973 -0.197780
v 0.039751 0.112534 -0.197780
v 0.086501 0.122797 -0.197780
v 0.079660 0.130778 -0.197780
v -0.116464 0.245944 -0.196639
v 0.056855 0.097711 -0.196639
v 0.052294 0.102272 -0.196639
v 0.084221 0.106833 -0.196639
v 0.079660 0.114814 -0.196639
v -0.050330 0.183230 -0.196639
v 0.061416 0.127357 -0.196639
v 0.054574 0.131918 -0.196639
v 0.080800 -0.015175 -0.195499
v -0.154093 0.377074 -0.195499
v 0.071678 0.070345 -0.195499
v 0.089922 0.077186 -0.195499
v 0.070538 0.077186 -0.195499
v 0.087642 0.085168 -0.195499
v -0.091379 0.225420 -0.195499
v 0.031769 0.355409 -0.194359
v 0.059135 0.131918 -0.194359
v 0.052294 0.137620 -0.194359
v -0.089098 0.204895 -0.194359
v -0.084537 0.219718 -0.194359
v 0.087642 0.040698 -0.194359
v 0.097904 0.044119 -0.194359
v 0.088782 0.048680 -0.194359
v 0.099045 0.053241 -0.194359
v 0.061416 0.127357 -0.194359
v 0.054574 0.133059 -0.194359
v -0.114184 0.235682 -0.193219
v 0.046592 0.166126 -0.193219
v 0.089922 0.037277 -0.193219
v 0.097904 0.040698 -0.193219
v 0.091062 0.046399 -0.193219
v 0.099045 0.049820 -0.193219
v 0.068257 0.068064 -0.193219
v 0.067117 0.074906 -0.193219
v 0.077380 0.074906 -0.193219
v 0.083081 0.077186 -0.193219
v 0.094483 0.077186 -0.193219
v 0.075099 0.081747 -0.193219
v 0.081941 0.085168 -0.193219
v 0.092203 0.086309 -0.193219
v 0.048873 0.090869 -0.193219
v 0.046592 0.095430 -0.193219
v 0.038611 0.098851 -0.193219
v 0.035190 0.103412 -0.193219
v 0.065977 0.106833 -0.193219
v 0.094483 0.106833 -0.193219
v 0.070538 0.107973 -0.193219
v 0.034050 0.109113 -0.193219
v 0.029489 0.112534 -0.193219
v 0.061416 0.112534 -0.193219
v 0.065977 0.114814 -0.193219
v 0.054574 0.114814 -0.193219
v 0.088782 0.114814 -0.193219
v 0.064837 0.117095 -0.193219
v 0.096764 0.119376 -0.193219
v 0.048873 0.119376 -0.193219
v 0.073958 0.121656 -0.193219
v 0.059135 0.122797 -0.193219
v 0.032909 0.125077 -0.193219
v 0.057995 0.126217 -0.193219
v 0.052294 0.126217 -0.193219
v 0.059135 0.127357 -0.193219
v 0.062556 0.128498 -0.193219
v 0.064837 0.128498 -0.193219
v 0.089922 0.128498 -0.193219
v 0.068257 0.128498 -0.193219
v 0.026068 0.128498 -0.193219
v 0.093343 0.129638 -0.193219
v 0.054574 0.130778 -0.193219
v 0.045452 0.130778 -0.193219
v 0.051154 0.130778 -0.193219
v 0.054574 0.130778 -0.193219
v 0.069397 0.131918 -0.193219
v 0.052294 0.131918 -0.193219
v 0.056855 0.133059 -0.193219
v 0.055715 0.134199 -0.193219
v 0.063696 0.134199 -0.193219
v 0.057995 0.134199 -0.193219
v 0.063696 0.134199 -0.193219
v 0.060276 0.134199 -0.193219
v 0.047732 0.135339 -0.193219
v 0.047732 0.136479 -0.193219
v 0.038611 0.137620 -0.193219
v 0.048873 0.137620 -0.193219
v 0.061416 0.138760 -0.193219
v 0.086501 0.138760 -0.193219
v 0.051154 0.138760 -0.193219
v 0.056855 0.139901 -0.193219
v 0.053434 0.139901 -0.193219
v 0.055715 0.139901 -0.193219
v 0.053434 0.139901 -0.193219
v 0.055715 0.141041 -0.193219
v 0.030629 0.141041 -0.193219
v 0.057995 0.142181 -0.193219
v 0.083081 0.143321 -0.193219
v 0.047732 0.143321 -0.193219
v 0.045452 0.145602 -0.193219
v 0.047732 0.145602 -0.193219
v 0.050013 0.147882 -0.193219
v 0.060276 0.147882 -0.193219
v 0.039751 0.147882 -0.193219
v 0.071678 0.149022 -0.193219
v 0.075099 0.151303 -0.193219
v 0.051154 0.153583 -0.193219
v 0.063696 0.155864 -0.193219
v 0.042031 0.160425 -0.193219
v 0.038611 0.161566 -0.193219
v 0.040891 0.162705 -0.193219
v 0.032909 0.163846 -0.193219
v 0.053434 0.163846 -0.193219
v 0.039751 0.164986 -0.193219
v 0.040891 0.164986 -0.193219
v 0.029489 0.164986 -0.193219
v 0.046592 0.166126 -0.193219
v 0.046592 0.166126 -0.193219
v 0.031769 0.167267 -0.193219
v 0.052294 0.167267 -0.193219
v 0.055715 0.167267 -0.193219
v 0.030629 0.168407 -0.193219
v 0.030629 0.168407 -0.193219
v 0.052294 0.168407 -0.193219
v 0.044312 0.169547 -0.193219
v 0.036330 0.170687 -0.193219
v 0.036330 0.170687 -0.193219
v 0.036330 0.170687 -0.193219
v 0.042031 0.171828 -0.193219
v 0.045452 0.171828 -0.193219
v 0.042031 0.172968 -0.193219
v -0.090238 0.419263 -0.193219
v -0.078836 0.424965 -0.193219
v -0.057171 0.424965 -0.193219
v -0.114184 0.428385 -0.193219
v -0.045768 0.429526 -0.193219
v -0.079976 0.436368 -0.193219
v -0.070854 0.448910 -0.193219
v -0.035506 0.452331 -0.193219
v -0.125587 0.507064 -0.193219
v -0.162075 0.507064 -0.193219
v -0.084537 0.515045 -0.193219
v -0.121025 0.518466 -0.193219
v -0.101641 0.534430 -0.193219
v -0.058311 0.540131 -0.193219
v -0.130148 0.345147 -0.193219
v 0.046592 0.166126 -0.193219
v 0.059135 0.028155 -0.192078
v 0.061416 0.127357 -0.192078
v 0.054574 0.133059 -0.192078
v 0.038611 0.316640 -0.192078
v 0.087642 0.040698 -0.192078
v 0.097904 0.044119 -0.192078
v 0.088782 0.048680 -0.192078
v 0.099045 0.053241 -0.192078
v 0.059135 0.131918 -0.190938
v 0.052294 0.137620 -0.190938
v 0.071678 0.070345 -0.190938
v 0.089922 0.077186 -0.190938
v 0.070538 0.077186 -0.190938
v 0.087642 0.085168 -0.190938
v 0.037470 0.383915 -0.190938
v -0.094799 0.194633 -0.190938
v -0.118745 0.312079 -0.190938
v -0.102781 0.333744 -0.189798
v 0.061416 0.127357 -0.189798
v 0.054574 0.131918 -0.189798
v 0.056855 0.097711 -0.189798
v 0.052294 0.102272 -0.189798
v 0.084221 0.106833 -0.189798
v 0.079660 0.114814 -0.189798
v 0.028349 0.399879 -0.189798
v 0.021507 0.395318 -0.189798
v -0.108483 0.223139 -0.188658
v 0.044312 0.107973 -0.188658
v 0.039751 0.112534 -0.188658
v 0.086501 0.122797 -0.188658
v 0.079660 0.130778 -0.188658
v 0.043172 0.160425 -0.188658
v 0.052294 0.163846 -0.188658
v 0.034050 0.164986 -0.188658
v 0.042031 0.164986 -0.188658
v 0.050013 0.168407 -0.188658
v 0.042031 0.168407 -0.188658
v 0.031769 0.168407 -0.188658
v 0.039751 0.172968 -0.188658
v 0.047732 0.162705 -0.188658
v 0.038611 0.166126 -0.188658
v 0.044312 0.163846 -0.188658
v 0.046592 0.164986 -0.188658
v 0.050013 0.166126 -0.188658
v 0.034050 0.168407 -0.188658
v 0.036330 0.169547 -0.188658
v 0.039751 0.170687 -0.188658
v -0.090238 0.422684 -0.188658
v -0.085677 0.424965 -0.188658
v -0.081116 0.427245 -0.188658
v -0.057171 0.428385 -0.188658
v -0.052610 0.429526 -0.188658
v -0.111903 0.430666 -0.188658
v -0.046908 0.431806 -0.188658
v -0.078836 0.438648 -0.188658
v -0.092519 0.438648 -0.188658
v -0.058311 0.444349 -0.188658
v -0.073134 0.448910 -0.188658
v -0.037787 0.452331 -0.188658
v -0.157514 0.504783 -0.188658
v -0.116464 0.516185 -0.188658
v -0.124446 0.504783 -0.188658
v -0.083397 0.512765 -0.188658
v -0.102781 0.529868 -0.188658
v -0.059452 0.536710 -0.188658
v 0.078520 0.137620 -0.188658
v 0.070538 0.144462 -0.188658
v 0.040891 0.125077 -0.188658
v 0.034050 0.128498 -0.188658
v 0.044312 0.133059 -0.187517
v 0.037470 0.137620 -0.187517
v 0.069397 0.142181 -0.187517
v 0.061416 0.149022 -0.187517
v 0.034050 0.379354 -0.187517
v -0.116464 0.268750 -0.187517
v 0.055715 0.256206 -0.187517
v 0.040891 0.162705 -0.187517
v 0.031769 0.166126 -0.187517
v 0.053434 0.166126 -0.187517
v 0.043172 0.170687 -0.187517
v 0.047732 0.162705 -0.187517
v 0.038611 0.166126 -0.187517
v 0.046592 0.166126 -0.187517
v 0.036330 0.170687 -0.187517
v 0.020366 0.201474 -0.186377
v 0.054574 0.137620 -0.186377
v 0.059135 0.138760 -0.186377
v 0.046592 0.142181 -0.186377
v 0.051154 0.144462 -0.186377
v 0.056855 0.137620 -0.186377
v 0.048873 0.143321 -0.186377
v 0.050013 0.138760 -0.186377
v 0.061416 0.142181 -0.186377
v 0.043172 0.143321 -0.186377
v 0.053434 0.147882 -0.186377
v -0.124446 0.253926 -0.186377
v 0.036330 0.393038 -0.185237
v 0.046592 0.163846 -0.184096
v 0.037470 0.168407 -0.184096
v -0.124446 0.235682 -0.184096
v 0.034050 0.385055 -0.184096
v -0.095940 0.221999 -0.184096
v -0.103922 0.220859 -0.182956
v -0.117604 0.219718 -0.182956
v -0.090238 0.211736 -0.182956
v -0.106202 0.211736 -0.182956
v 0.016946 0.339446 -0.181816
v -0.103922 0.195773 -0.181816
v 0.086501 0.182090 -0.181816
v 0.013525 0.419263 -0.180676
v -0.073134 0.160425 -0.178395
v -0.056031 0.315500 -0.178395
v 0.022647 0.390757 -0.178395
v -0.166636 0.407861 -0.178395
v -0.165495 0.421544 -0.178395
v -0.107342 0.318921 -0.178395
v -0.035506 0.153583 -0.178395
v 0.105886 0.141041 -0.178395
v -0.108483 0.224279 -0.178395
v 0.023788 0.407861 -0.178395
v 0.024927 0.422684 -0.177255
v 0.065977 -0.006052 -0.177255
v 0.085361 -0.007193 -0.177255
v 0.002123 0.125077 -0.176115
v 0.028349 0.415843 -0.176115
v -0.103922 0.379354 -0.176115
v -0.114184 0.236822 -0.176115
v -0.024103 0.119376 -0.176115
v 0.122989 0.107973 -0.176115
v 0.127551 0.106833 -0.176115
v 0.051154 -0.019736 -0.176115
v 0.096764 -0.024297 -0.174974
v 0.135533 0.095430 -0.174974
v 0.054574 -0.039120 -0.173834
v -0.093659 0.351988 -0.173834
v -0.116464 0.248225 -0.173834
v 0.091062 -0.042541 -0.173834
v -0.171196 0.424965 -0.173834
v 0.071678 -0.049382 -0.173834
v -0.091379 0.227700 -0.172694
v -0.103922 0.364531 -0.172694
v -0.084537 0.220859 -0.172694
v -0.094799 0.196913 -0.172694
v 0.032909 0.065784 -0.171554
v -0.115324 0.375934 -0.171554
v 0.016946 0.394178 -0.171554
v -0.113044 0.369092 -0.170413
v -0.176898 0.421544 -0.170413
v -0.089098 0.207175 -0.170413
v -0.083397 0.258487 -0.169273
v -0.101641 0.269890 -0.169273
v 0.036330 0.034997 -0.169273
v 0.099045 0.028155 -0.169273
v 0.023788 0.397599 -0.169273
v 0.044312 0.024734 -0.169273
v -0.093659 0.242524 -0.168133
v 0.028349 0.385055 -0.168133
v 0.047732 0.005350 -0.166993
v -0.084537 0.241383 -0.166993
v -0.135849 0.378214 -0.166993
v 0.061416 0.005350 -0.165853
v 0.092203 0.003069 -0.165853
v 0.030629 0.393038 -0.165853
v -0.050330 0.186651 -0.165853
v -0.077696 0.245944 -0.165853
v 0.068257 -0.026577 -0.164712
v 0.068257 -0.010613 -0.164712
v 0.081941 -0.012894 -0.164712
v 0.040891 -0.015175 -0.164712
v 0.108166 -0.022016 -0.164712
v 0.057995 -0.020876 -0.163572
v 0.089922 -0.024297 -0.163572
v -0.077696 0.235682 -0.163572
v 0.083081 -0.061925 -0.163572
v 0.060276 -0.035700 -0.162431
v 0.085361 -0.037979 -0.162431
v 0.086501 -0.056224 -0.162431
v 0.081941 -0.056224 -0.162431
v 0.071678 -0.042541 -0.162431
v 0.089922 -0.059644 -0.162431
v 0.077380 -0.059644 -0.162431
v 0.044312 -0.044821 -0.162431
v 0.089922 -0.065346 -0.162431
v 0.077380 -0.064206 -0.162431
v 0.099045 -0.049382 -0.162431
v 0.085361 -0.067627 -0.161292
v 0.080800 -0.067627 -0.161292
v 0.097904 -0.069907 -0.161292
v 0.003263 0.336024 -0.161292
v -0.083397 0.289274 -0.161292
v 0.076239 -0.074468 -0.161292
v 0.070538 -0.059644 -0.161292
v 0.083081 -0.061925 -0.161292
v -0.076556 0.228840 -0.160151
v 0.112727 -0.088151 -0.160151
v -0.069714 0.250505 -0.160151
v 0.095623 -0.091572 -0.160151
v -0.042348 0.321201 -0.159011
v -0.141550 0.416983 -0.159011
v 0.129831 -0.101834 -0.159011
v 0.077380 -0.098413 -0.159011
v 0.115008 -0.100694 -0.159011
v -0.146111 0.403300 -0.159011
v 0.103605 -0.108676 -0.159011
v 0.140093 -0.112097 -0.159011
v 0.118428 -0.110956 -0.159011
v 0.129831 -0.112097 -0.159011
v 0.157198 -0.116658 -0.157870
v 0.081941 -0.112097 -0.157870
v 0.122989 -0.121219 -0.157870
v 0.142374 -0.123499 -0.157870
v 0.104746 -0.124639 -0.157870
v 0.134392 -0.126920 -0.157870
v -0.082257 0.317781 -0.156730
v 0.091062 -0.130340 -0.156730
v 0.126411 -0.141743 -0.156730
v -0.073134 0.284713 -0.156730
v 0.153777 -0.144024 -0.156730
v 0.122989 -0.146304 -0.155590
v -0.065153 0.273310 -0.155590
v 0.138953 -0.152005 -0.155590
v -0.014981 0.139901 -0.155590
v -0.144971 0.420404 -0.154450
v 0.166319 -0.161128 -0.154450
v 0.148076 -0.161128 -0.154450
v 0.136673 -0.159988 -0.154450
v 0.021507 0.350848 -0.154450
v 0.153777 -0.166829 -0.154450
v 0.113868 -0.165689 -0.154450
v 0.065977 -0.003772 -0.154450
v 0.086501 -0.006052 -0.154450
v 0.144654 -0.172530 -0.153309
v 0.172021 -0.175951 -0.153309
v 0.161758 -0.177091 -0.153309
v 0.003263 0.144462 -0.153309
v -0.074275 0.235682 -0.153309
v -0.019542 0.329183 -0.153309
v 0.051154 -0.018596 -0.152169
v 0.096764 -0.022016 -0.152169
v 0.172021 -0.191915 -0.152169
v 0.135533 -0.191915 -0.152169
v 0.148076 -0.195335 -0.152169
v 0.026068 0.316640 -0.152169
v -0.041207 0.207175 -0.152169
v 0.003263 0.390757 -0.152169
v -0.087958 0.330323 -0.151029
v 0.054574 -0.037979 -0.151029
v 0.091062 -0.041401 -0.151029
v 0.150356 -0.213580 -0.151029
v 0.071678 -0.048242 -0.151029
v -0.149532 0.415843 -0.149889
v -0.074275 0.314360 -0.149889
v -0.008140 0.413562 -0.148749
v -0.062872 0.289274 -0.147608
v 0.008964 0.394178 -0.146468
v 0.000982 0.386196 -0.146468
v -0.064012 0.264189 -0.146468
v 0.059135 0.031576 -0.146468
v -0.017262 0.175248 -0.145328
v 0.039751 0.078326 -0.145328
v -0.081116 0.389617 -0.145328
v 0.013525 0.380495 -0.145328
v 0.039751 0.258487 -0.144188
v -0.070854 0.362251 -0.144188
v -0.119885 0.393038 -0.143047
v 0.014665 0.389617 -0.143047
v -0.110763 0.404440 -0.143047
v -0.000158 0.402159 -0.141907
v -0.060592 0.300677 -0.141907
v 0.056855 0.041838 -0.141907
v -0.082257 0.346287 -0.140767
v -0.079976 0.375934 -0.139627
v -0.001299 0.416983 -0.138486
v 0.002123 0.410142 -0.137346
v -0.098221 0.377074 -0.137346
v 0.004403 0.180950 -0.137346
v 0.080800 -0.010613 -0.136205
v -0.067433 0.275591 -0.136205
v -0.065153 0.322342 -0.136205
v -0.084537 0.386196 -0.136205
v -0.062872 0.286994 -0.136205
v -0.111903 0.407861 -0.135065
v -0.087958 0.388477 -0.135065
v -0.044628 0.403300 -0.135065
v -0.013841 0.386196 -0.135065
v 0.003263 0.345147 -0.133925
v -0.070854 0.365671 -0.133925
v -0.085677 0.380495 -0.133925
v 0.064837 0.177529 -0.133925
v 0.003263 0.312079 -0.133925
v -0.034366 0.374793 -0.132785
v -0.086818 -0.146304 -0.132785
v 0.002123 0.365671 -0.131645
v -0.022964 0.383915 -0.131645
v -0.060592 0.296116 -0.131645
v -0.118745 0.404440 -0.131645
v -0.027524 0.256206 -0.131645
v 0.112727 0.088589 -0.130504
v 0.005543 0.250505 -0.130504
v -0.065153 0.339446 -0.130504
v 0.089922 0.126217 -0.130504
v -0.069714 0.349708 -0.130504
v 0.125270 0.078326 -0.130504
v -0.013841 0.245944 -0.130504
v -0.045768 0.323482 -0.129364
v 0.048873 0.323482 -0.129364
v -0.029805 0.264189 -0.129364
v 0.000982 -0.023156 -0.129364
v 0.000982 0.027015 -0.129364
v 0.083081 0.008771 -0.129364
v -0.029805 0.380495 -0.129364
v 0.002123 0.348567 -0.128224
v -0.084537 0.389617 -0.128224
v -0.009280 0.388477 -0.128224
v -0.022964 0.394178 -0.128224
v 0.028349 0.158144 -0.128224
v -0.040067 0.389617 -0.128224
v -0.176898 0.260767 -0.128224
v 0.180003 0.260767 -0.128224
v 0.002123 0.383915 -0.127084
v 0.002123 0.298396 -0.127084
v -0.002439 0.251646 -0.127084
v -0.049189 0.297256 -0.127084
v -0.005860 0.375934 -0.125943
v -0.003579 0.358830 -0.125943
v 0.006684 0.358830 -0.125943
v -0.060592 -0.246647 -0.125943
v 0.063696 -0.246647 -0.125943
v -0.061732 0.310939 -0.125943
v -0.069714 0.366812 -0.125943
v 0.007824 0.283573 -0.124803
v -0.003579 0.312079 -0.124803
v 0.002123 0.369092 -0.124803
v -0.043488 0.291555 -0.124803
v 0.002123 0.396458 -0.124803
v 0.061416 0.097711 -0.124803
v -0.089098 0.383915 -0.123663
v -0.049189 0.305238 -0.123663
v 0.052294 0.305238 -0.123663
v -0.003579 0.342866 -0.123663
v -0.146111 0.329183 -0.123663
v 0.149215 0.329183 -0.123663
v -0.059452 0.322342 -0.123663
v -0.070854 -0.058504 -0.123663
v -0.131288 0.328043 -0.123663
v 0.134392 0.328043 -0.123663
v 0.000982 0.065784 -0.123663
v -0.059452 0.028155 -0.123663
v 0.062556 0.028155 -0.123663
v 0.000982 -0.016315 -0.122523
v -0.025244 0.320061 -0.122523
v 0.028349 0.320061 -0.122523
v 0.000982 -0.032278 -0.122523
v -0.011561 0.301817 -0.122523
v -0.007000 0.382775 -0.122523
v 0.078520 0.070345 -0.122523
v -0.044628 0.403300 -0.122523
v -0.028665 0.382775 -0.122523
v -0.061732 0.356549 -0.121382
v -0.022964 0.372513 -0.121382
v -0.019542 0.390757 -0.121382
v -0.073134 0.359970 -0.121382
v -0.042348 0.396458 -0.121382
v -0.069714 0.265329 -0.120242
v -0.013841 0.375934 -0.120242
v 0.016946 0.375934 -0.120242
v -0.005860 0.349708 -0.120242
v -0.041207 0.370232 -0.120242
v 0.044312 0.370232 -0.120242
v -0.016122 0.342866 -0.120242
v -0.060592 0.342866 -0.120242
v -0.004719 0.284713 -0.120242
v -0.017262 0.310939 -0.120242
v -0.065153 0.260767 -0.119102
v -0.062872 0.363391 -0.119102
v -0.007000 0.334885 -0.119102
v 0.010104 0.334885 -0.119102
v 0.014665 0.302957 -0.117962
v 0.016946 0.249365 -0.117962
v 0.023788 0.390757 -0.117962
v -0.024103 0.377074 -0.117962
v -0.205405 0.127357 -0.117962
v 0.208509 0.127357 -0.117962
v -0.020683 0.393038 -0.117962
v -0.186020 0.223139 -0.117962
v 0.189125 0.223139 -0.117962
v -0.121025 0.299536 -0.117962
v 0.124130 0.299536 -0.117962
v -0.148391 0.307518 -0.116821
v 0.151496 0.307518 -0.116821
v 0.032909 0.267609 -0.116821
v 0.002123 0.410142 -0.116821
v -0.056031 -0.206738 -0.116821
v 0.059135 -0.206738 -0.116821
v -0.132428 0.312079 -0.116821
v 0.135533 0.312079 -0.116821
v 0.002123 0.431806 -0.116821
v -0.016122 0.380495 -0.116821
v -0.085677 0.355409 -0.115681
v 0.088782 0.355409 -0.115681
v -0.051470 0.229981 -0.115681
v 0.089922 -0.019736 -0.115681
v -0.061732 0.253926 -0.115681
v 0.064837 0.253926 -0.115681
v -0.087958 -0.019736 -0.115681
v -0.126727 0.350848 -0.114541
v 0.129831 0.350848 -0.114541
v -0.203124 0.177529 -0.114540
v 0.206229 0.177529 -0.114540
v -0.038927 0.212877 -0.114541
v -0.054891 0.066924 -0.114540
v 0.057995 0.066924 -0.114540
v -0.093659 -0.331026 -0.114540
v 0.096764 -0.331026 -0.114540
v -0.043488 0.380495 -0.114541
v 0.046592 0.380495 -0.114541
v -0.205405 0.138760 -0.113401
v 0.208509 0.138760 -0.113401
v 0.102465 0.040698 -0.113401
v -0.016122 0.331463 -0.113401
v 0.024927 0.410142 -0.112261
v -0.021823 0.411281 -0.112261
v -0.093659 0.351988 -0.112261
v 0.096764 0.351988 -0.112261
v -0.082257 0.374793 -0.112261
v 0.085361 0.374793 -0.112261
v -0.046908 -0.181652 -0.112261
v 0.050013 -0.181652 -0.112261
v -0.021823 0.337165 -0.111120
v 0.000982 0.025875 -0.111120
v -0.148391 0.363391 -0.111120
v 0.151496 0.363391 -0.111120
v -0.045768 0.362251 -0.111120
v 0.048873 0.362251 -0.111120
v 0.086501 -0.012894 -0.111120
v -0.081116 -0.267172 -0.111120
v 0.084221 -0.267172 -0.111120
v -0.083397 -0.012894 -0.111120
v -0.121025 -0.263751 -0.111120
v 0.124130 -0.263751 -0.111120
v -0.206545 0.122797 -0.109980
v 0.209649 0.122797 -0.109980
v -0.061732 0.431806 -0.109980
v 0.064837 0.431806 -0.109980
v -0.132428 -0.098413 -0.108839
v 0.085361 -0.029998 -0.108839
v -0.083397 -0.029998 -0.108839
v -0.214526 0.151303 -0.108839
v 0.217631 0.151303 -0.108839
v -0.131288 0.284713 -0.108839
v 0.134392 0.284713 -0.108839
v 0.054574 0.233401 -0.108839
v -0.105062 -0.575041 -0.108839
v 0.108166 -0.575041 -0.108839
v -0.244173 0.136479 -0.108839
v 0.247278 0.136479 -0.108839
v -0.043488 0.410142 -0.108839
v 0.046592 0.410142 -0.108839
v 0.002123 0.307518 -0.108839
v -0.105062 -0.552236 -0.108839
v 0.108166 -0.552236 -0.108839
v -0.176898 0.326903 -0.107699
v 0.180003 0.326903 -0.107699
v 0.002123 0.414703 -0.107699
v -0.168916 0.353128 -0.107699
v 0.172021 0.353128 -0.107699
v 0.037470 0.216298 -0.107699
v -0.097080 -0.369795 -0.106559
v 0.100185 -0.369795 -0.106559
v -0.105062 -0.533992 -0.106559
v 0.108166 -0.533992 -0.106559
v -0.207685 0.102272 -0.106559
v 0.210789 0.102272 -0.106559
v -0.037787 -0.156566 -0.106559
v 0.040891 -0.156566 -0.106559
v -0.095940 -0.292257 -0.106559
v 0.099045 -0.292257 -0.106559
v -0.150672 -0.237525 -0.106559
v 0.153777 -0.237525 -0.106559
v -0.220228 0.138760 -0.105419
v 0.223333 0.138760 -0.105419
v -0.061732 -0.016315 -0.105419
v -0.212246 0.271030 -0.105419
v 0.215350 0.271030 -0.105419
v -0.134709 0.253926 -0.105419
v 0.137813 0.253926 -0.105419
v -0.178038 0.300677 -0.105419
v 0.181143 0.300677 -0.105419
v 0.002123 0.361111 -0.105419
v -0.106202 0.377074 -0.105419
v 0.109307 0.377074 -0.105419
v -0.119885 -0.278574 -0.105419
v 0.122989 -0.278574 -0.105419
v -0.085677 -0.280854 -0.105419
v 0.088782 -0.280854 -0.105419
v 0.002123 0.451191 -0.104278
v -0.134709 0.377074 -0.104278
v 0.137813 0.377074 -0.104278
v -0.247594 0.129638 -0.103138
v 0.250699 0.129638 -0.103138
v -0.093659 0.235682 -0.103138
v -0.225929 0.126217 -0.103138
v 0.229034 0.126217 -0.103138
v -0.105062 -0.521449 -0.103138
v 0.108166 -0.521449 -0.103138
v -0.224789 0.233401 -0.103138
v 0.227894 0.233401 -0.103138
v -0.086818 0.229981 -0.103138
v -0.136989 0.218578 -0.101998
v 0.140093 0.218578 -0.101998
v -0.208825 0.143321 -0.100858
v 0.211930 0.143321 -0.100858
v 0.002123 0.390757 -0.100858
v 0.002123 0.256206 -0.100858
v -0.083397 -0.253488 -0.100858
v 0.086501 -0.253488 -0.100858
v -0.119885 -0.478119 -0.100858
v 0.122989 -0.478119 -0.100858
v -0.241893 0.141041 -0.100858
v 0.244997 0.141041 -0.100858
v -0.117604 -0.251208 -0.099717
v 0.120709 -0.251208 -0.099717
v -0.026384 -0.087011 -0.099717
v 0.029489 -0.087011 -0.099717
v -0.094799 -0.266031 -0.099717
v 0.097904 -0.266031 -0.099717
v -0.256716 0.162706 -0.099717
v 0.259821 0.162706 -0.099717
v 0.078520 0.025875 -0.099717
v 0.000982 0.054381 -0.099717
v -0.075415 0.025875 -0.099717
v -0.098221 -0.414265 -0.098577
v 0.101324 -0.414265 -0.098577
v -0.245313 0.126217 -0.098577
v 0.248418 0.126217 -0.098577
v -0.114184 -0.521449 -0.098577
v 0.117288 -0.521449 -0.098577
v -0.049189 0.454611 -0.098577
v 0.052294 0.454611 -0.098577
v -0.140410 -0.365234 -0.097437
v 0.143514 -0.365234 -0.097437
v -0.105062 0.387336 -0.097437
v 0.108166 0.387336 -0.097437
v -0.040067 0.389617 -0.097437
v 0.043172 0.389617 -0.097437
v -0.095940 -0.478119 -0.097437
v 0.099045 -0.478119 -0.097437
v -0.086818 -0.014035 -0.096297
v 0.089922 -0.014035 -0.096297
v -0.140410 -0.199896 -0.096297
v 0.143514 -0.199896 -0.096297
v -0.131288 -0.552236 -0.096297
v 0.134392 -0.552236 -0.096297
v -0.123306 -0.531711 -0.095157
v 0.126411 -0.531711 -0.095157
v -0.131288 -0.575041 -0.095157
v 0.134392 -0.575041 -0.095157
v -0.105062 -0.500924 -0.095157
v 0.108166 -0.500924 -0.095157
v -0.097080 -0.473558 -0.095157
v 0.100185 -0.473558 -0.095157
v -0.132428 -0.172530 -0.095157
v 0.135533 -0.172530 -0.095157
v -0.178038 0.166126 -0.095157
v 0.181143 0.166126 -0.095157
v -0.076556 0.199194 -0.095157
v -0.059452 -0.332166 -0.095157
v 0.062556 -0.332166 -0.095157
v -0.123306 0.248225 -0.094016
v 0.126411 0.248225 -0.094016
v -0.124446 -0.144024 -0.094016
v 0.127551 -0.144024 -0.094016
v -0.273820 0.133059 -0.094016
v 0.276925 0.133059 -0.094016
v -0.139269 -0.310502 -0.094016
v 0.142374 -0.310502 -0.094016
v -0.092519 0.382775 -0.094016
v 0.095623 0.382775 -0.094016
v -0.122165 -0.470137 -0.094016
v 0.125270 -0.470137 -0.094016
v -0.064012 -0.369795 -0.092876
v 0.067117 -0.369795 -0.092876
v 0.088782 0.409001 -0.092876
v -0.085677 0.409001 -0.092876
v -0.103922 -0.491802 -0.092876
v 0.107026 -0.491802 -0.092876
v -0.115324 -0.281995 -0.092876
v 0.118428 -0.281995 -0.092876
v -0.118745 -0.482680 -0.092876
v 0.121849 -0.482680 -0.092876
v -0.090238 -0.284276 -0.092876
v 0.093343 -0.284276 -0.092876
v -0.098221 -0.482680 -0.092876
v 0.101324 -0.482680 -0.092876
v -0.046908 0.445489 -0.091736
v 0.050013 0.445489 -0.091736
v -0.122165 -0.496363 -0.091736
v 0.125270 -0.496363 -0.091736
v -0.081116 -0.575041 -0.091736
v 0.084221 -0.575041 -0.091736
v -0.135849 -0.281995 -0.090596
v 0.138953 -0.281995 -0.090596
v 0.068257 0.054381 -0.090596
v -0.125587 -0.510047 -0.090596
v 0.128691 -0.510047 -0.090596
v -0.237332 0.144462 -0.090596
v 0.240436 0.144462 -0.090596
v -0.066293 0.054381 -0.090596
v -0.187160 0.135339 -0.090596
v 0.190265 0.135339 -0.090596
v -0.060592 -0.291117 -0.090596
v 0.063696 -0.291117 -0.090596
v -0.247594 0.113675 -0.090596
v 0.250699 0.113675 -0.090596
v -0.084537 0.389617 -0.090596
v 0.087642 0.389617 -0.090596
v -0.216807 0.084028 -0.090596
v 0.219911 0.084028 -0.090596
v -0.129007 -0.411984 -0.089455
v 0.132112 -0.411984 -0.089455
v -0.060592 0.203755 -0.089455
v 0.063696 0.203755 -0.089455
v -0.118745 0.030436 -0.089455
v 0.120709 0.030436 -0.089455
v -0.068573 -0.266031 -0.089455
v 0.071678 -0.266031 -0.089455
v -0.062872 0.185510 -0.089455
v 0.002123 0.473996 -0.089455
v -0.232771 0.196913 -0.089455
v 0.235875 0.196913 -0.089455
v 0.002123 0.551533 -0.089455
v -0.107342 -0.073328 -0.089455
v 0.110447 -0.073328 -0.089455
v -0.022964 0.020173 -0.088315
v 0.026068 0.020173 -0.088315
v 0.000982 0.416983 -0.088315
v -0.058311 0.414703 -0.088315
v 0.061416 0.414703 -0.088315
v -0.044628 0.398739 -0.088315
v 0.047732 0.398739 -0.088315
v -0.061732 -0.264891 -0.088315
v 0.064837 -0.264891 -0.088315
v 0.002123 0.401019 -0.088315
v -0.124446 -0.254629 -0.087174
v 0.127551 -0.254629 -0.087174
v -0.049189 -0.271733 -0.087174
v 0.052294 -0.271733 -0.087174
v 0.020366 0.415843 -0.087174
v 0.072818 0.196913 -0.087174
v 0.002123 0.525307 -0.087175
v -0.017262 0.416983 -0.087174
v -0.086818 -0.252348 -0.087174
v 0.089922 -0.252348 -0.087174
v -0.154093 -0.263751 -0.087174
v 0.157198 -0.263751 -0.087174
v -0.113044 -0.250068 -0.087174
v 0.116148 -0.250068 -0.087174
v -0.249875 0.101132 -0.086034
v 0.252979 0.101132 -0.086034
v -0.133568 -0.527150 -0.086034
v 0.136673 -0.527150 -0.086034
v -0.111903 0.066924 -0.086034
v 0.115008 0.066924 -0.086034
v 0.042031 0.415843 -0.086035
v 0.002123 0.538991 -0.086035
v -0.038927 0.418123 -0.086035
v -0.280662 0.159285 -0.086035
v 0.283766 0.159285 -0.086035
v -0.196282 0.105693 -0.086034
v 0.199387 0.105693 -0.086034
v -0.021823 0.404440 -0.084894
v 0.023788 0.404440 -0.084894
v -0.014981 -0.025437 -0.084894
v 0.018086 -0.025437 -0.084894
v 0.053434 0.178669 -0.084894
v -0.109623 0.387336 -0.084894
v 0.112727 0.387336 -0.084894
v -0.147252 -0.278574 -0.083754
v 0.150356 -0.278574 -0.083754
v -0.000158 0.095430 -0.083754
v -0.057171 -0.285416 -0.083754
v 0.060276 -0.285416 -0.083754
v -0.113044 -0.028858 -0.083754
v -0.119885 0.228840 -0.083754
v 0.122989 0.228840 -0.083754
v 0.002123 -0.010613 -0.083754
v 0.002123 0.504783 -0.083754
v -0.089098 -0.515748 -0.083754
v 0.092203 -0.515748 -0.083754
v -0.244173 0.169547 -0.082613
v 0.247278 0.169547 -0.082613
v -0.054891 -0.258049 -0.081473
v 0.057995 -0.258049 -0.081473
v 0.002123 0.024734 -0.080333
v -0.203124 0.294975 -0.080333
v 0.206229 0.294975 -0.080333
v -0.144971 -0.251208 -0.080333
v 0.148076 -0.251208 -0.080333
v -0.098221 -0.004912 -0.079193
v -0.034366 0.477416 -0.079193
v 0.037470 0.477416 -0.079193
v -0.135849 -0.268312 -0.079193
v 0.138953 -0.268312 -0.079193
v -0.249875 0.157004 -0.079193
v 0.252979 0.157004 -0.079193
v -0.197422 0.323482 -0.079193
v 0.200527 0.323482 -0.079193
v -0.075415 -0.421106 -0.078053
v 0.078520 -0.421106 -0.078053
v -0.027524 0.541271 -0.078053
v 0.030629 0.541271 -0.078053
v 0.002123 0.512765 -0.078053
v -0.068573 -0.287696 -0.076912
v 0.071678 -0.287696 -0.076912
v -0.135849 -0.283135 -0.076912
v 0.138953 -0.283135 -0.076912
v -0.081116 -0.552236 -0.076912
v 0.084221 -0.552236 -0.076912
v -0.253295 0.090869 -0.075772
v 0.256400 0.090869 -0.075772
v 0.076239 0.418123 -0.075772
v -0.255576 0.143321 -0.075772
v 0.258680 0.143321 -0.075772
v -0.073134 0.419263 -0.075772
v -0.082257 -0.535132 -0.075772
v 0.085361 -0.535132 -0.075772
v 0.002123 0.479697 -0.075772
v -0.289783 0.195773 -0.075772
v 0.292888 0.195773 -0.075772
v -0.284082 0.109113 -0.074632
v 0.287187 0.109113 -0.074632
v -0.027524 0.510484 -0.074632
v 0.030629 0.510484 -0.074632
v -0.097080 0.393038 -0.074632
v 0.100185 0.393038 -0.074632
v -0.110763 0.204895 -0.074632
v -0.261277 0.152443 -0.073492
v 0.264382 0.152443 -0.073492
v -0.008140 0.558375 -0.073492
v 0.011245 0.558375 -0.073492
v -0.256716 0.090869 -0.073492
v 0.259821 0.090869 -0.073492
v -0.272679 0.144462 -0.073492
v 0.275784 0.144462 -0.073492
v -0.186020 0.354269 -0.073492
v 0.189125 0.354269 -0.073492
v -0.009280 0.552673 -0.073492
v 0.012385 0.552673 -0.073492
v -0.019542 0.418123 -0.073492
v 0.021507 0.418123 -0.073492
v -0.129007 0.385055 -0.072351
v 0.132112 0.385055 -0.072351
v 0.002123 0.066924 -0.072351
v 0.002123 0.565216 -0.072351
v -0.066293 -0.255769 -0.072351
v 0.069397 -0.255769 -0.072351
v -0.026384 0.476276 -0.072351
v 0.029489 0.476276 -0.072351
v -0.133568 -0.250068 -0.072351
v 0.136673 -0.250068 -0.072351
v -0.021823 0.434087 -0.072351
v 0.023788 0.434087 -0.072351
v -0.216807 0.267609 -0.072351
v 0.219911 0.267609 -0.072351
v -0.164355 0.155864 -0.072351
v 0.167460 0.155864 -0.072351
v 0.002123 0.551533 -0.071211
v -0.114184 0.211736 -0.071211
v 0.133252 0.386196 -0.071211
v -0.130148 0.386196 -0.071211
v 0.002123 0.429526 -0.071211
v -0.143830 -0.552236 -0.071211
v 0.146935 -0.552236 -0.071211
v -0.155233 0.149022 -0.071211
v 0.158338 0.149022 -0.071211
v -0.108483 0.406720 -0.070071
v 0.111587 0.406720 -0.070071
v -0.142690 -0.504345 -0.070071
v 0.145795 -0.504345 -0.070071
v -0.142690 -0.504345 -0.070071
v 0.145795 -0.504345 -0.070071
v -0.172337 0.369092 -0.070071
v 0.175442 0.369092 -0.070071
v -0.014981 0.386196 -0.070071
v 0.015805 0.386196 -0.070071
v -0.033226 0.061222 -0.070071
v 0.036330 0.061222 -0.070071
v -0.253295 0.153583 -0.070071
v 0.256400 0.153583 -0.070071
v -0.136989 -0.522589 -0.070071
v 0.140093 -0.522589 -0.070071
v 0.075099 0.095430 -0.068931
v 0.002123 0.209456 -0.068931
v -0.155233 0.378214 -0.068931
v 0.158338 0.378214 -0.068931
v -0.292064 0.182090 -0.068931
v 0.295168 0.182090 -0.068931
v -0.082257 0.405580 -0.068931
v 0.085361 0.405580 -0.068931
v -0.081116 -0.470137 -0.068931
v 0.084221 -0.470137 -0.068931
v -0.064012 0.070345 -0.068931
v 0.067117 0.070345 -0.068931
v -0.078836 0.063503 -0.068931
v 0.081941 0.063503 -0.068931
v -0.059452 0.097711 -0.068931
v -0.077696 -0.475838 -0.068931
v 0.080800 -0.475838 -0.068931
v -0.142690 -0.474698 -0.068931
v 0.145795 -0.474698 -0.068931
v -0.052610 -0.373215 -0.067790
v 0.055715 -0.373215 -0.067790
v -0.138129 -0.480399 -0.067790
v 0.141234 -0.480399 -0.067790
v -0.175757 0.155864 -0.067790
v 0.178862 0.155864 -0.067790
v -0.268118 0.139901 -0.067790
v 0.271223 0.139901 -0.067790
v -0.141550 -0.471278 -0.067790
v 0.144654 -0.471278 -0.067790
v 0.002123 0.461453 -0.067790
v 0.002123 0.063503 -0.067790
v 0.000982 0.122797 -0.067790
v -0.164355 0.142181 -0.067790
v 0.167460 0.142181 -0.067790
v -0.081116 -0.480399 -0.066650
v 0.084221 -0.480399 -0.066650
v -0.093659 0.444349 -0.066650
v 0.096764 0.444349 -0.066650
v -0.087958 0.415843 -0.065510
v 0.091062 0.415843 -0.065510
v -0.074275 -0.422246 -0.065509
v 0.077380 -0.422246 -0.065509
v -0.108483 0.423824 -0.065510
v 0.111587 0.423824 -0.065510
v -0.022964 0.435227 -0.065510
v 0.026068 0.435227 -0.065510
v -0.103922 0.198054 -0.065510
v 0.107026 0.198054 -0.065510
v -0.228210 0.062363 -0.063229
v 0.231314 0.062363 -0.063229
v -0.171196 0.119376 -0.063229
v 0.174302 0.119376 -0.063229
v -0.076556 0.429526 -0.063229
v 0.079660 0.429526 -0.063229
v -0.292064 0.169547 -0.062089
v 0.295168 0.169547 -0.062089
v -0.173477 0.367952 -0.062089
v 0.176582 0.367952 -0.062089
v -0.048049 0.158144 -0.062089
v 0.051154 0.158144 -0.062089
v -0.271540 0.121656 -0.062089
v 0.274644 0.121656 -0.062089
v -0.050330 -0.334446 -0.062089
v 0.053434 -0.334446 -0.062089
v -0.078836 -0.497503 -0.060948
v 0.081941 -0.497503 -0.060948
v 0.156057 -0.015175 -0.060948
v -0.152953 -0.015175 -0.060948
v -0.057171 0.397599 -0.060948
v 0.059135 0.397599 -0.060948
v -0.070854 0.473996 -0.059808
v 0.073958 0.473996 -0.059808
v 0.078520 0.129638 -0.059808
v -0.224789 0.229981 -0.059808
v 0.227894 0.229981 -0.059808
v -0.171196 0.168407 -0.058668
v 0.174302 0.168407 -0.058668
v -0.056031 0.126217 -0.058668
v -0.148391 -0.411984 -0.058668
v 0.151496 -0.411984 -0.058668
v -0.083397 -0.532852 -0.058668
v 0.086501 -0.532852 -0.058668
v -0.083397 -0.513467 -0.058668
v 0.086501 -0.513467 -0.058668
v -0.035506 0.484258 -0.058668
v 0.038611 0.484258 -0.058668
v 0.002123 0.106833 -0.058668
v -0.146111 -0.008333 -0.058668
v -0.265838 0.078326 -0.058668
v 0.268942 0.078326 -0.058668
v 0.149215 -0.008333 -0.058668
v -0.144971 -0.025437 -0.058668
v 0.146935 -0.025437 -0.058668
v -0.051470 0.105693 -0.057528
v 0.054574 0.105693 -0.057528
v 0.002123 0.163846 -0.057528
v -0.083397 -0.552236 -0.057528
v 0.086501 -0.552236 -0.057528
v -0.077696 -0.575041 -0.056388
v 0.080800 -0.575041 -0.056388
v -0.257856 0.064644 -0.056388
v 0.260961 0.064644 -0.056388
v -0.125587 0.385055 -0.056388
v 0.128691 0.385055 -0.056388
v -0.053750 -0.294538 -0.056388
v 0.056855 -0.294538 -0.056388
v -0.057171 0.515045 -0.056388
v 0.060276 0.515045 -0.056388
v 0.073958 0.143321 -0.056388
v 0.136673 0.025875 -0.056388
v -0.133568 0.025875 -0.056388
v -0.054891 -0.267172 -0.055247
v 0.057995 -0.267172 -0.055247
v -0.123306 0.233401 -0.055247
v 0.126411 0.233401 -0.055247
v -0.245313 0.210597 -0.055247
v 0.248418 0.210597 -0.055247
v -0.149532 -0.575041 -0.055247
v 0.152637 -0.575041 -0.055247
v -0.253295 0.069205 -0.055247
v 0.256400 0.069205 -0.055247
v -0.156373 -0.366374 -0.055247
v 0.159478 -0.366374 -0.055247
v -0.102781 0.401019 -0.054107
v 0.105886 0.401019 -0.054107
v -0.155233 0.377074 -0.054107
v 0.158338 0.377074 -0.054107
v -0.186020 0.095430 -0.052967
v 0.189125 0.095430 -0.052967
v -0.048049 0.549253 -0.052967
v 0.051154 0.549253 -0.052967
v -0.038927 0.380495 -0.052967
v 0.039751 0.381635 -0.052967
v 0.088782 0.163846 -0.052967
v -0.103922 0.179809 -0.052967
v -0.257856 0.160425 -0.052967
v 0.260961 0.160425 -0.052967
v -0.130148 0.253926 -0.051827
v 0.133252 0.253926 -0.051827
v -0.060592 -0.289977 -0.051827
v 0.063696 -0.289977 -0.051827
v -0.290924 0.143321 -0.051827
v 0.294028 0.143321 -0.051827
v -0.046908 -0.288837 -0.051827
v 0.050013 -0.288837 -0.051827
v -0.266978 0.160425 -0.051827
v 0.270083 0.160425 -0.051827
v -0.125587 0.253926 -0.051827
v 0.128691 0.253926 -0.051827
v -0.036646 -0.276293 -0.050686
v 0.039751 -0.276293 -0.050686
v -0.220228 0.066924 -0.050686
v 0.223333 0.066924 -0.050686
v -0.158654 -0.281995 -0.050686
v 0.161758 -0.281995 -0.050686
v -0.071994 0.414703 -0.050686
v 0.075099 0.414703 -0.050686
v -0.029805 0.560656 -0.050686
v 0.032909 0.560656 -0.050686
v -0.029805 0.570918 -0.050686
v 0.032909 0.570918 -0.050686
v -0.052610 0.411281 -0.049546
v 0.053434 0.412422 -0.049546
v -0.097080 0.098851 -0.049546
v -0.060592 -0.272873 -0.049546
v 0.063696 -0.272873 -0.049546
v -0.143830 -0.285416 -0.049546
v 0.146935 -0.285416 -0.049546
v -0.166636 -0.267172 -0.049546
v 0.169740 -0.267172 -0.049546
v -0.044628 -0.261470 -0.049546
v 0.047732 -0.261470 -0.049546
v -0.027524 0.458032 -0.049546
v 0.030629 0.458032 -0.049546
v -0.058311 -0.258049 -0.048406
v 0.061416 -0.258049 -0.048406
v -0.036646 0.515045 -0.048406
v 0.039751 0.515045 -0.048406
v -0.037787 0.469435 -0.048406
v 0.040891 0.469435 -0.048406
v -0.140410 0.206035 -0.048406
v 0.143514 0.206035 -0.048406
v -0.156373 -0.253488 -0.048406
v 0.159478 -0.253488 -0.048406
v -0.014981 0.434087 -0.047266
v 0.015805 0.434087 -0.047266
v -0.262417 0.045259 -0.047266
v 0.265522 0.045259 -0.047266
v -0.141550 -0.252348 -0.047266
v 0.144654 -0.252348 -0.047266
v -0.057171 0.427245 -0.047266
v -0.033226 0.095430 -0.047266
v 0.036330 0.095430 -0.047266
v 0.059135 0.427245 -0.047266
v 0.146935 0.031576 -0.047266
v -0.037787 0.537850 -0.047266
v 0.040891 0.537850 -0.047266
v -0.146111 0.030436 -0.047266
v -0.092519 0.409001 -0.046125
v -0.254436 0.184370 -0.046125
v 0.257540 0.184370 -0.046125
v 0.094483 0.410142 -0.046125
v -0.048049 0.423824 -0.046125
v 0.051154 0.423824 -0.046125
v -0.279521 0.013332 -0.046125
v 0.282626 0.013332 -0.046125
v -0.247594 0.009911 -0.046125
v 0.250699 0.009911 -0.046125
v -0.019542 0.570918 -0.046125
v 0.022647 0.570918 -0.046125
v -0.133568 0.071485 -0.046125
v 0.136673 0.071485 -0.046125
v -0.274960 0.088589 -0.046125
v 0.278065 0.088589 -0.046125
v -0.017262 -0.240946 -0.046125
v 0.020366 -0.240946 -0.046125
v -0.085677 0.166126 -0.046125
v -0.085677 0.130778 -0.044985
v -0.017262 0.578899 -0.044985
v 0.020366 0.578899 -0.044985
v -0.277241 0.024734 -0.044985
v 0.280345 0.024734 -0.044985
v -0.204264 0.289274 -0.044985
v 0.207369 0.289274 -0.044985
v 0.002123 0.584601 -0.043845
v -0.290924 0.125077 -0.043845
v 0.294028 0.125077 -0.043845
v -0.248734 0.022454 -0.043845
v 0.251839 0.022454 -0.043845
v -0.273820 0.180950 -0.043845
v 0.276925 0.180950 -0.043845
v 0.002123 0.093150 -0.043845
v 0.134392 0.381635 -0.043845
v -0.005860 0.578899 -0.043845
v 0.008964 0.578899 -0.043845
v -0.184880 0.103412 -0.043845
v 0.187984 0.103412 -0.043845
v -0.237332 0.044119 -0.043845
v 0.240436 0.044119 -0.043845
v -0.130148 0.381635 -0.043845
v -0.206545 0.072625 -0.043845
v 0.209649 0.072625 -0.043845
v 0.002123 0.568637 -0.043845
v -0.154093 0.371373 -0.043845
v 0.157198 0.371373 -0.043845
v -0.045768 0.519606 -0.042705
v 0.048873 0.519606 -0.042705
v 0.126411 0.053241 -0.042705
v -0.083397 0.158144 -0.042705
v 0.086501 0.158144 -0.042705
v -0.035506 0.437508 -0.042705
v 0.038611 0.437508 -0.042705
v -0.274960 0.154724 -0.042705
v 0.278065 0.154724 -0.042705
v -0.123306 0.053241 -0.041564
v -0.170056 -0.094993 -0.041564
v -0.174618 0.362251 -0.041564
v 0.177722 0.362251 -0.041564
v -0.201984 0.258487 -0.041564
v 0.205088 0.258487 -0.041564
v -0.154093 -0.313922 -0.041564
v 0.157198 -0.313922 -0.041564
v -0.054891 0.097711 -0.040424
v 0.057995 0.097711 -0.040424
v -0.017262 -0.199896 -0.040424
v 0.020366 -0.199896 -0.040424
v -0.212246 0.223139 -0.040424
v 0.215350 0.223139 -0.040424
v -0.203124 0.312079 -0.040424
v 0.206229 0.312079 -0.040424
v -0.147252 -0.546535 -0.039284
v 0.150356 -0.546535 -0.039284
v -0.190581 0.348567 -0.039284
v 0.193685 0.348567 -0.039284
v -0.149532 -0.575041 -0.039284
v 0.152637 -0.575041 -0.039284
v -0.265838 0.150163 -0.039284
v 0.268942 0.150163 -0.039284
v -0.124446 0.378214 -0.039284
v 0.127551 0.378214 -0.039284
v -0.268118 0.076046 -0.039284
v 0.271223 0.076046 -0.039284
v -0.101641 0.388477 -0.038144
v 0.104746 0.388477 -0.038144
v -0.262417 0.190072 -0.038144
v 0.265522 0.190072 -0.038144
v 0.109307 0.398739 -0.038144
v -0.106202 0.399879 -0.038144
v -0.263557 0.158144 -0.037004
v 0.266662 0.158144 -0.037004
v -0.092519 -0.476979 -0.037003
v 0.095623 -0.476979 -0.037003
v -0.278381 0.050960 -0.037004
v 0.281486 0.050960 -0.037004
v -0.205405 -0.214720 -0.037004
v 0.208509 -0.214720 -0.037004
v 0.013525 -0.177091 -0.037004
v -0.010420 -0.177091 -0.037004
v -0.277241 0.005350 -0.035863
v 0.280345 0.005350 -0.035863
v -0.251015 0.003069 -0.035863
v 0.254119 0.003069 -0.035863
v -0.249875 0.166126 -0.035863
v 0.252979 0.166126 -0.035863
v -0.274960 0.029295 -0.035863
v 0.278065 0.029295 -0.035863
v -0.093659 -0.470137 -0.035863
v 0.096764 -0.470137 -0.035863
v -0.178038 0.167267 -0.035863
v 0.181143 0.167267 -0.035863
v -0.090238 -0.556797 -0.035863
v 0.093343 -0.556797 -0.035863
v -0.252155 0.028155 -0.035863
v 0.255260 0.028155 -0.035863
v -0.087958 -0.425667 -0.034723
v 0.091062 -0.425667 -0.034723
v 0.095623 0.393038 -0.034723
v -0.092519 0.393038 -0.034723
v 0.094483 0.118236 -0.034723
v -0.092519 -0.472418 -0.034723
v 0.095623 -0.472418 -0.034723
v -0.110763 0.198054 -0.034723
v -0.131288 -0.250068 -0.034723
v 0.134392 -0.250068 -0.034723
v -0.223649 0.196913 -0.034723
v 0.226753 0.196913 -0.034723
v -0.181459 -0.243226 -0.034723
v 0.184564 -0.243226 -0.034723
v -0.079976 0.107973 -0.033582
v 0.083081 0.107973 -0.033582
v -0.113044 0.206035 -0.033582
v -0.121025 -0.476979 -0.033582
v 0.124130 -0.476979 -0.033582
v -0.264698 0.039557 -0.033582
v 0.267802 0.039557 -0.033582
v -0.290924 0.094290 -0.033582
v 0.294028 0.094290 -0.033582
v -0.003579 -0.153146 -0.032442
v 0.006684 -0.153146 -0.032442
v -0.158654 -0.260330 -0.032442
v 0.161758 -0.260330 -0.032442
v -0.293204 -0.020876 -0.032442
v 0.296309 -0.020876 -0.032442
v -0.140410 -0.277434 -0.032442
v 0.143514 -0.277434 -0.032442
v -0.094799 -0.494083 -0.032442
v 0.097904 -0.494083 -0.032442
v -0.224789 0.046399 -0.031302
v 0.227894 0.046399 -0.031302
v -0.122165 -0.468997 -0.031302
v 0.125270 -0.468997 -0.031302
v -0.280662 0.055521 -0.031302
v 0.283766 0.055521 -0.031302
v -0.269259 0.172968 -0.031302
v 0.272364 0.172968 -0.031302
v -0.121025 -0.494083 -0.031302
v 0.124130 -0.494083 -0.031302
v -0.256716 0.167267 -0.031302
v 0.259821 0.167267 -0.031302
v -0.195142 0.172968 -0.031302
v 0.198246 0.172968 -0.031302
v -0.038927 0.429526 -0.031302
v -0.092519 -0.533992 -0.031302
v 0.095623 -0.533992 -0.031302
v 0.039751 0.429526 -0.031302
v -0.049189 0.494520 -0.030162
v 0.052294 0.494520 -0.030162
v -0.167776 0.169547 -0.030162
v 0.170880 0.169547 -0.030162
v -0.297766 0.032716 -0.030162
v 0.300870 0.032716 -0.030162
v -0.269259 0.130778 -0.030162
v 0.272364 0.130778 -0.030162
v -0.225929 0.025875 -0.030162
v 0.229034 0.025875 -0.030162
v -0.303467 0.022454 -0.029021
v 0.306571 0.022454 -0.029021
v -0.221368 0.014472 -0.029021
v 0.224473 0.014472 -0.029021
v -0.086818 -0.575041 -0.029021
v 0.089922 -0.575041 -0.029021
v -0.268118 0.022454 -0.029021
v 0.271223 0.022454 -0.029021
v -0.079976 0.413562 -0.029021
v 0.083081 0.413562 -0.029021
v -0.123306 -0.472418 -0.029021
v 0.126411 -0.472418 -0.029021
v -0.264698 0.003069 -0.027881
v 0.267802 0.003069 -0.027881
v -0.068573 -0.293397 -0.027881
v 0.071678 -0.293397 -0.027881
v -0.155233 -0.037979 -0.027881
v -0.079976 -0.378917 -0.026741
v 0.083081 -0.378917 -0.026741
v -0.282942 0.040698 -0.026741
v 0.286046 0.040698 -0.026741
v 0.048873 0.371373 -0.026741
v -0.095940 -0.511187 -0.026741
v 0.099045 -0.511187 -0.026741
v 0.104746 0.130778 -0.026741
v -0.048049 0.371373 -0.026741
v -0.158654 -0.575041 -0.026741
v 0.161758 -0.575041 -0.026741
v -0.190581 -0.173670 -0.026741
v 0.193685 -0.173670 -0.026741
v -0.168916 0.157004 -0.026741
v 0.172021 0.157004 -0.026741
v -0.272679 0.007630 -0.026741
v 0.275784 0.007630 -0.026741
v -0.253295 0.005350 -0.026741
v 0.256400 0.005350 -0.026741
v -0.062872 0.510484 -0.025601
v 0.065977 0.510484 -0.025601
v -0.122165 -0.507766 -0.025601
v 0.125270 -0.507766 -0.025601
v -0.041207 0.461453 -0.025601
v 0.044312 0.461453 -0.025601
v 0.110447 0.096571 -0.025601
v -0.152953 -0.575041 -0.025601
v 0.156057 -0.575041 -0.025601
v -0.237332 0.039557 -0.025601
v 0.240436 0.039557 -0.025601
v -0.121025 -0.419966 -0.025601
v 0.124130 -0.419966 -0.025601
v 0.099045 0.138760 -0.025601
v -0.284082 0.001929 -0.025601
v 0.287187 0.001929 -0.025601
v -0.288643 0.034997 -0.025601
v 0.291748 0.034997 -0.025601
v -0.262417 0.154724 -0.025601
v 0.265522 0.154724 -0.025601
v -0.263557 0.161566 -0.024460
v 0.266662 0.161566 -0.024460
v -0.263557 0.021314 -0.024460
v 0.266662 0.021314 -0.024460
v -0.066293 -0.260330 -0.024460
v 0.069397 -0.260330 -0.024460
v -0.233911 0.030436 -0.024460
v 0.237015 0.030436 -0.024460
v -0.249875 0.022454 -0.024460
v 0.252979 0.022454 -0.024460
v -0.084537 0.097711 -0.024460
v 0.087642 0.097711 -0.024460
v -0.139269 0.013332 -0.024460
v 0.142374 0.013332 -0.024460
v -0.066293 0.393038 -0.024460
v 0.069397 0.393038 -0.024460
v -0.287503 0.020173 -0.024460
v 0.290607 0.020173 -0.024460
v -0.009280 -0.091572 -0.024460
v 0.012385 -0.091572 -0.024460
v -0.179179 0.109113 -0.024460
v 0.182283 0.109113 -0.024460
v -0.135849 -0.291117 -0.023320
v 0.138953 -0.291117 -0.023320
v -0.089098 0.072625 -0.023320
v 0.092203 0.072625 -0.023320
v -0.102781 0.414703 -0.023320
v 0.105886 0.414703 -0.023320
v -0.155233 -0.546535 -0.023320
v 0.158338 -0.546535 -0.023320
v -0.157514 0.163846 -0.022180
v 0.160618 0.163846 -0.022180
v -0.171196 0.135339 -0.022180
v 0.174302 0.135339 -0.022180
v -0.125587 0.372513 -0.022180
v 0.128691 0.372513 -0.022180
v -0.133568 -0.256909 -0.022180
v 0.136673 -0.256909 -0.022180
v -0.038927 0.445489 -0.022180
v 0.042031 0.445489 -0.022180
v -0.229350 0.170687 -0.022180
v 0.232454 0.170687 -0.022180
v -0.297766 0.013332 -0.022180
v 0.300870 0.013332 -0.022180
v -0.228210 0.006490 -0.022180
v 0.231314 0.006490 -0.022180
v -0.162075 -0.545394 -0.022180
v 0.165179 -0.545394 -0.022180
v -0.265838 0.158144 -0.022180
v 0.268942 0.158144 -0.022180
v -0.101641 0.377074 -0.021040
v 0.104746 0.377074 -0.021040
v -0.042348 0.509344 -0.021040
v 0.045452 0.509344 -0.021040
v -0.211106 0.071485 -0.021040
v 0.214210 0.071485 -0.021040
v 0.072818 0.387336 -0.021040
v -0.287503 0.034997 -0.021040
v 0.290607 0.034997 -0.021040
v -0.262417 -0.024297 -0.021040
v 0.265522 -0.024297 -0.021040
v -0.269259 -0.042541 -0.021040
v 0.272364 -0.042541 -0.021040
v -0.134709 -0.002632 -0.021040
v -0.138129 0.243664 -0.019900
v 0.141234 0.243664 -0.019900
v -0.289783 -0.024297 -0.019900
v 0.292888 -0.024297 -0.019900
v -0.282942 -0.041401 -0.019900
v 0.286046 -0.041401 -0.019900
v -0.057171 -0.291117 -0.019900
v 0.060276 -0.291117 -0.019900
v -0.052610 0.402159 -0.019900
v 0.055715 0.402159 -0.019900
v -0.251015 0.183230 -0.019900
v 0.254119 0.183230 -0.019900
v -0.170056 0.280152 -0.019900
v 0.173161 0.280152 -0.019900
v -0.020683 0.584601 -0.018759
v 0.023788 0.584601 -0.018759
v -0.053750 0.545832 -0.018759
v 0.056855 0.545832 -0.018759
v -0.274960 0.102272 -0.018759
v 0.278065 0.102272 -0.018759
v -0.274960 -0.059644 -0.018759
v 0.278065 -0.059644 -0.018759
v -0.198563 0.086309 -0.018759
v 0.201668 0.086309 -0.018759
v -0.237332 0.023594 -0.018759
v 0.240436 0.023594 -0.018759
v -0.286363 0.025875 -0.018759
v 0.289467 0.025875 -0.018759
v -0.292064 0.063503 -0.018759
v 0.295168 0.063503 -0.018759
v -0.069714 0.382775 -0.017619
v -0.269259 -0.057364 -0.017619
v 0.272364 -0.057364 -0.017619
v -0.244173 0.022454 -0.017619
v 0.247278 0.022454 -0.017619
v -0.123306 -0.374356 -0.017619
v 0.126411 -0.374356 -0.017619
v -0.078836 -0.333307 -0.017619
v 0.081941 -0.333307 -0.017619
v -0.054891 -0.264891 -0.017619
v 0.057995 -0.264891 -0.017619
v -0.263557 0.134199 -0.016479
v 0.266662 0.134199 -0.016479
v -0.042348 0.411281 -0.016479
v 0.045452 0.411281 -0.016479
v -0.051470 0.453471 -0.016479
v 0.054574 0.453471 -0.016479
v -0.176898 -0.133761 -0.016479
v 0.180003 -0.133761 -0.016479
v -0.150672 0.350848 -0.016479
v 0.153777 0.350848 -0.016479
v 0.002123 0.591442 -0.016479
v -0.064012 -0.293397 -0.016479
v 0.067117 -0.293397 -0.016479
v -0.288643 0.013332 -0.015339
v 0.291748 0.013332 -0.015339
v -0.085677 0.394178 -0.015339
v -0.236191 0.008771 -0.015339
v 0.239296 0.008771 -0.015339
v -0.060592 -0.267172 -0.015339
v 0.063696 -0.267172 -0.015339
v -0.205405 0.170687 -0.015339
v 0.208509 0.170687 -0.015339
v -0.147252 -0.287696 -0.015339
v 0.150356 -0.287696 -0.015339
v -0.067433 0.458032 -0.015339
v 0.070538 0.458032 -0.015339
v 0.088782 0.396458 -0.015339
v -0.266978 0.138760 -0.015339
v 0.270083 0.138760 -0.015339
v -0.239612 0.008771 -0.015339
v 0.242717 0.008771 -0.015339
v -0.038927 0.560656 -0.015339
v 0.042031 0.560656 -0.015339
v -0.111903 0.201474 -0.015339
v 0.115008 0.201474 -0.015339
v -0.178038 0.210597 -0.014198
v 0.181143 0.210597 -0.014198
v -0.027524 0.573198 -0.014198
v 0.030629 0.573198 -0.014198
v -0.111903 0.068064 -0.014198
v 0.115008 0.068064 -0.014198
v -0.111903 0.215158 -0.014198
v 0.065977 0.399879 -0.014198
v -0.144971 -0.259189 -0.014198
v 0.148076 -0.259189 -0.014198
v -0.038927 0.572058 -0.014198
v 0.042031 0.572058 -0.014198
v -0.172337 0.252786 -0.014198
v 0.175442 0.252786 -0.014198
v -0.263557 -0.071047 -0.014198
v 0.266662 -0.071047 -0.014198
v -0.110763 0.206035 -0.014198
v -0.268118 -0.077889 -0.013058
v 0.271223 -0.077889 -0.013058
v -0.048049 -0.278574 -0.013058
v 0.051154 -0.278574 -0.013058
v -0.171196 0.300677 -0.013058
v 0.174302 0.300677 -0.013058
v -0.151813 -0.059644 -0.013058
v 0.154917 -0.059644 -0.013058
v -0.009280 0.583461 -0.011917
v 0.012385 0.583461 -0.011917
v -0.109623 0.030436 -0.011917
v -0.231630 0.171828 -0.011917
v 0.234735 0.171828 -0.011917
v -0.293204 0.001929 -0.011917
v 0.296309 0.001929 -0.011917
v -0.062872 0.397599 -0.011917
v -0.103922 0.182090 -0.010777
v -0.209965 0.130778 -0.010777
v 0.213070 0.130778 -0.010777
v -0.034366 0.420404 -0.010777
v 0.037470 0.420404 -0.010777
v -0.042348 0.463734 -0.010777
v 0.045452 0.463734 -0.010777
v -0.119885 0.239103 -0.010777
v 0.122989 0.239103 -0.010777
v -0.089098 -0.294538 -0.010777
v 0.092203 -0.294538 -0.010777
v -0.290924 -0.047102 -0.010777
v 0.294028 -0.047102 -0.010777
v -0.166636 0.324622 -0.010777
v 0.169740 0.324622 -0.010777
v -0.152953 -0.274013 -0.009637
v 0.156057 -0.274013 -0.009637
v -0.042348 0.447770 -0.009637
v 0.045452 0.447770 -0.009637
v -0.048049 0.493380 -0.008497
v 0.051154 0.493380 -0.008497
v -0.255576 -0.081309 -0.008497
v 0.258680 -0.081309 -0.008497
v -0.219087 0.050960 -0.008497
v 0.222192 0.050960 -0.008497
v 0.158338 -0.022016 -0.008497
v -0.155233 -0.022016 -0.008497
v -0.086818 -0.261470 -0.008497
v 0.089922 -0.261470 -0.008497
v -0.136989 0.028155 -0.008497
v 0.140093 0.028155 -0.008497
v -0.114184 -0.294538 -0.008497
v 0.117288 -0.294538 -0.008497
v -0.097080 0.169547 -0.008497
v 0.100185 0.169547 -0.008497
v -0.111903 0.221999 -0.008497
v 0.072818 0.413562 -0.008497
v -0.100500 0.164986 -0.007356
v -0.243033 0.151303 -0.007356
v 0.246137 0.151303 -0.007356
v -0.254436 -0.087011 -0.007356
v 0.257540 -0.087011 -0.007356
v -0.300045 -0.039120 -0.007356
v 0.303150 -0.039120 -0.007356
v -0.292064 0.042979 -0.007356
v 0.295168 0.042979 -0.007356
v 0.116148 0.367952 -0.007356
v -0.227069 0.037277 -0.007356
v 0.230174 0.037277 -0.007356
v -0.113044 0.367952 -0.007356
v -0.111903 -0.260330 -0.007356
v 0.115008 -0.260330 -0.007356
v -0.035506 0.431806 -0.007356
v 0.038611 0.431806 -0.007356
v 0.103605 0.385055 -0.007356
v -0.100500 0.383915 -0.007356
v -0.297766 -0.026577 -0.007356
v 0.300870 -0.026577 -0.007356
v -0.272679 0.087448 -0.006216
v 0.275784 0.087448 -0.006216
v 0.158338 -0.004912 -0.006216
v -0.156373 -0.004912 -0.006216
v -0.124446 -0.327605 -0.006216
v 0.127551 -0.327605 -0.006216
v -0.303467 0.042979 -0.006216
v 0.306571 0.042979 -0.006216
v -0.216807 0.033856 -0.006216
v 0.219911 0.033856 -0.006216
v -0.107342 0.199194 -0.006216
v -0.265838 0.110253 -0.006216
v 0.268942 0.110253 -0.006216
v -0.282942 -0.063066 -0.006216
v 0.286046 -0.063066 -0.006216
v 0.167460 -0.011754 -0.006216
v -0.164355 -0.011754 -0.006216
v -0.121025 0.263048 -0.005076
v 0.124130 0.263048 -0.005076
v -0.271540 -0.080169 -0.005076
v 0.274644 -0.080169 -0.005076
v -0.200844 0.174108 -0.005076
v 0.203948 0.174108 -0.005076
v -0.289783 -0.045962 -0.005076
v 0.292888 -0.045962 -0.005076
v -0.279521 0.064644 -0.005076
v 0.282626 0.064644 -0.005076
v -0.069714 0.412422 -0.005076
v 0.048873 0.420404 -0.005076
v -0.121025 -0.267172 -0.005076
v 0.124130 -0.267172 -0.005076
v -0.048049 0.420404 -0.005076
v -0.247594 -0.014035 -0.005076
v 0.250699 -0.014035 -0.005076
v -0.270399 -0.044821 -0.003936
v 0.273503 -0.044821 -0.003936
v -0.075415 -0.271733 -0.003936
v 0.078520 -0.271733 -0.003936
v -0.101641 0.130778 -0.003936
v -0.111903 0.358830 -0.003936
v 0.115008 0.358830 -0.003936
v 0.125270 0.053241 -0.003936
v -0.123306 0.053241 -0.003936
v -0.147252 -0.520309 -0.003936
v 0.150356 -0.520309 -0.003936
v -0.270399 -0.057364 -0.003936
v 0.273503 -0.057364 -0.003936
v -0.244173 0.167267 -0.002796
v 0.247278 0.167267 -0.002796
v -0.129007 -0.527150 -0.002796
v 0.132112 -0.527150 -0.002796
v -0.311448 0.033856 -0.002796
v 0.314553 0.033856 -0.002796
v -0.209965 0.023594 -0.002796
v 0.213070 0.023594 -0.002796
v -0.038927 0.357689 -0.001655
v -0.274960 -0.060785 -0.001655
v 0.278065 -0.060785 -0.001655
v 0.039751 0.357689 -0.001655
v -0.097080 -0.575041 -0.001655
v 0.100185 -0.575041 -0.001655
v -0.232771 0.160425 -0.001655
v 0.235875 0.160425 -0.001655
v -0.093659 0.119376 -0.001655
v 0.096764 0.119376 -0.001655
v -0.168916 -0.575041 -0.001655
v 0.172021 -0.575041 -0.001655
v -0.271540 0.099991 -0.001655
v 0.274644 0.099991 -0.001655
v -0.005860 -0.040260 -0.001655
v 0.008964 -0.040260 -0.001655
v -0.294344 0.028155 -0.001655
v 0.297449 0.028155 -0.001655
v -0.097080 0.073765 -0.001655
v 0.100185 0.073765 -0.001655
v -0.252155 -0.088151 -0.001655
v 0.255260 -0.088151 -0.001655
v -0.109623 0.097711 -0.000515
v -0.119885 0.209456 -0.000515
v -0.213386 0.095430 -0.000515
v 0.216491 0.095430 -0.000515
v -0.198563 0.163846 -0.000515
v 0.201668 0.163846 -0.000515
v -0.244173 0.144462 -0.000515
v 0.247278 0.144462 -0.000515
v -0.094799 -0.575041 0.000625
v 0.097904 -0.575041 0.000625
v -0.227069 0.084028 0.000625
v 0.230174 0.084028 0.000625
v -0.263557 -0.069907 0.000625
v 0.266662 -0.069907 0.000625
v -0.233911 0.168407 0.000625
v 0.237015 0.168407 0.000625
v -0.265838 -0.075608 0.000625
v 0.268942 -0.075608 0.000625
v 0.145795 0.072625 0.000625
v -0.144971 0.072625 0.000625
v -0.295485 0.020173 0.000625
v 0.298590 0.020173 0.000625
v -0.272679 -0.065346 0.000625
v 0.275784 -0.065346 0.000625
v -0.304607 0.023594 0.000625
v 0.307711 0.023594 0.000625
v -0.217947 0.015613 0.000625
v 0.221052 0.015613 0.000625
v -0.229350 0.027015 0.000625
v 0.232454 0.027015 0.000625
v -0.277241 -0.071047 0.001765
v 0.280345 -0.071047 0.001765
v -0.233911 0.012191 0.001765
v 0.237015 0.012191 0.001765
v -0.276101 0.072625 0.001765
v 0.279205 0.072625 0.001765
v -0.253295 -0.079029 0.001765
v 0.256400 -0.079029 0.001765
v -0.229350 0.014472 0.001765
v 0.232454 0.014472 0.001765
v 0.077380 0.369092 0.001765
v -0.074275 0.369092 0.001765
v -0.281802 0.048680 0.001765
v 0.284906 0.048680 0.001765
v 0.002123 -0.032278 0.001765
v -0.094799 -0.563639 0.001765
v 0.097904 -0.563639 0.001765
v -0.146111 0.031576 0.001765
v 0.150356 0.030436 0.001765
v -0.260137 -0.027717 0.001765
v 0.263241 -0.027717 0.001765
v -0.084537 -0.293397 0.001765
v 0.087642 -0.293397 0.001765
v -0.261277 -0.081309 0.002906
v 0.264382 -0.081309 0.002906
v -0.101641 0.357689 0.002906
v 0.104746 0.357689 0.002906
v 0.076239 0.366812 0.002906
v -0.073134 0.366812 0.002906
v -0.251015 -0.084731 0.002906
v 0.254119 -0.084731 0.002906
v -0.082257 -0.264891 0.004046
v 0.085361 -0.264891 0.004046
v -0.284082 0.042979 0.004046
v 0.287187 0.042979 0.004046
v -0.244173 -0.085870 0.004046
v 0.247278 -0.085870 0.004046
v -0.201984 0.144462 0.004046
v 0.205088 0.144462 0.004046
v -0.089098 -0.562498 0.004046
v 0.092203 -0.562498 0.004046
v -0.206545 0.120516 0.004046
v 0.209649 0.120516 0.004046
v -0.199703 0.170687 0.004046
v 0.202808 0.170687 0.004046
v -0.109623 0.217438 0.004046
v -0.116464 -0.291117 0.004046
v 0.119569 -0.291117 0.004046
v -0.253295 0.090869 0.005186
v 0.256400 0.090869 0.005186
v -0.073134 0.357689 0.005186
v 0.076239 0.357689 0.005186
v -0.118745 -0.292257 0.005186
v 0.121849 -0.292257 0.005186
v -0.235051 0.045259 0.005186
v 0.238156 0.045259 0.005186
v -0.263557 -0.089292 0.005186
v 0.266662 -0.089292 0.005186
v -0.103922 -0.264891 0.005186
v 0.107026 -0.264891 0.005186
v -0.123306 0.337165 0.005186
v 0.126411 0.337165 0.005186
v -0.293204 -0.047102 0.005186
v 0.296309 -0.047102 0.005186
v -0.068573 0.394178 0.005186
v 0.071678 0.394178 0.005186
v -0.026384 0.415843 0.006326
v 0.029489 0.415843 0.006326
v -0.116464 -0.263751 0.006326
v 0.119569 -0.263751 0.006326
v -0.129007 -0.512327 0.006326
v 0.132112 -0.512327 0.006326
v -0.027524 0.393038 0.006326
v 0.030629 0.393038 0.006326
v -0.236191 0.142181 0.006326
v 0.239296 0.142181 0.006326
v -0.241893 -0.092712 0.006326
v 0.244997 -0.092712 0.006326
v -0.048049 0.366812 0.006326
v 0.051154 0.366812 0.006326
v -0.107342 0.207175 0.007467
v -0.165495 -0.552236 0.007467
v 0.168600 -0.552236 0.007467
v -0.082257 0.389617 0.007467
v 0.085361 0.389617 0.007467
v -0.229350 0.056661 0.007467
v 0.232454 0.056661 0.007467
v -0.098221 -0.549955 0.007467
v 0.101324 -0.549955 0.007467
v 0.092203 0.097711 0.007467
v -0.286363 0.030436 0.007467
v 0.289467 0.030436 0.007467
v -0.038927 0.496801 0.007467
v 0.042031 0.496801 0.007467
v -0.108483 0.217438 0.008607
v -0.102781 0.099991 0.008607
v -0.042348 0.467154 0.008607
v 0.045452 0.467154 0.008607
v -0.241893 0.121656 0.008607
v 0.244997 0.121656 0.008607
v 0.102465 0.112534 0.008607
v -0.306887 -0.044821 0.008607
v 0.309992 -0.044821 0.008607
v -0.284082 0.049820 0.009748
v 0.287187 0.049820 0.009748
v -0.231630 0.044119 0.009748
v 0.234735 0.044119 0.009748
v -0.054891 0.496801 0.009747
v 0.057995 0.496801 0.009747
v -0.282942 -0.072188 0.009748
v 0.286046 -0.072188 0.009748
v 0.002123 0.569777 0.009747
v -0.090238 -0.545394 0.009748
v 0.093343 -0.545394 0.009748
v -0.042348 0.519606 0.009747
v 0.045452 0.519606 0.009747
v -0.035506 0.540131 0.009747
v 0.038611 0.540131 0.009747
v -0.238472 -0.092712 0.010887
v 0.241576 -0.092712 0.010887
v -0.273820 0.065784 0.010887
v 0.276925 0.065784 0.010887
v -0.241893 0.102272 0.010887
v 0.244997 0.102272 0.010887
v 0.099045 0.127357 0.010887
v -0.129007 0.314360 0.010887
v 0.132112 0.314360 0.010887
v -0.079976 -0.279714 0.010888
v 0.083081 -0.279714 0.010888
v -0.302326 -0.002632 0.010887
v 0.305431 -0.002632 0.010887
v -0.042348 0.493380 0.012028
v 0.045452 0.493380 0.012028
v -0.105062 -0.526010 0.012028
v 0.108166 -0.526010 0.012028
v -0.130148 0.285854 0.012028
v 0.133252 0.285854 0.012028
v -0.238472 0.029295 0.012028
v 0.241576 0.029295 0.012028
v -0.102781 -0.539693 0.012028
v 0.105886 -0.539693 0.012028
v -0.262417 -0.089292 0.012028
v 0.265522 -0.089292 0.012028
v -0.014981 0.347427 0.013168
v 0.015805 0.348567 0.013168
v -0.036646 0.432946 0.013168
v 0.039751 0.432946 0.013168
v -0.239612 -0.083590 0.013168
v 0.242717 -0.083590 0.013168
v -0.049189 0.431806 0.013168
v 0.052294 0.431806 0.013168
v -0.239612 0.048680 0.013168
v 0.242717 0.048680 0.013168
v -0.293204 0.001929 0.013168
v 0.296309 0.001929 0.013168
v -0.119885 -0.278574 0.014308
v 0.122989 -0.278574 0.014308
v -0.266978 -0.064206 0.014308
v 0.270083 -0.064206 0.014308
v -0.268118 -0.043681 0.014308
v 0.271223 -0.043681 0.014308
v -0.227069 0.001929 0.014308
v 0.230174 0.001929 0.014308
v 0.111587 0.093150 0.014308
v -0.010420 0.387336 0.014308
v 0.013525 0.387336 0.014308
v -0.059452 0.431806 0.014308
v 0.062556 0.431806 0.014308
v -0.298906 -0.024297 0.014308
v 0.302010 -0.024297 0.014308
v -0.038927 0.452331 0.015449
v 0.042031 0.452331 0.015449
v -0.057171 0.361111 0.015449
v 0.059135 0.361111 0.015449
v -0.229350 -0.083590 0.015449
v 0.232454 -0.083590 0.015449
v -0.238472 -0.090432 0.015449
v 0.241576 -0.090432 0.015449
v -0.236191 0.034997 0.015449
v 0.239296 0.034997 0.015449
v -0.085677 0.365671 0.015449
v 0.088782 0.365671 0.015449
v -0.293204 0.050960 0.016589
v 0.296309 0.050960 0.016589
v -0.254436 -0.081309 0.016589
v 0.257540 -0.081309 0.016589
v -0.026384 0.565216 0.016589
v 0.029489 0.565216 0.016589
v -0.222509 0.044119 0.016589
v 0.225613 0.044119 0.016589
v -0.042348 0.481977 0.016589
v 0.045452 0.481977 0.016589
v -0.230490 -0.089292 0.016589
v 0.233595 -0.089292 0.016589
v -0.027524 0.420404 0.016589
v 0.030629 0.420404 0.016589
v -0.289783 -0.045962 0.016589
v 0.292888 -0.045962 0.016589
v -0.033226 0.546972 0.016589
v 0.036330 0.546972 0.016589
v -0.091379 0.166126 0.016589
v 0.094483 0.166126 0.016589
v -0.243033 0.039557 0.017729
v 0.246137 0.039557 0.017729
v -0.271540 -0.066486 0.017729
v 0.274644 -0.066486 0.017729
v -0.048049 0.528728 0.017729
v 0.051154 0.528728 0.017729
v -0.106202 0.337165 0.017729
v 0.109307 0.337165 0.017729
v -0.230490 0.016753 0.017729
v 0.233595 0.016753 0.017729
v -0.278381 0.044119 0.017729
v 0.281486 0.044119 0.017729
v -0.008140 0.410142 0.017729
v 0.011245 0.410142 0.017729
v -0.264698 0.049820 0.017729
v 0.267802 0.049820 0.017729
v 0.002123 0.386196 0.017729
v -0.252155 -0.079029 0.018869
v 0.255260 -0.079029 0.018869
v -0.091379 0.350848 0.018869
v 0.094483 0.351988 0.018869
v -0.269259 -0.065346 0.018869
v 0.272364 -0.065346 0.018869
v -0.034366 0.557234 0.018869
v 0.037470 0.557234 0.018869
v -0.256716 -0.083590 0.018869
v 0.259821 -0.083590 0.018869
v -0.233911 0.022454 0.018869
v 0.237015 0.022454 0.018869
v -0.052610 0.380495 0.018869
v 0.053434 0.380495 0.018869
v -0.151813 -0.535132 0.018869
v 0.154917 -0.535132 0.018869
v -0.286363 0.028155 0.018869
v 0.289467 0.028155 0.018869
v -0.273820 -0.072188 0.018869
v 0.276925 -0.072188 0.018869
v -0.019542 0.574338 0.018869
v 0.022647 0.574338 0.018869
v -0.040067 0.526448 0.018869
v 0.043172 0.526448 0.018869
v -0.098221 0.196913 0.018869
v 0.101324 0.196913 0.018869
v -0.254436 -0.084731 0.020010
v 0.257540 -0.084731 0.020010
v -0.038927 0.356549 0.020010
v 0.042031 0.356549 0.020010
v -0.100500 0.195773 0.020010
v -0.038927 0.406720 0.020010
v 0.039751 0.406720 0.020010
v -0.266978 0.052101 0.020010
v 0.270083 0.052101 0.020010
v -0.247594 0.050960 0.020010
v 0.250699 0.050960 0.020010
v -0.279521 0.034997 0.020010
v 0.282626 0.034997 0.020010
v -0.247594 0.064644 0.021150
v 0.250699 0.064644 0.021150
v -0.048049 0.357689 0.021150
v 0.050013 0.357689 0.021150
v -0.109623 0.232261 0.021150
v -0.009280 0.576619 0.021150
v 0.012385 0.576619 0.021150
v 0.002123 0.405580 0.022290
v -0.245313 0.031576 0.022290
v 0.248418 0.031576 0.022290
v -0.309168 -0.025437 0.022290
v 0.312272 -0.025437 0.022290
v -0.236191 -0.014035 0.022290
v 0.239296 -0.014035 0.022290
v -0.033226 0.356549 0.023430
v 0.036330 0.356549 0.023430
v -0.229350 -0.010613 0.023430
v 0.232454 -0.010613 0.023430
v -0.225929 -0.090432 0.023430
v 0.229034 -0.090432 0.023430
v -0.067433 0.354269 0.023430
v 0.070538 0.354269 0.023430
v -0.257856 0.042979 0.023430
v 0.260961 0.042979 0.023430
v -0.111903 0.250505 0.023430
v 0.115008 0.250505 0.023430
v -0.298906 0.044119 0.023430
v 0.302010 0.044119 0.023430
v -0.294344 0.032716 0.023430
v 0.297449 0.032716 0.023430
v -0.217947 0.036137 0.023430
v 0.221052 0.036137 0.023430
v -0.224789 0.025875 0.023430
v 0.227894 0.025875 0.023430
v -0.224789 0.007630 0.023430
v 0.227894 0.007630 0.023430
v -0.270399 0.030436 0.024571
v 0.273503 0.030436 0.024571
v -0.026384 0.423824 0.024571
v 0.029489 0.423824 0.024571
v 0.002123 0.581180 0.025711
v -0.051470 0.393038 0.025711
v 0.053434 0.393038 0.025711
v -0.095940 0.178669 0.026851
v -0.013841 0.411281 0.026851
v 0.016946 0.411281 0.026851
v -0.237332 0.019033 0.026851
v 0.240436 0.019033 0.026851
v -0.011561 0.351988 0.026851
v 0.014665 0.351988 0.026851
v -0.228210 -0.081309 0.027991
v 0.231314 -0.081309 0.027991
v -0.005860 0.407861 0.027991
v 0.008964 0.407861 0.027991
v -0.089098 0.072625 0.027991
v 0.092203 0.072625 0.027991
v -0.090238 0.115955 0.027991
v 0.093343 0.115955 0.027991
v -0.053750 0.375934 0.027991
v 0.056855 0.375934 0.027991
v -0.248734 0.028155 0.027991
v 0.251839 0.028155 0.027991
v -0.100500 0.217438 0.027991
v -0.115324 0.280152 0.027991
v 0.118428 0.280152 0.027991
v -0.252155 -0.026577 0.027991
v 0.255260 -0.026577 0.027991
v -0.035506 0.494520 0.029132
v 0.038611 0.494520 0.029132
v -0.029805 0.437508 0.029132
v 0.032909 0.437508 0.029132
v -0.134709 -0.507766 0.029132
v 0.137813 -0.507766 0.029132
v -0.228210 -0.087011 0.029132
v 0.231314 -0.087011 0.029132
v 0.002123 0.347427 0.029132
v -0.121025 -0.527150 0.029132
v 0.124130 -0.527150 0.029132
v -0.269259 0.030436 0.029132
v 0.272364 0.030436 0.029132
v -0.170056 -0.115517 0.029132
v -0.256716 -0.088151 0.029132
v 0.259821 -0.088151 0.029132
v 0.002123 0.407861 0.029132
v -0.293204 -0.044821 0.030272
v 0.296309 -0.044821 0.030272
v -0.221368 -0.010613 0.030272
v 0.224473 -0.010613 0.030272
v -0.011561 0.431806 0.030272
v 0.014665 0.431806 0.030272
v -0.011561 0.437508 0.030272
v 0.014665 0.437508 0.030272
v -0.317150 -0.039120 0.030272
v 0.320255 -0.039120 0.030272
v -0.270399 0.054381 0.030272
v 0.273503 0.054381 0.030272
v -0.244173 0.052101 0.030272
v 0.247278 0.052101 0.030272
v 0.014665 0.445489 0.030272
v -0.011561 0.445489 0.030272
v -0.233911 -0.079029 0.030272
v 0.237015 -0.079029 0.030272
v -0.011561 0.439788 0.031412
v 0.014665 0.439788 0.031412
v 0.026068 0.338305 0.031412
v -0.032085 0.475136 0.031412
v 0.035190 0.475136 0.031412
v -0.036646 0.478557 0.031412
v 0.039751 0.478557 0.031412
v -0.032085 0.485399 0.031412
v 0.035190 0.485399 0.031412
v -0.115324 0.307518 0.031412
v 0.118428 0.307518 0.031412
v -0.247594 -0.074468 0.031412
v 0.250699 -0.074468 0.031412
v -0.313729 -0.047102 0.032552
v 0.316833 -0.047102 0.032552
v -0.277241 -0.074468 0.032552
v 0.280345 -0.074468 0.032552
v -0.251015 0.020173 0.032552
v 0.254119 0.020173 0.032552
v -0.030945 0.540131 0.032552
v 0.034050 0.540131 0.032552
v -0.041207 0.413562 0.032552
v 0.044312 0.413562 0.032552
v -0.263557 -0.042541 0.033692
v 0.266662 -0.042541 0.033692
v -0.247594 -0.072188 0.033692
v 0.250699 -0.072188 0.033692
v -0.261277 -0.063066 0.033692
v 0.264382 -0.063066 0.033692
v -0.278381 0.004210 0.033692
v 0.281486 0.004210 0.033692
v 0.094483 0.340586 0.033692
v -0.091379 0.340586 0.033692
v -0.043488 0.475136 0.033692
v 0.046592 0.475136 0.033692
v -0.021823 0.429526 0.033692
v 0.024927 0.429526 0.033692
v 0.031769 0.334885 0.033692
v -0.107342 0.227700 0.034833
v -0.239612 -0.084731 0.034833
v 0.242717 -0.084731 0.034833
v -0.035506 0.468295 0.034833
v 0.038611 0.468295 0.034833
v -0.217947 -0.031138 0.034833
v 0.221052 -0.031138 0.034833
v -0.017262 0.396458 0.034833
v 0.019226 0.396458 0.034833
v -0.227069 0.011051 0.034833
v 0.230174 0.011051 0.034833
v -0.027524 0.521887 0.034833
v 0.030629 0.521887 0.034833
v -0.147252 -0.537413 0.034833
v 0.150356 -0.537413 0.034833
v -0.249875 -0.082450 0.035973
v 0.252979 -0.082450 0.035973
v 0.002123 0.354269 0.035973
v -0.260137 -0.064206 0.035973
v 0.263241 -0.064206 0.035973
v -0.105062 0.242524 0.035973
v -0.076556 0.339446 0.037114
v 0.079660 0.339446 0.037114
v -0.018402 0.541271 0.037113
v 0.021507 0.541271 0.037113
v -0.009280 0.349708 0.037114
v 0.012385 0.349708 0.037114
v -0.008140 0.439788 0.037114
v 0.011245 0.439788 0.037114
v -0.124446 0.071485 0.037114
v -0.021823 0.348567 0.037114
v 0.023788 0.348567 0.037114
v -0.007000 0.436368 0.037114
v 0.010104 0.436368 0.037114
v -0.253295 -0.079029 0.037114
v 0.256400 -0.079029 0.037114
v -0.012701 0.431806 0.037114
v 0.015805 0.431806 0.037114
v -0.285222 -0.022016 0.037114
v 0.288327 -0.022016 0.037114
v 0.002123 0.439788 0.037114
v -0.266978 -0.068767 0.037114
v 0.270083 -0.068767 0.037114
v -0.029805 0.453471 0.037113
v 0.032909 0.453471 0.037113
v -0.011561 0.444349 0.037114
v 0.014665 0.444349 0.037114
v -0.017262 0.413562 0.037114
v 0.020366 0.413562 0.037114
v 0.129831 0.071485 0.037114
v -0.243033 -0.018596 0.038254
v 0.246137 -0.018596 0.038254
v -0.037787 0.513905 0.038253
v 0.040891 0.513905 0.038253
v -0.027524 0.546972 0.038253
v 0.030629 0.546972 0.038253
v -0.229350 -0.076748 0.038254
v 0.232454 -0.076748 0.038254
v -0.012701 0.438648 0.038253
v 0.015805 0.438648 0.038253
v -0.271540 0.036137 0.038254
v 0.274644 0.036137 0.038254
v -0.245313 0.033856 0.038254
v 0.248418 0.033856 0.038254
v -0.111903 -0.540833 0.038254
v 0.115008 -0.540833 0.038254
v -0.019542 0.365671 0.038253
v 0.021507 0.365671 0.038253
v -0.020683 0.437508 0.038253
v 0.023788 0.437508 0.038253
v -0.032085 0.515045 0.039394
v 0.035190 0.515045 0.039394
v -0.008140 0.436368 0.039394
v 0.011245 0.436368 0.039394
v -0.013841 0.481977 0.039394
v 0.016946 0.481977 0.039394
v 0.002123 0.349708 0.039394
v -0.042348 -0.243226 0.039394
v 0.045452 -0.243226 0.039394
v -0.003579 0.436368 0.039394
v 0.006684 0.436368 0.039394
v -0.251015 0.011051 0.039394
v 0.254119 0.011051 0.039394
v -0.004719 0.442069 0.039394
v 0.007824 0.442069 0.039394
v -0.235051 -0.085870 0.039394
v 0.238156 -0.085870 0.039394
v -0.008140 0.442069 0.039394
v 0.011245 0.442069 0.039394
v -0.148391 -0.071047 0.039394
v 0.002123 0.541271 0.039394
v -0.012701 0.437508 0.040534
v 0.015805 0.437508 0.040534
v -0.002439 0.440928 0.040534
v 0.005543 0.440928 0.040534
v -0.030945 0.444349 0.040534
v 0.034050 0.444349 0.040534
v -0.272679 0.048680 0.040534
v 0.275784 0.048680 0.040534
v -0.016122 0.437508 0.040534
v 0.019226 0.437508 0.040534
v -0.017262 0.432946 0.040534
v 0.020366 0.432946 0.040534
v -0.241893 0.045259 0.040534
v 0.244997 0.045259 0.040534
v -0.138129 -0.526010 0.040534
v 0.141234 -0.526010 0.040534
v -0.216807 -0.044821 0.040534
v 0.219911 -0.044821 0.040534
v -0.103922 0.239103 0.040534
v -0.011561 0.437508 0.040534
v 0.014665 0.437508 0.040534
v -0.220228 -0.004912 0.040534
v 0.223333 -0.004912 0.040534
v -0.000158 0.435227 0.040534
v 0.003263 0.435227 0.040534
v -0.017262 0.442069 0.040534
v 0.020366 0.442069 0.040534
v -0.284082 -0.043681 0.040534
v 0.287187 -0.043681 0.040534
v -0.018402 0.348567 0.040534
v 0.022647 0.348567 0.040534
v -0.133568 -0.535132 0.040534
v 0.136673 -0.535132 0.040534
v -0.168916 -0.557937 0.040534
v 0.172021 -0.557937 0.040534
v -0.008140 0.477416 0.041675
v 0.011245 0.477416 0.041675
v -0.233911 -0.029998 0.041675
v 0.237015 -0.029998 0.041675
v -0.012701 0.438648 0.041675
v 0.015805 0.438648 0.041675
v -0.251015 -0.022016 0.041675
v 0.254119 -0.022016 0.041675
v -0.227069 -0.047102 0.041675
v 0.230174 -0.047102 0.041675
v 0.105886 0.057802 0.041675
v 0.002123 0.436368 0.041675
v -0.014981 0.434087 0.041675
v 0.018086 0.434087 0.041675
v -0.178038 -0.575041 0.041675
v 0.181143 -0.575041 0.041675
v -0.004719 0.483118 0.041675
v 0.007824 0.483118 0.041675
v -0.013841 0.439788 0.041675
v 0.016946 0.439788 0.041675
v 0.002123 0.409001 0.041675
v -0.012701 0.435227 0.042815
v 0.015805 0.435227 0.042815
v -0.087958 0.127357 0.042815
v -0.010420 0.436368 0.042815
v 0.013525 0.436368 0.042815
v -0.270399 -0.069907 0.042815
v 0.273503 -0.069907 0.042815
v -0.007000 0.443209 0.042815
v 0.010104 0.443209 0.042815
v -0.105062 0.057802 0.042815
v -0.230490 -0.079029 0.042815
v 0.233595 -0.079029 0.042815
v -0.005860 0.409001 0.042815
v 0.008964 0.409001 0.042815
v -0.010420 0.438648 0.042815
v 0.013525 0.438648 0.042815
v -0.010420 0.460312 0.042815
v 0.013525 0.460312 0.042815
v 0.012385 0.432946 0.042815
v -0.009280 0.432946 0.042815
v -0.099361 0.232261 0.042815
v 0.135533 0.036137 0.042815
v -0.005860 0.434087 0.042815
v 0.008964 0.434087 0.042815
v -0.008140 0.468295 0.042815
v 0.011245 0.468295 0.042815
v -0.240752 -0.068767 0.043955
v 0.243857 -0.068767 0.043955
v -0.293204 -0.026577 0.043955
v 0.296309 -0.026577 0.043955
v 0.116148 0.030436 0.043955
v -0.133568 0.036137 0.043955
v 0.012385 0.438648 0.043955
v -0.009280 0.438648 0.043955
v -0.009280 0.444349 0.043955
v 0.012385 0.444349 0.043955
v -0.114184 0.030436 0.043955
v -0.038927 0.345147 0.043955
v 0.042031 0.345147 0.043955
v -0.090238 0.095430 0.043955
v 0.093343 0.095430 0.043955
v -0.011561 0.524167 0.045095
v 0.014665 0.524167 0.045095
v -0.000158 0.432946 0.045095
v 0.003263 0.432946 0.045095
v -0.012701 0.429526 0.045095
v 0.015805 0.429526 0.045095
v -0.040067 -0.204457 0.045095
v 0.043172 -0.204457 0.045095
v -0.007000 0.454611 0.045095
v 0.010104 0.454611 0.045095
v -0.251015 -0.003772 0.045095
v 0.254119 -0.003772 0.045095
v -0.014981 0.421544 0.045095
v 0.018086 0.421544 0.045095
v -0.007000 0.436368 0.046236
v 0.010104 0.436368 0.046236
v -0.008140 0.439788 0.046236
v 0.011245 0.439788 0.046236
v -0.024103 0.526448 0.046236
v 0.027208 0.526448 0.046236
v 0.027208 0.341726 0.046236
v -0.010420 0.431806 0.046236
v 0.013525 0.431806 0.046236
v -0.009280 0.434087 0.046236
v 0.012385 0.434087 0.046236
v 0.002123 0.524167 0.046236
v -0.024103 0.495661 0.046236
v 0.027208 0.495661 0.046236
v -0.007000 0.477416 0.046236
v 0.010104 0.477416 0.046236
v 0.002123 0.443209 0.046236
v -0.001299 0.443209 0.046236
v 0.004403 0.443209 0.046236
v -0.251015 -0.077889 0.046236
v 0.254119 -0.077889 0.046236
v -0.008140 0.447770 0.046236
v 0.011245 0.447770 0.046236
v -0.214526 -0.025437 0.046236
v 0.217631 -0.025437 0.046236
v -0.004719 0.432946 0.046236
v 0.007824 0.432946 0.046236
v 0.008964 0.444349 0.047376
v -0.005860 0.444349 0.047376
v -0.008140 0.440928 0.047376
v 0.011245 0.440928 0.047376
v -0.005860 0.438648 0.047376
v 0.008964 0.438648 0.047376
v 0.002123 0.434087 0.047376
v -0.008140 0.443209 0.047376
v 0.011245 0.443209 0.047376
v 0.002123 0.358830 0.047376
v -0.087958 0.234542 0.047376
v 0.091062 0.234542 0.047376
v -0.035506 0.337165 0.047376
v 0.038611 0.337165 0.047376
v -0.009280 0.340586 0.048516
v 0.012385 0.340586 0.048516
v -0.004719 0.430666 0.048516
v 0.007824 0.430666 0.048516
v -0.009280 0.455751 0.048516
v 0.012385 0.455751 0.048516
v -0.007000 0.469435 0.048516
v 0.010104 0.469435 0.048516
v -0.003579 0.436368 0.048516
v 0.006684 0.436368 0.048516
v -0.073134 0.161566 0.048516
v 0.076239 0.161566 0.048516
v -0.094799 0.053241 0.048516
v 0.097904 0.053241 0.048516
v 0.031769 0.336024 0.048516
v -0.257856 -0.037979 0.048516
v 0.260961 -0.037979 0.048516
v 0.063696 0.332604 0.048516
v -0.060592 0.332604 0.048516
v 0.002123 0.339446 0.048516
v -0.016122 0.557234 0.048516
v 0.019226 0.557234 0.048516
v -0.004719 0.428385 0.048516
v 0.007824 0.428385 0.048516
v 0.002123 0.430666 0.048516
v 0.002123 0.436368 0.048516
v -0.244173 -0.071047 0.048516
v 0.247278 -0.071047 0.048516
v -0.134709 -0.027717 0.048516
v -0.078836 0.194633 0.048516
v 0.081941 0.194633 0.048516
v 0.002123 0.427245 0.049656
v -0.252155 -0.060785 0.049656
v 0.255260 -0.060785 0.049656
v 0.002123 0.328043 0.049656
v -0.002439 0.439788 0.049656
v 0.005543 0.439788 0.049656
v 0.002123 0.560656 0.049656
v -0.124446 -0.018596 0.049656
v 0.126411 -0.018596 0.049656
v 0.002123 0.439788 0.049656
v -0.123306 -0.244366 0.049656
v 0.126411 -0.244366 0.049656
v -0.262417 -0.019736 0.049656
v 0.265522 -0.019736 0.049656
v -0.002439 0.452331 0.049656
v 0.005543 0.452331 0.049656
v -0.009280 0.463734 0.049656
v 0.012385 0.463734 0.049656
v -0.213386 -0.044821 0.049656
v 0.216491 -0.044821 0.049656
v -0.230490 -0.003772 0.049656
v 0.233595 -0.003772 0.049656
v -0.038927 -0.175951 0.050796
v 0.042031 -0.175951 0.050796
v -0.003579 0.488819 0.050796
v 0.006684 0.488819 0.050796
v -0.004719 0.432946 0.050796
v 0.007824 0.432946 0.050796
v -0.022964 0.377074 0.050796
v 0.023788 0.377074 0.050796
v -0.235051 -0.026577 0.050796
v 0.238156 -0.026577 0.050796
v -0.004719 0.419263 0.050796
v 0.007824 0.419263 0.050796
v -0.025244 0.494520 0.050796
v 0.028349 0.494520 0.050796
v -0.094799 -0.575041 0.050796
v 0.097904 -0.575041 0.050796
v -0.274960 0.008771 0.050796
v 0.278065 0.008771 0.050796
v 0.002123 0.419263 0.050796
v 0.002123 0.432946 0.050796
v -0.003579 0.448910 0.050796
v 0.006684 0.448910 0.050796
v -0.125587 -0.002632 0.050796
v 0.127551 -0.002632 0.050796
v -0.227069 -0.048242 0.050796
v 0.230174 -0.048242 0.050796
v -0.009280 0.459173 0.051937
v 0.012385 0.459173 0.051937
v -0.002439 0.442069 0.051937
v 0.005543 0.442069 0.051937
v -0.268118 -0.067627 0.051937
v 0.271223 -0.067627 0.051937
v 0.002123 0.440928 0.051937
v 0.088782 0.118236 0.051937
v 0.022647 0.494520 0.051937
v -0.071994 0.114815 0.051937
v 0.075099 0.114815 0.051937
v 0.002123 0.448910 0.051937
v -0.016122 0.353128 0.051937
v 0.019226 0.353128 0.051937
v 0.002123 0.488819 0.051937
v -0.279521 -0.035700 0.051937
v 0.282626 -0.035700 0.051937
v 0.002123 0.451191 0.051937
v -0.004719 0.455751 0.053077
v 0.007824 0.455751 0.053077
v -0.002439 0.445489 0.053077
v 0.005543 0.445489 0.053077
v -0.089098 0.218578 0.053077
v 0.002123 0.325762 0.053077
v -0.097080 0.093150 0.053077
v -0.144971 -0.540833 0.053077
v 0.148076 -0.540833 0.053077
v -0.012701 0.532149 0.053077
v 0.015805 0.532149 0.053077
v 0.002123 0.444349 0.053077
v -0.018402 0.469435 0.053077
v 0.021507 0.469435 0.053077
v -0.002439 0.479697 0.054217
v 0.005543 0.479697 0.054217
v -0.003579 0.324622 0.054217
v 0.006684 0.324622 0.054217
v -0.027524 0.332604 0.054217
v 0.030629 0.332604 0.054217
v -0.086818 0.117095 0.054217
v -0.099361 -0.556797 0.054217
v 0.102465 -0.556797 0.054217
v -0.073134 0.068064 0.054217
v 0.076239 0.068064 0.054217
v -0.268118 -0.036840 0.054217
v 0.271223 -0.036840 0.054217
v -0.011561 0.501362 0.054217
v 0.014665 0.501362 0.054217
v -0.002439 0.455751 0.055357
v 0.005543 0.455751 0.055357
v -0.224789 -0.024297 0.055357
v 0.227894 -0.024297 0.055357
v -0.007000 0.315500 0.055357
v 0.002123 0.479697 0.055357
v -0.089098 0.304097 0.055357
v 0.092203 0.304097 0.055357
v -0.037787 -0.146304 0.055357
v 0.040891 -0.146304 0.055357
v -0.014981 0.520746 0.055357
v 0.018086 0.520746 0.055357
v -0.125587 -0.544254 0.055357
v 0.128691 -0.544254 0.055357
v 0.096764 0.086309 0.056498
v 0.002123 0.454611 0.056498
v -0.258997 -0.063066 0.056498
v 0.262101 -0.063066 0.056498
v 0.122989 -0.207878 0.056498
v -0.119885 -0.207878 0.056498
v -0.007000 0.459173 0.056498
v 0.010104 0.459173 0.056498
v -0.131288 -0.009473 0.056498
v 0.133252 -0.009473 0.056498
v 0.003263 0.313220 0.056498
v -0.217947 -0.047102 0.056498
v 0.221052 -0.047102 0.056498
v 0.011245 0.313220 0.057638
v -0.002439 0.472855 0.057638
v 0.005543 0.472855 0.057638
v -0.017262 0.321201 0.057638
v 0.020366 0.320061 0.057638
v 0.062556 0.086309 0.058778
v -0.007000 0.478557 0.058778
v 0.010104 0.478557 0.058778
v -0.009280 0.317781 0.058778
v 0.002123 0.504783 0.058778
v -0.094799 0.275591 0.059918
v 0.097904 0.275591 0.059918
v -0.077696 0.208316 0.059918
v 0.002123 0.472855 0.059918
v 0.002123 0.534430 0.059918
v -0.009280 0.531008 0.059918
v 0.012385 0.531008 0.059918
v 0.002123 0.304097 0.059918
v -0.003579 0.456892 0.059918
v 0.006684 0.456892 0.059918
v 0.002123 0.544692 0.059918
v -0.010420 0.507064 0.059918
v 0.013525 0.507064 0.059918
v -0.003579 0.466014 0.061059
v 0.006684 0.466014 0.061059
v -0.097080 0.001929 0.061059
v 0.100185 0.001929 0.061059
v -0.003579 0.313220 0.061059
v 0.002123 0.454611 0.062199
v -0.164355 -0.556797 0.062199
v 0.167460 -0.556797 0.062199
v 0.079660 0.115955 0.062199
v -0.010420 0.497941 0.062199
v 0.013525 0.497941 0.062199
v -0.084537 0.243664 0.062199
v 0.002123 0.478557 0.062199
v -0.018402 0.320061 0.062199
v -0.010420 0.488819 0.063340
v 0.013525 0.488819 0.063340
v -0.022964 0.340586 0.063340
v 0.002123 0.340586 0.063340
v 0.026068 0.340586 0.063340
v -0.082257 0.023594 0.063340
v -0.062872 0.174108 0.063340
v 0.119569 -0.174811 0.063340
v -0.116464 -0.174811 0.063340
v -0.078836 0.232261 0.063340
v -0.090238 0.264189 0.064480
v 0.072818 0.154724 0.064480
v -0.014981 0.314360 0.064480
v 0.080800 0.313220 0.065620
v -0.081116 0.256206 0.065620
v 0.038611 -0.084731 0.065620
v -0.035506 -0.084731 0.065620
v 0.002123 0.463734 0.065620
v -0.002439 0.475136 0.065620
v 0.005543 0.475136 0.065620
v -0.170056 -0.575041 0.065620
v 0.173161 -0.575041 0.065620
v -0.077696 0.313220 0.065620
v -0.109623 -0.072188 0.065620
v 0.112727 -0.072188 0.065620
v -0.035506 0.299536 0.065620
v 0.038611 0.299536 0.065620
v 0.002123 0.469435 0.066760
v -0.085677 0.257347 0.066760
v -0.018402 0.317781 0.066760
v 0.022647 0.317781 0.066760
v -0.076556 0.251646 0.067901
v -0.029805 0.063503 0.067901
v 0.032909 0.063503 0.067901
v -0.029805 -0.017455 0.069041
v 0.032909 -0.017455 0.069041
v -0.058311 0.235682 0.069041
v -0.068573 0.227700 0.069041
v -0.013841 0.290414 0.069041
v -0.001299 0.477416 0.069041
v 0.004403 0.477416 0.069041
v 0.020366 0.291555 0.069041
v -0.069714 0.260767 0.070181
v -0.066293 0.288134 0.070181
v -0.113044 -0.141743 0.071321
v 0.116148 -0.141743 0.071321
v -0.002439 0.483118 0.071321
v 0.005543 0.483118 0.071321
v 0.005543 0.290414 0.071321
v 0.002123 0.245944 0.071321
v 0.002123 -0.007193 0.071321
v 0.002123 0.275591 0.072461
v 0.002123 0.475136 0.072461
v -0.049189 0.082887 0.072461
v 0.052294 0.082887 0.072461
v 0.002123 0.312079 0.072461
v 0.002123 0.057802 0.072461
v -0.061732 0.281292 0.072461
v -0.065153 0.257347 0.073602
v -0.035506 0.195773 0.073602
v 0.038611 0.195773 0.073602
v -0.029805 0.161566 0.073602
v 0.032909 0.161566 0.073602
v 0.002123 0.162706 0.073602
v -0.048049 0.079467 0.073602
v 0.002123 0.523027 0.073602
v 0.002123 0.196913 0.073602
v -0.064012 0.069205 0.073602
v 0.065977 0.069205 0.073602
v -0.016122 0.328043 0.073602
v 0.019226 0.328043 0.073602
v -0.037787 0.235682 0.074742
v 0.040891 0.235682 0.074742
v -0.057171 0.232261 0.074742
v -0.117604 -0.559078 0.074742
v 0.120709 -0.559078 0.074742
v -0.042348 0.308658 0.074742
v -0.042348 0.208316 0.074742
v 0.045452 0.308658 0.075882
v -0.026384 0.118236 0.075882
v 0.029489 0.118236 0.075882
v 0.002123 0.119376 0.075882
v 0.002123 0.479697 0.075882
v 0.002123 0.517326 0.075882
v -0.073134 0.085168 0.075882
v -0.071994 0.242524 0.075882
v -0.065153 0.047540 0.075882
v 0.067117 0.047540 0.075882
v -0.058311 0.256206 0.075882
v 0.045452 0.044119 0.077022
v -0.042348 0.044119 0.077022
v -0.017262 0.273310 0.077022
v 0.002123 0.486539 0.077022
v -0.053750 0.244804 0.078163
v 0.048873 0.201474 0.078163
v 0.002123 0.495661 0.078163
v -0.032085 0.302957 0.078163
v -0.043488 0.282432 0.078163
v 0.002123 0.322342 0.078163
v 0.002123 0.509344 0.078163
v 0.034050 0.302957 0.079303
v -0.041207 0.271030 0.079303
v 0.044312 0.271030 0.079303
v 0.002123 0.080607 0.079303
v 0.022647 0.274451 0.079303
v -0.086818 0.076046 0.079303
v -0.029805 0.237963 0.079303
v -0.009280 0.048680 0.079303
v -0.065153 0.107973 0.079303
v 0.089922 0.074906 0.080443
v -0.037787 0.277871 0.080443
v 0.046592 0.028155 0.081583
v 0.019226 0.039557 0.081583
v 0.059135 0.104552 0.081583
v 0.034050 0.233401 0.081583
v 0.056855 0.299536 0.082724
v -0.053750 0.299536 0.082724
v -0.131288 -0.171390 0.082724
v 0.007824 0.273310 0.082724
v -0.115324 -0.575041 0.082724
v 0.118428 -0.575041 0.082724
v -0.143830 -0.553376 0.083864
v 0.146935 -0.553376 0.083864
v 0.068257 0.082887 0.083864
v -0.106202 -0.124639 0.085005
v 0.002123 0.038418 0.085005
v 0.067117 0.292695 0.086144
v -0.064012 0.292695 0.086144
v -0.024103 0.065784 0.087285
v 0.026068 0.065784 0.087285
v 0.027208 0.073765 0.087285
v -0.025244 0.074906 0.087285
v 0.093343 0.038418 0.087285
v -0.049189 0.112534 0.087285
v -0.091379 0.038418 0.087285
v -0.000158 0.084028 0.087285
v 0.000982 0.069205 0.087285
v -0.045768 0.161566 0.088425
v -0.068573 0.021314 0.088425
v 0.070538 0.021314 0.088425
v 0.061416 -0.024297 0.088425
v 0.064837 -0.089292 0.088425
v -0.086818 -0.074468 0.088425
v 0.002123 0.076046 0.089565
v -0.066293 0.001929 0.089565
v 0.068257 0.001929 0.089565
v 0.027208 -0.018596 0.089565
v 0.000982 0.053241 0.089565
v -0.024103 0.046399 0.089565
v 0.026068 0.046399 0.089565
v -0.061732 -0.023156 0.090706
v -0.042348 0.008771 0.090706
v 0.000982 0.034997 0.091846
v 0.012385 0.233401 0.092986
v -0.020683 0.024734 0.092986
v 0.022647 0.024734 0.092986
v 0.059135 -0.146304 0.094126
v -0.044628 0.288134 0.095267
v -0.041207 0.080607 0.095267
v 0.047732 0.288134 0.095267
v -0.069714 0.013332 0.096407
v 0.071678 0.013332 0.096407
v 0.000982 0.045259 0.097547
v -0.016122 -0.053943 0.097547
v 0.014665 0.199194 0.098687
v 0.149215 -0.575041 0.098687
v -0.146111 -0.575041 0.098687
v -0.022964 0.038418 0.098687
v 0.026068 0.038418 0.098687
v 0.022647 -0.073328 0.099828
v 0.014665 0.109113 0.099828
v -0.035506 0.098851 0.100968
v -0.009280 -0.006052 0.100968
v -0.026384 -0.189634 0.102108
v -0.044628 0.079467 0.103248
v 0.047732 0.079467 0.103248
v 0.014665 0.152443 0.103248
v 0.003263 0.078326 0.103248
v 0.019226 -0.139463 0.104389
v -0.022964 -0.117798 0.104389
v 0.002123 0.095430 0.105529
v -0.017262 -0.000351 0.107809
v 0.020366 -0.000351 0.107809
v -0.046908 0.021314 0.107809
v 0.051154 0.021314 0.107809
v -0.058311 0.055521 0.107809
v 0.062556 0.055521 0.107809
v -0.046908 0.090869 0.107809
v 0.051154 0.090869 0.107809
v -0.017262 0.111394 0.107809
v 0.020366 0.111394 0.107809
v 0.014665 -0.211299 0.110090
v -0.050330 0.045259 0.110090
v 0.052294 0.045259 0.110090
v -0.029805 -0.261470 0.111230
v -0.012701 0.011051 0.126053
v 0.016946 0.011051 0.126053
v -0.037787 0.028155 0.126053
v 0.040891 0.028155 0.126053
v -0.046908 0.055521 0.126053
v 0.051154 0.055521 0.126053
v -0.037787 0.084028 0.126053
v 0.040891 0.084028 0.126053
v -0.012701 0.101132 0.126053
v 0.016946 0.101132 0.126053
v -0.009280 0.023594 0.130614
v 0.012385 0.023594 0.130614
v -0.026384 0.036137 0.130614
v 0.030629 0.036137 0.130614
v -0.033226 0.055521 0.130614
v 0.037470 0.055521 0.130614
v -0.026384 0.076046 0.130614
v 0.030629 0.076046 0.130614
v -0.009280 0.088589 0.130614
v 0.012385 0.088589 0.130614
v -0.007000 0.029295 0.138597
v 0.011245 0.029295 0.138597
v -0.020683 0.039557 0.138597
v 0.024927 0.039557 0.138597
v -0.026384 0.055521 0.138597
v 0.002123 0.055521 0.138597
v 0.030629 0.055521 0.138597
v -0.020683 0.072625 0.138597
v 0.024927 0.072625 0.138597
v -0.007000 0.082887 0.138597
v 0.011245 0.082887 0.138597
vn 0.3991 -0.2259 0.8886
vn -0.4575 -0.4575 0.7625
vn -0.1261 0.5519 0.8243
vn -0.2852 0.5200 -0.8052
vn -0.2431 -0.0935 0.9655
vn -0.0257 -0.0856 -0.9960
vn 0.3459 0.2248 -0.9110
vn -0.3179 -0.0978 -0.9431
vn 0.1489 0.7218 0.6759
vn 0.1959 0.4198 -0.8862
vn 0.3243 -0.9460 0.0021
vn -0.0570 -0.2166 -0.9746
vn 0.8511 -0.0071 -0.5249
vn 0.0091 0.7772 0.6292
vn -0.3306 0.1688 0.9285
vn 0.3019 -0.9479 0.1016
vn 0.2999 -0.9497 0.0900
vn 0.3006 -0.9495 0.0903
vn 0.8092 0.2293 0.5409
vn 0.3280 -0.9418 0.0736
vn 0.5707 0.6286 0.5283
vn -0.3393 -0.6298 0.6988
vn -0.6792 -0.4992 -0.5380
vn -0.6899 0.2581 0.6763
vn 0.5865 0.7692 0.2537
vn -0.9032 -0.1855 -0.3871
vn 0.7841 -0.0955 -0.6132
vn 0.1547 0.5461 0.8233
vn 0.4195 -0.9074 -0.0249
vn -0.0306 0.7262 -0.6868
vn -0.0123 0.2664 0.9638
vn -0.7069 0.1115 0.6985
vn 0.5781 0.6442 0.5008
vn 0.5153 0.8409 0.1653
vn 0.6433 -0.0894 -0.7603
vn -0.2517 -0.3449 -0.9042
vn -0.5909 -0.3428 -0.7303
vn -0.8466 -0.3763 -0.3763
vn -0.7173 -0.2989 0.6295
vn -0.3521 0.2448 0.9034
vn -0.6615 0.0432 0.7487
vn 0.2049 0.4398 0.8744
vn 0.7719 -0.4882 -0.4073
vn -0.9873 0.1574 -0.0238
vn 0.4244 0.7387 -0.5237
vn 0.8244 -0.2883 -0.4871
vn 0.3010 -0.9481 0.1020
vn -0.8123 -0.1249 -0.5697
vn -0.4472 -0.0000 0.8944
vn -0.2787 -0.8980 -0.3406
vn -0.3966 0.9170 -0.0425
vn 0.2086 -0.7538 0.6231
vn 0.3138 -0.2628 -0.9124
vn 0.3391 -0.9360 0.0939
vn -0.1990 0.0224 0.9797
vn -0.4090 -0.2846 -0.8670
vn 0.5717 0.6946 0.4367
vn 0.5629 0.6626 0.4940
vn 0.4032 0.8919 0.2047
vn -0.5873 -0.3446 -0.7324
vn -0.6377 -0.4855 -0.5980
vn -0.0865 0.0464 0.9952
vn -0.8075 0.0585 0.5870
vn -0.8019 0.0644 0.5939
vn -0.8019 0.0644 0.5940
vn -0.3306 -0.3562 -0.8740
vn -0.6265 -0.5678 -0.5339
vn 0.1246 -0.0482 -0.9910
vn 0.0868 0.1591 -0.9834
vn -0.9188 0.2769 0.2813
vn -0.5407 -0.7629 0.3544
vn 0.6862 0.5923 0.4223
vn -0.9577 0.1673 0.2340
vn -0.5802 -0.3731 -0.7240
vn 0.9458 0.1224 -0.3008
vn -0.5865 -0.1255 -0.8002
vn 0.4939 -0.8243 0.2768
vn 0.5960 0.2572 0.7607
vn 0.5515 0.3342 0.7643
vn 0.3276 0.3805 0.8648
vn -0.5397 -0.8265 -0.1602
vn 0.6895 0.6922 0.2131
vn 0.6026 0.1232 0.7885
vn 0.9102 0.2194 -0.3514
vn 0.8519 -0.2300 0.4704
vn 0.5664 0.4447 0.6939
vn -0.3958 -0.4549 -0.7978
vn 0.8594 0.2857 -0.4240
vn 0.8552 -0.5183 0.0031
vn 0.3718 0.6076 -0.7018
vn 0.0822 0.0890 0.9926
vn 0.3601 0.4539 0.8151
vn 0.7698 0.4545 0.4482
vn 0.8085 0.3483 -0.4744
vn 0.6515 -0.4251 -0.6284
vn 0.2898 -0.9546 0.0686
vn -0.8949 -0.4430 0.0536
vn 0.8949 -0.4458 0.0225
vn 0.2488 0.2456 0.9369
vn -0.2671 -0.4095 -0.8724
vn -0.2698 -0.4064 -0.8730
vn -0.2686 -0.4077 -0.8727
vn -0.7879 -0.3981 0.4699
vn -0.0000 -0.0000 1.0000
vn -0.9986 -0.0485 0.0226
vn -0.4454 0.8909 -0.0891
vn 0.2423 -0.9690 -0.0485
vn 0.1904 -0.9524 -0.2380
vn -0.6916 0.3458 0.6341
vn 0.8480 -0.3180 0.4240
vn -0.2073 0.8295 0.5185
vn -0.0000 -0.9487 0.3163
vn -0.3015 0.9045 -0.3016
vn 0.3588 -0.7170 -0.5976
vn 0.5505 -0.7341 0.3977
vn 0.7436 0.0797 0.6639
vn -0.4822 0.5049 -0.7159
vn 0.6437 0.5543 -0.5277
vn 0.5380 -0.1546 0.8287
vn -0.3015 -0.9046 -0.3015
vn 0.8183 -0.5337 -0.2134
vn 0.8220 0.3999 0.4055
vn -0.8394 -0.3981 0.3699
vn -0.2913 -0.7768 -0.5584
vn -0.3728 -0.7653 -0.5248
vn -0.8342 0.3732 0.4061
vn -0.7824 -0.3856 -0.4890
vn 0.8806 0.2274 -0.4157
vn -0.0000 -0.8944 0.4473
vn 0.3325 -0.9410 0.0627
vn 0.2062 0.3315 0.9207
vn -0.1264 -0.2107 0.9693
vn -0.2700 -0.4061 -0.8730
vn 0.9745 0.2225 -0.0305
vn -0.3992 -0.9125 0.0898
vn -0.7004 0.7073 0.0962
vn -0.3508 -0.0390 0.9356
vn -0.2230 -0.1911 -0.9559
vn -0.7581 -0.6489 0.0646
vn 0.6876 -0.2696 0.6741
vn -0.8041 -0.5918 0.0566
vn -0.3535 -0.7178 -0.5999
vn 0.6435 -0.3702 0.6700
vn -0.3164 -0.0000 0.9486
vn -0.6883 -0.2294 -0.6882
vn -0.2571 -0.2387 -0.9364
vn -0.8270 -0.3133 0.4668
vn -0.2913 -0.7768 0.5584
vn 0.3728 0.7653 -0.5248
vn -0.8342 0.3732 -0.4061
vn 0.7185 0.4397 -0.5389
vn -0.7824 -0.3856 0.4890
vn 0.8806 0.2274 0.4156
vn -0.0000 -0.8944 -0.4473
vn 0.6381 -0.6529 -0.4080
vn 0.7865 0.6114 -0.0874
vn 0.7862 0.6117 -0.0874
vn -0.8183 0.5337 -0.2134
vn -0.8348 0.4834 -0.2635
vn -0.5380 0.1546 0.8286
vn 0.3338 0.5159 0.7889
vn -0.2642 -0.4907 -0.8303
vn -0.7526 -0.1865 -0.6315
vn 0.2163 0.3977 0.8916
vn 0.4823 -0.5050 -0.7158
vn 0.5963 0.7454 -0.2981
vn -0.2073 0.8296 -0.5185
vn -0.0000 -0.9487 -0.3163
vn 0.3588 -0.7171 0.5976
vn -0.2216 0.8865 0.4063
vn 0.5505 -0.7341 -0.3976
vn 0.6917 -0.3458 0.6340
vn -0.3226 -0.8605 -0.3944
vn -0.8480 0.3181 0.4240
vn 0.4454 -0.8909 -0.0891
vn -0.2424 0.9690 -0.0485
vn 0.2400 -0.9601 0.1439
vn 0.6129 0.5611 0.5563
vn 0.8175 0.3202 0.4787
vn -0.1470 0.8449 0.5143
vn 0.8257 0.4716 0.3095
vn -0.0288 0.9483 0.3161
vn 0.5183 0.3811 0.7656
vn 0.4813 0.8299 -0.2822
vn -0.7222 0.4412 -0.5327
vn -0.0000 0.8000 -0.5999
vn 0.4327 -0.7213 0.5409
vn 0.4158 -0.6930 -0.5889
vn 0.5774 -0.5774 0.5773
vn -0.6851 -0.6521 0.3247
vn -0.4439 0.8848 0.1418
vn 0.8413 0.2831 0.4605
vn 0.6788 0.5137 0.5247
vn 0.7712 0.3834 -0.5081
vn 0.7638 -0.0216 -0.6451
vn 0.4756 0.2431 -0.8454
vn -0.7525 -0.0579 0.6560
vn -0.4983 0.8660 -0.0409
vn -0.0675 0.8663 -0.4950
vn 0.7114 -0.3898 -0.5847
vn -0.6564 -0.4406 0.6124
vn -0.5349 -0.8245 -0.1846
vn 0.7346 -0.5242 -0.4308
vn -0.9581 0.1197 -0.2602
vn -0.9131 0.2818 -0.2946
vn 0.6851 0.5122 -0.5180
vn -0.2594 -0.3047 0.9164
vn 0.9458 0.1653 0.2797
vn 0.8797 -0.4739 0.0379
vn 0.2644 0.0982 -0.9594
vn 0.1998 0.2308 -0.9523
vn -0.0492 -0.7217 0.6905
vn 0.6131 0.3399 -0.7131
vn 0.6200 -0.6858 -0.3813
vn 0.7186 0.5411 0.4368
vn 0.8775 0.0993 -0.4691
vn -0.8321 0.2315 -0.5040
vn 0.7292 0.1636 0.6645
vn -0.6874 0.2739 0.6727
vn -0.9133 -0.2694 -0.3054
vn 0.0069 -0.0756 -0.9971
vn -0.4575 -0.7625 0.4575
vn 0.2851 -0.8269 0.4847
vn -0.8266 -0.0290 -0.5621
vn -0.3761 -0.6783 -0.6313
vn -0.2538 0.7513 0.6092
vn 0.3786 0.8814 -0.2825
vn 0.5689 -0.0149 -0.8223
vn -0.1383 0.7446 -0.6530
vn 0.6270 0.4844 -0.6101
vn 0.5697 0.6364 -0.5200
vn 0.3215 0.2376 -0.9166
vn 0.0671 0.1566 0.9854
vn -0.5721 -0.0449 0.8189
vn 0.0728 -0.1815 -0.9807
vn 0.2319 -0.8206 -0.5224
vn -0.0228 -0.3636 -0.9313
vn -0.0228 -0.3637 -0.9312
vn -0.0228 -0.3638 -0.9312
vn -0.0228 -0.3633 -0.9314
vn 0.3363 0.3283 -0.8827
vn -0.8249 -0.4028 0.3966
vn 0.1818 0.0363 0.9827
vn 0.8633 0.3486 0.3648
vn -0.1208 0.0483 0.9915
vn 0.3119 -0.9483 0.0583
vn 0.0111 -0.0538 -0.9985
vn 0.8111 -0.3245 -0.4866
vn 0.0691 0.7773 0.6253
vn -0.0269 0.0674 0.9974
vn -0.5202 0.5808 0.6262
vn -0.6326 -0.4564 -0.6257
vn -0.0343 -0.0877 -0.9956
vn -0.0341 -0.0868 -0.9956
vn -0.0428 -0.0798 -0.9959
vn -0.7229 -0.4126 0.5542
vn -0.7518 0.5042 -0.4248
vn -0.0030 0.0860 0.9963
vn 0.0155 -0.0827 -0.9965
vn -0.0437 -0.0795 -0.9959
vn -0.8626 -0.1754 -0.4744
vn -0.8321 0.2908 0.4722
vn -0.7537 -0.0595 0.6545
vn -0.7329 0.1845 -0.6548
vn 0.5661 0.5516 -0.6126
vn 0.7096 0.4459 0.5456
vn 0.8370 0.2126 -0.5043
vn 0.3097 -0.9466 0.0899
vn 0.4729 0.7881 0.3940
vn -0.2962 0.8590 0.4177
vn 0.6609 0.4619 -0.5916
vn -0.3929 -0.8327 -0.3901
vn 0.3693 0.6059 -0.7046
vn 0.0067 0.0845 0.9964
vn 0.8121 0.4209 0.4042
vn 0.0551 0.1543 0.9865
vn 0.8150 -0.2958 0.4983
vn -0.0000 0.0995 0.9950
vn -0.2643 -0.8416 0.4709
vn -0.0234 0.0779 0.9967
vn -0.7956 -0.4618 -0.3921
vn -0.0210 0.0720 0.9972
vn -0.0171 0.0673 0.9976
vn -0.0167 0.0670 0.9976
vn -0.6447 -0.6333 -0.4281
vn -0.5786 -0.1909 0.7930
vn 0.3667 -0.0995 0.9250
vn -0.9018 -0.4286 -0.0556
vn -0.6164 -0.4840 0.6212
vn -0.1526 -0.2806 0.9476
vn 0.4809 0.8314 -0.2786
vn 0.5717 0.5647 -0.5952
vn 0.3276 0.2229 -0.9181
vn -0.7783 0.5343 0.3298
vn 0.6755 0.0707 0.7340
vn 0.0890 -0.7650 -0.6379
vn -0.4408 -0.3482 0.8273
vn 0.4590 0.1447 0.8766
vn -0.7261 -0.0110 -0.6875
vn -0.5823 -0.2698 0.7669
vn 0.9804 -0.1881 -0.0594
vn 0.5803 0.2491 -0.7754
vn -0.1469 -0.3699 0.9174
vn -0.5881 -0.7577 0.2828
vn 0.8537 -0.5168 0.0638
vn 0.3233 -0.9450 0.0498
vn 0.5560 0.5473 -0.6255
vn -0.5274 -0.2090 0.8235
vn -0.6711 -0.4044 0.6213
vn -0.0576 0.7202 -0.6913
vn 0.1502 0.5380 0.8295
vn 0.0932 0.1091 0.9896
vn -0.5836 -0.1322 0.8012
vn 0.3325 -0.9289 0.1632
vn 0.8968 0.1297 -0.4230
vn 0.1297 0.1142 0.9849
vn -0.5782 -0.0682 0.8130
vn 0.7882 0.1594 -0.5944
vn -0.4094 -0.3517 -0.8418
vn -0.1075 -0.3139 -0.9434
vn -0.1734 -0.5779 0.7975
vn -0.0770 0.2451 0.9664
vn 0.3707 0.0618 -0.9267
vn 0.1203 -0.1932 0.9737
vn 0.3487 -0.0634 0.9351
vn 0.2920 -0.0227 0.9562
vn -0.4380 -0.5915 -0.6769
vn 0.2673 -0.6042 -0.7507
vn 0.0479 0.0650 -0.9967
vn 0.0097 -0.0508 -0.9987
vn -0.0383 0.3446 0.9380
vn -0.0383 -0.3446 -0.9380
vn -0.1469 0.4186 -0.8962
vn -0.0831 -0.6501 0.7553
vn -0.0830 0.6541 -0.7518
vn 0.1667 -0.2031 0.9649
vn -0.1667 -0.2031 0.9649
vn 0.3394 -0.3330 -0.8797
vn 0.1446 -0.5931 -0.7920
vn 0.1446 0.5931 0.7920
vn 0.0923 0.0039 -0.9957
vn 0.0449 0.3533 -0.9344
vn 0.0449 -0.3533 0.9344
vn 0.2747 0.3595 -0.8918
vn 0.2368 -0.3756 0.8960
vn 0.0798 -0.0088 0.9968
vn 0.0798 0.0088 -0.9968
vn 0.2355 0.0907 -0.9676
vn -0.2355 0.0907 -0.9676
vn -0.1221 -0.2826 -0.9514
vn -0.1221 0.2826 0.9514
vn 0.4263 -0.0828 -0.9008
vn 0.4263 0.0828 0.9008
vn -0.3898 -0.1454 -0.9093
vn 0.3898 -0.1454 -0.9093
vn 0.4563 0.0169 0.8896
vn 0.4564 -0.0169 -0.8896
vn 0.3570 -0.2257 -0.9064
vn -0.3570 -0.2257 -0.9064
vn -0.1973 -0.2177 0.9559
vn 0.2145 -0.2214 0.9513
vn -0.1689 0.1580 0.9729
vn -0.3916 0.2223 -0.8929
vn 0.3916 0.2223 -0.8929
vn -0.3917 0.2786 -0.8769
vn 0.2519 -0.1787 -0.9511
vn -0.2567 -0.1791 -0.9498
vn -0.1993 -0.1339 0.9707
vn 0.2038 -0.1337 0.9698
vn 0.2141 0.3396 0.9159
vn 0.1908 -0.2723 0.9431
vn -0.1908 -0.2723 0.9431
vn -0.1272 -0.2805 0.9514
vn 0.1289 -0.2806 0.9511
vn -0.0631 -0.7507 0.6576
vn -0.0489 0.3328 -0.9417
vn 0.0489 0.3328 -0.9417
vn -0.2628 -0.3984 -0.8788
vn -0.2628 0.3984 0.8788
vn 0.2912 -0.3409 0.8939
vn -0.2912 -0.3409 0.8939
vn -0.0283 -0.3683 -0.9293
vn 0.0283 -0.3683 -0.9293
vn -0.2234 -0.8314 -0.5087
vn -0.2234 0.8314 0.5087
vn -0.3561 0.3036 0.8838
vn 0.3561 0.3036 0.8838
vn 0.0782 -0.5096 0.8569
vn -0.0797 -0.5099 0.8566
vn 0.5111 0.0228 0.8592
vn 0.5111 -0.0228 -0.8592
vn 0.0370 0.6355 -0.7712
vn 0.0370 -0.6355 0.7712
vn 0.1979 -0.1695 0.9655
vn -0.1979 -0.1694 0.9655
vn -0.4872 0.5621 -0.6683
vn 0.4872 0.5621 -0.6683
vn -0.2839 -0.4320 -0.8560
vn -0.4604 0.2134 -0.8617
vn -0.4647 -0.2069 0.8609
vn 0.2764 -0.2878 0.9169
vn 0.2764 0.2878 -0.9169
vn -0.3238 -0.0303 -0.9457
vn 0.3238 -0.0303 -0.9457
vn 0.4329 -0.1643 -0.8864
vn 0.4329 0.1643 0.8864
vn -0.4418 0.3105 0.8417
vn -0.4418 -0.3105 -0.8417
vn -0.4471 -0.0224 -0.8942
vn -0.4471 0.0224 0.8942
vn -0.1462 0.1711 -0.9743
vn -0.1462 -0.1711 0.9743
vn -0.4602 0.1716 -0.8711
vn 0.4602 0.1716 -0.8711
vn -0.3613 -0.2703 -0.8924
vn 0.3613 -0.2703 -0.8924
vn -0.0650 0.9429 -0.3268
vn 0.0650 0.9429 -0.3268
vn 0.4474 0.1575 -0.8804
vn -0.4474 0.1575 -0.8804
vn -0.3370 0.1629 -0.9273
vn 0.3370 0.1629 -0.9273
vn -0.0563 -0.9735 0.2218
vn -0.0045 0.9737 -0.2276
vn 0.4823 -0.1930 0.8545
vn -0.4823 -0.1930 0.8545
vn -0.1311 -0.3566 0.9250
vn -0.1322 0.3544 -0.9257
vn -0.6218 0.0823 -0.7789
vn -0.6218 -0.0823 0.7789
vn -0.0740 -0.9621 -0.2624
vn -0.0740 0.9621 0.2624
vn -0.0239 -0.9735 0.2272
vn -0.2513 -0.1942 -0.9482
vn -0.2513 0.1942 0.9482
vn 0.0284 -0.9626 0.2696
vn 0.4384 -0.4307 0.7889
vn -0.1180 0.1043 -0.9875
vn -0.1180 -0.1043 0.9875
vn -0.2942 0.3882 0.8733
vn 0.4775 -0.1078 0.8720
vn 0.4776 0.1078 -0.8720
vn -0.4860 0.4686 0.7377
vn -0.4860 -0.4686 -0.7377
vn -0.5578 -0.3776 -0.7391
vn 0.5578 -0.3776 -0.7391
vn -0.0789 -0.6003 0.7959
vn -0.0789 0.6003 -0.7959
vn -0.3007 -0.2468 0.9212
vn -0.6976 -0.2215 0.6814
vn 0.6976 -0.2215 0.6814
vn 0.3532 -0.2694 -0.8959
vn 0.3532 0.2694 0.8959
vn 0.3620 0.1597 -0.9184
vn 0.3620 -0.1597 0.9184
vn 0.0450 -0.8099 -0.5849
vn 0.0450 0.8099 0.5849
vn 0.5440 0.5355 -0.6460
vn -0.5440 0.5354 -0.6460
vn 0.4369 -0.6616 0.6094
vn -0.4369 -0.6616 0.6094
vn 0.1809 0.0027 0.9835
vn -0.1809 0.0027 0.9835
vn -0.4803 0.2622 0.8370
vn -0.4803 -0.2622 -0.8370
vn -0.2841 0.1671 -0.9441
vn -0.2841 -0.1671 0.9441
vn -0.6332 0.0779 -0.7700
vn 0.6332 0.0779 -0.7700
vn -0.2626 0.4942 0.8288
vn -0.2671 -0.4935 -0.8277
vn -0.0733 -0.9933 0.0895
vn 0.0733 -0.9933 0.0895
vn -0.5376 -0.4072 0.7384
vn 0.5376 -0.4072 0.7383
vn -0.7658 0.0825 -0.6377
vn 0.7658 0.0825 -0.6377
vn 0.0785 -0.0655 0.9948
vn -0.0785 -0.0655 0.9948
vn 0.0940 -0.6167 0.7815
vn 0.0964 0.6171 -0.7810
vn -0.5630 0.1131 -0.8187
vn 0.5630 0.1131 -0.8187
vn 0.0175 0.0613 -0.9980
vn -0.0175 0.0613 -0.9980
vn 0.7852 0.0805 -0.6140
vn 0.7852 -0.0805 0.6140
vn 0.8160 -0.3252 0.4778
vn -0.8160 -0.3252 0.4778
vn -0.1314 0.6588 -0.7407
vn -0.1314 -0.6588 0.7407
vn 0.7997 0.0833 -0.5946
vn -0.7997 0.0833 -0.5946
vn 0.3634 0.4732 0.8025
vn 0.0928 0.9457 -0.3115
vn -0.6308 0.1071 -0.7685
vn 0.6308 0.1071 -0.7685
vn -0.1261 0.9215 -0.3672
vn -0.4241 -0.4404 -0.7914
vn 0.4241 -0.4404 -0.7914
vn 0.1734 0.9527 0.2495
vn -0.1734 0.9527 0.2495
vn -0.0368 0.9665 0.2540
vn 0.0368 0.9665 0.2540
vn 0.4429 -0.8159 0.3717
vn -0.4429 -0.8159 0.3717
vn -0.4214 0.8649 -0.2726
vn 0.4214 0.8649 -0.2726
vn -0.0677 0.9479 -0.3114
vn 0.0677 0.9479 -0.3114
vn -0.2925 -0.5071 -0.8107
vn 0.2925 -0.5071 -0.8107
vn 0.6239 0.3154 0.7150
vn -0.5247 0.5403 -0.6578
vn -0.5247 -0.5403 0.6578
vn 0.7634 -0.2503 -0.5955
vn 0.7634 0.2503 0.5955
vn 0.4594 0.6482 -0.6074
vn 0.1371 -0.9343 0.3291
vn -0.1371 -0.9343 0.3291
vn -0.4487 0.6697 -0.5917
vn 0.1516 0.4031 -0.9025
vn 0.5272 -0.6130 -0.5885
vn -0.6426 -0.7504 -0.1552
vn 0.6426 -0.7504 -0.1552
vn -0.5381 -0.5944 -0.5976
vn 0.1623 -0.4110 0.8971
vn -0.7616 0.1061 0.6393
vn -0.7616 -0.1061 -0.6393
vn -0.1809 -0.9831 0.0299
vn 0.1809 -0.9831 0.0299
vn 0.6059 -0.5244 0.5982
vn -0.6059 -0.5244 0.5982
vn -0.9659 0.2566 -0.0347
vn -0.9659 -0.2566 0.0347
vn 0.0508 -0.9962 0.0711
vn -0.0508 -0.9962 0.0711
vn 0.2025 0.0200 -0.9791
vn 0.2131 -0.0210 0.9768
vn -0.0536 -0.9315 0.3596
vn 0.0536 -0.9315 0.3596
vn -0.5765 -0.6311 0.5191
vn -0.5765 0.6311 -0.5191
vn -0.4060 0.6644 0.6275
vn -0.7611 0.3193 -0.5647
vn 0.7611 0.3193 -0.5647
vn 0.6379 -0.0566 0.7680
vn -0.6379 -0.0565 0.7680
vn -0.6158 -0.6862 -0.3871
vn 0.6158 -0.6862 -0.3871
vn 0.7395 0.4415 -0.5082
vn -0.7394 0.4416 -0.5082
vn -0.8834 -0.0358 0.4672
vn -0.8834 0.0358 -0.4672
vn 0.2537 -0.1799 0.9504
vn -0.2620 -0.1804 0.9480
vn 0.6452 -0.6736 -0.3605
vn 0.6452 0.6736 0.3605
vn 0.5843 0.3053 -0.7519
vn -0.3331 -0.1246 -0.9346
vn -0.3449 0.1241 0.9304
vn 0.0461 -0.3578 0.9327
vn -0.0461 -0.3578 0.9327
vn -0.7589 0.1799 -0.6259
vn 0.9150 -0.1539 0.3729
vn -0.9150 -0.1539 0.3729
vn 0.8143 0.0574 0.5776
vn -0.8418 0.0482 0.5377
vn -0.8000 -0.1137 -0.5892
vn 0.8000 -0.1137 -0.5892
vn 0.9386 -0.0689 -0.3380
vn -0.9386 -0.0689 -0.3380
vn -0.9027 -0.0475 -0.4276
vn -0.9027 0.0475 0.4276
vn -0.8724 -0.0068 -0.4888
vn 0.8724 -0.0068 -0.4888
vn -0.0000 -0.6402 0.7682
vn -0.6969 0.6198 0.3608
vn 0.6969 0.6198 0.3608
vn -0.7816 0.2282 0.5805
vn -0.7817 -0.2282 -0.5805
vn -0.7075 0.2487 -0.6615
vn 0.7075 0.2487 -0.6615
vn -0.0000 -0.6306 -0.7761
vn 0.8262 0.0307 0.5625
vn -0.8263 0.0307 0.5625
vn 0.9881 -0.1512 -0.0282
vn -0.9881 -0.1512 -0.0282
vn 0.1146 0.3703 -0.9218
vn -0.1190 0.3706 -0.9211
vn -0.9283 -0.0211 -0.3712
vn -0.8797 0.2233 0.4198
vn -0.8797 -0.2233 -0.4198
vn -0.8768 0.3459 0.3341
vn -0.8768 -0.3459 -0.3341
vn -0.3339 -0.9076 0.2547
vn -0.7798 0.6180 0.1000
vn -0.7798 -0.6180 -0.1000
vn -0.4843 0.6437 -0.5925
vn -0.4843 -0.6437 0.5925
vn 0.9712 0.0830 -0.2234
vn -0.9712 0.0830 -0.2234
vn -0.8795 -0.2058 -0.4292
vn 0.8795 -0.2058 -0.4292
vn -0.0000 1.0000 -0.0000
vn -0.0000 -1.0000 -0.0000
vn 0.9238 -0.1558 -0.3498
vn 0.0185 -0.6615 -0.7497
vn 0.0185 0.6615 0.7497
vn 0.9794 0.0541 -0.1946
vn -0.9794 0.0541 -0.1946
vn 0.5441 0.4806 -0.6877
vn -0.5508 0.4829 -0.6808
vn -0.9491 0.0790 -0.3049
vn 0.9491 0.0789 -0.3049
vn 0.8891 -0.2036 -0.4099
vn -0.8891 -0.2037 -0.4099
vn -0.3221 -0.6042 -0.7289
vn 0.3221 -0.6042 -0.7289
vn -0.3995 -0.7239 -0.5625
vn -0.5037 0.4222 0.7537
vn 0.9913 0.1301 -0.0206
vn -0.9913 0.1301 -0.0207
vn 0.1212 0.3668 -0.9224
vn 0.2368 -0.3523 -0.9055
vn -0.2414 -0.3513 -0.9046
vn -0.1618 0.4301 -0.8882
vn -0.9339 0.2725 0.2316
vn 0.9339 0.2725 0.2316
vn -0.9814 -0.1480 0.1221
vn -0.9814 0.1481 -0.1221
vn 0.6850 -0.6890 0.2366
vn -0.6850 -0.6890 0.2366
vn -0.7645 0.5596 0.3201
vn 0.7645 0.5596 0.3201
vn 0.8955 -0.2294 0.3814
vn 0.8955 0.2294 -0.3814
vn 0.7370 0.2014 0.6452
vn -0.7370 0.2013 0.6452
vn 0.4790 -0.2240 0.8487
vn -0.4790 -0.2240 0.8487
vn 0.8354 0.4427 0.3258
vn 0.8354 -0.4428 -0.3258
vn 0.5304 -0.6171 0.5813
vn -0.3251 -0.6647 -0.6727
vn -0.5301 -0.6152 0.5835
vn -0.3184 0.6889 0.6512
vn -0.8391 -0.2054 0.5037
vn -0.8545 -0.4655 0.2305
vn 0.8545 -0.4655 0.2306
vn -0.9953 -0.0311 -0.0914
vn 0.9953 -0.0311 -0.0913
vn 0.9474 0.0234 -0.3192
vn -0.0989 0.9865 0.1303
vn -0.0990 -0.9865 -0.1303
vn 0.7550 -0.6216 0.2090
vn 0.7550 0.6216 -0.2089
vn 0.9457 -0.0044 -0.3249
vn -0.9457 -0.0044 -0.3249
vn -0.7890 0.3647 -0.4945
vn 0.6381 -0.0896 0.7648
vn -0.6381 -0.0896 0.7648
vn -0.2401 -0.9562 -0.1672
vn 0.2401 -0.9562 -0.1672
vn 0.3635 0.5719 0.7353
vn 0.3635 -0.5719 -0.7353
vn -0.3910 0.8937 -0.2199
vn -0.3910 -0.8937 0.2199
vn -0.9448 0.2811 -0.1685
vn -0.9448 -0.2811 0.1685
vn -0.0300 0.3206 -0.9467
vn 0.0305 0.3207 -0.9467
vn -0.4708 0.8799 0.0644
vn 0.4708 0.8799 0.0644
vn 0.6982 -0.3379 0.6311
vn -0.6983 -0.3379 0.6311
vn -0.3617 0.7463 -0.5588
vn 0.3617 0.7463 -0.5588
vn 0.3747 -0.2816 0.8833
vn -0.3888 -0.2786 0.8782
vn 0.2498 -0.9662 -0.0635
vn 0.2498 0.9662 0.0635
vn 0.6601 0.6950 0.2849
vn 0.6601 -0.6951 -0.2849
vn -0.2308 -0.9727 -0.0239
vn -0.2308 0.9727 0.0239
vn -0.5543 0.3240 -0.7667
vn 0.4334 0.3902 0.8123
vn 0.4452 -0.3899 -0.8061
vn -0.6319 0.7095 0.3118
vn 0.6320 0.7095 0.3118
vn 0.0141 -0.9327 0.3604
vn -0.0141 -0.9327 0.3604
vn -0.1020 0.9938 0.0448
vn -0.1020 -0.9938 -0.0448
vn -0.7215 0.0515 -0.6905
vn 0.7215 0.0515 -0.6905
vn 0.9886 -0.1384 0.0593
vn -0.9886 -0.1384 0.0593
vn -0.6436 0.6872 -0.3370
vn -0.6436 -0.6872 0.3370
vn -0.7739 -0.2442 -0.5843
vn 0.7739 -0.2442 -0.5843
vn -0.9201 0.2458 -0.3050
vn 0.9201 0.2459 -0.3050
vn -0.5674 0.5714 -0.5929
vn -0.5962 -0.5489 0.5859
vn -0.0351 0.0323 0.9989
vn 0.0359 0.0323 0.9988
vn -0.0000 0.4299 -0.9029
vn -0.7417 0.3320 -0.5828
vn -0.7417 -0.3320 0.5828
vn -0.9391 0.3396 -0.0525
vn 0.9391 0.3396 -0.0525
vn -0.6474 -0.3749 0.6636
vn 0.0649 0.5895 -0.8052
vn 0.0671 -0.5894 0.8051
vn -0.6993 0.4475 0.5574
vn 0.6993 0.4475 0.5574
vn 0.6328 0.7550 0.1719
vn 0.6530 -0.7387 -0.1672
vn -0.3982 0.3095 -0.8635
vn -0.6468 -0.7207 0.2495
vn 0.6468 -0.7207 0.2495
vn -0.8141 0.1253 -0.5670
vn 0.8141 0.1253 -0.5670
vn -0.4432 0.8709 0.2125
vn -0.4744 -0.8532 -0.2169
vn 0.7029 -0.7074 -0.0742
vn -0.7029 -0.7074 -0.0742
vn -0.9368 -0.3473 -0.0424
vn 0.7950 -0.2978 -0.5284
vn -0.7950 -0.2978 -0.5284
vn -0.7977 0.2623 -0.5431
vn 0.7977 0.2623 -0.5431
vn -0.7184 0.5176 -0.4647
vn 0.0869 0.5813 0.8090
vn 0.0869 -0.5813 -0.8090
vn -0.9826 0.0719 0.1714
vn -0.9826 -0.0719 -0.1714
vn 0.8794 0.3817 0.2844
vn -0.8794 0.3817 0.2844
vn -0.8080 -0.5053 -0.3029
vn -0.8081 -0.5053 -0.3029
vn -0.8082 -0.5050 -0.3031
vn -0.8081 0.5051 0.3030
vn -0.8626 0.3234 -0.3889
vn 0.8626 0.3235 -0.3889
vn 0.9078 -0.4187 -0.0230
vn -0.9078 -0.4187 -0.0230
vn 0.0820 -0.9421 0.3252
vn -0.0820 -0.9421 0.3252
vn -0.9182 0.1429 -0.3695
vn -0.9182 -0.1429 0.3694
vn 0.9882 -0.1270 0.0857
vn -0.9882 -0.1271 0.0857
vn 0.7282 -0.3604 0.5829
vn -0.7282 -0.3604 0.5829
vn -0.8864 0.0985 0.4524
vn 0.8864 0.0985 0.4524
vn 0.5827 -0.3389 0.7387
vn 0.5770 0.3439 -0.7408
vn -0.4417 0.8413 0.3116
vn 0.4417 0.8413 0.3116
vn -0.7229 0.6656 0.1854
vn 0.7229 0.6656 0.1854
vn 0.9827 -0.1846 -0.0150
vn 0.9827 0.1846 0.0150
vn 0.7004 0.5972 -0.3908
vn 0.7004 -0.5972 0.3908
vn 0.1599 -0.9862 -0.0429
vn 0.1558 0.9866 0.0490
vn -0.9034 -0.1232 -0.4106
vn 0.9034 -0.1232 -0.4106
vn 0.9082 0.0557 -0.4149
vn -0.9082 0.0557 -0.4149
vn 0.5608 0.1094 0.8207
vn -0.5608 0.1094 0.8207
vn 0.8438 -0.3492 -0.4074
vn -0.8438 -0.3494 -0.4073
vn 0.8466 -0.2887 0.4471
vn -0.8466 -0.2887 0.4471
vn 0.9227 0.3847 -0.0242
vn -0.9227 0.3848 -0.0242
vn -0.5979 -0.7750 0.2048
vn 0.5979 -0.7750 0.2048
vn 0.2352 -0.8760 -0.4211
vn -0.2352 -0.8760 -0.4211
vn -0.7593 0.6128 0.2191
vn 0.7593 0.6128 0.2191
vn -0.5055 0.5104 0.6957
vn 0.5054 0.5103 0.6958
vn -0.4660 0.7489 0.4711
vn -0.4660 -0.7489 -0.4711
vn -0.5170 0.8007 -0.3028
vn -0.5170 -0.8007 0.3028
vn -0.8286 -0.1185 0.5472
vn -0.8286 0.1185 -0.5472
vn -0.6219 0.6717 0.4025
vn -0.6219 -0.6717 -0.4025
vn 0.9497 0.0260 0.3122
vn -0.9497 0.0260 0.3122
vn -0.0319 -0.1398 0.9897
vn 0.0319 -0.1398 0.9897
vn 0.9771 -0.1757 0.1202
vn -0.9771 -0.1758 0.1202
vn 0.9013 -0.0516 0.4300
vn -0.9013 -0.0516 0.4300
vn 0.9095 0.2645 0.3207
vn -0.9095 0.2645 0.3207
vn 0.9388 0.0391 0.3423
vn -0.9388 0.0391 0.3423
vn -0.8334 0.1282 -0.5376
vn -0.8334 -0.1282 0.5376
vn 0.0387 -0.9534 0.2991
vn 0.0387 0.9534 -0.2991
vn 0.6791 -0.7090 -0.1900
vn -0.7132 -0.6762 -0.1848
vn -0.7967 -0.1834 -0.5759
vn -0.3536 0.6977 0.6230
vn 0.3536 0.6977 0.6230
vn 0.7817 -0.5728 -0.2468
vn 0.7817 0.5728 0.2468
vn 0.0790 0.8060 0.5866
vn 0.0790 -0.8060 -0.5866
vn -0.1274 0.6662 0.7348
vn 0.1274 0.6662 0.7348
vn 0.8716 0.3203 0.3712
vn -0.8716 0.3203 0.3712
vn 0.9121 -0.4017 0.0815
vn -0.9122 -0.4016 0.0815
vn -0.5263 0.7437 0.4123
vn -0.0685 -0.8575 0.5099
vn -0.0685 0.8575 -0.5099
vn 0.5356 0.7331 0.4192
vn 0.9794 -0.0598 0.1928
vn -0.9794 -0.0598 0.1928
vn -0.7678 -0.1638 0.6194
vn 0.7678 -0.1638 0.6194
vn -0.7773 0.6213 0.0989
vn -0.7773 -0.6213 -0.0989
vn -0.9901 0.1397 -0.0156
vn 0.9901 0.1397 -0.0157
vn 0.9535 -0.2699 0.1341
vn 0.9535 0.2699 -0.1341
vn 0.5874 0.1784 0.7894
vn -0.5874 0.1784 0.7894
vn -0.5380 0.5686 -0.6223
vn -0.5380 -0.5686 0.6223
vn -0.1509 0.9872 0.0514
vn 0.1510 0.9872 0.0514
vn 0.7958 -0.2126 -0.5670
vn 0.8948 -0.1635 0.4155
vn -0.8948 -0.1634 0.4155
vn 0.5825 -0.8119 -0.0390
vn 0.5825 0.8119 0.0390
vn 0.5224 -0.1924 0.8307
vn 0.5224 0.1924 -0.8307
vn 0.5059 0.1608 -0.8474
vn 0.5059 -0.1608 0.8474
vn -0.5703 0.6141 -0.5455
vn -0.7893 -0.1822 -0.5864
vn 0.7893 -0.1822 -0.5863
vn 0.8573 0.4926 -0.1495
vn 0.9370 -0.3491 -0.0115
vn -0.1176 0.6691 0.7338
vn 0.1176 0.6691 0.7338
vn -0.7768 -0.0011 -0.6297
vn 0.7768 -0.0011 -0.6297
vn -0.9792 0.0500 -0.1966
vn 0.9792 0.0500 -0.1966
vn -0.4662 0.6770 0.5694
vn 0.4663 0.6770 0.5694
vn -0.9001 0.4229 -0.1047
vn 0.2604 0.9482 0.1818
vn -0.2604 0.9482 0.1818
vn 0.9289 -0.0417 0.3680
vn -0.9289 -0.0417 0.3679
vn -0.7656 0.6336 -0.1118
vn 0.7656 0.6336 -0.1118
vn -0.2736 -0.9575 -0.0912
vn 0.2736 -0.9575 -0.0912
vn 0.6091 -0.7878 0.0911
vn -0.6091 -0.7878 0.0911
vn -0.7465 0.6375 -0.1907
vn 0.7465 0.6375 -0.1907
vn -0.0184 -0.8881 0.4594
vn 0.0184 -0.8881 0.4594
vn 0.7422 -0.6597 -0.1183
vn -0.7630 -0.6359 -0.1161
vn -0.1244 0.5752 -0.8085
vn -0.1244 -0.5752 0.8085
vn 0.0815 0.1902 0.9784
vn -0.0815 0.1902 0.9784
vn -0.5689 -0.6989 -0.4335
vn 0.5689 -0.6989 -0.4334
vn 0.4091 -0.7966 -0.4450
vn -0.4091 -0.7966 -0.4450
vn 0.1806 0.8532 -0.4894
vn -0.1806 0.8532 -0.4894
vn -0.7970 -0.2421 -0.5533
vn -0.6535 0.4916 0.5756
vn 0.6535 0.4916 0.5756
vn 0.6275 0.7601 -0.1687
vn -0.6524 0.7365 -0.1789
vn -0.0768 0.9779 0.1944
vn 0.0768 0.9779 0.1944
vn -0.6892 -0.5192 0.5054
vn 0.6892 -0.5192 0.5054
vn -0.1564 -0.5081 -0.8470
vn 0.1564 -0.5081 -0.8470
vn 0.8651 0.4824 0.1374
vn -0.8651 0.4824 0.1374
vn -0.8319 -0.4683 -0.2975
vn -0.8320 0.4683 0.2975
vn 0.6326 -0.2895 -0.7183
vn -0.9009 -0.4123 0.1360
vn -0.9691 0.0130 -0.2463
vn 0.9691 0.0130 -0.2463
vn 0.2070 -0.0864 0.9745
vn -0.2070 -0.0864 0.9745
vn -0.9333 0.0144 -0.3589
vn 0.9333 0.0144 -0.3589
vn 0.5613 -0.5409 -0.6264
vn -0.5613 -0.5409 -0.6264
vn 0.8959 -0.3813 0.2280
vn -0.8959 -0.3813 0.2280
vn 0.0399 -0.9974 0.0598
vn -0.0399 -0.9974 0.0598
vn 0.8609 0.4636 -0.2097
vn -0.8609 0.4636 -0.2097
vn 0.0963 0.9627 -0.2527
vn -0.0963 0.9627 -0.2527
vn -0.9900 -0.0972 0.1024
vn 0.9900 -0.0972 0.1024
vn -0.7691 0.5343 0.3507
vn 0.7691 0.5343 0.3507
vn 0.2929 -0.8591 -0.4198
vn 0.2929 0.8591 0.4198
vn -0.3970 0.7815 0.4813
vn 0.3970 0.7815 0.4813
vn -0.4161 0.0234 0.9090
vn -0.4161 -0.0234 -0.9090
vn 0.1053 0.9813 -0.1608
vn -0.1053 0.9813 -0.1608
vn -0.7714 -0.1477 0.6190
vn 0.7714 -0.1477 0.6190
vn 0.8733 -0.2709 -0.4049
vn -0.6128 0.1225 0.7807
vn 0.6128 0.1225 0.7807
vn 0.4926 -0.6735 -0.5511
vn 0.4926 0.6735 0.5511
vn -0.6458 -0.1943 0.7383
vn 0.6459 -0.1943 0.7383
vn 0.5954 -0.7819 0.1847
vn 0.6433 0.7441 -0.1802
vn -0.0631 -0.3425 -0.9374
vn -0.0631 0.3425 0.9374
vn -0.9505 -0.1268 0.2837
vn -0.9497 0.1265 -0.2863
vn -0.9092 -0.2349 -0.3437
vn 0.8968 0.4411 -0.0352
vn -0.9426 0.2218 0.2495
vn -0.9426 -0.2218 -0.2495
vn -0.9019 0.4293 -0.0475
vn 0.6134 -0.1377 -0.7777
vn -0.6134 -0.1377 -0.7777
vn 0.4494 -0.5067 -0.7358
vn -0.4494 -0.5067 -0.7358
vn 0.2974 -0.8283 -0.4748
vn 0.3912 0.8119 0.4333
vn -0.2057 0.1790 -0.9621
vn 0.2057 0.1790 -0.9621
vn 0.3181 0.4182 0.8509
vn -0.3181 0.4182 0.8509
vn 0.6532 -0.1428 -0.7436
vn -0.6532 -0.1428 -0.7436
vn -0.8401 0.5414 0.0338
vn 0.8401 0.5414 0.0338
vn 0.2793 -0.4544 -0.8459
vn -0.2793 -0.4544 -0.8459
vn 0.0599 -0.9804 0.1878
vn -0.0599 -0.9804 0.1878
vn 0.9909 -0.1300 0.0342
vn -0.9909 -0.1300 0.0343
vn -0.9167 0.2784 -0.2866
vn -0.1649 -0.9467 0.2766
vn -0.1649 0.9467 -0.2766
vn -0.0056 -0.9624 0.2714
vn 0.0056 -0.9624 0.2714
vn 0.9093 -0.3965 0.1264
vn 0.0107 0.1179 -0.9930
vn 0.0107 -0.1179 0.9930
vn 0.1630 0.2290 -0.9597
vn 0.6304 0.6144 0.4743
vn -0.6384 0.6008 0.4812
vn -0.0657 -0.2234 -0.9725
vn -0.0657 0.2234 0.9725
vn 0.7749 -0.6309 -0.0391
vn -0.7749 -0.6309 -0.0391
vn 0.9754 -0.1209 -0.1842
vn -0.9754 -0.1209 -0.1842
vn 0.7594 -0.6497 -0.0345
vn -0.7594 -0.6497 -0.0345
vn -0.2952 -0.9292 -0.2225
vn -0.9760 -0.1762 0.1278
vn 0.9792 -0.1632 0.1205
vn 0.3244 -0.9202 -0.2193
vn -0.9313 -0.1183 -0.3446
vn -0.9313 0.1183 0.3446
vn -0.0776 0.9595 -0.2707
vn -0.0775 -0.9595 0.2707
vn 0.3888 0.0745 -0.9183
vn 0.3888 -0.0745 0.9183
vn 0.2722 0.3769 0.8854
vn 0.2722 -0.3769 -0.8854
vn 0.0555 -0.0000 0.9985
vn 0.0555 -0.0000 -0.9985
vn 0.9837 -0.1528 0.0949
vn -0.9837 -0.1528 0.0949
vn 0.0079 -0.1348 -0.9908
vn 0.0079 0.1348 0.9908
vn 0.9770 0.2129 -0.0066
vn -0.9770 0.2129 -0.0067
vn -0.6722 0.3373 0.6590
vn 0.6722 0.3373 0.6590
vn 0.7467 -0.1274 0.6529
vn 0.7467 0.1274 -0.6529
vn 0.7865 -0.0705 -0.6136
vn -0.7865 -0.0705 -0.6136
vn 0.9838 -0.1679 -0.0631
vn 0.9838 0.1679 0.0631
vn -0.8819 0.2883 0.3731
vn 0.8818 0.2883 0.3731
vn 0.9530 -0.2697 0.1379
vn -0.9530 -0.2697 0.1379
vn 0.6144 -0.7889 0.0117
vn 0.6258 0.7799 -0.0112
vn -0.0345 0.9146 -0.4030
vn -0.0345 -0.9146 0.4029
vn 0.9317 -0.3610 -0.0410
vn -0.9317 -0.3610 -0.0410
vn 0.7871 -0.4585 0.4126
vn -0.7871 -0.4585 0.4126
vn 0.1963 -0.2127 0.9572
vn -0.1963 -0.2127 0.9572
vn -0.6318 0.3135 0.7089
vn 0.6318 0.3135 0.7089
vn 0.8247 0.3387 -0.4529
vn -0.8247 0.3387 -0.4529
vn 0.2739 0.8656 -0.4191
vn 0.2739 -0.8656 0.4191
vn 0.9846 0.0916 0.1489
vn -0.9846 0.0916 0.1488
vn -0.3814 0.8926 0.2406
vn -0.3814 -0.8926 -0.2406
vn -0.9715 -0.0637 -0.2283
vn 0.9715 -0.0637 -0.2283
vn 0.8385 -0.0556 0.5420
vn 0.8385 0.0556 -0.5420
vn 0.1811 -0.2037 -0.9621
vn -0.1811 -0.2037 -0.9621
vn 0.5502 -0.8195 0.1603
vn 0.5502 0.8195 -0.1603
vn 0.9438 0.3301 0.0144
vn -0.8483 0.4977 0.1810
vn 0.7470 0.2144 0.6294
vn -0.7470 0.2144 0.6293
vn -0.9807 -0.1072 -0.1637
vn 0.9807 -0.1071 -0.1637
vn 0.6442 0.4084 0.6467
vn -0.6442 0.4084 0.6466
vn 0.8398 0.2170 0.4977
vn -0.8398 0.2170 0.4977
vn -0.0140 -0.9758 0.2184
vn -0.0140 0.9758 -0.2184
vn -0.9655 0.2605 -0.0010
vn 0.9655 0.2605 -0.0010
vn -0.3215 -0.9077 -0.2698
vn -0.3215 0.9077 0.2698
vn -0.8368 -0.5473 -0.0111
vn 0.8368 -0.5474 -0.0111
vn -0.7136 0.6983 0.0555
vn 0.7136 0.6983 0.0555
vn 0.9581 -0.1288 0.2559
vn 0.1751 0.5502 -0.8165
vn 0.1751 -0.5502 0.8165
vn -0.8353 0.2374 0.4958
vn -0.8353 -0.2374 -0.4958
vn 0.5800 0.2668 -0.7697
vn -0.5800 0.2668 -0.7697
vn -0.7436 0.2986 0.5982
vn 0.8773 -0.4460 0.1772
vn -0.6656 0.3210 0.6738
vn -0.6655 -0.3210 -0.6738
vn -0.1734 -0.9527 -0.2495
vn 0.9972 0.0093 0.0745
vn -0.9972 0.0093 0.0745
vn 0.3402 -0.6848 0.6445
vn 0.3401 0.6848 -0.6445
vn 0.6646 0.0729 0.7436
vn 0.6647 -0.0729 -0.7436
vn 0.9022 -0.4227 -0.0861
vn -0.9022 -0.4226 -0.0862
vn -0.9216 0.3248 0.2125
vn 0.7107 0.4684 0.5250
vn -0.7107 0.4684 0.5249
vn 0.0747 0.7790 0.6225
vn -0.0747 0.7790 0.6225
vn 0.2202 0.9710 -0.0933
vn -0.2202 0.9710 -0.0933
vn 0.9701 -0.0613 0.2348
vn -0.9701 -0.0613 0.2349
vn -0.6367 -0.1794 -0.7500
vn -0.6262 0.3260 -0.7082
vn -0.6262 -0.3261 0.7082
vn -0.1627 0.7006 0.6948
vn 0.1627 0.7006 0.6947
vn -0.0168 0.9699 0.2429
vn 0.0168 0.9699 0.2429
vn -0.9552 -0.1622 -0.2476
vn -0.9552 0.1623 0.2476
vn 0.6355 -0.1929 0.7476
vn -0.6356 -0.1928 0.7476
vn -0.3572 0.5573 0.7496
vn 0.3572 0.5573 0.7496
vn -0.6404 0.3718 0.6721
vn 0.9744 -0.2225 0.0307
vn -0.9744 -0.2225 0.0307
vn 0.2852 -0.2242 0.9319
vn -0.2852 -0.2242 0.9319
vn -0.5219 0.7910 0.3193
vn 0.8998 0.4360 0.0185
vn -0.8998 0.4360 0.0185
vn 0.0756 -0.9449 0.3186
vn -0.0756 -0.9449 0.3186
vn 0.5014 0.8096 0.3053
vn 0.3882 0.8859 0.2538
vn -0.3882 0.8859 0.2538
vn -0.9457 0.3197 0.0585
vn 0.9457 0.3197 0.0585
vn 0.8158 -0.3910 -0.4262
vn -0.8158 -0.3910 -0.4262
vn 0.4930 0.5074 -0.7068
vn -0.4930 0.5074 -0.7068
vn -0.7462 -0.6472 0.1561
vn 0.7462 -0.6472 0.1561
vn 0.7431 -0.2094 0.6356
vn -0.7431 -0.2093 0.6356
vn -0.4981 0.6255 -0.6006
vn -0.4981 -0.6255 0.6006
vn 0.8935 0.3406 -0.2927
vn -0.8935 0.3406 -0.2927
vn -0.3866 -0.5820 -0.7154
vn 0.9521 -0.1699 -0.2542
vn -0.9521 -0.1699 -0.2542
vn -0.6887 0.3592 0.6298
vn 0.6887 0.3592 0.6298
vn 0.8242 -0.1373 -0.5495
vn -0.8242 -0.1373 -0.5494
vn 0.5372 0.4558 0.7097
vn 0.5372 -0.4558 -0.7097
vn 0.0214 0.1354 0.9906
vn -0.0214 0.1354 0.9906
vn 0.2052 0.1632 0.9650
vn 0.2052 -0.1632 -0.9650
vn 0.9523 -0.1233 0.2790
vn -0.9523 -0.1233 0.2790
vn -0.5049 -0.2356 0.8304
vn -0.5049 0.2357 -0.8304
vn -0.1130 0.9492 0.2938
vn -0.1130 -0.9492 -0.2938
vn 0.0066 0.9916 -0.1294
vn -0.0066 0.9916 -0.1294
vn 0.9271 0.2169 -0.3057
vn -0.9271 0.2169 -0.3057
vn 0.5734 -0.4294 -0.6978
vn 0.4142 -0.3758 -0.8290
vn -0.4142 -0.3758 -0.8290
vn 0.9687 -0.2474 0.0220
vn 0.9687 0.2474 -0.0220
vn -0.5547 -0.4992 0.6656
vn 0.5547 -0.4992 0.6656
vn -0.0517 -0.9663 -0.2521
vn -0.0517 0.9663 0.2521
vn -0.0001 -0.2425 -0.9701
vn 0.0001 -0.2426 -0.9701
vn 0.4614 -0.4903 -0.7394
vn -0.4614 -0.4903 -0.7394
vn -0.8412 0.3264 0.4312
vn 0.8411 0.3264 0.4312
vn 0.9616 -0.0656 0.2666
vn -0.9616 -0.0656 0.2666
vn 0.8687 0.1949 0.4553
vn -0.5020 0.0358 0.8641
vn 0.5020 0.0358 0.8641
vn -0.6997 0.6006 0.3869
vn 0.6997 0.6006 0.3869
vn -0.9401 0.2995 0.1630
vn 0.8520 -0.5168 -0.0838
vn 0.8520 0.5168 0.0838
vn 0.8099 -0.5595 -0.1762
vn -0.8099 -0.5595 -0.1762
vn 0.8211 0.2995 0.4859
vn 0.0252 0.4221 -0.9062
vn -0.0252 0.4221 -0.9062
vn -0.9920 -0.0864 0.0918
vn 0.9920 -0.0864 0.0918
vn 0.8860 -0.1816 -0.4267
vn -0.9167 -0.3274 0.2292
vn 0.9167 -0.3274 0.2292
vn 0.4848 0.0870 -0.8703
vn -0.4848 0.0870 -0.8703
vn -0.9838 -0.1491 0.0994
vn 0.9838 -0.1491 0.0994
vn -0.3669 0.8652 0.3418
vn 0.3670 0.8652 0.3418
vn -0.9896 -0.0718 0.1248
vn 0.9896 -0.0718 0.1248
vn 0.0107 -0.3179 -0.9480
vn -0.0107 -0.3179 -0.9480
vn 0.9495 0.2877 0.1254
vn -0.9495 0.2876 0.1254
vn -0.1495 0.9605 0.2348
vn 0.1495 0.9605 0.2348
vn 0.9830 -0.1809 0.0328
vn -0.9830 -0.1809 0.0328
vn -0.0658 -0.2108 -0.9753
vn -0.0658 0.2108 0.9753
vn -0.9652 -0.2491 0.0794
vn 0.9652 -0.2491 0.0794
vn 0.0713 -0.9453 0.3185
vn -0.0713 -0.9453 0.3185
vn 0.2887 0.9046 -0.3135
vn -0.2887 0.9046 -0.3135
vn 0.7737 0.4525 0.4434
vn -0.7737 0.4525 0.4434
vn -0.9184 -0.2983 0.2600
vn 0.9183 -0.2983 0.2601
vn 0.8441 -0.1206 0.5225
vn -0.8441 -0.1206 0.5225
vn 0.9159 -0.2490 0.3149
vn 0.5911 -0.3401 -0.7314
vn -0.5911 -0.3401 -0.7314
vn 0.9414 0.1953 -0.2749
vn 0.9414 -0.1953 0.2749
vn 0.4726 -0.8594 -0.1953
vn 0.5119 0.8377 0.1904
vn 0.5625 -0.4129 -0.7163
vn 0.5625 0.4129 0.7163
vn 0.4617 -0.5635 -0.6850
vn -0.4617 -0.5635 -0.6850
vn 0.9104 -0.3460 0.2268
vn -0.2316 0.0853 -0.9691
vn 0.2316 0.0853 -0.9691
vn 0.0974 0.0286 0.9948
vn -0.0974 0.0286 0.9948
vn 0.1549 0.3633 -0.9187
vn -0.1549 0.3632 -0.9187
vn -0.9696 0.0534 0.2386
vn 0.9697 0.0535 0.2386
vn 0.8960 -0.3069 -0.3210
vn -0.8960 -0.3069 -0.3210
vn -0.4916 -0.3008 0.8172
vn -0.4916 0.3008 -0.8172
vn -0.9672 -0.1687 0.1898
vn 0.6725 0.6928 0.2602
vn -0.6725 0.6928 0.2602
vn 0.7285 -0.6796 -0.0859
vn -0.7285 -0.6796 -0.0859
vn 0.8499 0.5269 -0.0079
vn 0.8500 -0.5268 0.0078
vn 0.0592 -0.5589 0.8272
vn -0.0592 -0.5589 0.8272
vn -0.3588 -0.7234 -0.5899
vn -0.7743 0.5089 -0.3761
vn 0.1481 0.9872 -0.0592
vn -0.1480 0.9872 -0.0592
vn -0.9321 0.1192 -0.3419
vn 0.9322 0.1192 -0.3419
vn -0.0823 -0.4432 -0.8926
vn -0.0823 0.4432 0.8926
vn -0.9866 -0.0153 0.1625
vn 0.9866 -0.0153 0.1625
vn -0.7431 0.2774 -0.6090
vn -0.7430 -0.2774 0.6090
vn -0.2066 -0.2462 -0.9469
vn 0.2066 -0.2462 -0.9469
vn -0.9209 -0.1946 0.3377
vn -0.9209 0.1946 -0.3377
vn -0.3549 0.7180 0.5988
vn 0.4886 0.0692 0.8698
vn -0.4886 0.0692 0.8698
vn 0.9045 0.0869 -0.4174
vn -0.9131 0.3569 0.1973
vn -0.9071 0.0925 0.4107
vn 0.9071 0.0925 0.4107
vn 0.4878 0.0289 -0.8725
vn 0.4878 -0.0289 0.8725
vn -0.2650 0.8392 -0.4748
vn 0.1239 -0.8886 0.4416
vn 0.1239 0.8886 -0.4416
vn 0.7947 0.3388 -0.5036
vn -0.7947 0.3388 -0.5036
vn -0.7303 0.5078 -0.4570
vn 0.7303 0.5078 -0.4570
vn 0.8170 0.5694 -0.0911
vn -0.8170 0.5694 -0.0911
vn -0.8399 0.0175 0.5424
vn -0.6122 0.7636 0.2052
vn -0.6122 -0.7636 -0.2052
vn -0.6568 0.3936 0.6432
vn 0.6568 0.3936 0.6432
vn 0.9813 -0.0252 -0.1907
vn -0.9813 -0.0252 -0.1907
vn -0.7075 0.5950 0.3814
vn -0.7075 -0.5950 -0.3814
vn -0.9039 -0.2827 0.3211
vn 0.9039 -0.2827 0.3210
vn -0.7547 0.0346 0.6552
vn -0.7547 -0.0346 -0.6552
vn -0.1244 -0.7826 0.6100
vn 0.1244 -0.7826 0.6100
vn 0.4471 0.3811 -0.8092
vn 0.4471 -0.3811 0.8092
vn -0.9597 -0.1075 0.2598
vn 0.8779 -0.3465 0.3306
vn 0.2507 -0.7658 -0.5922
vn -0.2507 -0.7658 -0.5922
vn -0.1914 -0.1175 -0.9745
vn 0.1914 -0.1175 -0.9745
vn -0.2900 -0.3987 -0.8700
vn -0.2900 0.3987 0.8700
vn -0.9461 -0.0216 0.3231
vn 0.9461 -0.0216 0.3231
vn -0.6192 0.4201 0.6634
vn 0.6192 0.4201 0.6634
vn 0.6144 0.3308 -0.7163
vn 0.6196 -0.3385 0.7082
vn -0.4082 -0.4082 -0.8165
vn 0.4082 -0.4082 -0.8165
vn 0.4823 -0.0171 -0.8759
vn -0.4701 -0.8778 0.0922
vn -0.4701 0.8778 -0.0922
vn -0.2165 0.3680 0.9043
vn -0.2165 -0.3679 -0.9043
vn -0.3138 -0.9458 -0.0841
vn -0.2798 0.9538 0.1092
vn -0.8814 0.2550 0.3977
vn 0.8814 0.2550 0.3977
vn 0.2962 -0.2927 -0.9092
vn -0.2962 -0.2927 -0.9092
vn -0.3606 -0.1545 0.9198
vn -0.3943 0.1502 -0.9066
vn -0.8513 -0.3920 -0.3488
vn -0.8716 0.3570 0.3360
vn 0.0244 0.0773 0.9967
vn -0.0244 0.0773 0.9967
vn 0.0156 -0.9782 0.2070
vn 0.0156 0.9782 -0.2070
vn 0.2268 0.9465 -0.2295
vn -0.2268 0.9465 -0.2295
vn -0.7884 0.5858 0.1875
vn 0.7884 0.5858 0.1875
vn -0.7456 0.6072 0.2748
vn 0.7338 -0.3555 -0.5789
vn -0.7338 -0.3555 -0.5789
vn 0.8183 0.4208 0.3916
vn -0.8166 0.4328 0.3818
vn -0.8107 0.3843 0.4416
vn -0.8107 -0.3843 -0.4416
vn -0.1143 -0.3535 -0.9284
vn 0.1143 -0.3535 -0.9284
vn -0.7895 -0.0089 0.6137
vn 0.7895 -0.0089 0.6137
vn -0.9122 0.1619 0.3764
vn -0.9215 -0.1535 -0.3568
vn 0.9863 -0.1211 -0.1124
vn -0.9862 -0.1212 -0.1125
vn 0.8820 -0.0100 -0.4711
vn -0.8820 -0.0100 -0.4711
vn -0.9381 0.3209 -0.1301
vn 0.9381 0.3209 -0.1301
vn 0.1382 -0.3064 -0.9418
vn 0.1510 0.3060 0.9400
vn -0.8598 0.1977 0.4707
vn 0.8599 0.1977 0.4707
vn -0.9358 0.2048 0.2871
vn -0.6224 0.6881 -0.3730
vn 0.6276 0.6882 -0.3640
vn 0.9535 0.0953 -0.2861
vn -0.7890 0.0315 0.6136
vn 0.7890 0.0315 0.6136
vn -0.8230 0.3017 0.4813
vn -0.8230 -0.3017 -0.4813
vn 0.2032 -0.9319 0.3004
vn 0.8963 0.1760 -0.4069
vn -0.8963 0.1760 -0.4069
vn -0.5867 -0.7563 -0.2897
vn -0.6103 0.7342 0.2975
vn 0.9291 0.1878 -0.3187
vn -0.9291 0.1879 -0.3186
vn -0.2523 -0.9671 0.0336
vn -0.8368 -0.4969 -0.2299
vn 0.8368 -0.4969 -0.2299
vn 0.8222 -0.2414 -0.5155
vn 0.8222 0.2414 0.5155
vn -0.9392 0.0117 0.3432
vn 0.9392 0.0117 0.3432
vn 0.0149 -0.9996 0.0234
vn -0.7828 -0.3639 0.5047
vn 0.7828 -0.3639 0.5048
vn -0.5318 -0.7807 -0.3281
vn 0.5318 -0.7807 -0.3281
vn 0.0738 0.9837 -0.1640
vn 0.0738 -0.9837 0.1640
vn -0.7325 0.6690 0.1259
vn 0.7325 0.6690 0.1259
vn -0.5506 -0.7149 0.4311
vn 0.5506 -0.7149 0.4311
vn -0.6844 -0.7217 -0.1037
vn -0.6844 0.7217 0.1037
vn -0.7375 0.4383 0.5138
vn -0.7375 -0.4383 -0.5138
vn 0.7128 0.6898 -0.1264
vn -0.7128 0.6898 -0.1265
vn -0.1590 -0.6153 -0.7721
vn -0.1590 0.6153 0.7721
vn -0.9670 0.0102 0.2545
vn 0.8212 -0.1716 -0.5442
vn -0.8212 -0.1716 -0.5442
vn -0.9224 -0.1321 -0.3628
vn -0.9371 -0.1426 0.3187
vn 0.9371 -0.1426 0.3187
vn 0.1389 -0.8362 -0.5306
vn -0.1389 -0.8362 -0.5306
vn -0.0162 0.8576 -0.5140
vn 0.0162 0.8576 -0.5140
vn -0.1895 -0.8484 0.4942
vn -0.1895 0.8484 -0.4942
vn 0.3948 -0.8190 -0.4164
vn 0.3948 0.8190 0.4164
vn -0.5499 -0.7274 -0.4105
vn 0.5499 -0.7274 -0.4105
vn -0.0325 0.8139 -0.5801
vn 0.9762 0.1091 0.1873
vn -0.9762 0.1091 0.1873
vn 0.7057 -0.5598 -0.4343
vn -0.7057 -0.5598 -0.4343
vn 0.6673 -0.0385 0.7438
vn 0.8229 -0.1215 -0.5550
vn 0.8229 0.1215 0.5550
vn -0.8363 0.4213 0.3508
vn 0.8363 0.4213 0.3508
vn -0.5113 -0.2013 0.8355
vn 0.5113 -0.2013 0.8355
vn 0.4726 -0.3107 0.8247
vn -0.4726 -0.3107 0.8247
vn -0.7858 0.3774 0.4900
vn 0.7858 0.3774 0.4900
vn -0.9620 -0.2661 0.0614
vn 0.9620 -0.2661 0.0614
vn -0.2219 0.4425 0.8689
vn 0.2219 0.4425 0.8689
vn -0.2588 -0.6252 -0.7363
vn -0.8083 0.0499 0.5866
vn 0.8084 0.0499 0.5866
vn -0.2056 -0.7085 -0.6751
vn -0.2056 0.7085 0.6751
vn 0.8476 0.1843 -0.4975
vn 0.8477 -0.1843 0.4975
vn -0.0713 -0.8579 0.5088
vn 0.0713 -0.8579 0.5088
vn 0.6563 0.5115 -0.5546
vn -0.6563 0.5115 -0.5546
vn -0.4008 -0.9135 0.0699
vn 0.4008 -0.9135 0.0699
vn 0.2447 0.4771 -0.8441
vn -0.2447 0.4771 -0.8441
vn 0.9881 -0.0139 0.1531
vn -0.9881 -0.0139 0.1531
vn 0.3882 0.5815 0.7149
vn -0.3882 0.5815 0.7149
vn 0.9940 0.0857 -0.0685
vn -0.9940 0.0857 -0.0685
vn 0.1639 0.7967 0.5817
vn 0.1639 -0.7967 -0.5817
vn 0.5367 0.3435 0.7707
vn 0.5367 -0.3435 -0.7707
vn 0.7940 -0.2145 0.5689
vn -0.5017 -0.3199 0.8037
vn -0.5017 0.3199 -0.8037
vn 0.5207 -0.5099 -0.6848
vn -0.5207 -0.5099 -0.6848
vn 0.3461 -0.8682 0.3555
vn -0.3635 -0.8609 0.3560
vn -0.0850 -0.8502 -0.5196
vn -0.0850 0.8502 0.5196
vn -0.8713 -0.1487 0.4676
vn 0.8713 -0.1487 0.4676
vn -0.0000 0.9965 -0.0830
vn -0.0000 -0.9965 0.0830
vn 0.6995 0.2766 -0.6589
vn -0.6995 0.2767 -0.6589
vn -0.3141 0.7692 0.5564
vn -0.3374 -0.7643 -0.5495
vn -0.8325 0.0646 0.5503
vn 0.8325 0.0646 0.5503
vn 0.3218 0.8276 -0.4598
vn 0.3218 -0.8277 0.4598
vn -0.3459 -0.0769 -0.9351
vn 0.3459 -0.0769 -0.9351
vn 0.6402 -0.7481 -0.1746
vn -0.6401 -0.7482 -0.1745
vn -0.5874 -0.2815 0.7588
vn 0.5874 -0.2814 0.7588
vn 0.3811 0.2446 0.8916
vn 0.3811 -0.2445 -0.8916
vn -0.3297 -0.3240 -0.8867
vn 0.0048 0.8416 0.5401
vn 0.8600 -0.5085 -0.0436
vn 0.8599 0.5085 0.0436
vn -0.9508 -0.1425 0.2752
vn -0.9508 0.1425 -0.2752
vn -0.0000 -0.0664 0.9978
vn -0.3567 -0.2140 -0.9094
vn 0.3566 -0.2140 -0.9094
vn -0.1322 -0.7222 -0.6789
vn -0.1376 0.7199 0.6802
vn 0.7553 -0.2344 -0.6120
vn -0.7553 -0.2344 -0.6120
vn -0.7049 0.2035 0.6795
vn -0.5270 -0.1054 0.8433
vn -0.5270 0.1054 -0.8433
vn -0.0185 -0.1853 0.9825
vn 0.0185 -0.1853 0.9825
vn 0.3651 0.9129 -0.1826
vn -0.3651 0.9129 -0.1826
vn 0.2728 0.2431 0.9309
vn -0.2728 0.2431 0.9309
vn 0.2876 -0.0525 -0.9563
vn -0.2876 -0.0525 -0.9563
vn -0.8188 -0.2106 0.5341
vn -0.8003 -0.2482 0.5458
vn -0.8003 0.2482 -0.5458
vn 0.8065 -0.5519 0.2122
vn -0.4596 0.1149 0.8807
vn 0.4596 0.1149 0.8807
vn 0.3793 0.8008 -0.4636
vn 0.3793 -0.8007 0.4636
vn -0.8254 0.0143 0.5644
vn 0.8254 0.0143 0.5644
vn -0.4169 -0.1042 0.9030
vn 0.4169 -0.1042 0.9030
vn -0.8536 -0.1829 0.4878
vn 0.8537 -0.1828 0.4877
vn 0.8535 -0.1830 0.4879
vn -0.2656 -0.7857 -0.5587
vn 0.2656 -0.7857 -0.5586
vn -0.1231 -0.4927 0.8615
vn 0.1231 -0.4927 0.8614
vn -0.7775 0.0933 0.6220
vn 0.7775 0.0933 0.6220
vn 0.2482 -0.7442 -0.6201
vn 0.2483 0.7442 0.6201
vn -0.8758 -0.1442 0.4607
vn 0.8758 -0.1442 0.4607
vn -0.3766 0.3268 0.8668
vn 0.3766 0.3268 0.8668
vn 0.2769 -0.0163 0.9608
vn -0.2769 -0.0163 0.9608
vn 0.0921 -0.3804 -0.9202
vn -0.0986 -0.3790 -0.9201
vn -0.3016 -0.9045 0.3015
vn 0.3016 -0.9045 0.3015
vn 0.0280 0.8644 0.5020
vn -0.0280 0.8644 0.5020
vn -0.0000 0.5692 0.8222
vn -0.7762 0.5820 0.2425
vn -0.8669 -0.4729 -0.1577
vn 0.1360 0.7264 0.6737
vn -0.0000 0.6357 0.7719
vn 0.9502 -0.0203 -0.3111
vn -0.9502 -0.0203 -0.3111
vn 0.0323 -0.7266 -0.6863
vn -0.0359 -0.7265 -0.6862
vn -0.6088 -0.5447 -0.5768
vn -0.6088 0.5447 0.5768
vn 0.5877 -0.2764 -0.7604
vn 0.5878 0.2762 0.7604
vn -0.7574 0.0905 0.6467
vn 0.7574 0.0905 0.6467
vn 0.6060 -0.7269 -0.3231
vn -0.8361 -0.5012 -0.2228
vn -0.5870 0.3423 0.7337
vn 0.5869 0.3425 0.7336
vn -0.3359 0.8856 -0.3206
vn -0.3431 -0.8887 0.3040
vn -0.4840 0.6450 0.5914
vn 0.5215 0.5043 -0.6882
vn 0.5215 -0.5044 0.6882
vn -0.5973 0.0314 -0.8014
vn 0.2863 0.6858 -0.6692
vn 0.2863 -0.6858 0.6692
vn -0.1203 0.4656 -0.8768
vn 0.1203 0.4656 -0.8768
vn -0.4068 -0.8741 0.2656
vn -0.4068 0.8741 -0.2656
vn -0.0554 0.9416 0.3322
vn -0.0000 -0.7399 0.6727
vn -0.6216 -0.0886 0.7783
vn -0.6216 0.0886 -0.7783
vn 0.9763 -0.0424 -0.2122
vn -0.9763 -0.0425 -0.2124
vn -0.2212 0.9699 0.1021
vn 0.2212 0.9699 0.1021
vn 0.9458 -0.3198 -0.0556
vn -0.9458 -0.3199 -0.0557
vn 0.9340 0.3571 0.0137
vn 0.9340 -0.3571 -0.0138
vn -0.6449 0.1112 0.7561
vn 0.6449 0.1112 0.7561
vn 0.1708 0.6614 0.7304
vn -0.0588 0.6410 -0.7653
vn -0.0695 -0.6409 0.7645
vn -0.1382 0.1272 0.9822
vn 0.1432 0.1260 0.9816
vn -0.8281 -0.3397 0.4459
vn 0.8281 -0.3398 0.4459
vn 0.3894 0.0355 -0.9204
vn 0.3894 -0.0356 0.9204
vn -0.4645 -0.1415 -0.8742
vn -0.1169 -0.6621 0.7402
vn 0.4140 -0.1743 -0.8934
vn -0.4140 -0.1743 -0.8934
vn -0.5203 0.3467 -0.7805
vn 0.1364 -0.1729 0.9755
vn 0.1364 0.1729 -0.9755
vn 0.6257 -0.7653 -0.1510
vn 0.6257 0.7653 0.1510
vn -0.0318 -0.5094 0.8600
vn -0.0391 0.5081 -0.8604
vn 0.9541 -0.1956 -0.2268
vn -0.9541 -0.1955 -0.2268
vn -0.6407 -0.3655 -0.6752
vn 0.6407 -0.3655 -0.6752
vn -0.9924 -0.0174 0.1219
vn 0.9924 -0.0174 0.1219
vn -0.6556 0.2997 0.6931
vn -0.6555 -0.2998 -0.6931
vn 0.3905 0.6510 -0.6510
vn -0.3588 0.4973 0.7899
vn 0.3588 0.4973 0.7899
vn -0.0652 0.1956 0.9785
vn 0.0782 0.1954 0.9776
vn 0.5415 0.0831 0.8366
vn 0.5415 -0.0831 -0.8366
vn 0.4660 0.8475 -0.2542
vn 0.4660 -0.8475 0.2541
vn -0.6013 -0.3902 -0.6973
vn 0.6013 -0.3903 -0.6972
vn -0.7249 0.1813 0.6646
vn -0.7249 -0.1812 -0.6646
vn -0.0000 0.7071 -0.7071
vn -0.6358 -0.1514 0.7569
vn -0.6357 0.1514 -0.7569
vn 0.0652 -0.1957 -0.9785
vn 0.0782 0.1955 0.9776
vn -0.2897 0.1055 0.9513
vn -0.2897 -0.1055 -0.9513
vn -0.0995 -0.7961 0.5970
vn 0.1323 -0.7930 0.5947
vn 0.0396 -0.5542 0.8314
vn -0.0396 -0.5542 0.8314
vn -0.0626 -0.3372 -0.9394
vn 0.0722 -0.3386 -0.9382
vn 0.0124 -0.4299 -0.9028
vn -0.0239 -0.4138 -0.9101
vn -0.8921 0.1622 0.4217
vn 0.8921 0.1622 0.4217
vn 0.2826 -0.2421 -0.9282
vn 0.3510 0.2506 0.9022
vn 0.1558 -0.4630 -0.8726
vn -0.1558 -0.4630 -0.8726
vn 0.5661 0.2264 0.7926
vn -0.5661 0.2265 0.7926
vn -0.7095 -0.2071 -0.6736
vn 0.7095 -0.2071 -0.6736
vn -0.0595 0.3860 0.9206
vn -0.0768 -0.3835 -0.9204
vn 0.0788 0.3152 -0.9457
vn -0.1049 0.3144 -0.9435
vn -0.8856 0.4015 0.2335
vn 0.8856 0.4015 0.2335
vn -0.8744 0.4852 -0.0051
vn 0.8715 0.4887 0.0403
vn 0.2859 0.2483 0.9255
vn 0.2046 -0.3324 -0.9207
vn -0.2599 -0.3247 -0.9094
vn -0.3840 -0.7683 0.5121
vn -0.4852 0.7276 -0.4850
vn 0.4467 0.1262 -0.8857
vn 0.4467 -0.1262 0.8857
vn -0.3049 -0.0703 0.9498
vn 0.3048 -0.0703 0.9498
vn -0.0000 0.6553 0.7553
vn -0.0000 0.6561 0.7547
vn -0.0000 0.6585 0.7526
vn -0.0000 0.6560 0.7548
vn 0.8708 -0.3595 -0.3355
vn -0.8707 -0.3596 -0.3355
vn 0.1501 0.2080 -0.9665
vn 0.1501 -0.2080 0.9665
vn -0.8895 0.1832 0.4185
vn 0.8895 0.1831 0.4186
vn -0.1065 -0.4326 -0.8953
vn -0.3995 -0.7935 -0.4592
vn 0.3995 -0.7935 -0.4592
vn -0.0666 -0.4192 -0.9055
vn 0.0686 -0.4191 -0.9053
vn 0.5479 -0.8055 0.2257
vn -0.0086 -0.6444 -0.7647
vn -0.3080 0.4794 0.8218
vn 0.3965 0.4626 0.7930
vn -0.0314 0.6565 0.7537
vn -0.3701 -0.0070 0.9289
vn 0.3974 -0.0075 0.9176
vn 0.3439 -0.1196 -0.9314
vn -0.6140 -0.2135 -0.7599
vn 0.5998 -0.1799 -0.7797
vn 0.6250 -0.2172 -0.7498
vn 0.1721 -0.2052 0.9635
vn 0.1721 0.2052 -0.9635
vn 0.5048 0.0826 0.8593
vn 0.5048 -0.0826 -0.8593
vn -0.5004 -0.4563 -0.7358
vn -0.6811 -0.0909 0.7266
vn -0.4984 -0.0845 0.8628
vn 0.4984 -0.0845 0.8628
vn 0.4868 0.0695 -0.8708
vn -0.4868 0.0695 -0.8708
vn -0.6171 -0.1998 0.7611
vn 0.7153 -0.2654 -0.6464
vn 0.7213 0.2070 0.6610
vn 0.4835 -0.0309 -0.8748
vn -0.4835 -0.0309 -0.8748
vn -0.3898 -0.0342 0.9203
vn -0.3898 0.0342 -0.9203
vn -0.0000 0.6536 0.7568
vn -0.0591 0.5147 0.8553
vn 0.2888 0.0124 0.9573
vn -0.2888 0.0124 0.9573
vn 0.0174 0.5112 0.8593
vn -0.1018 -0.0390 0.9940
vn -0.1018 0.0390 -0.9940
vn 0.8677 0.1006 -0.4867
vn -0.8663 0.0555 -0.4965
vn -0.2242 0.3374 0.9143
vn -0.2242 -0.3374 -0.9143
vn 0.6057 0.3800 0.6991
vn 0.6057 -0.3800 -0.6991
vn -0.0530 -0.0149 -0.9985
vn -0.0530 0.0149 0.9985
vn 0.4045 0.2512 -0.8794
vn 0.4045 -0.2512 0.8794
vn -0.6749 0.1939 0.7120
vn -0.6151 0.1129 0.7803
vn -0.7771 -0.2334 -0.5845
vn -0.7771 0.2334 0.5845
vn -0.7297 0.1658 0.6633
vn -0.7515 -0.1776 -0.6353
vn -0.2387 -0.8701 -0.4312
vn 0.2387 -0.8701 -0.4312
vn 0.7938 -0.0248 -0.6077
vn 0.8168 0.0102 0.5768
vn -0.0535 0.3110 0.9489
vn -0.6535 -0.3707 0.6599
vn -0.1131 -0.7030 -0.7022
vn -0.0898 0.7071 0.7014
vn -0.7396 -0.4581 0.4932
vn -0.8352 0.3579 -0.4175
vn -0.7831 0.0397 -0.6207
vn 0.0947 0.4082 0.9080
vn 0.0975 -0.4079 -0.9078
vn 0.8050 -0.0590 -0.5903
vn -0.8308 -0.0554 -0.5538
vn 0.7612 -0.0810 -0.6434
vn -0.7755 -0.3702 0.5114
vn -0.8643 0.3142 -0.3928
vn -0.0000 0.6306 0.7761
vn 0.4973 -0.2366 -0.8347
vn -0.0820 -0.0948 0.9921
vn 0.0852 -0.0947 0.9918
vn 0.3511 0.4596 -0.8158
vn 0.3583 -0.4426 0.8220
vn 0.0420 0.0139 0.9990
vn -0.0433 0.0139 0.9990
vn 0.5685 -0.6842 -0.4569
vn -0.5685 -0.6842 -0.4569
vn 0.1359 -0.0795 0.9875
vn 0.1396 0.0792 -0.9870
vn 0.0020 -0.0525 -0.9986
vn 0.0021 0.0525 0.9986
vn 0.1686 0.3461 -0.9229
vn -0.1539 0.4910 0.8575
vn -0.1214 0.2103 -0.9701
vn 0.1178 0.2100 -0.9706
vn -0.1182 -0.5425 -0.8317
vn -0.7229 0.4016 0.5623
vn 0.7229 0.4016 0.5623
vn 0.1463 0.1122 0.9829
vn 0.1428 -0.1126 -0.9833
vn 0.3124 0.1134 0.9431
vn 0.0380 0.7045 0.7087
vn -0.0062 0.6863 0.7273
vn 0.2506 -0.4465 0.8590
vn 0.2604 -0.1855 -0.9475
vn 0.3621 0.2120 0.9077
vn -0.3936 -0.4765 -0.7862
vn 0.3936 -0.4765 -0.7862
vn -0.2922 0.3153 0.9029
vn -0.5374 -0.0555 -0.8415
vn 0.3450 -0.0722 -0.9358
vn 0.2096 0.3606 -0.9089
vn -0.0271 0.1561 -0.9874
vn 0.0307 0.1413 -0.9895
vn -0.5547 -0.0000 0.8320
vn -0.4853 -0.1552 -0.8604
vn 0.0462 -0.3677 -0.9288
vn -0.2325 -0.1635 -0.9587
vn 0.3189 0.5297 0.7860
vn -0.0262 0.1279 0.9914
vn 0.0262 0.1279 0.9914
vn 0.2803 -0.1937 -0.9402
vn 0.1841 0.0822 0.9795
vn -0.3932 0.6722 0.6273
vn 0.1831 -0.7126 -0.6773
vn -0.1808 -0.7190 -0.6711
vn 0.2187 0.0400 -0.9750
vn 0.1993 -0.0235 -0.9797
vn -0.2266 -0.0032 0.9740
vn 0.1647 -0.0962 -0.9816
vn 0.1506 -0.0808 -0.9853
vn 0.1969 -0.4061 0.8923
vn 0.1900 0.3998 -0.8967
vn 0.2703 0.0601 0.9609
vn 0.1412 0.0502 0.9887
vn 0.1614 0.1975 -0.9669
vn -0.0156 -0.0862 -0.9962
vn 0.0809 -0.0282 -0.9963
vn -0.0000 -0.8480 0.5300
vn -0.4902 -0.6921 0.5298
vn -0.4902 0.6921 -0.5298
vn 0.8160 0.2720 -0.5100
vn 0.8009 -0.2818 0.5284
vn 0.8189 -0.2632 -0.5100
vn 0.8039 0.2728 0.5285
vn -0.4861 0.7070 0.5137
vn 0.4861 0.7070 0.5137
vn -0.0000 0.8716 0.4903
vn -0.0000 0.3417 -0.9398
vn -0.1949 -0.2774 0.9408
vn -0.1949 0.2774 -0.9408
vn -0.3099 -0.1058 0.9449
vn 0.3193 -0.1168 0.9404
vn 0.3113 -0.1014 -0.9449
vn -0.3209 -0.1120 -0.9405
vn 0.1949 -0.2774 -0.9408
vn 0.1949 0.2774 0.9408
vn -0.0000 0.3417 0.9398
vn -0.0000 0.8138 -0.5812
vn 0.4747 0.6408 -0.6034
vn -0.4731 0.6623 -0.5811
vn -0.7316 -0.2596 0.6304
vn 0.7316 -0.2596 0.6304
vn 0.7361 -0.2454 -0.6308
vn -0.7361 -0.2454 -0.6308
vn 0.4747 -0.6408 -0.6034
vn -0.4730 -0.6622 -0.5811
vn -0.0000 0.8137 0.5812
vn -0.4202 0.6223 0.6604
vn -0.8246 -0.5262 -0.2078
vn -0.3779 0.3665 0.8502
vn -0.9231 -0.3620 0.1299
vn -0.5407 0.8406 -0.0318
vn 0.7224 -0.6607 0.2038
vn -0.0000 0.7070 0.7072
vn -0.3905 0.6509 0.6511
vn -0.3690 0.6149 -0.6970
vn -0.0000 -0.5999 0.8001
vn -0.0000 -0.7070 -0.7072
vn 0.4574 -0.4574 0.7625
vn -0.5144 0.5144 0.6861
vn 0.6976 -0.6459 -0.3101
vn 0.8788 -0.3766 -0.2930
vn -0.9070 -0.3930 0.1513
vn 0.8164 -0.4083 0.4083
vn -0.3226 -0.8604 0.3944
vn 0.2672 -0.8018 -0.5346
vn -0.3584 0.7172 0.5977
vn -0.2216 0.8864 -0.4064
vn -0.0001 0.7071 -0.7072
vn -0.1451 0.4533 0.8795
vn 0.0263 0.5685 0.8223
vn -0.5963 -0.7454 -0.2982
vn 0.3249 0.3791 -0.8665
vn -0.0783 0.7049 -0.7050
vn 0.3338 0.5159 -0.7889
vn 0.2642 0.4907 -0.8303
vn -0.4614 -0.8517 -0.2484
vn -0.8507 0.4068 -0.3329
vn -0.9282 0.2421 -0.2825
vn 0.8944 -0.0000 -0.4473
vn 0.8348 -0.4834 -0.2636
vn 0.0338 -0.9787 0.2026
vn -0.8270 -0.3133 -0.4668
vn 0.8964 0.3311 -0.2948
vn 0.8255 -0.2889 -0.4849
vn 0.7185 0.4397 0.5389
vn 0.8329 0.3024 -0.4635
vn 0.6770 -0.5887 0.4417
vn 0.6381 -0.6529 0.4080
vn -0.0897 -0.9121 0.4000
vn -0.5547 -0.0000 -0.8321
vn 0.3641 0.0728 -0.9285
vn -0.4436 -0.1267 -0.8872
vn 0.3584 0.1195 -0.9259
vn -0.3368 -0.1684 -0.9264
vn 0.3810 0.1905 -0.9048
vn -0.1550 -0.4797 -0.8636
vn -0.3763 -0.3763 0.8466
vn -0.1938 -0.3007 -0.9338
vn -0.2571 -0.2387 0.9364
vn -0.3474 0.0929 0.9331
vn 0.2911 -0.0192 0.9565
vn -0.1706 -0.1327 -0.9764
vn 0.3752 -0.0500 -0.9256
vn 0.4515 0.2972 0.8413
vn -0.2903 -0.2191 -0.9315
vn -0.2965 -0.2749 -0.9146
vn 0.2732 0.1025 -0.9565
vn 0.3589 0.0166 -0.9332
vn 0.2714 0.1000 0.9573
vn -0.2593 -0.1287 0.9572
vn -0.3799 -0.0564 0.9233
vn -0.4027 0.2562 0.8787
vn -0.5014 -0.2228 0.8360
vn 0.4472 0.8944 -0.0000
vn 0.3715 -0.9284 -0.0000
vn -0.2684 -0.3578 0.8944
vn 0.6883 0.2294 0.6882
vn 0.2563 -0.4028 0.8787
vn 0.2904 0.2192 -0.9315
vn 0.2966 0.2750 -0.9145
vn -0.2733 -0.1025 -0.9565
vn 0.3590 0.0166 0.9332
vn -0.2594 -0.1287 -0.9571
vn -0.2798 -0.1313 0.9511
vn 0.3800 0.0564 0.9232
vn 0.3183 0.2918 -0.9019
vn -0.6729 -0.2187 -0.7066
vn -0.1939 -0.3007 0.9338
vn 0.2062 0.3314 -0.9207
vn 0.1264 0.2108 0.9693
vn 0.3474 -0.0929 0.9331
vn -0.3021 -0.0134 0.9532
vn -0.3753 0.0500 -0.9256
vn -0.5547 -0.0000 0.8321
vn 0.3641 0.0728 0.9285
vn -0.3368 -0.1684 0.9264
vn -0.1550 -0.4798 0.8636
vn -0.3763 -0.3763 -0.8466
vn -0.4436 -0.1267 0.8872
vn -0.3584 -0.1195 -0.9259
vn -0.8220 -0.3999 0.4055
vn 0.8394 0.3981 0.3699
vn 0.8964 0.3311 0.2948
vn 0.8255 -0.2889 0.4849
vn 0.8329 0.3024 0.4635
vn -0.0897 -0.9121 -0.4000
vn 0.6770 -0.5887 -0.4417
vn 0.9581 -0.2660 -0.1064
vn -0.3014 -0.9046 0.3014
vn -0.9282 0.2421 0.2824
vn 0.0338 -0.9787 -0.2026
vn 0.2939 0.9469 0.1307
vn 0.7163 0.3087 0.6258
vn 0.3188 -0.7013 0.6376
vn -0.0263 -0.5686 0.8222
vn -0.0000 -0.7072 -0.7071
vn 0.0784 -0.7050 -0.7049
vn 0.2672 -0.8018 0.5345
vn 0.6667 -0.6667 -0.3333
vn -0.3584 0.7172 -0.5976
vn 0.8788 -0.3766 0.2930
vn -0.1187 0.7119 -0.6921
vn -0.8960 -0.4181 -0.1494
vn -0.9940 0.0529 -0.0952
vn 0.6977 -0.6459 0.3100
vn -0.0000 -0.7072 -0.7070
vn -0.5299 0.5299 0.6622
vn -0.0952 -0.9198 -0.3806
vn -0.5259 0.4974 -0.6900
vn -0.3565 0.1468 0.9227
vn -0.1605 0.0916 0.9828
vn -0.1603 0.0915 0.9828
vn 0.4096 -0.9029 0.1303
vn -0.1095 -0.8214 0.5598
vn -0.6417 0.5720 -0.5110
vn -0.6161 -0.3875 0.6858
vn 0.2585 -0.6779 0.6882
vn 0.7875 -0.0945 -0.6090
vn 0.7056 0.1967 -0.6807
vn -0.3768 0.9197 -0.1098
vn 0.3044 -0.9512 0.0514
vn -0.3182 -0.7559 -0.5721
vn 0.1270 0.1545 -0.9798
vn -0.2153 -0.1295 -0.9679
vn -0.7103 0.2368 -0.6629
vn 0.4239 -0.5522 0.7179
vn -0.8270 -0.5222 0.2083
vn -0.2566 -0.2620 -0.9303
vn 0.8175 -0.0103 0.5759
vn 0.6468 0.0253 0.7622
vn -0.2958 0.0557 0.9536
vn 0.5423 -0.0852 0.8359
vn 0.0029 0.0965 -0.9953
vn 0.0029 -0.0965 0.9953
vn 0.2746 0.2215 0.9357
vn -0.0514 0.1125 -0.9923
vn -0.1955 -0.1955 0.9610
vn 0.0614 -0.7508 0.6577
vn -0.1060 -0.4549 0.8842
vn 0.1060 -0.4549 0.8842
vn -0.1534 -0.6695 -0.7268
vn -0.1561 0.6694 0.7263
vn -0.0635 0.7902 -0.6095
vn -0.0635 -0.7902 0.6095
vn 0.1474 0.7853 0.6013
vn 0.1474 -0.7853 -0.6013
vn 0.0478 0.4619 -0.8856
vn -0.0490 0.4619 -0.8856
vn 0.1330 -0.8439 0.5198
vn -0.1330 -0.8439 0.5198
vn -0.3007 0.2468 -0.9212
vn -0.5831 0.7734 0.2486
vn 0.5831 0.7734 0.2486
vn -0.3634 0.4732 0.8025
vn 0.4060 0.6644 0.6275
vn -0.5843 0.3053 -0.7519
vn 0.7589 0.1800 -0.6259
vn -0.0430 -0.5332 0.8449
vn 0.9823 0.1846 0.0304
vn -0.9823 0.1846 0.0304
vn -0.0000 0.0713 -0.9975
vn -0.2546 0.8346 -0.4884
vn -0.2546 -0.8346 0.4884
vn -0.5114 0.0941 -0.8542
vn -0.5219 -0.0913 0.8481
vn -0.4583 0.7471 -0.4814
vn 0.9282 -0.3507 0.1246
vn -0.9282 -0.3507 0.1246
vn -0.5773 -0.0363 -0.8157
vn 0.5806 -0.0603 -0.8120
vn 0.5621 -0.1115 0.8195
vn -0.5722 -0.1126 0.8123
vn -0.0523 0.6108 -0.7900
vn -0.0523 -0.6108 0.7900
vn 0.9501 -0.0238 0.3109
vn -0.9501 -0.0237 0.3109
vn 0.7607 0.2428 -0.6020
vn 0.7733 0.0988 -0.6262
vn 0.6936 0.1824 0.6969
vn -0.6936 0.1824 0.6969
vn -0.7533 0.1609 0.6377
vn 0.5703 0.6141 -0.5455
vn -0.9370 -0.3491 -0.0115
vn -0.6326 -0.2895 -0.7184
vn 0.8938 -0.4241 0.1460
vn 0.1630 -0.2290 0.9597
vn 0.9013 0.0381 0.4316
vn 0.9013 -0.0381 -0.4316
vn 0.9155 -0.0922 0.3917
vn -0.9155 -0.0922 0.3917
vn -0.8483 -0.4977 -0.1810
vn -0.7322 0.3089 0.6070
vn -0.7322 -0.3089 -0.6070
vn 0.1253 -0.9898 0.0675
vn -0.1253 -0.9898 0.0675
vn 0.7436 0.2986 0.5982
vn 0.8773 0.4460 -0.1772
vn -0.6404 -0.3718 -0.6721
vn -0.2837 -0.9103 0.3014
vn -0.2837 0.9103 -0.3014
vn 0.9618 0.2618 0.0797
vn 0.3828 -0.1561 0.9105
vn 0.3828 0.1561 -0.9105
vn 0.8862 -0.2752 -0.3728
vn -0.8862 -0.2752 -0.3728
vn -0.3866 0.5820 0.7154
vn -0.5734 -0.4294 -0.6978
vn -0.6357 0.3131 0.7056
vn 0.6357 0.3131 0.7056
vn -0.1757 -0.7224 -0.6688
vn 0.1814 -0.6954 -0.6954
vn 0.7945 -0.0930 0.6001
vn -0.7945 -0.0930 0.6001
vn -0.4047 -0.5713 0.7141
vn 0.4047 -0.5712 0.7141
vn 0.8211 -0.2995 -0.4859
vn 0.8779 0.3465 -0.3306
vn 0.9159 0.2490 -0.3149
vn -0.0043 -0.2940 -0.9558
vn -0.0043 0.2940 0.9558
vn 0.9191 0.3119 -0.2407
vn 0.7744 0.5088 -0.3761
vn 0.3990 -0.3491 -0.8479
vn -0.3990 -0.3491 -0.8479
vn 0.1925 0.9623 -0.1924
vn -0.1925 0.9622 -0.1924
vn 0.9377 -0.1744 -0.3006
vn -0.9377 -0.1744 -0.3006
vn -0.9045 0.0870 -0.4175
vn -0.2650 -0.8392 0.4748
vn 0.1053 0.8359 0.5387
vn 0.1053 -0.8359 -0.5387
vn 0.8399 0.0175 0.5424
vn -0.4823 -0.0171 -0.8759
vn 0.1707 0.1438 0.9748
vn -0.1707 0.1438 0.9748
vn -0.0093 0.8872 -0.4613
vn 0.0093 0.8872 -0.4613
vn 0.7637 -0.2231 -0.6058
vn 0.7637 0.2231 0.6058
vn -0.5741 0.1390 0.8069
vn -0.5742 -0.1390 -0.8069
vn -0.9661 -0.0718 0.2481
vn 0.9661 -0.0718 0.2480
vn -0.1610 -0.9548 -0.2498
vn 0.1610 -0.9548 -0.2498
vn -0.6520 -0.5745 -0.4948
vn 0.6520 -0.5745 -0.4948
vn -0.9535 0.0953 -0.2860
vn -0.2032 -0.9319 0.3004
vn 0.0069 -0.4082 0.9129
vn 0.9130 -0.3031 -0.2731
vn 0.9670 0.0102 0.2545
vn 0.5135 0.0048 -0.8581
vn -0.5165 -0.0097 -0.8563
vn 0.0325 0.8139 -0.5801
vn -0.6673 -0.0385 0.7438
vn 0.3126 0.3205 0.8942
vn 0.3126 -0.3205 -0.8942
vn -0.2588 0.6252 0.7363
vn 0.8900 0.3159 0.3288
vn 0.2888 0.4973 0.8181
vn -0.2888 0.4973 0.8181
vn 0.3512 0.3105 0.8833
vn 0.3512 -0.3105 -0.8833
vn 0.7939 0.2145 -0.5689
vn -0.3297 0.3240 0.8867
vn 0.7049 0.2035 0.6795
vn -0.6247 0.6247 0.4684
vn -0.0822 -0.9309 -0.3560
vn -0.0822 0.9309 0.3560
vn 0.8066 0.5517 -0.2122
vn 0.6247 0.6248 0.4685
vn -0.3015 0.9046 0.3014
vn 0.9129 -0.1825 -0.3652
vn 0.9129 0.1825 0.3651
vn 0.4365 -0.2182 -0.8728
vn -0.4364 -0.2183 -0.8729
vn 0.1960 0.7846 -0.5882
vn -0.1960 0.7847 -0.5881
vn -0.0199 0.9337 -0.3576
vn -0.0275 -0.9337 0.3570
vn -0.0976 -0.1951 0.9759
vn -0.1360 0.7264 0.6737
vn 0.5111 0.5750 -0.6389
vn 0.4840 0.6450 0.5914
vn -0.5972 -0.0314 0.8015
vn -0.6668 -0.2222 0.7113
vn 0.6189 0.3094 -0.7220
vn 0.8846 0.4424 0.1474
vn -0.8847 0.4422 0.1474
vn -0.3338 -0.8215 0.4622
vn -0.5121 0.7071 -0.4877
vn -0.4685 0.6247 0.6247
vn 0.4685 0.6247 0.6247
vn 0.4645 -0.1415 -0.8742
vn -0.4910 0.5613 0.6662
vn -0.4910 0.5609 0.6665
vn -0.4910 0.5612 0.6663
vn -0.1978 0.6593 0.7254
vn 0.3904 -0.6510 0.6510
vn -0.0000 0.5545 0.8322
vn -0.2678 0.2509 0.9302
vn -0.7729 -0.2772 0.5707
vn 0.7053 0.2489 -0.6638
vn 0.3356 0.9396 -0.0672
vn -0.3766 -0.1146 -0.9192
vn -0.4130 0.4740 0.7777
vn -0.3842 -0.1575 0.9097
vn -0.5936 0.3380 -0.7304
vn 0.6125 -0.1706 -0.7719
vn 0.6245 0.2918 0.7245
vn -0.7609 -0.0105 0.6487
vn 0.3227 -0.0986 -0.9414
vn 0.0193 0.4663 0.8844
vn 0.2651 0.6231 -0.7359
vn -0.2651 0.6231 -0.7359
vn -0.2357 0.2357 0.9428
vn -0.3042 0.0894 0.9484
vn -0.4311 0.4752 -0.7670
vn 0.3182 -0.0700 -0.9455
vn -0.5279 0.0150 -0.8492
vn 0.3249 0.0860 0.9418
vn 0.1585 -0.4125 0.8971
vn 0.1574 0.4069 -0.8998
vn -0.8182 0.1759 0.5474
vn -0.1454 0.8001 0.5819
vn 0.2638 0.3281 0.9071
vn 0.3799 -0.3887 -0.8394
vn -0.9452 0.1555 0.2871
vn 0.2795 0.3726 -0.8849
vn -0.7751 -0.2150 0.5941
vn -0.3152 -0.9457 -0.0788
vn -0.8575 0.5145 -0.0000
vn 0.3183 0.2918 0.9019
vn -0.4101 -0.2624 0.8735
vn -0.2797 -0.1312 -0.9511
vn -0.1231 -0.0348 -0.9918
vn -0.0877 -0.0421 -0.9953
vn 0.1596 0.2394 0.9577
vn -0.0572 0.0915 -0.9942
vn 0.1231 0.0348 -0.9918
vn -0.2715 -0.1000 0.9572
vn -0.4101 -0.2624 -0.8735
vn -0.1962 0.9806 -0.0000
vn 0.5884 -0.7844 -0.1962
vn -0.5548 0.8320 -0.0000
vn 0.6532 0.1694 0.7380
vn 0.0576 -0.1345 0.9892
vn 0.2911 -0.0192 -0.9565
vn 0.3810 0.1905 0.9048
vn 0.2795 0.3726 0.8849
vn 0.4180 -0.3753 0.8273
vn 0.3806 -0.1692 0.9092
vn -0.0000 0.7072 0.7071
vn -0.1455 0.8001 -0.5819
vn -0.8327 0.4861 -0.2650
vn -0.0169 0.0585 0.9981
vn 0.3605 0.1997 -0.9111
vn 0.3867 -0.1820 0.9041
vn 0.2325 0.1927 -0.9533
vn 0.9965 0.0163 0.0817
vn 0.1261 0.1295 -0.9835
vn -0.0417 0.5329 -0.8452
vn 0.4583 0.7471 -0.4814
vn 0.7607 -0.2428 0.6020
vn -0.9645 -0.2237 0.1402
vn 0.9581 0.1288 -0.2559
vn 0.2820 0.2905 -0.9144
vn -0.5376 -0.1608 -0.8277
vn -0.8586 -0.3600 0.3649
vn -0.3668 -0.0454 -0.9292
vn -0.0048 0.8416 0.5401
vn 0.6299 0.3937 -0.6695
vn 0.6301 0.3939 -0.6691
vn -0.6299 0.3938 -0.6694
vn 0.3014 0.9046 0.3014
vn 0.0976 -0.1951 0.9759
vn -0.7071 -0.0000 -0.7071
vn -0.6189 0.3093 -0.7220
vn -0.4558 -0.6839 0.5697
vn 0.5110 -0.5751 0.6388
vn 0.5748 0.2464 -0.7803
vn -0.5749 0.2464 -0.7803
vn -0.1739 -0.6667 -0.7248
vn -0.0000 -0.5545 -0.8322
vn -0.3506 0.2221 0.9098
vn 0.9221 -0.0996 -0.3739
vn -0.2194 0.9753 -0.0244
vn -0.4472 0.8944 -0.0000
vn 0.3806 -0.1691 -0.9092
vn -0.1797 0.1617 -0.9703
vn 0.4550 -0.8847 -0.1011
vn -0.3396 0.9054 -0.2547
vn 0.8324 0.4890 0.2609
vn -0.4349 -0.1004 0.8949
vn 0.5884 -0.7844 0.1962
vn -0.0894 -0.0969 -0.9913
vn -0.3810 0.8890 -0.2540
vn 0.0571 -0.0914 -0.9942
vn -0.2183 -0.8727 0.4368
vn 0.1842 -0.0205 -0.9827
vn -0.1432 -0.2147 0.9661
vn -0.9457 0.3154 0.0789
vn -0.1643 0.9857 -0.0365
vn 0.3810 -0.8890 -0.2540
vn -0.3152 -0.9457 0.0788
vn -0.8945 -0.4471 -0.0000
vn -0.2747 0.9615 -0.0000
vn 0.4551 -0.8847 0.1011
vn -0.3396 0.9054 0.2547
vn -0.0140 -0.9368 0.3495
vn 0.6643 -0.0957 -0.7413
vn 0.2637 0.3281 -0.9071
vn 0.5298 0.5298 0.6622
vn 0.4472 -0.8944 -0.0000
vn -0.8723 0.4876 -0.0375
vn -0.0270 0.1014 0.9945
vn -0.0047 0.0803 0.9968
vn 0.5032 0.5536 -0.6636
vn 0.0080 0.1330 0.9911
vn 0.0481 0.1393 -0.9891
vn 0.8426 0.0947 0.5302
vn -0.0103 -0.1172 0.9931
vn 0.6645 0.0742 0.7436
vn -0.1254 -0.0282 0.9917
vn -0.7126 -0.6997 -0.0518
vn -0.2820 0.2905 -0.9144
vn -0.5376 0.1608 0.8277
vn 0.5437 -0.3411 -0.7669
vn -0.9375 -0.0565 -0.3434
vn -0.9159 -0.0269 -0.4006
vn 0.1140 0.7702 0.6275
vn -0.1140 0.7702 0.6275
vn -0.4489 -0.1796 0.8754
vn -0.1540 -0.0616 -0.9861
vn -0.2903 -0.4769 -0.8296
vn -0.6147 -0.2284 -0.7549
vn 0.4511 -0.5513 0.7018
vn -0.9478 0.0508 0.3148
vn 0.9629 0.0430 0.2665
vn 0.5414 -0.2952 0.7873
vn 0.8454 -0.3468 0.4064
vn 0.4745 0.1171 -0.8724
vn 0.5039 0.6661 0.5499
vn -0.9978 0.0660 -0.0056
vn 0.1140 0.9806 -0.1596
vn -0.0000 0.2248 0.9744
vn -0.0897 -0.1345 -0.9868
vn -0.0169 0.0275 0.9995
vn -0.4875 -0.2250 0.8436
vn -0.5840 0.1126 0.8039
vn 0.0178 -0.0303 -0.9994
vn 0.8057 0.2074 0.5548
vn 0.1520 0.2643 -0.9524
vn -0.1506 0.2567 -0.9547
vn 0.3375 -0.7319 -0.5920
vn 0.7291 0.0252 0.6839
vn 0.9930 -0.1164 -0.0205
vn 0.8280 -0.2996 -0.4739
vn 0.9393 -0.0888 0.3314
vn -0.8542 -0.5199 -0.0000
vn -0.9006 0.4336 0.0283
vn 0.8674 0.4631 -0.1822
vn -0.5437 -0.3411 -0.7669
vn 0.9989 0.0462 0.0113
vn -0.3271 -0.9417 0.0793
vn 0.9375 -0.0565 -0.3434
vn 0.4463 -0.0265 -0.8945
vn -0.3365 -0.0512 -0.9403
vn -0.2760 -0.1885 0.9425
vn 0.2760 -0.1885 0.9425
vn -0.4479 -0.8046 0.3898
vn -0.4479 0.8046 -0.3898
vn 0.5190 0.0124 0.8547
vn -0.5190 0.0124 0.8547
vn 0.7759 -0.3905 -0.4954
vn -0.7915 -0.4138 0.4498
vn 0.1433 0.6860 0.7133
vn -0.4054 0.3431 -0.8473
vn -0.6046 -0.5679 -0.5586
vn 0.6747 -0.4124 0.6121
vn -0.9140 -0.0351 0.4042
vn -0.2906 0.4794 -0.8281
vn 0.1786 -0.9568 -0.2296
vn -0.3618 0.9244 -0.1206
vn 0.1550 0.3535 0.9225
vn 0.3782 0.7749 0.5064
vn -0.1480 -0.4983 -0.8543
vn 0.9105 0.0719 0.4073
vn 0.5955 0.3859 0.7046
vn -1.0000 -0.0000 -0.0000
vn -0.4317 -0.4582 -0.7770
vn 0.5772 0.5596 0.5947
vn 0.5720 0.5655 0.5942
vn 0.5711 0.5666 0.5940
vn 0.5782 0.5585 0.5948
vn 0.8308 -0.0354 -0.5554
vn -0.6882 -0.2294 -0.6883
vn -0.5247 -0.4723 -0.7083
vn -0.9253 0.2175 -0.3108
vn -0.5782 -0.6417 -0.5039
vn 0.5675 0.4269 0.7040
vn -0.0915 0.5350 0.8399
vn 0.5776 0.6230 0.5275
vn 0.5789 0.6229 0.5262
vn 0.5787 0.6229 0.5264
vn 0.9251 -0.2373 -0.2965
vn 0.2409 0.4099 0.8797
vn 0.9694 -0.0776 0.2327
vn 0.8666 -0.2475 -0.4332
vn 0.8422 -0.3369 -0.4210
vn -0.6292 -0.5244 -0.5737
vn 0.2447 0.5572 0.7935
vn -0.3284 0.0205 -0.9443
vn 0.6992 0.6406 0.3172
vn -0.8350 0.3226 0.4459
vn 0.9006 -0.2771 0.3348
vn -0.3571 -0.4762 -0.8036
vn 0.4235 0.1186 -0.8981
vn 0.6142 0.2495 0.7487
vn 0.8601 0.1613 0.4840
vn -0.6145 -0.2496 0.7484
vn -0.3609 -0.3308 0.8720
vn 0.5774 0.1155 -0.8083
vn -0.9997 -0.0249 0.0024
vn -0.8233 0.2271 -0.5203
vn 0.9223 -0.2838 0.2625
vn 0.9393 -0.2598 -0.2242
vn -0.2004 -0.8021 0.5626
vn 0.8247 0.5587 -0.0883
vn -0.6953 -0.5558 0.4557
vn -0.8393 0.2797 -0.4661
vn 0.8672 -0.1814 0.4637
vn -0.7309 0.1827 0.6576
vn -0.3319 -0.4742 -0.8155
vn -0.6097 -0.5830 -0.5369
vn 0.6360 -0.1589 0.7552
vn 0.2600 0.3714 -0.8913
vn 0.9231 -0.1978 0.3297
vn 0.5991 0.4583 -0.6565
vn -0.8319 -0.0023 -0.5550
vn 0.5984 0.5079 -0.6197
vn 0.9172 -0.3402 -0.2071
vn -0.6469 -0.4752 0.5964
vn 0.7874 0.2242 -0.5742
vn 0.8754 -0.3477 -0.3357
vn 0.3613 -0.1263 0.9239
vn 0.1362 0.2880 -0.9479
vn -0.5504 -0.5029 0.6664
vn 0.5640 0.5402 -0.6246
vn 0.2197 0.8791 0.4230
vn -0.8247 -0.0796 0.5599
vn 0.0262 0.0960 0.9950
vn -0.0071 -0.0918 -0.9958
vn 0.9487 -0.0000 -0.3162
vn -0.0000 -0.0000 -1.0000
vn -0.0421 0.0912 0.9949
vn -0.4854 -0.2562 0.8359
vn -0.0891 -0.1781 -0.9800
vn -0.0193 0.0870 0.9960
vn -0.5861 -0.4534 0.6715
vn -0.6703 -0.0911 0.7365
vn -0.8322 -0.0543 -0.5518
vn 0.5122 0.3841 -0.7682
vn 0.4835 0.5331 -0.6943
vn 0.0137 0.1375 0.9904
vn -0.0166 0.0665 0.9976
vn -0.5727 -0.2631 0.7764
vn -0.0079 0.0712 0.9974
vn 0.0142 0.0520 0.9985
vn -0.0176 -0.0645 -0.9978
vn 0.5453 0.4997 -0.6729
vn 0.4877 0.3421 -0.8032
vn -0.5702 -0.2534 0.7814
vn 0.9974 0.0655 0.0291
vn -0.4220 -0.0819 0.9029
vn -0.3398 -0.6856 0.6438
vn -0.5976 -0.1573 -0.7862
vn -0.9059 0.0988 0.4118
vn -0.3714 -0.8914 -0.2600
vn 0.4908 -0.8478 0.2008
vn 0.5773 -0.5773 -0.5774
vn 0.1536 0.1438 -0.9776
vn -0.0852 -0.2377 0.9676
vn 0.3632 -0.6357 -0.6812
vn 0.0222 -0.0333 -0.9992
vn -0.7240 -0.5204 0.4528
vn -0.4426 -0.3264 -0.8352
vn 0.4426 -0.3263 -0.8353
vn -0.4091 0.4439 -0.7973
vn -0.4091 -0.4439 0.7973
vn -0.2499 0.2108 -0.9450
vn 0.2499 0.2108 -0.9450
vn 0.0767 0.3835 -0.9203
vn -0.0767 0.3835 -0.9203
vn -0.3430 0.3890 0.8550
vn 0.3430 0.3890 0.8550
vn -0.4224 0.3285 -0.8448
vn -0.4224 -0.3285 0.8448
vn -0.2494 -0.4871 -0.8370
vn 0.2494 -0.4871 -0.8370
vn 0.8958 0.3209 0.3076
vn 0.7079 0.2560 -0.6583
vn -0.7079 0.2560 -0.6583
vn -0.5720 0.2655 -0.7761
vn -0.5720 -0.2655 0.7761
vn -0.6429 -0.1092 0.7581
vn -0.6429 0.1092 -0.7581
vn -0.1492 0.0480 0.9876
vn -0.1492 -0.0480 -0.9876
vn -0.6307 0.7340 0.2520
vn -0.6307 -0.7340 -0.2520
vn -0.9007 0.4270 -0.0801
vn -0.9007 -0.4270 0.0801
vn 0.6480 -0.6782 0.3466
vn -0.6480 -0.6782 0.3466
vn -0.8757 0.3339 -0.3488
vn 0.3752 0.6065 0.7010
vn -0.3752 0.6065 0.7010
vn 0.7772 0.1947 0.5984
vn -0.7772 0.1946 0.5984
vn 0.8502 -0.2049 0.4850
vn 0.5857 -0.7666 -0.2632
vn -0.5857 -0.7666 -0.2632
vn -0.9154 -0.1927 -0.3533
vn -0.9154 0.1927 0.3533
vn 0.9858 -0.1335 -0.1017
vn -0.9858 -0.1335 -0.1017
vn 0.8799 -0.2993 0.3691
vn 0.8799 0.2993 -0.3691
vn -0.3628 -0.5893 -0.7219
vn 0.3628 -0.5893 -0.7219
vn 0.7339 -0.6792 0.0078
vn 0.7339 0.6792 -0.0078
vn 0.8800 0.4740 0.0298
vn 0.8800 -0.4740 -0.0298
vn -0.9158 -0.1802 -0.3588
vn 0.8097 -0.2620 0.5252
vn -0.7621 0.3100 0.5684
vn -0.7622 -0.3100 -0.5683
vn -0.9810 -0.0777 -0.1777
vn -0.1583 -0.9209 0.3561
vn 0.5218 0.4940 0.6955
vn 0.5218 -0.4940 -0.6955
vn 0.5200 -0.7243 0.4527
vn 0.5310 0.7186 -0.4491
vn 0.0423 0.9053 -0.4227
vn 0.5086 -0.7120 0.4842
vn 0.5675 0.6809 -0.4630
vn 0.8561 -0.1703 0.4879
vn 0.8561 0.1703 -0.4879
vn 0.7827 -0.5781 -0.2308
vn -0.7827 -0.5781 -0.2307
vn -0.6200 0.6702 -0.4080
vn -0.6199 -0.6702 0.4080
vn 0.9380 -0.3231 0.1258
vn 0.9380 0.3231 -0.1258
vn 0.7618 -0.3843 -0.5216
vn 0.7618 0.3843 0.5216
vn 0.4624 -0.4305 -0.7751
vn -0.4624 -0.4304 -0.7751
vn 0.9096 0.0799 0.4078
vn 0.9096 -0.0799 -0.4078
vn -0.0000 0.9520 0.3060
vn -0.9646 0.1939 -0.1788
vn 0.9646 0.1939 -0.1788
vn 0.8009 -0.1687 -0.5745
vn -0.6553 0.6173 -0.4354
vn -0.7970 0.2421 0.5533
vn -0.2686 0.7542 0.5992
vn -0.2686 -0.7542 -0.5992
vn -0.7949 0.1919 0.5756
vn -0.7949 -0.1919 -0.5756
vn 0.3066 0.7920 0.5280
vn -0.6807 0.6185 0.3926
vn 0.7237 -0.6871 0.0634
vn 0.7237 0.6871 -0.0635
vn -0.8295 -0.0790 0.5529
vn 0.1696 -0.7231 -0.6696
vn -0.1696 -0.7231 -0.6696
vn -0.9235 0.1511 0.3526
vn -0.8967 -0.4086 -0.1703
vn -0.8967 0.4086 0.1703
vn -0.5715 0.3028 0.7627
vn 0.2466 -0.3170 -0.9158
vn 0.2466 0.3170 0.9158
vn 0.3082 -0.1270 -0.9428
vn 0.3082 0.1270 0.9428
vn -0.6813 -0.6740 -0.2857
vn -0.6807 0.7114 0.1747
vn -0.6807 -0.7114 -0.1748
vn -0.3160 0.7374 0.5970
vn 0.3160 0.7374 0.5970
vn -0.9053 -0.3434 0.2499
vn -0.9054 0.3434 -0.2497
vn 0.0703 -0.2238 -0.9721
vn -0.0703 -0.2238 -0.9721
vn 0.9282 0.1467 -0.3420
vn 0.9283 0.1463 -0.3420
vn 0.9282 0.1464 -0.3420
vn 0.9282 -0.1464 0.3420
vn 0.0543 -0.2374 -0.9699
vn 0.0543 0.2374 0.9699
vn -0.2423 -0.5085 0.8263
vn -0.2423 0.5085 -0.8263
vn 0.0816 -0.0327 -0.9961
vn 0.0816 0.0326 0.9961
vn -0.9597 0.1076 -0.2598
vn 0.8661 -0.4938 -0.0774
vn 0.8661 0.4938 0.0774
vn -0.9633 0.0233 0.2676
vn -0.9632 -0.0233 -0.2676
vn 0.9580 -0.1064 -0.2661
vn 0.9580 0.1065 0.2661
vn 0.0231 0.4146 -0.9097
vn 0.0231 -0.4146 0.9097
vn -0.5120 -0.7684 0.3840
vn -0.5120 0.7684 -0.3840
vn 0.2856 0.9515 0.1142
vn 0.2788 -0.9521 -0.1254
vn -0.1929 -0.0322 -0.9807
vn -0.1929 0.0321 0.9807
vn 0.8031 -0.0847 -0.5898
vn 0.8031 0.0847 0.5898
vn -0.8897 -0.3430 0.3012
vn -0.8898 0.3429 -0.3012
vn -0.6540 -0.3911 0.6476
vn 0.9738 -0.2152 -0.0741
vn 0.1820 0.3842 0.9051
vn 0.1820 -0.3843 -0.9051
vn 0.0816 0.2012 0.9761
vn 0.0816 -0.2012 -0.9761
vn 0.6275 0.4376 -0.6440
vn 0.6085 -0.4684 0.6406
vn 0.5360 0.0228 -0.8439
vn 0.0679 -0.0453 -0.9967
vn -0.0679 -0.0453 -0.9967
vn -0.5285 -0.0056 -0.8489
vn -0.9104 0.4138 -0.0000
vn -0.9104 -0.4138 -0.0000
vn 0.8973 0.3980 0.1911
vn 0.8973 -0.3979 -0.1912
vn 0.8726 -0.0660 -0.4840
vn 0.8726 0.0660 0.4840
vn -0.9560 0.0726 -0.2843
vn -0.5656 -0.7871 0.2460
vn -0.5657 0.7871 -0.2460
vn -0.3764 0.9186 0.1205
vn -0.0527 0.9474 -0.3158
vn -0.4545 0.8888 0.0592
vn 0.4544 0.8888 0.0592
vn 0.8430 0.5365 0.0383
vn -0.8268 0.0237 -0.5620
vn -0.8533 0.1554 0.4977
vn 0.8533 0.1554 0.4977
vn 0.6496 -0.0601 -0.7579
vn -0.6497 -0.0601 -0.7578
vn -0.6274 0.7773 -0.0468
vn -0.6274 -0.7773 0.0468
vn 0.0088 -0.8155 -0.5787
vn -0.0088 -0.8155 -0.5787
vn -0.6064 0.6338 0.4802
vn -0.6064 -0.6339 -0.4801
vn 0.5703 0.7599 0.3119
vn 0.5703 -0.7599 -0.3119
vn -0.5072 0.0287 0.8614
vn -0.5072 -0.0286 -0.8614
vn 0.4684 -0.8492 0.2440
vn 0.4684 0.8492 -0.2440
vn -0.3914 -0.0293 0.9197
vn 0.5499 -0.1624 -0.8193
vn -0.5499 -0.1624 -0.8193
vn -0.6905 0.1023 0.7161
vn -0.6905 -0.1023 -0.7161
vn 0.2734 -0.3453 -0.8978
vn -0.2734 -0.3453 -0.8978
vn 0.2578 -0.1547 -0.9537
vn 0.2578 0.1547 0.9537
vn -0.4474 0.1648 -0.8790
vn 0.4474 0.1648 -0.8790
vn 0.8216 -0.1338 -0.5541
vn -0.7301 -0.0235 -0.6830
vn -0.6104 -0.4852 -0.6261
vn -0.6104 0.4852 0.6261
vn -0.8117 0.5473 0.2041
vn -0.8117 -0.5473 -0.2040
vn -0.8385 0.5031 0.2096
vn -0.8384 -0.5030 -0.2097
vn 0.7927 0.5967 -0.1247
vn 0.7927 -0.5968 0.1247
vn 0.9306 -0.0088 -0.3660
vn -0.9306 -0.0088 -0.3660
vn -0.8261 -0.5314 0.1876
vn 0.8261 -0.5314 0.1876
vn -0.7551 -0.5773 -0.3109
vn -0.5457 0.1544 -0.8237
vn -0.5456 -0.1544 0.8237
vn 0.3668 -0.0454 -0.9292
vn -0.2257 0.9594 0.1693
vn -0.2257 -0.9594 -0.1693
vn -0.6190 -0.7219 0.3094
vn -0.6190 0.7219 -0.3095
vn 0.4579 0.3121 -0.8324
vn 0.5396 -0.4496 -0.7118
vn -0.5801 -0.4350 -0.6887
vn -0.4955 0.7979 0.3434
vn -0.4955 -0.7979 -0.3434
vn -0.1600 0.7231 0.6719
vn -0.7428 -0.1100 0.6604
vn -0.8286 0.0920 -0.5523
vn -0.7432 0.2374 0.6255
vn 0.7537 0.0816 -0.6521
vn -0.8371 0.0679 -0.5429
vn -0.1735 -0.6361 -0.7518
vn -0.1735 0.6361 0.7518
vn 0.4682 -0.2842 -0.8367
vn -0.0571 -0.1450 -0.9878
vn -0.2237 0.7956 -0.5629
vn 0.0739 0.9827 -0.1699
vn 0.4024 0.6754 0.6180
vn -0.4932 0.2489 0.8335
vn -0.4818 -0.2332 -0.8447
vn -0.2671 0.0514 0.9623
vn -0.3626 0.4241 0.8298
vn 0.7229 0.4826 0.4946
vn 0.5860 0.6404 0.4964
vn 0.4049 0.2124 0.8894
vn 0.5772 0.6231 0.5278
vn -0.8018 0.0647 0.5941
vn -0.5571 -0.3714 -0.7428
vn -0.6703 0.2191 -0.7090
vn 0.4123 0.2556 0.8744
vn -0.2584 -0.1538 0.9537
vn 0.4458 0.0769 -0.8918
vn 0.8160 0.5780 -0.0000
vn -0.4083 -0.4083 0.8165
vn -0.2584 -0.1539 -0.9537
vn -0.4460 -0.0769 -0.8917
vn -0.7453 -0.6033 0.2839
vn -0.4438 -0.1268 -0.8871
vn 0.5761 0.2188 -0.7875
vn -0.1964 0.0217 0.9803
vn -0.0057 -0.0736 -0.9973
vn -0.1367 -0.6714 0.7284
vn 0.0097 0.0967 0.9953
vn 0.9039 -0.2406 -0.3536
vn 0.9389 -0.2075 0.2748
vn 0.2563 -0.9658 0.0395
vn -0.1184 -0.3644 0.9237
vn -0.6932 -0.4937 0.5251
vn 0.8960 -0.3207 -0.3071
vn -0.9893 0.1193 0.0842
vn -0.9778 -0.1271 -0.1664
vn 0.9402 -0.3019 -0.1574
vn 0.9403 0.3019 0.1574
vn -0.8757 -0.3340 0.3488
vn -0.0000 -0.9191 0.3940
vn -0.3604 0.8925 -0.2712
vn 0.9235 0.1511 0.3525
vn 0.6819 -0.0728 -0.7278
vn -0.7111 -0.6483 0.2720
vn -0.8712 0.3143 -0.3772
vn -0.9402 -0.1128 0.3215
vn 0.4311 0.7794 -0.4546
vn 0.6498 -0.7426 -0.1624
vn -0.6540 0.3911 -0.6476
vn 0.0556 -0.8342 -0.5487
vn 0.9560 0.0726 -0.2843
vn -0.9606 0.0756 -0.2673
vn 0.9607 0.0757 -0.2672
vn 0.5745 0.6786 0.4578
vn -0.5745 0.6786 0.4578
vn -0.6926 -0.1581 0.7038
vn 0.9694 -0.1333 -0.2060
vn -0.3914 0.0293 -0.9197
vn 0.0225 0.6397 0.7683
vn 0.0225 -0.6397 -0.7683
vn -0.0126 -0.8255 0.5643
vn 0.5017 -0.2373 -0.8319
vn 0.5012 0.2046 0.8408
vn -0.2721 0.0475 0.9611
vn 0.8939 -0.1867 0.4076
vn 0.6395 -0.3597 -0.6795
vn 0.0842 0.0140 -0.9964
vn -0.3663 -0.1635 -0.9160
vn -0.4411 -0.0414 -0.8965
vn 0.3908 0.1302 -0.9112
vn -0.3665 -0.1636 0.9159
vn 0.7224 0.4987 0.4790
vn -0.1521 -0.2645 0.9523
vn 0.7314 0.4163 -0.5401
vn -0.2336 -0.0749 -0.9695
vn 0.7712 -0.3005 -0.5612
vn 0.7712 0.3004 0.5612
vn -0.1583 0.9209 -0.3561
vn 0.0424 -0.9046 0.4241
vn -0.9467 -0.1467 0.2867
vn 0.1494 -0.4776 0.8658
vn -0.6862 -0.3892 0.6145
vn 0.1120 -0.9765 0.1840
vn -0.0703 -0.8483 -0.5249
vn -0.0178 0.5199 -0.8541
vn -0.6882 -0.2150 -0.6929
vn -0.5860 0.1832 0.7893
vn -0.7095 -0.6208 0.3334
vn 0.5989 0.6918 -0.4034
vn -0.5989 0.6918 -0.4034
vn -0.5812 0.3885 0.7150
vn -0.5488 -0.4106 -0.7281
vn 0.5188 0.6162 0.5925
vn -0.3239 -0.0009 0.9461
vn -0.8234 -0.5489 -0.1441
vn -0.0172 -0.5199 0.8541
vn -0.7461 0.6574 0.1060
vn -0.7461 -0.6574 -0.1060
vn 0.1483 0.1298 -0.9804
vn -0.4730 -0.0675 -0.8785
vn -0.2849 0.2037 0.9367
vn -0.5774 0.1155 0.8082
vn 0.7284 -0.0850 0.6798
vn 0.4132 -0.9089 0.0551
vn 0.5774 -0.5772 0.5774
vn -0.5774 -0.5772 0.5774
vn -0.5479 -0.8055 0.2257
vn 0.4574 0.7626 -0.4574
vn 0.4573 -0.7626 0.4575
vn -0.7549 0.5774 0.3110
vn 0.8847 -0.4422 0.1475
vn 0.0554 0.9416 0.3322
vn -0.8847 -0.4422 0.1475
vn 0.4910 0.5610 0.6665
vn 0.7071 -0.7071 -0.0000
vn -0.6125 -0.7434 -0.2688
vn 0.6125 -0.7434 -0.2688
vn 0.7071 0.7071 -0.0000
vn -0.9407 0.2328 0.2468
vn -0.8978 0.3936 -0.1973
vn 0.1483 -0.1298 0.9804
vn -0.4054 -0.3431 0.8473
vn 0.9407 0.2328 0.2468
vn 0.8978 0.3936 -0.1973
vn 0.5182 0.6704 0.5311
vn 0.9641 -0.2600 -0.0542
vn -0.5204 -0.4375 -0.7333
vn -0.3989 0.8886 -0.2266
vn -0.4121 -0.4709 -0.7800
vn -0.6824 -0.4658 -0.5633
vn -0.9075 0.1328 -0.3984
vn 0.6186 0.6123 0.4924
vn 0.1014 0.5577 0.8238
vn 0.0692 0.3808 -0.9221
vn -0.6826 -0.3789 0.6249
vn 0.0495 0.2814 -0.9583
vn -0.9988 0.0277 -0.0395
vn 0.3162 -0.0000 0.9487
s 1
f 5//1 6//1 2//1 1//1
f 7//2 19//2 5//2 1//2
f 9//3 2//3 8//3 13//3
f 6//4 2//4 8//4 21//4
f 29//5 4//5 3//5 27//5
f 14//6 17//6 13//6 9//6
f 21//7 12//7 10//7 20//7
f 3//8 34//8 35//8 4//8
f 13//9 8//9 12//9 37//9
f 10//10 22//10 30//10 20//10
f 23//11 39//11 21//11 6//11
f 14//12 25//12 31//12 17//12
f 44//13 24//13 11//13 18//13
f 3//14 34//14 47//14 16//14
f 38//15 24//15 14//15 25//15
f 48//16 28//17 4//17 29//18
f 17//19 13//19 37//19 41//19
f 4//20 28//20 54//20 35//20
f 43//21 10//21 22//21 49//21
f 46//22 51//22 19//22 7//22
f 12//23 59//23 43//23 10//23
f 46//24 7//24 18//24 52//24
f 35//25 20//25 30//25 45//25
f 41//26 17//26 31//26 56//26
f 50//27 38//27 24//27 44//27
f 16//28 47//28 60//28 33//28
f 51//29 61//29 32//29 19//29
f 22//30 57//30 62//30 30//30
f 58//31 38//31 25//31 63//31
f 52//32 18//32 44//32 70//32
f 49//33 22//33 57//33 69//33
f 30//34 62//34 67//34 45//34
f 50//35 65//35 58//35 38//35
f 63//36 64//36 55//36 25//36
f 56//37 71//37 59//37 41//37
f 68//38 72//38 56//38 40//38
f 94//39 93//39 29//39 27//39
f 48//40 28//40 73//40 86//40
f 74//41 70//41 44//41 50//41
f 95//42 73//42 28//42 54//42
f 94//43 99//43 42//43 27//43
f 68//44 55//44 64//44 76//44
f 78//45 46//45 51//45 84//45
f 78//46 85//46 52//46 46//46
f 101//47 48//16 29//18 93//47
f 34//48 104//48 103//48 35//48
f 77//49 74//49 50//49 65//49
f 34//50 47//50 111//50 104//50
f 91//51 84//51 51//51 61//51
f 57//52 62//52 92//52 82//52
f 65//53 90//53 81//53 58//53
f 54//54 112//54 103//54 35//54
f 79//55 77//55 65//55 75//55
f 58//56 81//56 113//56 63//56
f 57//57 82//57 107//57 69//57
f 60//58 47//58 111//58 114//58
f 62//59 92//59 102//59 67//59
f 68//60 76//60 108//60 72//60
f 71//61 127//61 88//61 43//61
f 96//62 79//62 75//62 89//62
f 101//63 48//63 86//64 121//65
f 63//66 113//66 109//66 80//66
f 130//67 112//67 54//67 95//67
f 106//68 97//68 89//68 96//68
f 106//69 110//69 83//69 97//69
f 116//70 78//70 85//70 117//70
f 116//71 119//71 84//71 78//71
f 69//72 107//72 221//72 88//72
f 123//73 85//73 70//73 227//73
f 89//74 147//74 132//74 75//74
f 70//75 227//75 359//75 74//75
f 108//76 126//76 127//76 87//76
f 92//77 157//77 160//77 82//77
f 83//78 97//78 356//78 122//78
f 97//79 89//79 147//79 165//79
f 108//80 126//80 129//80 100//80
f 92//81 102//81 159//81 157//81
f 196//82 107//82 82//82 160//82
f 115//83 100//83 129//83 125//83
f 74//84 359//84 431//84 77//84
f 109//85 115//85 125//85 124//85
f 135//86 81//86 113//86 217//86
f 132//87 148//87 135//87 81//87
f 79//88 77//88 431//88 464//88
f 508//89 122//89 83//89 110//89
f 170//90 116//90 119//90 158//90
f 129//91 126//91 136//91 131//91
f 113//92 118//92 230//92 217//92
f 127//93 88//93 354//93 372//93
f 473//94 96//94 79//94 464//94
f 207//95 128//95 116//95 170//95
f 93//96 476//96 465//96 101//96
f 94//97 480//97 476//97 93//97
f 94//98 480//98 475//98 99//98
f 136//99 126//99 212//99 238//99
f 131//100 231//100 226//101 136//102
f 484//103 473//103 96//103 106//103
f 175//104 178//104 177//104 174//104
f 175//104 176//104 179//104 178//104
f 178//104 185//104 182//104 177//104
f 183//104 188//104 186//104 181//104
f 185//104 189//104 193//104 182//104
f 101//105 121//105 462//105 465//105
f 197//106 149//106 199//106 317//106
f 200//107 321//107 197//107 149//107
f 322//108 320//108 201//108 198//108
f 303//109 140//109 146//109 301//109
f 140//110 315//110 310//110 146//110
f 144//111 141//111 289//111 291//111
f 141//112 299//112 301//112 143//112
f 141//113 301//113 299//113 144//113
f 146//114 302//114 298//114 142//114
f 146//115 310//115 309//115 142//115
f 126//116 127//116 372//116 430//116
f 312//117 139//117 162//117 304//117
f 488//118 110//118 106//118 485//118
f 169//119 162//119 304//119 278//119
f 201//120 320//120 324//120 154//120
f 329//121 321//121 200//121 155//121
f 174//122 177//122 340//122 327//122
f 176//123 337//123 341//123 179//123
f 340//124 343//124 182//124 177//124
f 180//125 342//125 345//125 184//125
f 347//126 188//126 183//126 344//126
f 345//127 351//127 194//127 184//127
f 347//128 188//128 192//128 353//128
f 189//129 348//129 349//129 193//129
f 481//130 500//130 103//130 112//130
f 208//131 255//131 254//131 214//131
f 261//132 263//132 214//132 213//132
f 226//101 382//133 238//133 136//102
f 500//134 502//134 104//134 103//134
f 496//135 502//135 104//135 111//135
f 380//136 158//136 195//136 381//136
f 274//137 288//137 228//137 236//137
f 229//138 237//138 285//138 292//138
f 114//139 490//139 496//139 111//139
f 430//140 451//140 212//140 126//140
f 130//141 467//141 481//141 112//141
f 170//142 452//142 380//142 158//142
f 207//143 170//143 452//143 370//143
f 273//144 271//144 269//144 357//144
f 274//145 357//145 364//145 291//145
f 263//146 377//146 383//146 267//146
f 397//147 406//147 342//147 319//147
f 340//148 403//148 408//148 343//148
f 406//149 342//149 345//149 410//149
f 347//150 344//150 409//150 414//150
f 343//151 349//151 415//151 408//151
f 345//152 410//152 416//152 351//152
f 347//153 353//153 420//153 414//153
f 348//154 417//154 415//154 349//154
f 420//155 418//155 350//155 353//155
f 387//156 317//157 319//156 432//156
f 329//158 321//158 388//158 434//158
f 333//159 392//159 435//159 338//159
f 424//160 426//160 304//160 278//160
f 306//161 313//161 422//161 421//161
f 422//162 428//162 316//162 314//162
f 212//163 238//163 455//163 451//163
f 217//164 230//164 371//164 466//164
f 312//165 449//165 426//165 304//165
f 448//166 296//166 305//166 450//166
f 442//167 291//167 289//167 445//167
f 299//168 445//168 441//168 301//168
f 298//169 300//169 444//169 446//169
f 309//170 308//170 443//170 446//170
f 444//171 446//171 309//171 310//171
f 303//172 450//172 444//172 301//172
f 308//173 443//173 449//173 312//173
f 450//174 315//174 310//174 444//174
f 395//175 436//175 387//175 317//175
f 388//176 321//176 395//176 436//176
f 396//177 437//177 389//177 320//177
f 231//178 226//178 457//178 460//178
f 148//179 135//179 472//179 483//179
f 479//180 132//180 148//180 483//180
f 401//104 404//104 403//104 400//104
f 401//104 402//104 405//104 404//104
f 404//104 411//104 408//104 403//104
f 409//104 414//104 412//104 407//104
f 411//104 417//104 415//104 408//104
f 412//104 414//104 420//104 418//104
f 147//181 132//181 479//181 499//181
f 457//182 226//182 382//182 458//182
f 238//183 455//183 459//183 382//183
f 493//184 470//184 159//184 157//184
f 460//185 230//185 371//185 463//185
f 453//186 436//186 387//186 432//186
f 388//187 434//187 453//187 436//187
f 453//188 432//188 390//188 438//188
f 454//186 437//186 389//186 433//186
f 392//189 435//189 454//189 437//189
f 196//190 469//190 503//190 160//190
f 503//191 493//191 157//191 160//191
f 165//192 147//192 499//192 507//192
f 356//193 165//193 507//193 510//193
f 471//194 372//194 354//194 515//194
f 506//195 430//195 372//195 471//195
f 482//196 474//196 459//196 455//196
f 491//197 451//197 455//197 482//197
f 509//198 380//198 381//198 501//198
f 495//199 457//199 458//199 474//199
f 491//200 451//200 430//200 506//200
f 497//201 495//201 457//201 460//201
f 452//202 518//202 509//202 380//202
f 460//203 504//203 498//203 463//203
f 429//204 227//204 582//204 512//204
f 518//205 452//205 456//205 512//205
f 558//206 515//206 221//206 469//206
f 495//207 511//207 482//207 474//207
f 582//208 598//208 359//208 227//208
f 488//209 658//209 508//209 110//209
f 511//210 482//210 491//210 506//210
f 519//211 466//211 498//211 504//211
f 478//212 517//212 516//212 477//212
f 487//213 478//213 517//213 525//213
f 477//214 522//214 526//214 486//214
f 487//215 478//215 523//215 527//215
f 526//216 530//216 489//216 486//216
f 492//217 531//217 527//217 487//217
f 489//218 486//218 524//218 537//218
f 540//219 525//219 487//219 492//219
f 359//220 431//220 618//220 598//220
f 505//221 514//221 511//221 506//221
f 534//222 530//222 489//222 494//222
f 531//223 534//223 494//223 492//223
f 462//224 544//224 608//224 465//224
f 547//225 537//225 489//225 494//225
f 492//226 494//226 547//226 540//226
f 578//227 554//227 470//227 493//227
f 545//228 506//228 471//228 569//228
f 479//229 483//229 577//229 590//229
f 467//230 481//230 616//230 553//230
f 606//231 558//231 469//231 503//231
f 505//232 506//232 545//232 575//232
f 532//233 533//233 548//233 535//233
f 551//234 575//234 505//234 520//234
f 538//235 541//235 529//235 535//235
f 606//236 503//236 493//236 578//236
f 529//237 541//238 542//239 539//240
f 519//241 504//241 549//241 599//241
f 615//242 590//242 479//242 499//242
f 538//243 535//243 548//243 541//243
f 644//244 464//244 431//244 618//244
f 548//245 539//245 542//245 541//245
f 465//246 476//246 628//246 608//246
f 543//247 550//247 552//247 546//247
f 591//248 528//248 520//248 551//248
f 517//249 516//249 585//249 586//249
f 557//250 550//250 552//250 559//250
f 585//251 516//251 524//251 593//251
f 525//252 594//252 586//252 517//252
f 552//253 559//254 564//255 556//253
f 555//104 557//104 561//104 562//104
f 527//256 594//256 586//256 523//256
f 475//257 623//257 629//257 480//257
f 561//258 559//258 567//258 565//258
f 560//259 566//259 568//259 562//259
f 567//260 570//260 564//255 559//254
f 526//261 530//261 602//261 593//261
f 603//262 594//262 527//262 531//262
f 593//263 524//263 537//263 602//263
f 525//264 540//264 603//264 594//264
f 619//265 490//265 496//265 627//265
f 476//266 628//266 629//266 480//266
f 625//267 507//267 499//267 615//267
f 638//268 500//268 481//268 616//268
f 605//269 534//269 530//269 602//269
f 531//270 534//270 605//270 603//270
f 613//271 510//271 507//271 625//271
f 509//272 518//272 621//272 610//272
f 547//273 537//273 602//273 605//273
f 574//274 567//274 570//274 584//274
f 473//275 464//275 644//275 656//275
f 576//276 571//276 574//276 581//276
f 512//277 518//277 621//277 617//277
f 579//278 573//278 580//278 583//278
f 627//279 643//279 502//279 496//279
f 579//280 583//280 589//280 588//280
f 484//281 653//281 656//281 473//281
f 587//282 581//283 584//284 596//282
f 488//285 658//285 653//285 485//285
f 609//286 624//286 607//286 545//286
f 608//287 639//287 592//287 544//287
f 633//288 572//288 575//288 612//288
f 607//289 634//289 601//289 569//289
f 553//290 592//290 639//290 616//290
f 637//291 622//291 554//291 578//291
f 620//292 558//292 606//292 651//292
f 652//293 599//293 591//293 612//293
f 609//294 572//294 633//294 636//294
f 598//295 582//295 641//295 645//295
f 651//296 606//296 578//296 637//296
f 631//297 614//297 590//297 671//297
f 618//298 598//298 645//298 654//298
f 617//299 582//299 641//299 679//299
f 634//300 655//300 626//300 601//300
f 624//301 650//301 636//301 609//301
f 691//302 615//302 590//302 671//302
f 672//303 627//303 619//303 646//303
f 668//304 637//304 622//304 635//304
f 774//305 665//305 508//305 658//305
f 712//306 638//306 616//306 639//306
f 630//307 620//307 651//307 692//307
f 711//308 691//308 615//308 625//308
f 717//309 692//309 630//309 626//309
f 718//310 672//310 627//310 643//310
f 692//311 668//311 637//311 651//311
f 656//312 644//312 671//312 691//312
f 774//313 711//313 613//313 665//313
f 666//314 713//314 685//314 642//314
f 698//315 634//315 655//315 726//315
f 653//316 656//316 691//316 711//316
f 721//317 675//317 648//317 681//317
f 726//318 655//318 657//318 714//318
f 685//319 717//319 692//319 668//319
f 653//320 658//320 774//320 711//320
f 714//321 730//321 717//321 657//321
f 689//322 678//322 719//322 729//322
f 735//323 721//323 675//323 690//323
f 664//324 702//324 766//324 703//324
f 675//325 690//325 739//325 720//325
f 687//326 695//326 725//326 728//326
f 710//327 753//327 716//327 669//327
f 713//328 736//328 730//328 685//328
f 725//329 728//329 698//329 726//329
f 725//330 726//330 714//330 715//330
f 750//331 700//331 696//331 744//331
f 697//332 745//332 751//332 701//332
f 715//333 714//333 730//333 736//333
f 790//334 705//334 663//334 757//334
f 663//335 760//335 793//335 705//335
f 723//336 780//336 754//336 660//336
f 755//337 781//337 724//337 661//337
f 716//338 753//338 736//338 713//338
f 801//339 708//339 663//339 757//339
f 663//340 760//340 802//340 708//340
f 746//341 734//341 727//341 733//341
f 761//342 700//342 696//342 786//342
f 697//343 787//343 762//343 701//343
f 735//344 690//344 747//344 776//344
f 747//345 777//345 739//345 690//345
f 693//346 778//346 742//346 758//346
f 743//347 759//347 694//347 779//347
f 778//348 742//348 700//348 761//348
f 701//349 743//349 779//349 762//349
f 750//350 742//350 805//350 744//350
f 751//351 743//351 806//351 745//351
f 805//352 840//352 673//352 744//352
f 674//353 745//353 806//353 841//353
f 744//354 842//354 817//354 696//354
f 818//355 843//355 745//355 697//355
f 740//356 673//356 838//356 861//356
f 839//357 862//357 741//357 674//357
f 840//358 864//358 740//358 673//358
f 741//359 865//359 841//359 674//359
f 813//360 776//360 735//360 771//360
f 739//361 777//361 812//361 770//361
f 807//362 746//362 734//362 822//362
f 696//363 817//363 820//363 786//363
f 821//364 818//364 697//364 787//364
f 699//365 647//365 800//365 1038//365
f 869//366 758//366 693//366 814//366
f 694//367 759//367 869//367 814//367
f 814//368 844//368 788//368 693//368
f 789//369 844//369 814//369 694//369
f 729//370 719//370 856//370 863//370
f 682//371 748//371 905//371 833//371
f 906//372 749//372 683//372 834//372
f 884//373 785//373 705//373 790//373
f 705//374 785//374 886//374 793//374
f 724//375 900//375 868//375 688//375
f 788//376 693//376 778//376 932//376
f 779//377 694//377 789//377 933//377
f 758//378 924//378 805//378 742//378
f 806//379 743//379 759//379 925//379
f 737//380 772//380 874//380 854//380
f 875//381 773//381 738//381 855//381
f 849//382 847//382 794//382 791//382
f 795//383 848//383 850//383 792//383
f 796//384 889//384 854//384 737//384
f 855//385 738//385 797//385 890//385
f 740//386 763//386 919//386 864//386
f 920//387 764//387 741//387 865//387
f 752//388 851//388 893//388 798//388
f 894//389 851//389 752//389 799//389
f 740//390 861//390 984//390 763//390
f 985//391 764//391 741//391 862//391
f 870//392 791//392 794//392 876//392
f 795//393 877//393 871//393 792//393
f 748//394 782//394 917//394 905//394
f 918//395 783//395 749//395 906//395
f 842//396 673//396 838//396 1050//396
f 839//397 674//397 843//397 1051//397
f 765//398 982//398 921//398 756//398
f 703//399 978//399 1017//399 766//399
f 1018//400 767//400 704//400 979//400
f 770//401 812//401 939//401 897//401
f 938//402 898//402 771//402 813//402
f 768//403 823//403 895//403 930//403
f 896//404 824//404 769//404 931//404
f 936//405 823//405 768//405 922//405
f 769//406 923//406 937//406 824//406
f 919//407 763//407 803//407 964//407
f 804//408 965//408 920//408 764//408
f 808//409 911//409 907//409 815//409
f 908//410 816//410 809//410 912//410
f 782//411 917//411 926//411 829//411
f 927//412 830//412 783//412 918//412
f 815//413 907//413 909//413 825//413
f 910//414 908//414 816//414 826//414
f 827//415 968//415 889//415 796//415
f 890//416 969//416 828//416 797//416
f 866//417 772//417 874//417 961//417
f 875//418 773//418 867//418 962//418
f 922//419 768//419 831//419 966//419
f 832//420 769//420 923//420 967//420
f 831//421 768//421 930//421 956//421
f 931//422 769//422 832//422 957//422
f 776//423 1003//423 991//423 747//423
f 991//424 747//424 777//424 1006//424
f 825//425 859//425 891//425 909//425
f 892//426 860//426 826//426 910//426
f 958//427 885//427 785//427 884//427
f 785//428 886//428 963//428 885//428
f 763//429 803//429 1045//429 984//429
f 1046//430 985//430 764//430 804//430
f 849//431 946//431 942//431 847//431
f 943//432 848//432 850//432 947//432
f 1019//433 1003//433 776//433 813//433
f 823//434 887//434 974//434 895//434
f 975//435 896//435 824//435 888//435
f 777//436 1006//436 1021//436 812//436
f 837//437 1054//437 1038//437 699//437
f 829//438 926//438 987//438 878//438
f 988//439 879//439 830//439 927//439
f 1004//440 807//440 822//440 1030//440
f 882//441 1022//441 928//441 810//441
f 929//442 811//442 883//442 1023//442
f 1036//443 1001//443 791//443 849//443
f 792//444 850//444 1037//444 1002//444
f 794//445 847//445 1033//445 1009//445
f 1034//446 848//446 795//446 1010//446
f 915//447 934//447 872//447 901//447
f 873//448 902//448 916//448 935//448
f 957//449 1000//449 881//449 832//449
f 954//450 1072//450 815//450 808//450
f 816//451 1073//451 955//451 809//451
f 964//452 1024//452 857//452 835//452
f 858//453 836//453 965//453 1025//453
f 966//454 831//454 880//454 996//454
f 881//455 997//455 967//455 832//455
f 948//456 944//456 872//456 901//456
f 873//457 902//457 949//457 945//457
f 1047//458 1001//458 791//458 870//458
f 792//459 1002//459 1048//459 871//459
f 876//460 1052//460 1009//460 794//460
f 1010//461 1053//461 877//461 795//461
f 887//462 974//462 934//462 915//462
f 935//463 975//463 888//463 916//463
f 936//464 823//464 887//464 1063//464
f 888//465 1064//465 937//465 824//465
f 913//466 891//466 959//466 952//466
f 960//467 953//467 914//467 892//467
f 835//468 1059//468 1045//468 803//468
f 1046//469 1060//469 836//469 804//469
f 869//470 758//470 976//470 1148//470
f 977//471 1148//471 869//471 759//471
f 870//472 1007//472 1011//472 876//472
f 1012//473 1008//473 871//473 877//473
f 1129//474 1120//474 772//474 737//474
f 773//475 1121//475 1130//475 738//475
f 842//476 1050//476 1061//476 817//476
f 1062//477 1051//477 843//477 818//477
f 940//478 944//478 952//478 913//478
f 953//479 945//479 941//479 914//479
f 851//480 983//480 1055//480 893//480
f 1056//481 894//481 851//481 983//481
f 909//482 1015//482 959//482 891//482
f 960//483 1016//483 910//483 892//483
f 878//484 987//484 903//484 1028//484
f 904//485 988//485 879//485 1029//485
f 1080//486 825//486 859//486 1043//486
f 860//487 1044//487 1081//487 826//487
f 817//488 820//488 1100//488 1061//488
f 1101//489 821//489 818//489 1062//489
f 994//490 788//490 932//490 1089//490
f 933//491 1090//491 995//491 789//491
f 1072//492 815//492 825//492 1080//492
f 826//493 816//493 1073//493 1081//493
f 1013//494 810//494 928//494 1085//494
f 1076//495 938//495 813//495 1019//495
f 857//496 1077//496 1059//496 835//496
f 1060//497 1078//497 858//497 836//497
f 812//498 939//498 1079//498 1021//498
f 972//499 1074//499 968//499 827//499
f 969//500 1075//500 973//500 828//500
f 847//501 1033//501 1070//501 942//501
f 1071//502 1034//502 848//502 943//502
f 1068//503 1036//503 849//503 946//503
f 850//504 1037//504 1069//504 947//504
f 786//505 1149//505 1137//505 820//505
f 1138//506 1150//506 787//506 821//506
f 852//507 786//507 1149//507 1106//507
f 1150//508 787//508 853//508 1107//508
f 1120//509 772//509 866//509 1170//509
f 867//510 773//510 1121//510 1171//510
f 976//511 1193//511 1039//511 758//511
f 1040//512 1194//512 977//512 759//512
f 856//513 1123//513 1091//513 863//513
f 854//514 1098//514 1092//514 874//514
f 1093//515 875//515 855//515 1099//515
f 1197//516 827//516 796//516 1179//516
f 797//517 1180//517 1198//517 828//517
f 1237//518 1213//518 757//518 790//518
f 932//519 1089//519 1106//519 852//519
f 1107//520 1090//520 933//520 853//520
f 760//521 1214//521 1234//521 793//521
f 958//522 885//522 1035//522 1147//522
f 1239//523 801//523 757//523 1213//523
f 889//524 1172//524 1098//524 854//524
f 1099//525 1173//525 890//525 855//525
f 760//526 802//526 1238//526 1214//526
f 1035//527 1161//527 963//527 885//527
f 1063//528 887//528 915//528 1155//528
f 916//529 1156//529 1064//529 888//529
f 1047//530 1110//530 1007//530 870//530
f 1008//531 1111//531 1048//531 871//531
f 798//532 893//532 1183//532 1189//532
f 1184//533 894//533 799//533 1190//533
f 1118//534 838//534 861//534 1220//534
f 1119//535 839//535 862//535 1221//535
f 876//536 1011//536 1114//536 1052//536
f 1115//537 1012//537 877//537 1053//537
f 1041//538 1028//538 989//538 1049//538
f 990//539 1049//539 1041//539 1029//539
f 961//540 1143//540 1092//540 874//540
f 1093//541 1144//541 962//541 875//541
f 1132//542 938//542 898//542 1124//542
f 897//543 1125//543 1131//543 939//543
f 1190//544 799//544 993//544 1154//544
f 934//545 872//545 1164//545 1174//545
f 1165//546 873//546 935//546 1175//546
f 1022//547 882//547 1083//547 1151//547
f 1084//548 883//548 1023//548 1152//548
f 944//549 1168//549 1164//549 872//549
f 1165//550 1169//550 945//550 873//550
f 1162//551 901//551 915//551 1155//551
f 916//552 902//552 1163//552 1156//552
f 1361//553 1411//553 748//553 682//553
f 749//554 683//554 1362//554 1412//554
f 1042//555 1087//555 1055//555 983//555
f 1056//556 1088//556 1042//556 983//556
f 1162//557 1181//557 948//557 901//557
f 949//558 902//558 1163//558 1182//558
f 1256//559 1237//559 790//559 884//559
f 1005//560 1042//560 1087//560 1065//560
f 1088//561 1066//561 1005//561 1042//561
f 989//562 1141//562 1159//562 903//562
f 1160//563 1142//563 990//563 904//563
f 952//564 1135//564 1168//564 944//564
f 1015//565 1145//565 1127//565 907//565
f 1016//566 908//566 1128//566 1146//566
f 986//567 1094//567 1102//567 1020//567
f 1103//568 1095//568 986//568 1020//568
f 968//569 1207//569 1172//569 889//569
f 1173//570 1208//570 969//570 890//570
f 1209//571 1166//571 936//571 922//571
f 1210//572 923//572 937//572 1167//572
f 1127//573 907//573 911//573 1264//573
f 1128//574 908//574 912//574 1265//574
f 959//575 1015//575 1145//575 1133//575
f 1146//576 1016//576 960//576 1134//576
f 1027//577 1105//577 1104//577 1026//577
f 1274//578 1197//578 827//578 972//578
f 828//579 1198//579 1275//579 973//579
f 1211//580 1181//580 948//580 940//580
f 949//581 941//581 1212//581 1182//581
f 992//582 1153//582 1199//582 950//582
f 1200//583 1154//583 993//583 951//583
f 1027//584 1140//584 1139//584 1026//584
f 974//585 1225//585 1174//585 934//585
f 1175//586 1226//586 975//586 935//586
f 1284//587 1327//587 864//587 840//587
f 1285//588 841//588 865//588 1328//588
f 1049//589 989//589 1141//589 1177//589
f 1142//590 990//590 1049//590 1177//590
f 1288//591 1022//591 928//591 1085//591
f 1411//592 1444//592 782//592 748//592
f 783//593 749//593 1412//593 1443//593
f 1166//594 936//594 1063//594 1187//594
f 1064//595 1188//595 1167//595 937//595
f 1186//596 1076//596 938//596 1132//596
f 864//597 919//597 1222//597 1327//597
f 1223//598 1328//598 865//598 920//598
f 893//599 1183//599 1217//599 1055//599
f 1218//600 1056//600 894//600 1184//600
f 966//601 1251//601 1209//601 922//601
f 967//602 923//602 1210//602 1252//602
f 895//603 974//603 1225//603 1268//603
f 1226//604 975//604 896//604 1269//604
f 954//605 911//605 1264//605 1245//605
f 1265//606 1246//606 955//606 912//606
f 1023//607 1202//607 1289//607 929//607
f 1024//608 1298//608 1266//608 857//608
f 1267//609 858//609 1025//609 1299//609
f 1258//610 1251//610 966//610 996//610
f 1259//611 997//611 967//611 1252//611
f 1394//612 1256//612 884//612 958//612
f 886//613 1257//613 1401//613 963//613
f 930//614 895//614 1268//614 1407//614
f 931//615 1408//615 1269//615 896//615
f 1444//616 782//616 829//616 1484//616
f 830//617 783//617 1443//617 1485//617
f 1195//618 1247//618 1074//618 972//618
f 1075//619 1248//619 1196//619 973//619
f 982//620 1363//620 1281//620 921//620
f 1280//621 1004//621 1030//621 1255//621
f 1072//622 1243//622 1245//622 954//622
f 1073//623 955//623 1246//623 1244//623
f 1147//624 1035//624 1178//624 1219//624
f 1148//625 1242//625 1205//625 976//625
f 1206//626 1242//626 1148//626 977//626
f 1178//627 1035//627 1161//627 1224//627
f 964//628 1024//628 1382//628 1222//628
f 965//629 1223//629 1383//629 1025//629
f 1229//630 1043//630 1080//630 1227//630
f 1230//631 1044//631 1081//631 1228//631
f 1325//632 1199//632 950//632 1112//632
f 951//633 1200//633 1326//633 1113//633
f 1290//634 1296//634 1001//634 1036//634
f 1002//635 1297//635 1291//635 1037//635
f 1045//636 984//636 1262//636 1346//636
f 1263//637 1347//637 1046//637 985//637
f 1077//638 1427//638 1266//638 857//638
f 1267//639 1428//639 1078//639 858//639
f 1055//640 1087//640 1253//640 1217//640
f 1254//641 1088//641 1056//641 1218//641
f 1033//642 1009//642 1315//642 1300//642
f 1316//643 1301//643 1034//643 1010//643
f 1104//644 1308//644 1215//644 1026//644
f 1026//645 1139//645 1278//645 1215//645
f 1216//646 1309//646 1105//646 1027//646
f 1279//647 1216//647 1027//647 1140//647
f 1341//648 1358//648 1018//648 979//648
f 1317//649 1047//649 1001//649 1296//649
f 1002//650 1048//650 1318//650 1297//650
f 1080//651 1072//651 1243//651 1227//651
f 1081//652 1228//652 1244//652 1073//652
f 1289//653 1373//653 1086//653 929//653
f 1036//654 1068//654 1286//654 1290//654
f 1287//655 1291//655 1037//655 1069//655
f 1009//656 1052//656 1329//656 1315//656
f 1330//657 1316//657 1010//657 1053//657
f 878//658 1596//658 1484//658 829//658
f 879//659 830//659 1485//659 1597//659
f 1038//660 800//660 1402//660 1538//660
f 1065//661 1276//661 1253//661 1087//661
f 1254//662 1277//662 1066//662 1088//662
f 1070//663 1313//663 1300//663 1033//663
f 1301//664 1314//664 1071//664 1034//664
f 976//665 1193//665 1395//665 1205//665
f 1396//666 1206//666 977//666 1194//666
f 1089//667 1106//667 1249//667 1270//667
f 1250//668 1271//668 1090//668 1107//668
f 956//669 930//669 1407//669 1490//669
f 957//670 931//670 1408//670 1491//670
f 1108//671 1157//671 1240//671 1233//671
f 1241//672 1158//672 1108//672 1233//672
f 1149//673 1137//673 1203//673 1272//673
f 1204//674 1138//674 1150//674 1273//674
f 905//675 917//675 1550//675 1441//675
f 1551//676 918//676 906//676 1442//676
f 1065//677 1276//677 1304//677 1102//677
f 1305//678 1277//678 1066//678 1103//678
f 1176//679 1319//679 1191//679 1126//679
f 1192//680 1320//680 1176//680 1126//680
f 1249//681 1272//681 1149//681 1106//681
f 1150//682 1107//682 1250//682 1273//682
f 833//683 1473//683 1486//683 1057//683
f 1487//684 1058//684 834//684 1474//684
f 1317//685 1321//685 1110//685 1047//685
f 1111//686 1048//686 1318//686 1322//686
f 963//687 1401//687 1310//687 1161//687
f 1176//688 1082//688 1231//688 1319//688
f 1232//689 1320//689 1176//689 1082//689
f 1387//690 1274//690 972//690 1195//690
f 973//691 1275//691 1388//691 1196//691
f 1282//692 1292//692 1092//692 1143//692
f 1093//693 1293//693 1283//693 1144//693
f 1114//694 1052//694 1329//694 1335//694
f 1330//695 1336//695 1115//695 1053//695
f 1094//696 1102//696 1304//696 1306//696
f 1305//697 1103//697 1095//697 1307//697
f 1415//698 1369//698 1050//698 1061//698
f 1416//699 1062//699 1051//699 1370//699
f 1292//700 1092//700 1098//700 1399//700
f 1099//701 1400//701 1293//701 1093//701
f 1074//702 1247//702 1359//702 1207//702
f 1360//703 1248//703 1075//703 1208//703
f 1117//606 1332//606 1331//606 1116//606
f 1059//704 1077//704 1435//704 1346//704
f 1436//705 1078//705 1060//705 1347//705
f 1109//706 1094//706 1355//706 1365//706
f 1356//707 1366//707 1109//707 1095//707
f 1233//708 1242//708 1205//708 1240//708
f 1206//709 1242//709 1233//709 1241//709
f 1332//710 1140//710 1139//710 1331//710
f 917//711 1550//711 1689//711 926//711
f 1690//712 927//712 918//712 1551//712
f 1419//713 1100//713 1061//713 1415//713
f 1420//714 1416//714 1062//714 1101//714
f 1394//715 1564//715 1147//715 958//715
f 1177//716 1141//716 1338//716 1378//716
f 1339//717 1378//717 1177//717 1142//717
f 1376//718 1431//718 1083//718 1151//718
f 1084//719 1432//719 1377//719 1152//719
f 1124//720 1132//720 1433//720 1379//720
f 1131//721 1434//721 1386//721 1125//721
f 1161//722 1310//722 1364//722 1224//722
f 1172//723 1423//723 1399//723 1098//723
f 1400//724 1424//724 1173//724 1099//724
f 987//725 1741//725 1590//725 903//725
f 1591//726 1742//726 988//726 904//726
f 1345//727 1185//727 1131//727 1434//727
f 1132//728 1433//728 1348//728 1186//728
f 1403//729 1419//729 1100//729 1203//729
f 1101//730 1420//730 1404//730 1204//730
f 1123//731 1091//731 1468//731 1477//731
f 1405//732 1413//732 1220//732 1118//732
f 1221//733 1414//733 1406//733 1119//733
f 987//734 926//734 1689//734 1741//734
f 1690//735 927//735 988//735 1742//735
f 1038//736 1538//736 1641//736 1054//736
f 1384//737 1195//737 1247//737 1333//737
f 1248//738 1334//738 1385//738 1196//738
f 1028//739 878//739 1596//739 1878//739
f 1029//740 879//740 1597//740 1879//740
f 1085//741 1372//741 1482//741 1235//741
f 1483//742 1373//742 1086//742 1236//742
f 1162//743 1466//744 1453//743 1155//745
f 1454//746 1156//746 1163//746 1467//746
f 1162//747 1181//747 1437//747 1466//747
f 1438//748 1182//748 1163//748 1467//748
f 1145//749 1560//749 1417//749 1127//749
f 1418//750 1561//750 1146//750 1128//750
f 1120//751 1514//751 1455//751 1170//751
f 1456//752 1515//752 1121//752 1171//752
f 1461//753 1187//753 1155//753 1453//753
f 1462//754 1188//754 1156//754 1454//754
f 1417//755 1421//755 1264//755 1127//755
f 1418//756 1128//756 1265//756 1422//756
f 1159//757 1722//757 1590//757 903//757
f 1591//758 1723//758 1160//758 904//758
f 1502//759 1478//759 1168//759 1135//759
f 1169//760 1479//760 1503//760 1136//760
f 1331//761 1508//761 1278//761 1139//761
f 1279//762 1140//762 1332//762 1511//762
f 1390//763 1272//763 1203//763 1403//763
f 1204//764 1273//764 1391//764 1404//764
f 1382//765 1024//765 1298//765 1632//765
f 1299//766 1025//766 1383//766 1633//766
f 1423//767 1518//767 1207//767 1172//767
f 1424//768 1519//768 1208//768 1173//768
f 1478//769 1168//769 1164//769 1532//769
f 1165//770 1533//770 1479//770 1169//770
f 1331//771 1508//771 1337//771 1116//771
f 1511//772 1340//772 1117//772 1332//772
f 1437//773 1181//773 1211//773 1492//773
f 1438//774 1493//774 1212//774 1182//774
f 1135//775 1502//775 1560//775 1145//775
f 1136//776 1146//776 1561//776 1503//776
f 1240//777 1205//777 1395//777 1475//777
f 1396//778 1206//778 1241//778 1476//778
f 1532//779 1164//779 1174//779 1496//779
f 1175//780 1165//780 1533//780 1497//780
f 1187//781 1166//781 1539//781 1461//781
f 1540//782 1167//782 1188//782 1462//782
f 1531//783 1463//783 1154//783 1200//783
f 1530//784 1199//784 1153//784 1464//784
f 1129//785 1608//785 1514//785 1120//785
f 1515//786 1609//786 1130//786 1121//786
f 1249//787 1425//787 1390//787 1272//787
f 1391//788 1426//788 1250//788 1273//788
f 1190//789 1154//789 1463//789 1605//789
f 1464//790 1153//790 1189//790 1604//790
f 1413//791 1220//791 1262//791 1471//791
f 1263//792 1221//792 1414//792 1472//792
f 1429//793 1270//793 1249//793 1425//793
f 1250//794 1426//794 1430//794 1271//794
f 1129//795 1179//795 1552//795 1608//795
f 1553//796 1609//796 1130//796 1180//796
f 1496//797 1569//797 1225//797 1174//797
f 1226//798 1175//798 1497//798 1570//798
f 1195//799 1384//799 1494//799 1387//799
f 1196//800 1385//800 1495//800 1388//800
f 1509//801 1457//801 1243//801 1227//801
f 1510//802 1228//802 1244//802 1458//802
f 1245//606 1526//606 1421//606 1264//606
f 1422//606 1527//606 1246//606 1265//606
f 1374//803 1367//803 1351//803 1353//803
f 1352//804 1368//804 1375//804 1354//804
f 1179//805 1552//805 1610//805 1197//805
f 1180//806 1198//806 1611//806 1553//806
f 1492//807 1544//807 1229//807 1211//807
f 1493//808 1212//808 1230//808 1545//808
f 1457//809 1526//809 1245//809 1243//809
f 1458//810 1244//810 1246//810 1527//810
f 1229//811 1544//811 1509//811 1227//811
f 1230//812 1228//812 1510//812 1545//812
f 1209//813 1166//813 1539//813 1679//813
f 1540//814 1680//814 1210//814 1167//814
f 1504//815 1292//815 1282//815 1449//815
f 1283//816 1450//816 1505//816 1293//816
f 1041//817 1930//817 1878//817 1028//817
f 1879//818 1930//818 1041//818 1029//818
f 1289//819 1627//819 1501//819 1202//819
f 1302//820 1270//820 1429//820 1592//820
f 1430//821 1271//821 1303//821 1593//821
f 1707//822 1604//822 1183//822 1217//822
f 1184//823 1218//823 1708//823 1605//823
f 1353//824 1351//824 1445//824 1447//824
f 1446//825 1448//825 1354//825 1352//825
f 1567//826 1298//826 1266//826 1480//826
f 1267//827 1299//827 1568//827 1481//827
f 1231//828 1512//828 1562//828 1319//828
f 1563//829 1513//829 1232//829 1320//829
f 1197//830 1610//830 1598//830 1274//830
f 1198//831 1275//831 1599//831 1611//831
f 1216//832 1279//832 1543//832 1634//832
f 1459//833 1451//833 1367//833 1374//833
f 1368//834 1375//834 1460//834 1452//834
f 1547//835 1278//835 1215//835 1672//835
f 1435//836 1809//836 1427//836 1077//836
f 1436//837 1078//837 1428//837 1810//837
f 1677//838 1268//838 1225//838 1569//838
f 1226//839 1269//839 1678//839 1570//839
f 1687//840 1325//840 1199//840 1530//840
f 1200//841 1531//841 1688//841 1326//841
f 1518//842 1207//842 1359//842 1660//842
f 1519//843 1661//843 1360//843 1208//843
f 1658//844 1558//844 1253//844 1276//844
f 1659//845 1559//845 1254//845 1277//845
f 1480//846 1266//846 1427//846 1541//846
f 1428//847 1267//847 1481//847 1542//847
f 1222//848 1506//848 1718//848 1327//848
f 1719//849 1328//849 1223//849 1507//849
f 1648//850 1290//850 1286//850 1536//850
f 1287//851 1291//851 1649//851 1537//851
f 1626//852 1710//852 1288//852 1201//852
f 1251//853 1694//853 1679//853 1209//853
f 1680//854 1695//854 1252//854 1210//854
f 1504//855 1578//855 1399//855 1292//855
f 1400//856 1293//856 1505//856 1579//856
f 1367//857 1516//857 1522//857 1351//857
f 1523//858 1352//858 1368//858 1517//858
f 1520//859 1524//859 1353//859 1374//859
f 1354//860 1375//860 1521//860 1525//860
f 1588//861 1409//861 1159//861 1722//861
f 1439//862 1670//862 1482//862 1235//862
f 1483//863 1671//863 1440//863 1236//863
f 1634//864 1216//864 1309//864 1725//864
f 1261//865 1759//865 1717//865 1194//865
f 1586//866 1384//866 1333//866 1528//866
f 1334//867 1385//867 1587//867 1529//867
f 1382//868 1752//868 1506//868 1222//868
f 1507//869 1753//869 1383//869 1223//869
f 1258//870 1251//870 1694//870 1701//870
f 1259//871 1702//871 1695//871 1252//871
f 1650//872 1349//872 1302//872 1592//872
f 1303//873 1350//873 1651//873 1593//873
f 1308//874 1215//874 1672//874 1750//874
f 1681//875 1317//875 1321//875 1582//875
f 1322//876 1318//876 1682//876 1583//876
f 1562//877 1616//877 1397//877 1319//877
f 1563//878 1320//878 1398//878 1617//878
f 1274//879 1387//879 1664//879 1598//879
f 1665//880 1388//880 1275//880 1599//880
f 1313//881 1600//881 1705//881 1300//881
f 1706//882 1601//882 1314//882 1301//882
f 1714//883 1658//883 1276//883 1304//883
f 1277//884 1659//884 1715//884 1305//884
f 1296//885 1290//885 1648//885 1737//885
f 1649//886 1291//886 1297//886 1738//886
f 1451//887 1574//887 1516//887 1367//887
f 1517//888 1575//888 1452//888 1368//888
f 1776//889 1239//889 1213//889 1824//889
f 1214//890 1238//890 1777//890 1825//890
f 1466//891 1437//891 1478//891 1532//891
f 1479//892 1533//892 1467//892 1438//892
f 1492//893 1437//893 1478//893 1502//893
f 1479//894 1438//894 1493//894 1503//894
f 1351//895 1445//895 1620//895 1522//895
f 1621//896 1446//896 1352//896 1523//896
f 1622//897 1447//897 1353//897 1524//897
f 1354//898 1448//898 1623//898 1525//898
f 1584//899 1520//899 1374//899 1459//899
f 1375//900 1521//900 1585//900 1460//900
f 1289//901 1373//901 1711//901 1627//901
f 1431//902 1376//902 1500//902 1652//902
f 1501//903 1377//903 1432//903 1653//903
f 1824//904 1213//904 1237//904 1811//904
f 1234//905 1214//905 1825//905 1812//905
f 1335//906 1329//906 1726//906 1614//906
f 1727//907 1330//907 1336//907 1615//907
f 1576//908 1578//908 1399//908 1423//908
f 1400//909 1579//909 1577//909 1424//909
f 1453//910 1466//910 1532//910 1496//910
f 1533//911 1467//911 1454//911 1497//911
f 1395//912 1193//912 1716//912 1784//912
f 1717//913 1194//913 1396//913 1785//913
f 1296//914 1737//914 1681//914 1317//914
f 1682//915 1318//915 1297//915 1738//915
f 1499//916 1636//916 1529//916 1334//916
f 1256//917 1237//917 1811//917 1781//917
f 1306//918 1304//918 1714//918 1728//918
f 1307//919 1729//919 1715//919 1305//919
f 1461//920 1569//920 1496//920 1453//920
f 1497//921 1570//921 1462//921 1454//921
f 1417//922 1421//922 1565//922 1606//922
f 1418//923 1607//923 1566//923 1422//923
f 1789//924 1435//924 1346//924 1471//924
f 1347//925 1436//925 1790//925 1472//925
f 1365//926 1656//926 1720//926 1355//926
f 1721//927 1657//927 1366//927 1356//927
f 1720//928 1728//928 1306//928 1355//928
f 1307//929 1729//929 1721//929 1356//929
f 1766//930 1705//930 1300//930 1315//930
f 1301//931 1706//931 1767//931 1316//931
f 1447//932 1445//932 1554//932 1556//932
f 1555//933 1446//933 1448//933 1557//933
f 1294//934 1260//934 1758//934 1826//934
f 1295//935 1827//935 1759//935 1261//935
f 1726//936 1329//936 1315//936 1766//936
f 1316//937 1330//937 1727//937 1767//937
f 1628//938 1612//938 1425//938 1429//938
f 1426//939 1430//939 1629//939 1613//939
f 1612//940 1425//940 1390//940 1691//940
f 1391//941 1426//941 1613//941 1692//941
f 1718//942 1413//942 1471//942 1506//942
f 1472//943 1507//943 1719//943 1414//943
f 1380//944 1365//944 1656//944 1743//944
f 1657//945 1366//945 1381//945 1744//945
f 1813//946 1407//946 1268//946 1677//946
f 1269//947 1408//947 1814//947 1678//947
f 1725//948 1309//948 1340//948 1787//948
f 1654//949 1369//949 1405//949 1730//949
f 1406//950 1370//950 1655//950 1731//950
f 1666//951 1586//951 1384//951 1494//951
f 1667//952 1587//952 1385//952 1495//952
f 1739//953 1415//953 1369//953 1654//953
f 1370//954 1416//954 1740//954 1655//954
f 1693//955 1743//955 1380//955 1371//955
f 1381//956 1371//956 1693//956 1744//956
f 1544//957 1560//957 1502//957 1492//957
f 1503//958 1493//958 1545//958 1561//958
f 1511//959 1279//959 1543//959 1837//959
f 1840//960 1508//960 1278//960 1547//960
f 1337//961 1308//961 1750//961 1836//961
f 1781//962 1256//962 1394//962 1850//962
f 1576//963 1423//963 1518//963 1683//963
f 1577//964 1424//964 1519//964 1684//964
f 1401//965 1257//965 1780//965 1851//965
f 1730//966 1718//966 1413//966 1405//966
f 1414//967 1719//967 1731//967 1406//967
f 1764//968 1419//968 1403//968 1691//968
f 1404//969 1420//969 1765//969 1692//969
f 1698//970 1806//970 1434//970 1345//970
f 1433//971 1348//971 1709//971 1805//971
f 1539//972 1461//972 1569//972 1677//972
f 1570//973 1462//973 1540//973 1678//973
f 1580//974 1480//974 1541//974 1668//974
f 1542//975 1481//975 1581//975 1669//975
f 1764//976 1739//976 1415//976 1419//976
f 1416//977 1740//977 1765//977 1420//977
f 1387//978 1494//978 1774//978 1664//978
f 1775//979 1495//979 1388//979 1665//979
f 1675//980 1580//980 1480//980 1567//980
f 1481//981 1581//981 1676//981 1568//981
f 1618//982 1746//982 1504//982 1449//982
f 1505//983 1747//983 1619//983 1450//983
f 1359//984 1660//984 1834//984 1498//984
f 1360//985 1499//985 1835//985 1661//985
f 1847//986 1364//986 1310//986 1886//986
f 1445//987 1554//987 1696//987 1620//987
f 1697//988 1621//988 1446//988 1555//988
f 1622//989 1699//989 1556//989 1447//989
f 1557//990 1700//990 1623//990 1448//990
f 1886//991 1851//991 1401//991 1310//991
f 1606//992 1565//992 1548//992 1624//992
f 1549//993 1625//993 1607//993 1566//993
f 1573//994 1535//994 1581//994 1669//994
f 1797//995 1379//995 1433//995 1805//995
f 1526//606 1868//606 1565//606 1421//606
f 1566//605 1422//605 1527//605 1869//605
f 1806//996 1434//996 1386//996 1800//996
f 1637//997 1644//997 1572//997 1534//997
f 1573//998 1535//998 1638//998 1645//998
f 1632//999 1970//999 1567//999 1298//999
f 1568//1000 1971//1000 1633//1000 1299//1000
f 1558//1001 2023//1001 1707//1001 1217//1001
f 1559//1002 1218//1002 1708//1002 2024//1002
f 1858//1003 1606//1003 1417//1003 1560//1003
f 1418//1004 1607//1004 1859//1004 1561//1004
f 1787//1005 1837//1005 1511//1005 1340//1005
f 1904//1006 1358//1006 1341//1006 1934//1006
f 1357//1007 1905//1007 1933//1007 1344//1007
f 1840//1008 1836//1008 1337//1008 1508//1008
f 1395//1009 1475//1009 1872//1009 1784//1009
f 1396//1010 1476//1010 1873//1010 1785//1010
f 1455//1011 1703//1011 1830//1011 1514//1011
f 1831//1012 1515//1012 1456//1012 1704//1012
f 1675//1013 1712//1013 1534//1013 1580//1013
f 1535//1014 1581//1014 1676//1014 1713//1014
f 1506//1015 1471//1015 1789//1015 1752//1015
f 1790//1016 1753//1016 1507//1016 1472//1016
f 1637//1017 1644//1017 1646//1017 1639//1017
f 1647//1018 1640//1018 1638//1018 1645//1018
f 1630//1019 2008//1019 1687//1019 1325//1019
f 1631//1020 1326//1020 1688//1020 2009//1020
f 1673//1021 1662//1021 1646//1021 1639//1021
f 1647//1022 1640//1022 1674//1022 1663//1022
f 1512//1023 1770//1023 1756//1023 1562//1023
f 1513//1024 1563//1024 1757//1024 1771//1024
f 1652//1025 1500//1025 1626//1025 1856//1025
f 1627//1026 1501//1026 1653//1026 1857//1026
f 1752//1027 1896//1027 1632//1027 1382//1027
f 1753//1028 1897//1028 1633//1028 1383//1028
f 1813//1029 1407//1029 1490//1029 1962//1029
f 1491//1030 1408//1030 1814//1030 1963//1030
f 1392//1031 2030//1031 1770//1031 1512//1031
f 1393//1032 2031//1032 1771//1032 1513//1032
f 1820//1033 1683//1033 1518//1033 1660//1033
f 1519//1034 1684//1034 1821//1034 1661//1034
f 1427//1035 1809//1035 1928//1035 1541//1035
f 1428//1036 1542//1036 1929//1036 1810//1036
f 1389//1037 2027//1037 2032//1037 1342//1037
f 2033//1038 1343//1038 1389//1038 2027//1038
f 1574//1039 1516//1039 1815//1039 1795//1039
f 1816//1040 1796//1040 1575//1040 1517//1040
f 2032//1041 2030//1041 1392//1041 1342//1041
f 2033//1042 1343//1042 1393//1042 2031//1042
f 1516//1043 1815//1043 1860//1043 1522//1043
f 1861//1044 1816//1044 1517//1044 1523//1044
f 1679//1045 1813//1045 1677//1045 1539//1045
f 1678//1046 1814//1046 1680//1046 1540//1046
f 1841//1047 1712//1047 1534//1047 1637//1047
f 1535//1048 1713//1048 1842//1048 1638//1048
f 1817//1049 1862//1049 1524//1049 1520//1049
f 1525//1050 1863//1050 1818//1050 1521//1050
f 1817//1051 1520//1051 1584//1051 1798//1051
f 1585//1052 1799//1052 1818//1052 1521//1052
f 1562//1053 1756//1053 1768//1053 1616//1053
f 1563//1054 1617//1054 1769//1054 1757//1054
f 1746//1055 1504//1055 1578//1055 1900//1055
f 1579//1056 1901//1056 1747//1056 1505//1056
f 1931//1057 1457//1057 1526//1057 1868//1057
f 1932//1058 1869//1058 1527//1058 1458//1058
f 1644//1059 1572//1059 1748//1059 1807//1059
f 1749//1060 1808//1060 1645//1060 1573//1060
f 1732//1061 1735//1061 1662//1061 1673//1061
f 1663//1062 1736//1062 1733//1062 1674//1062
f 1361//1063 2391//1063 1845//1063 1311//1063
f 1846//1064 1312//1064 1362//1064 2392//1064
f 1564//1065 2079//1065 1850//1065 1394//1065
f 1774//1066 1494//1066 1666//1066 1914//1066
f 1646//1067 1644//1067 1807//1067 1762//1067
f 1808//1068 1645//1068 1647//1068 1763//1068
f 1509//1069 1457//1069 1931//1069 2003//1069
f 1510//1070 2004//1070 1932//1070 1458//1070
f 1662//1071 1646//1071 1762//1071 1822//1071
f 1763//1072 1647//1072 1663//1072 1823//1072
f 1463//1073 1531//1073 1981//1073 1943//1073
f 1980//1074 1530//1074 1464//1074 1944//1074
f 1703//1075 1830//1075 1746//1075 1618//1075
f 1747//1076 1619//1076 1704//1076 1831//1076
f 1834//1077 1498//1077 1635//1077 1949//1077
f 1835//1078 1950//1078 1636//1078 1499//1078
f 1608//1079 1959//1079 1830//1079 1514//1079
f 1831//1080 1515//1080 1609//1080 1960//1080
f 1522//1081 1620//1081 1910//1081 1860//1081
f 1911//1082 1621//1082 1523//1082 1861//1082
f 1912//1083 1862//1083 1524//1083 1622//1083
f 1525//1084 1863//1084 1913//1084 1623//1084
f 2045//1085 1793//1085 1488//1085 1594//1085
f 1852//1086 1858//1086 1606//1086 1624//1086
f 1607//1087 1625//1087 1853//1087 1859//1087
f 1920//1088 1876//1088 1482//1088 1670//1088
f 1483//1089 1671//1089 1921//1089 1877//1089
f 1870//1090 1576//1090 1578//1090 1900//1090
f 1579//1091 1577//1091 1871//1091 1901//1091
f 1710//1092 1482//1092 1876//1092 1892//1092
f 1463//1093 1605//1093 2000//1093 1943//1093
f 1789//1094 1435//1094 1809//1094 1964//1094
f 1810//1095 1965//1095 1790//1095 1436//1095
f 1582//1096 1681//1096 1947//1096 1778//1096
f 1948//502 1779//502 1583//502 1682//502
f 1843//1097 1854//1097 1673//1097 1639//1097
f 1844//1098 1640//1098 1674//1098 1855//1098
f 1608//1099 1959//1099 1890//1099 1552//1099
f 1891//1100 1553//1100 1609//1100 1960//1100
f 1610//1101 1552//1101 1890//1101 1953//1101
f 1891//1102 1954//1102 1611//1102 1553//1102
f 1637//1103 1935//1103 1843//1103 1639//1103
f 1638//1104 1640//1104 1844//1104 1936//1104
f 1465//1105 2005//1105 2016//1105 1571//1105
f 1735//1106 1662//1106 1822//1106 1828//1106
f 1823//1107 1663//1107 1736//1107 1829//1107
f 1544//1108 1560//1108 1858//1108 2055//1108
f 1859//1109 1561//1109 1545//1109 2056//1109
f 1968//1110 1782//1110 1600//1110 1705//1110
f 1601//1111 1783//1111 1969//1111 1706//1111
f 1624//1112 1997//1112 1874//1112 1548//1112
f 1625//1113 1549//1113 1875//1113 1998//1113
f 1627//1114 1711//1114 1893//1114 1857//1114
f 1598//1115 1664//1115 1888//1115 1957//1115
f 1889//1116 1958//1116 1599//1116 1665//1116
f 1966//1117 1592//1117 1628//1117 1941//1117
f 1629//1118 1593//1118 1967//1118 1942//1118
f 1984//1119 1801//1119 1614//1119 1726//1119
f 1615//1120 1802//1120 1985//1120 1727//1120
f 1509//1121 2003//1121 2055//1121 1544//1121
f 1510//1122 2004//1122 2056//1122 1545//1122
f 1610//1123 1953//1123 1957//1123 1598//1123
f 1958//1124 1954//1124 1611//1124 1599//1124
f 1848//1125 1612//1125 1691//1125 1976//1125
f 1692//1126 1613//1126 1849//1126 1977//1126
f 1990//1127 1870//1127 1576//1127 1683//1127
f 1928//1128 2006//1128 1668//1128 1541//1128
f 1929//1129 1542//1129 1669//1129 2007//1129
f 1679//1130 1694//1130 1962//1130 1813//1130
f 1963//1131 1695//1131 1680//1131 1814//1131
f 2089//1132 1634//1132 1543//1132 1867//1132
f 1854//1133 1898//1133 1732//1133 1673//1133
f 1855//1134 1674//1134 1733//1134 1899//1134
f 1912//1135 1924//1135 1699//1135 1622//1135
f 1700//1136 1925//1136 1913//1136 1623//1136
f 1864//1137 1547//1137 1672//1137 2088//1137
f 1791//1138 1735//1138 1828//1138 1884//1138
f 1829//1139 1736//1139 1792//1139 1885//1139
f 1970//1140 1567//1140 1675//1140 2053//1140
f 1971//1141 2054//1141 1676//1141 1568//1141
f 2065//1142 1980//1142 1530//1142 1687//1142
f 1531//1143 1981//1143 2066//1143 1688//1143
f 2051//1144 1826//1144 1654//1144 1739//1144
f 1655//1145 1827//1145 2052//1145 1740//1145
f 1772//1146 1922//1146 1898//1146 1732//1146
f 1899//1147 1923//1147 1773//1147 1733//1147
f 1888//1148 2001//1148 1774//1148 1664//1148
f 1775//1149 2002//1149 1889//1149 1665//1149
f 1648//1150 1937//1150 2043//1150 1737//1150
f 2044//1151 1738//1151 1649//1151 1938//1151
f 1918//1152 1712//1152 1675//1152 2053//1152
f 1676//1153 1713//1153 1919//1153 2054//1153
f 1593//1154 1967//1154 2164//1154 1651//1154
f 2122//1155 2023//1155 1558//1155 1658//1155
f 2123//1156 1659//1156 1559//1156 2024//1156
f 2082//1157 1707//1157 1604//1157 1999//1157
f 1605//1158 1708//1158 2083//1158 2000//1158
f 1988//1159 1685//1159 1754//1159 1982//1159
f 1755//1160 1686//1160 1989//1160 1983//1160
f 1681//1161 1947//1161 2043//1161 1737//1161
f 2044//1162 1738//1162 1682//1162 1948//1162
f 1854//1163 1843//1163 1832//1163 1865//1163
f 1833//1164 1844//1164 1855//1164 1866//1164
f 1752//1165 1789//1165 1964//1165 1896//1165
f 1965//1166 1897//1166 1753//1166 1790//1166
f 2167//1167 1867//1167 1543//1167 1837//1167
f 2166//1168 1840//1168 1547//1168 1864//1168
f 1828//1169 1902//1169 1865//1169 1822//1169
f 1866//1170 1823//1170 1829//1170 1903//1170
f 1830//1171 1746//1171 1900//1171 1959//1171
f 1901//1172 1960//1172 1831//1172 1747//1172
f 1937//1173 1760//1173 1782//1173 1968//1173
f 1783//1174 1761//1174 1938//1174 1969//1174
f 1922//1175 1945//1175 1791//1175 1772//1175
f 1923//1176 1773//1176 1792//1176 1946//1176
f 1988//1177 2163//1177 1650//1177 1685//1177
f 1976//1178 2041//1178 1764//1178 1691//1178
f 1765//1179 2042//1179 1977//1179 1692//1179
f 2006//1180 2069//1180 1748//1180 1668//1180
f 2007//1181 2070//1181 1749//1181 1669//1181
f 2071//1182 1766//1182 1705//1182 1968//1182
f 1706//1183 1767//1183 2072//1183 1969//1183
f 1947//1184 1984//1184 1801//1184 1778//1184
f 1802//1185 1779//1185 1948//1185 1985//1185
f 1898//1186 1902//1186 1865//1186 1854//1186
f 1866//1187 1903//1187 1899//1187 1855//1187
f 1984//1188 2071//1188 1766//1188 1726//1188
f 1767//1189 2072//1189 1985//1189 1727//1189
f 1918//1190 1712//1190 1841//1190 2077//1190
f 1842//1191 1713//1191 1919//1191 2078//1191
f 1411//1192 2508//1192 2391//1192 1361//1192
f 1412//1193 1362//1193 2392//1193 2509//1193
f 1634//1194 1725//1194 2148//1194 2089//1194
f 2041//1195 1764//1195 1739//1195 2051//1195
f 1740//1196 1765//1196 2042//1196 2052//1196
f 2114//1197 1714//1197 1658//1197 2122//1197
f 1659//1198 1715//1198 2115//1198 2123//1198
f 2403//1199 1538//1199 1402//1199 2254//1199
f 1852//1200 2149//1200 1997//1200 1624//1200
f 1998//1201 1625//1201 1853//1201 2150//1201
f 2155//1202 2102//1202 1720//1202 1656//1202
f 1721//1203 2103//1203 2156//1203 1657//1203
f 1881//1204 1671//1204 1921//1204 2173//1204
f 1959//1205 1890//1205 1870//1205 1900//1205
f 1871//1206 1891//1206 1960//1206 1901//1206
f 2012//1207 1756//1207 1768//1207 2086//1207
f 2013//1208 2087//1208 1769//1208 1757//1208
f 2147//1209 2088//1209 1672//1209 1750//1209
f 1803//1210 1754//1210 1982//1210 2110//1210
f 1804//1211 2111//1211 1983//1211 1755//1211
f 1894//1212 1868//1212 1931//1212 1955//1212
f 1932//1213 1869//1213 1895//1213 1956//1213
f 1770//1214 1756//1214 2012//1214 2106//1214
f 1771//1215 2107//1215 2013//1215 1757//1215
f 2102//1216 1720//1216 1728//1216 2141//1216
f 1729//1217 1721//1217 2103//1217 2142//1217
f 1714//1218 2114//1218 2141//1218 1728//1218
f 1715//1219 1729//1219 2142//1219 2115//1219
f 1953//1220 1990//1220 1870//1220 1890//1220
f 1871//1221 1991//1221 1954//1221 1891//1221
f 1807//1222 2084//1222 1978//1222 1832//1222
f 1808//1223 1833//1223 1979//1223 2085//1223
f 1743//1224 1656//1224 2155//1224 2179//1224
f 2156//1225 1657//1225 1744//1225 2180//1225
f 2069//1226 2084//1226 1807//1226 1748//1226
f 2070//1227 1749//1227 1808//1227 2085//1227
f 1939//1228 1972//1228 1916//1228 1908//1228
f 1917//1229 1909//1229 1940//1229 1973//1229
f 1768//1230 1803//1230 2061//1230 2086//1230
f 1769//1231 2087//1231 2062//1231 1804//1231
f 1795//1232 2019//1232 2098//1232 1815//1232
f 2099//1233 2020//1233 1796//1233 1816//1233
f 1817//1234 1798//1234 2021//1234 2104//1234
f 2022//1235 1799//1235 1818//1235 2105//1235
f 1916//1236 1832//1236 1978//1236 2025//1236
f 1979//1237 1833//1237 1917//1237 2026//1237
f 2159//1238 1716//1238 1784//1238 2116//1238
f 2160//1239 2117//1239 1785//1239 1717//1239
f 2001//1240 2094//1240 1914//1240 1774//1240
f 1915//1241 2095//1241 2002//1241 1775//1241
f 1759//1242 2199//1242 2160//1242 1717//1242
f 2132//1243 1928//1243 1809//1243 1964//1243
f 1810//1244 1929//1244 2133//1244 1965//1244
f 1443//1245 2611//1245 2509//1245 1412//1245
f 1444//1246 2610//1246 2508//1246 1411//1246
f 2214//1247 2179//1247 1743//1247 1693//1247
f 1744//1248 1693//1248 2214//1248 2180//1248
f 2096//1249 2137//1249 1800//1249 1806//1249
f 1797//1250 1805//1250 2097//1250 2138//1250
f 1941//1251 2124//1251 1976//1251 1848//1251
f 1977//1252 2125//1252 1942//1252 1849//1252
f 1725//1253 1787//1253 2216//1253 2148//1253
f 1957//1254 1888//1254 2038//1254 2014//1254
f 2039//1255 1889//1255 1958//1255 2015//1255
f 1957//1256 1953//1256 1990//1256 2014//1256
f 1991//1257 1954//1257 1958//1257 2015//1257
f 1955//1258 1931//1258 2003//1258 2028//1258
f 2004//1259 1932//1259 1956//1259 2029//1259
f 2075//1260 1843//1260 1908//1260 2073//1260
f 2076//1261 2074//1261 1909//1261 1844//1261
f 2036//1262 2128//1262 1949//1262 1834//1262
f 1950//1263 2129//1263 2037//1263 1835//1263
f 2049//1264 1986//1264 1858//1264 2055//1264
f 1859//1265 2056//1265 2050//1265 1987//1265
f 1751//1266 1788//1266 2217//1266 2165//1266
f 1972//1267 1916//1267 2025//1267 2057//1267
f 2026//1268 1917//1268 1973//1268 2058//1268
f 2200//1269 1860//1269 1815//1269 2098//1269
f 1816//1270 1861//1270 2201//1270 2099//1270
f 1817//1271 2104//1271 2204//1271 1862//1271
f 2205//1272 1863//1272 1818//1272 2105//1272
f 1937//1273 2043//1273 2071//1273 1968//1273
f 2072//1274 2044//1274 1938//1274 1969//1274
f 1787//1275 2216//1275 2167//1275 1837//1275
f 2074//1276 1909//1276 1940//1276 2101//1276
f 1992//1277 1972//1277 2057//1277 2034//1277
f 2058//1278 1973//1278 1993//1278 2035//1278
f 2184//1279 2045//1279 1793//1279 2017//1279
f 2185//1280 2018//1280 1794//1280 2046//1280
f 2043//1281 2071//1281 1984//1281 1947//1281
f 1985//1282 1948//1282 2044//1282 2072//1282
f 2116//1283 1784//1283 1872//1283 2230//1283
f 2117//1284 2231//1284 1873//1284 1785//1284
f 1474//1285 2599//1285 2701//1285 1442//1285
f 2702//1286 1441//1286 1473//1286 2598//1286
f 2067//1287 2132//1287 1964//1287 1896//1287
f 1965//1288 2133//1288 2068//1288 1897//1288
f 1485//1289 1443//1289 2611//1289 2692//1289
f 1484//1290 1444//1290 2610//1290 2691//1290
f 2166//1291 1840//1291 1836//1291 2215//1291
f 2001//1292 1888//1292 2038//1292 2174//1292
f 2039//1293 1889//1293 2002//1293 2175//1293
f 2063//1294 2092//1294 1992//1294 1951//1294
f 2585//1295 1641//1295 1538//1295 2403//1295
f 2309//1296 2023//1296 1707//1296 2082//1296
f 2310//1297 2083//1297 1708//1297 2024//1297
f 2130//1298 2080//1298 1988//1298 1982//1298
f 1989//1299 1983//1299 2131//1299 2081//1299
f 1907//1300 2152//1300 2203//1300 1911//1300
f 1912//1301 2206//1301 2145//1301 1924//1301
f 2146//1302 1925//1302 1913//1302 2207//1302
f 2202//1303 1910//1303 1860//1303 2200//1303
f 1861//1304 1911//1304 2203//1304 2201//1304
f 1862//1305 1912//1305 2206//1305 2204//1305
f 2207//1306 1913//1306 1863//1306 2205//1306
f 2110//1307 1803//1307 2061//1307 2212//1307
f 2062//1308 1804//1308 2111//1308 2213//1308
f 2119//1309 2068//1309 1971//1309 2054//1309
f 2186//1310 1841//1310 1935//1310 2239//1310
f 1936//1311 2240//1311 2187//1311 1842//1311
f 2132//1312 1928//1312 2006//1312 2210//1312
f 2007//1313 1929//1313 2133//1313 2211//1313
f 2230//1314 2228//1314 1882//1314 1872//1314
f 2231//1315 1873//1315 1883//1315 2229//1315
f 2077//1316 1841//1316 2186//1316 2190//1316
f 2187//1317 2191//1317 2078//1317 1842//1317
f 2126//1318 1918//1318 2077//1318 2208//1318
f 2127//1319 2209//1319 2078//1319 1919//1319
f 2702//1320 2755//1320 1550//1320 1441//1320
f 1551//1321 1442//1321 2701//1321 2754//1321
f 2092//1322 2143//1322 2057//1322 2034//1322
f 2058//1323 2144//1323 2093//1323 2035//1323
f 2057//1324 2025//1324 2120//1324 2143//1324
f 2121//1325 2144//1325 2058//1325 2026//1325
f 1826//1326 1758//1326 2198//1326
f 1827//1327 2052//1327 2238//1327 2199//1327
f 1966//1328 2335//1328 2124//1328 1941//1328
f 2125//1329 2336//1329 1967//1329 1942//1329
f 2073//1330 2120//1330 2112//1330 2075//1330
f 2113//1331 2121//1331 2074//1331 2076//1331
f 2092//1332 2143//1332 2100//1332 2063//1332
f 2101//1333 2064//1333 2093//1333 2144//1333
f 1597//1334 1485//1334 2692//1334 2762//1334
f 1596//1335 2763//1335 2691//1335 1484//1335
f 2124//1336 1976//1336 2041//1336 2285//1336
f 2042//1337 1977//1337 2125//1337 2286//1337
f 2321//1338 2059//1338 1864//1338 2166//1338
f 1867//1339 2167//1339 2322//1339 2060//1339
f 2100//1340 2143//1340 2120//1340 2073//1340
f 2121//1341 2144//1341 2101//1341 2074//1341
f 2175//1342 2197//1342 2095//1342 2002//1342
f 2130//1343 2218//1343 2110//1343 1982//1343
f 2111//1344 1983//1344 2131//1344 2219//1344
f 2080//1345 1988//1345 2163//1345 2222//1345
f 2164//1346 2223//1346 2081//1346 1989//1346
f 2059//1347 2344//1347 2176//1347 1864//1347
f 2177//1348 1867//1348 2060//1348 2345//1348
f 2569//1349 1722//1349 1590//1349 2735//1349
f 1591//1350 1723//1350 2570//1350 2736//1350
f 2196//1351 2128//1351 2036//1351 2174//1351
f 2037//1352 2129//1352 2197//1352 2175//1352
f 2181//1353 2130//1353 2080//1353 2134//1353
f 2081//1354 2134//1354 2181//1354 2131//1354
f 1850//1355 1781//1355 2491//1355 2450//1355
f 2497//1356 2470//1356 1851//1356 1780//1356
f 2135//1357 2139//1357 2153//1357 2161//1357
f 2154//1358 2140//1358 2136//1358 2162//1358
f 2268//1359 2098//1359 2019//1359 2168//1359
f 2020//1360 2169//1360 2269//1360 2099//1360
f 2021//1361 2170//1361 2270//1361 2104//1361
f 2271//1362 2171//1362 2022//1362 2105//1362
f 2239//1363 1935//1363 2075//1363 2299//1363
f 2076//1364 1936//1364 2240//1364 2300//1364
f 1745//1365 1641//1365 2585//1365 2752//1365
f 2305//1366 2069//1366 2006//1366 2210//1366
f 2007//1367 2070//1367 2306//1367 2211//1367
f 1781//1368 2491//1368 2633//1368 1811//1368
f 2632//1369 2497//1369 1780//1369 1812//1369
f 2172//1370 1880//1370 2045//1370 2626//1370
f 2046//1371 2627//1371 2173//1371 1881//1371
f 2182//1372 2210//1372 2132//1372 2118//1372
f 2133//1373 2211//1373 2183//1373 2119//1373
f 2285//1374 2041//1374 2051//1374 2237//1374
f 2052//1375 2042//1375 2286//1375 2238//1375
f 2343//1376 1905//1376 1933//1376 2492//1376
f 1904//1377 1934//1377 2482//1377 2363//1377
f 2224//1378 2247//1378 2108//1378 2090//1378
f 2225//1379 2091//1379 2109//1379 2248//1379
f 2241//1380 2283//1380 2106//1380 2047//1380
f 2107//1381 2284//1381 2242//1381 2048//1381
f 2438//1382 1997//1382 1874//1382 2454//1382
f 2439//1383 2455//1383 1875//1383 1998//1383
f 2134//1384 2249//1384 2222//1384 2080//1384
f 2223//1385 2081//1385 2134//1385 2249//1385
f 2735//1386 1590//1386 1741//1386 2770//1386
f 1742//1387 1591//1387 2736//1387 2771//1387
f 2624//606 2454//606 1874//606 1868//606
f 1875//605 1869//605 2625//605 2455//605
f 1886//1388 1851//1388 2470//1388 2660//1388
f 1824//1389 1776//1389 2596//1389 2706//1389
f 2595//1390 1777//1390 1825//1390 2705//1390
f 2281//1391 2317//1391 2012//1391 2106//1391
f 2755//1392 2791//1392 1689//1392 1550//1392
f 1690//1393 2792//1393 2754//1393 1551//1393
f 2325//1394 2337//1394 2032//1394 2030//1394
f 2033//1395 2031//1395 2326//1395 2338//1395
f 2136//1396 2288//1396 2225//1396 2091//1396
f 2243//1397 2061//1397 2086//1397 2357//1397
f 2087//1398 2062//1398 2244//1398 2358//1398
f 1811//1399 1824//1399 2706//1399 2633//1399
f 2705//1400 2632//1400 1812//1400 1825//1400
f 2317//1401 2357//1401 2086//1401 2012//1401
f 2318//1402 2013//1402 2087//1402 2358//1402
f 2181//1403 2257//1403 2226//1403 2130//1403
f 2291//1404 2258//1404 2112//1404 2153//1404
f 2113//1405 2259//1405 2292//1405 2154//1405
f 2352//1406 2084//1406 2069//1406 2305//1406
f 2070//1407 2306//1407 2353//1407 2085//1407
f 2299//1408 2075//1408 2139//1408 2303//1408
f 2300//1409 2304//1409 2140//1409 2076//1409
f 2060//1410 2345//1410 2344//1410 2059//1410
f 2212//1411 2311//1411 2243//1411 2061//1411
f 2244//1412 2312//1412 2213//1412 2062//1412
f 2255//1413 2291//1413 2153//1413 2161//1413
f 2154//1414 2292//1414 2256//1414 2162//1414
f 2270//1415 2170//1415 2168//1415 2268//1415
f 2169//1416 2269//1416 2271//1416 2171//1416
f 2149//1417 1997//1417 2438//1417 2327//1417
f 2439//1418 1998//1418 2150//1418 2328//1418
f 2135//1419 2287//1419 2303//1419 2139//1419
f 2304//1420 2288//1420 2136//1420 2140//1420
f 2208//1421 2323//1421 2220//1421 2126//1421
f 2221//1422 2127//1422 2209//1422 2324//1422
f 2295//1423 2114//1423 2122//1423 2366//1423
f 2123//1424 2367//1424 2296//1424 2115//1424
f 2218//1425 2110//1425 2212//1425 2361//1425
f 2213//1426 2111//1426 2219//1426 2362//1426
f 2182//1427 2220//1427 2293//1427 2210//1427
f 2294//1428 2211//1428 2183//1428 2221//1428
f 2141//1429 2114//1429 2295//1429 2368//1429
f 2770//1430 2791//1430 1689//1430 1741//1430
f 1690//1431 2792//1431 2771//1431 1742//1431
f 2079//1432 1850//1432 2450//1432 2697//1432
f 1879//1433 1597//1433 2762//1433 2782//1433
f 1878//1434 2781//1434 2763//1434 1596//1434
f 2163//1435 2555//1435 2335//1435 1966//1435
f 2336//1436 2556//1436 2164//1436 1967//1436
f 2145//1437 2234//1437 2376//1437 2206//1437
f 2377//1438 2235//1438 2146//1438 2207//1438
f 2374//1439 2202//1439 2151//1439 2252//1439
f 2152//1440 2253//1440 2375//1440 2203//1440
f 2268//1441 2411//1441 2200//1441 2098//1441
f 2201//1442 2099//1442 2269//1442 2412//1442
f 2104//1443 2204//1443 2417//1443 2270//1443
f 2418//1444 2205//1444 2105//1444 2271//1444
f 2247//1445 2192//1445 2255//1445 2329//1445
f 2028//1446 2675//1446 2624//1446 1955//1446
f 2029//1447 1956//1447 2625//1447 2676//1447
f 2368//1448 2141//1448 2102//1448 2577//1448
f 2103//1449 2142//1449 2369//1449 2578//1449
f 2083//1450 2310//1450 2410//1450 2298//1450
f 2352//1451 2432//1451 2258//1451 2084//1451
f 2259//1452 2085//1452 2353//1452 2433//1452
f 2419//1453 2245//1453 2149//1453 2327//1453
f 2150//1454 2246//1454 2420//1454 2328//1454
f 2411//1455 2200//1455 2202//1455 2374//1455
f 2203//1456 2201//1456 2412//1456 2375//1456
f 2206//1457 2204//1457 2417//1457 2376//1457
f 2418//1458 2205//1458 2207//1458 2377//1458
f 2489//1459 2626//1459 2045//1459 2184//1459
f 2046//1460 2627//1460 2490//1460 2185//1460
f 2208//1461 2260//1461 2426//1461 2323//1461
f 2209//1462 2324//1462 2427//1462 2261//1462
f 2293//1463 2210//1463 2305//1463 2395//1463
f 2306//1464 2211//1464 2294//1464 2396//1464
f 2216//1465 2617//1465 2322//1465 2167//1465
f 2366//1466 2023//1466 2309//1466 2622//1466
f 2310//1467 2024//1467 2367//1467 2623//1467
f 2220//1468 2323//1468 2395//1468 2293//1468
f 2396//1469 2294//1469 2221//1469 2324//1469
f 2586//1470 2567//1470 2116//1470 2159//1470
f 2117//1471 2160//1471 2587//1471 2568//1471
f 2376//1472 2374//1472 2252//1472 2234//1472
f 2253//1473 2375//1473 2377//1473 2235//1473
f 2616//1474 2380//1474 2147//1474 2215//1474
f 2148//1475 2381//1475 2617//1475 2216//1475
f 2226//1476 2473//1476 2361//1476 2218//1476
f 2362//1477 2474//1477 2227//1477 2219//1477
f 2255//1478 2291//1478 2355//1478 2329//1478
f 2356//1479 2292//1479 2256//1479 2330//1479
f 2264//1480 2372//1480 2350//1480 2262//1480
f 2265//1481 2263//1481 2351//1481 2373//1481
f 2190//1482 2364//1482 2442//1482 2319//1482
f 2443//1483 2365//1483 2191//1483 2320//1483
f 2360//1484 2373//1484 2277//1484 2272//1484
f 2359//1485 2273//1485 2276//1485 2372//1485
f 2195//1486 2189//1486 2499//1486 2574//1486
f 2498//1487 2575//1487 2194//1487 2188//1487
f 2250//1488 2245//1488 2419//1488 2436//1488
f 2420//1489 2437//1489 2251//1489 2246//1489
f 2160//1490 2199//1490 2554//1490 2587//1490
f 2291//1491 2355//1491 2432//1491 2258//1491
f 2433//1492 2259//1492 2292//1492 2356//1492
f 2335//1493 2689//1493 2285//1493 2124//1493
f 2286//1494 2690//1494 2336//1494 2125//1494
f 1930//1495 2797//1495 2781//1495 1878//1495
f 2782//1496 2797//1496 1930//1496 1879//1496
f 2270//1497 2417//1497 2411//1497 2268//1497
f 2412//1498 2269//1498 2271//1498 2418//1498
f 2361//1499 2514//1499 2311//1499 2212//1499
f 2312//1500 2515//1500 2362//1500 2213//1500
f 2257//1501 2226//1501 2473//1501 2460//1501
f 2474//1502 2460//1502 2257//1502 2227//1502
f 2382//1503 2415//1503 2311//1503 2243//1503
f 2312//1504 2416//1504 2383//1504 2244//1504
f 2594//1505 2214//1505 2179//1505 2577//1505
f 2180//1506 2578//1506 2594//1506 2214//1506
f 2567//1507 2116//1507 2230//1507 2645//1507
f 2231//1508 2117//1508 2568//1508 2646//1508
f 2274//1509 2301//1509 2487//1509 2370//1509
f 2488//1510 2371//1510 2275//1510 2302//1510
f 2303//1511 2355//1511 2432//1511 2299//1511
f 2433//1512 2356//1512 2304//1512 2300//1512
f 2370//1513 2471//1513 2315//1513 2274//1513
f 2316//1514 2472//1514 2371//1514 2275//1514
f 2382//1515 2430//1515 2357//1515 2243//1515
f 2358//1516 2431//1516 2383//1516 2244//1516
f 2348//1517 2301//1517 2332//1517 2466//1517
f 2333//1518 2467//1518 2349//1518 2302//1518
f 2280//1519 2318//1519 2486//1519 2441//1519
f 2499//1520 2189//1520 2340//1520 2558//1520
f 2239//1521 2446//1521 2572//1521 2299//1521
f 2573//1522 2300//1522 2240//1522 2447//1522
f 2260//1523 2319//1523 2539//1523 2426//1523
f 2261//1524 2320//1524 2540//1524 2427//1524
f 2345//1525 2381//1525 2380//1525 2344//1525
f 2332//1526 2466//1526 2432//1526 2299//1526
f 2433//1527 2467//1527 2333//1527 2300//1527
f 2591//1528 2555//1528 2222//1528 2249//1528
f 2223//1529 2249//1529 2591//1529 2556//1529
f 2520//1530 2366//1530 2295//1530 2368//1530
f 2296//1531 2367//1531 2521//1531 2369//1531
f 2528//1532 2502//1532 2325//1532 2241//1532
f 2393//1533 2407//1533 2397//1533 2346//1533
f 2398//1534 2347//1534 2394//1534 2408//1534
f 2376//1535 2417//1535 2411//1535 2374//1535
f 2412//1536 2418//1536 2377//1536 2375//1536
f 2315//1537 2348//1537 2535//1537 2399//1537
f 2536//1538 2349//1538 2316//1538 2400//1538
f 2319//1539 2442//1539 2448//1539 2421//1539
f 2449//1540 2443//1540 2320//1540 2422//1540
f 2477//1541 2357//1541 2317//1541 2485//1541
f 2318//1542 2358//1542 2478//1542 2486//1542
f 2658//1543 2165//1543 2217//1543 2722//1543
f 2720//1544 2237//1544 2198//1544 2553//1544
f 2199//1545 2554//1545 2721//1545 2238//1545
f 2401//1546 2475//1546 2424//1546 2341//1546
f 2413//1547 2382//1547 2415//1547 2452//1547
f 2416//1548 2383//1548 2414//1548 2453//1548
f 2301//1549 2332//1549 2589//1549 2487//1549
f 2590//1550 2488//1550 2302//1550 2333//1550
f 2645//1551 2230//1551 2228//1551 2677//1551
f 2229//1552 2231//1552 2646//1552 2678//1552
f 2413//1553 2458//1553 2430//1553 2382//1553
f 2431//1554 2459//1554 2414//1554 2383//1554
f 2464//1555 2424//1555 2350//1555 2480//1555
f 2351//1556 2425//1557 2465//1556 2479//1556
f 2378//1558 2695//1558 2436//1558 2250//1558
f 2437//1559 2696//1559 2379//1559 2251//1559
f 2444//1560 2458//1560 2413//1560 2405//1560
f 2414//1561 2459//1561 2445//1561 2406//1561
f 2514//1562 2506//1562 2415//1562 2311//1562
f 2416//1563 2507//1563 2515//1563 2312//1563
f 2424//1564 2464//1564 2461//1564 2405//1564
f 2462//1565 2406//1565 2425//1565 2465//1565
f 2589//1566 2572//1566 2299//1566 2332//1566
f 2300//1567 2573//1567 2590//1567 2333//1567
f 2600//1568 2512//1568 2305//1568 2352//1568
f 2306//1569 2513//1569 2601//1569 2353//1569
f 2431//1570 2358//1570 2478//1570
f 2430//1571 2477//1571 2357//1571
f 2404//1572 2527//1572 2502//1572 2337//1572
f 2503//1573 2527//1573 2404//1573 2338//1573
f 2407//1574 2533//1574 2468//1574 2397//1574
f 2469//1575 2534//1575 2408//1575 2398//1575
f 2428//1576 2393//1576 2483//1576 2504//1576
f 2484//1577 2394//1577 2429//1577 2505//1577
f 2608//1578 2323//1578 2395//1578 2512//1578
f 2396//1578 2324//1578 2609//1578 2513//1578
f 2468//1579 2401//1579 2475//1579 2494//1579
f 2493//1580 2519//1580 2469//1580 2402//1580
f 2307//1581 2195//1581 2574//1581 2760//1581
f 2617//1582 2322//1582 2321//1582 2616//1582
f 2539//1583 2606//1583 2421//1583 2319//1583
f 2540//1584 2320//1584 2422//1584 2607//1584
f 2390//1585 2576//1585 2557//1585 2339//1585
f 2558//1586 2576//1586 2390//1586 2340//1586
f 2471//1587 2583//1587 2487//1587 2370//1587
f 2488//1588 2371//1588 2472//1588 2584//1588
f 2506//1589 2415//1589 2452//1589 2523//1589
f 2453//1590 2524//1590 2507//1590 2416//1590
f 2689//1591 2285//1591 2237//1591 2720//1591
f 2238//1592 2286//1592 2690//1592 2721//1592
f 2451//1593 2549//1593 2504//1593 2428//1593
f 2505//1594 2549//1594 2451//1594 2429//1594
f 2523//1595 2525//1595 2461//1595 2452//1595
f 2462//1596 2526//1596 2524//1596 2453//1596
f 2552//1597 2331//1597 2434//1597 2648//1597
f 2649//1598 2552//1598 2331//1598 2435//1598
f 2525//1599 2516//1599 2464//1599 2461//1599
f 2473//1600 2361//1600 2514//1600 2620//1600
f 2515//1601 2621//1601 2474//1601 2362//1601
f 2459//1602 2551//1602 2538//1602 2431//1602
f 2612//1603 2456//1603 2388//1603 2528//1603
f 2389//1604 2529//1604 2613//1604 2457//1604
f 2399//1605 2535//1605 2583//1605 2471//1605
f 2584//1606 2536//1606 2400//1606 2472//1606
f 2535//1607 2640//1607 2466//1607 2348//1607
f 2467//1608 2349//1608 2536//1608 2641//1608
f 2479//1609 2560//1609 2524//1609
f 2381//1610 2617//1610 2616//1610 2380//1610
f 2666//1611 2622//1611 2309//1611 2409//1611
f 2310//1612 2410//1612 2667//1612 2623//1612
f 2530//1613 2563//1613 2485//1613 2440//1613
f 2531//1614 2441//1614 2486//1614 2564//1614
f 2421//1615 2448//1615 2634//1615 2606//1615
f 2635//1616 2449//1616 2422//1616 2607//1616
f 2485//1617 2563//1617 2604//1617 2477//1617
f 2486//1618 2478//1618 2605//1618 2564//1618
f 2442//1619 2618//1619 2634//1619 2448//1619
f 2443//1620 2619//1620 2635//1620 2449//1620
f 2663//1621 2577//1621 2368//1621 2520//1621
f 2369//1622 2578//1622 2664//1622 2521//1622
f 2278//1623 2718//1623 2737//1623 2313//1623
f 2460//1624 2473//1624 2620//1624 2628//1624
f 2474//1625 2621//1625 2628//1625 2460//1625
f 2612//1626 2527//1626 2502//1626 2528//1626
f 2503//1627 2527//1627 2613//1627 2529//1627
f 2640//1628 2651//1628 2432//1628 2466//1628
f 2433//1629 2652//1629 2641//1629 2467//1629
f 2579//1630 2506//1630 2523//1630 2559//1630
f 2524//1631 2560//1631 2580//1631 2507//1631
f 2623//1632 2682//1632 2521//1632 2367//1632
f 2549//1633 2582//1633 2565//1633 2504//1633
f 2579//1634 2620//1634 2514//1634 2506//1634
f 2515//1635 2621//1635 2580//1635 2507//1635
f 2566//1636 2517//1636 2542//1636
f 2391//1637 2508//1637 2702//1637 2598//1637
f 2701//1638 2599//1638 2392//1638 2509//1638
f 2661//1639 2739//1639 2438//1639 2327//1639
f 2439//1640 2328//1640 2662//1640 2740//1640
f 2549//1641 2582//1641 2565//1641 2541//1641
f 2566//1642 2542//1642 2549//1642 2582//1642
f 2612//1643 2668//1643 2530//1643 2456//1643
f 2613//1644 2457//1644 2531//1644 2669//1644
f 2426//1645 2539//1645 2685//1645 2608//1645
f 2686//1646 2540//1646 2427//1646 2609//1646
f 2477//1647 2561//1647 2636//1647 2604//1647
f 2478//1648 2605//1648 2637//1648 2562//1648
f 2602//1649 2510//1649 2537//1649 2630//1649
f 2538//1650 2631//1650 2603//1650 2511//1650
f 2592//1651 2518//1651 2545//1651 2638//1651
f 2600//1652 2352//1652 2651//1652 2679//1652
f 2652//1653 2353//1653 2601//1653 2680//1653
f 2581//1654 2559//1654 2579//1654 2588//1654
f 2580//1655 2560//1655 2581//1655 2588//1655
f 2572//1656 2446//1656 2600//1656 2679//1656
f 2601//1657 2680//1657 2573//1657 2447//1657
f 2602//1658 2510//1658 2561//1658 2654//1658
f 2562//1659 2655//1659 2603//1659 2511//1659
f 2583//1660 2699//1660 2589//1660 2487//1660
f 2590//1661 2700//1661 2584//1661 2488//1661
f 2630//1662 2537//1662 2550//1662 2656//1662
f 2551//1663 2657//1663 2631//1663 2538//1663
f 2629//1664 2581//1664 2559//1664 2614//1664
f 2638//1665 2656//1665 2550//1665 2545//1665
f 2551//1666 2546//1666 2639//1666 2657//1666
f 2588//1667 2628//1667 2620//1667 2579//1667
f 2621//1668 2580//1668 2588//1668 2628//1668
f 2618//1669 2685//1669 2608//1669 2512//1669
f 2619//1670 2686//1670 2609//1670 2513//1670
f 2642//1671 2638//1671 2592//1671 2597//1671
f 2593//1672 2639//1672 2642//1672 2597//1672
f 2535//1673 2583//1673 2699//1673 2640//1673
f 2700//1674 2584//1674 2536//1674 2641//1674
f 2576//1675 2659//1675 2670//1675 2557//1675
f 2558//1676 2671//1676 2659//1676 2576//1676
f 2557//1677 2670//1677 2713//1677 2498//1677
f 2714//1678 2671//1678 2558//1678 2499//1678
f 2668//1679 2530//1679 2563//1679 2711//1679
f 2564//1680 2531//1680 2669//1680 2712//1680
f 2653//1681 2647//1681 2630//1681 2602//1681
f 2631//1682 2603//1682 2653//1682 2647//1682
f 2555//1683 2772//1683 2689//1683 2335//1683
f 2690//1684 2773//1684 2556//1684 2336//1684
f 2699//1685 2589//1685 2572//1685 2679//1685
f 2573//1686 2590//1686 2700//1686 2680//1686
f 2606//1687 2708//1687 2685//1687 2539//1687
f 2686//1688 2709//1688 2607//1688 2540//1688
f 2647//1689 2630//1689 2656//1689 2665//1689
f 2657//1690 2665//1690 2647//1690 2631//1690
f 2665//1691 2642//1691 2638//1691 2656//1691
f 2639//1692 2642//1692 2665//1692 2657//1692
f 2438//1693 2454//1693 2767//1693 2739//1693
f 2768//1694 2455//1694 2439//1694 2740//1694
f 2648//1695 2434//1695 2672//1695 2749//1695
f 2673//1696 2435//1696 2649//1696 2751//1696
f 2578//1697 2594//1697 2724//1697 2664//1697
f 2650//1698 2688//1698 2668//1698 2612//1698
f 2669//1699 2688//1699 2650//1699 2613//1699
f 2653//1700 2698//1700 2683//1700 2602//1700
f 2684//1701 2603//1701 2653//1701 2698//1701
f 2685//1702 2708//1702 2634//1702 2618//1702
f 2635//1703 2619//1703 2686//1703 2709//1703
f 2640//1704 2699//1704 2679//1704 2651//1704
f 2680//1705 2700//1705 2641//1705 2652//1705
f 2750//1706 2649//1707 2552//1708 2648//1709
f 2733//1710 2604//1710 2563//1710 2711//1710
f 2564//1711 2605//1711 2734//1711 2712//1711
f 2754//1712 2701//1712 2509//1712 2611//1712
f 2508//1713 2610//1713 2755//1713 2702//1713
f 2703//1714 2733//1714 2604//1714 2636//1714
f 2605//1715 2734//1715 2704//1715 2637//1715
f 2522//1716 2571//1716 2759//1716 2746//1716
f 2675//1717 2821//1717 2695//1717 2378//1717
f 2696//1718 2822//1718 2676//1718 2379//1718
f 2591//1719 2727//1719 2772//1719 2555//1719
f 2773//1720 2727//1720 2591//1720 2556//1720
f 2704//1721 2729//1721 2684//1721 2655//1721
f 2713//1722 2823//1722 2575//1722 2498//1722
f 2688//1723 2668//1723 2711//1723 2723//1723
f 2712//1724 2669//1724 2688//1724 2723//1724
f 2574//1725 2499//1725 2714//1725 2825//1725
f 2719//1726 2724//1726 2663//1726 2681//1726
f 2664//1727 2724//1727 2719//1727 2682//1727
f 2719//1728 2745//1728 2716//1728 2681//1728
f 2450//1729 2491//1729 2834//1729 2815//1729
f 2833//1730 2497//1730 2470//1730 2814//1730
f 2871//1731 2864//1731 2254//1731 2403//1731
f 2691//1732 2791//1732 2755//1732 2610//1732
f 2754//1733 2611//1733 2692//1733 2792//1733
f 2624//606 2866//606 2767//606 2454//606
f 2768//606 2867//606 2625//606 2455//606
f 2570//1734 2501//1734 2801//1734 2836//1734
f 2800//1735 2837//1735 2569//1735 2500//1735
f 2734//1736 2764//1736 2723//1736 2712//1736
f 2733//1737 2703//1737 2728//1737 2764//1737
f 2806//1738 2586//1738 2567//1738 2808//1738
f 2568//1739 2587//1739 2807//1739 2809//1739
f 2818//1740 2806//1740 2586//1740 2553//1740
f 2587//1741 2807//1741 2819//1741 2554//1741
f 2831//1742 2660//1742 2470//1742 2814//1742
f 2881//1743 2492//1743 2343//1743 2852//1743
f 2363//1744 2856//1744 2879//1744 2482//1744
f 2808//1745 2826//1745 2645//1745 2567//1745
f 2646//1746 2827//1746 2809//1746 2568//1746
f 2779//1747 2826//1747 2645//1747 2677//1747
f 2646//1748 2678//1748 2780//1748 2827//1748
f 2750//1706 2648//1709 2749//1749 2816//1749
f 2751//1749 2649//1707 2750//1706 2817//1749
f 2707//1750 2687//1750 2785//1750 2795//1750
f 2736//1751 2570//1751 2836//1751 2782//1751
f 2837//1752 2569//1752 2735//1752 2781//1752
f 2710//1753 2707//1753 2795//1753 2788//1753
f 2792//1754 2771//1754 2762//1754 2692//1754
f 2763//1755 2691//1755 2791//1755 2770//1755
f 2816//1756 2776//1756 2672//1756 2749//1756
f 2673//1757 2777//1757 2817//1757 2751//1757
f 2848//1758 2772//1758 2689//1758 2720//1758
f 2690//1759 2721//1759 2849//1759 2773//1759
f 2491//1760 2834//1760 2886//1760 2633//1760
f 2885//1761 2632//1761 2497//1761 2833//1761
f 2771//1762 2762//1762 2782//1762 2736//1762
f 2781//1763 2735//1763 2770//1763 2763//1763
f 2848//1764 2818//1764 2553//1764 2720//1764
f 2554//1765 2721//1765 2849//1765 2819//1765
f 2831//1766 2855//1766 2674//1766 2660//1766
f 2889//1767 2585//1767 2403//1767 2871//1767
f 2624//1768 2866//1768 2821//1768 2675//1768
f 2822//1769 2676//1769 2625//1769 2867//1769
f 2812//1770 2725//1770 2693//1770 2830//1770
f 2694//1771 2830//1771 2812//1771 2726//1771
f 2695//1772 2821//1772 2868//1772 2661//1772
f 2869//1773 2822//1773 2696//1773 2662//1773
f 2830//1774 2846//1774 2731//1774 2693//1774
f 2732//1775 2694//1775 2830//1775 2846//1775
f 2759//1776 2746//1776 2790//1776 2804//1776
f 2832//1777 2744//1777 2756//1777 2784//1777
f 2760//1778 2862//1778 2825//1778 2574//1778
f 2823//1779 2575//1779 2769//1779 2863//1779
f 2774//1780 2799//1780 2786//1780 2765//1780
f 2787//1781 2766//1781 2774//1781 2799//1781
f 2748//1782 2794//1782 2842//1782 2743//1782
f 2798//1783 2727//1783 2772//1783 2848//1783
f 2773//1784 2849//1784 2798//1784 2727//1784
f 2846//1785 2842//1785 2742//1785 2731//1785
f 2743//1786 2842//1786 2846//1786 2732//1786
f 2884//1787 2880//1787 2463//1787 2753//1787
f 2829//1788 2793//1788 2786//1788 2799//1788
f 2787//1789 2799//1789 2829//1789 2794//1789
f 2845//1790 2817//1790 2750//1790 2816//1790
f 2897//1791 2889//1791 2585//1791 2752//1791
f 2828//1792 2826//1792 2779//1792 2803//1792
f 2780//1793 2827//1793 2828//1793 2803//1793
f 2845//1794 2802//1794 2776//1794 2816//1794
f 2817//1795 2845//1795 2802//1795 2777//1795
f 2813//1796 2796//1796 2818//1796 2806//1796
f 2819//1797 2796//1797 2813//1797 2807//1797
f 2907//1798 2705//1798 2632//1798 2885//1798
f 2633//1799 2706//1799 2908//1799 2886//1799
f 2810//104 2813//104 2806//104 2808//104
f 2807//104 2813//104 2810//104 2809//104
f 2796//1800 2798//1800 2848//1800 2818//1800
f 2849//1801 2819//1801 2796//1801 2798//1801
f 2810//1802 2828//1802 2826//1802 2808//1802
f 2809//1803 2810//1803 2828//1803 2827//1803
f 2820//1804 2784//1804 2832//1804 2840//1804
f 2795//1805 2785//1805 2838//1805 2865//1805
f 2836//1806 2782//1806 2797//1806 2872//1806
f 2797//1807 2781//1807 2837//1807 2872//1807
f 2851//1808 2865//1808 2795//1808 2788//1808
f 2868//1809 2739//1809 2767//1809 2913//1809
f 2768//1810 2740//1810 2869//1810 2912//1810
f 2836//1811 2801//1811 2850//1811 2872//1811
f 2850//1812 2872//1812 2837//1812 2800//1812
f 2834//1813 2815//1813 2876//1813 2896//1813
f 2843//1814 2823//1814 2863//1814 2904//1814
f 2862//1815 2825//1815 2847//1815 2906//1815
f 2815//1816 2870//1816 2877//1816 2876//1816
f 2900//1817 2853//1817 2838//1817 2865//1817
f 2851//1818 2865//1818 2900//1818 2861//1818
f 2866//1819 2913//1819 2868//1819 2821//1819
f 2869//1820 2912//1820 2867//1820 2822//1820
f 2895//1821 2875//1821 2833//1821 2885//1821
f 2841//1822 2758//1822 2923//1822 2911//1822
f 2911//1823 2824//1823 2853//1823 2900//1823
f 2882//1824 2811//1824 2880//1824 2917//1824
f 2876//1825 2883//1825 2890//1825 2877//1825
f 2883//1826 2875//1826 2878//1826 2890//1826
f 2905//1827 2918//1827 2855//1827 2831//1827
f 2861//1828 2841//1828 2911//1828 2900//1828
f 2854//1829 2859//1829 2919//1829 2898//1829
f 2893//1830 2919//1830 2859//1830 2858//1830
f 2886//1831 2834//1831 2896//1831 2915//1831
f 2894//1832 2883//1832 2875//1832 2895//1832
f 2876//1833 2883//1833 2894//1833 2896//1833
f 2911//1834 2923//1834 2884//1834 2824//1834
f 2887//1835 2893//1835 2916//1835 2888//1835
f 2914//1836 2895//1836 2885//1836 2907//1836
f 2909//1837 2914//1837 2895//1837 2894//1837
f 2896//1838 2915//1838 2909//1838 2894//1838
f 2923//1839 2917//1839 2880//1839 2884//1839
f 2919//1840 2910//1840 2897//1840 2898//1840
f 2926//1841 2889//1841 2871//1841 2920//1841
f 2920//1842 2941//1842 2864//1842 2871//1842
f 2910//1843 2926//1843 2889//1843 2897//1843
f 2899//1844 2909//1844 2914//1844 2901//1844
f 2915//1845 2902//1845 2899//1845 2909//1845
f 2888//1846 2916//1846 2925//1846 2903//1846
f 2893//1847 2919//1847 2910//1847 2916//1847
f 2924//1848 2905//1848 2918//1848 2927//1848
f 2916//1849 2925//1849 2926//1849 2910//1849
f 2925//1850 2938//1850 2920//1850 2926//1850
f 2929//1851 2943//1851 2942//1851 2928//1851
f 2928//1852 2942//1852 2944//1852 2930//1852
f 2945//1853 2931//1853 2929//1853 2943//1853
f 2944//1854 2930//1854 2932//1854 2946//1854
f 2947//1855 2945//1855 2931//1855 2933//1855
f 2948//1856 2946//1856 2932//1856 2934//1856
f 2935//1857 2949//1857 2947//1857 2933//1857
f 2936//1858 2934//1858 2948//1858 2950//1858
f 2949//1859 2935//1859 2937//1859 2951//1859
f 2951//1860 2937//1860 2936//1860 2950//1860
f 2953//1861 2943//1861 2942//1861 2952//1861
f 2952//1862 2954//1862 2944//1862 2942//1862
f 2955//1863 2945//1863 2943//1863 2953//1863
f 2956//1864 2946//1864 2944//1864 2954//1864
f 2945//1865 2947//1865 2957//1865 2955//1865
f 2956//1866 2946//1866 2948//1866 2958//1866
f 2947//1867 2957//1867 2959//1867 2949//1867
f 2960//1868 2958//1868 2948//1868 2950//1868
f 2959//1869 2949//1869 2951//1869 2961//1869
f 2961//1870 2951//1870 2950//1870 2960//1870
f 2963//1871 2953//1871 2952//1871 2962//1871
f 2952//1872 2954//1872 2964//1872 2962//1872
f 2955//1873 2953//1873 2963//1873 2965//1873
f 2954//1874 2964//1874 2966//1874 2956//1874
f 2968//1875 2965//1875 2955//1875 2957//1875
f 2958//1876 2969//1876 2966//1876 2956//1876
f 2968//1877 2970//1877 2959//1877 2957//1877
f 2960//1878 2971//1878 2969//1878 2958//1878
f 2959//1879 2970//1879 2972//1879 2961//1879
f 2972//1880 2961//1880 2960//1880 2971//1880
f 27//1881 3//1881 16//1881 42//1881
f 21//1882 39//1882 36//1882 20//1882
f 53//1883 42//1883 16//1883 33//1883
f 66//1884 80//1884 100//1884 98//1884
f 84//1885 91//1885 120//1885 119//1885
f 119//1886 158//1886 195//1886 120//1886
f 133//1887 153//1887 199//1887 149//1887
f 200//1888 155//1888 133//1888 149//1888
f 133//1889 153//1889 202//1889 151//1889
f 155//1890 203//1890 151//1890 133//1890
f 134//1891 150//1891 201//1891 154//1891
f 134//1892 152//1892 205//1892 154//1892
f 204//1893 156//1893 134//1893 150//1893
f 206//1890 152//1890 134//1890 156//1890
f 172//104 173//104 183//104 181//104
f 187//104 185//104 178//104 179//104
f 185//104 187//104 191//104 189//104
f 186//104 188//104 192//104 190//104
f 186//104 190//104 194//104 184//104
f 204//1894 333//1894 323//1894 150//1894
f 296//1895 291//1895 144//1895 138//1895
f 137//1896 229//1896 298//1896 142//1896
f 138//1897 311//1897 305//1897 144//1897
f 308//1898 312//1898 139//1898 145//1898
f 289//1899 286//1899 143//1899 141//1899
f 298//1900 142//1900 145//1900 295//1900
f 309//1901 142//1901 145//1901 308//1901
f 163//1902 138//1902 311//1902 167//1902
f 219//1903 137//1903 161//1903 272//1903
f 163//1904 138//1904 290//1904 284//1904
f 138//1905 296//1905 305//1905 140//1905
f 163//1906 138//1906 164//1906 313//1906
f 164//1907 140//1907 315//1907 316//1907
f 306//1908 166//1908 167//1908 313//1908
f 167//1909 164//1909 316//1909 314//1909
f 317//1910 318//1910 153//1910 199//1910
f 153//1911 318//1911 322//1911 202//1911
f 205//1912 154//1912 324//1912 330//1912
f 332//1913 328//1913 173//1913 203//1913
f 333//1914 204//1914 156//1914 338//1914
f 156//1915 338//1915 337//1915 176//1915
f 171//1916 319//1916 342//1916 180//1916
f 173//1917 183//1917 344//1917 328//1917
f 346//1918 341//1918 179//1918 187//1918
f 343//1919 182//1919 193//1919 349//1919
f 346//1920 187//1920 191//1920 352//1920
f 191//1921 352//1921 348//1921 189//1921
f 192//1922 353//1922 350//1922 190//1922
f 350//1923 351//1923 194//1923 190//1923
f 209//1924 259//1924 270//1924 168//1924
f 263//1925 208//1925 168//1925 272//1925
f 169//1926 209//1926 260//1926 278//1926
f 267//1927 209//1927 169//1927 281//1927
f 166//1928 210//1928 268//1928 284//1928
f 297//1929 279//1929 211//1929 166//1929
f 284//1930 290//1930 163//1930 166//1930
f 306//1931 167//1931 166//1931 297//1931
f 252//1932 254//1932 208//1932 213//1932
f 263//1933 267//1933 208//1933 214//1933
f 266//1934 210//1934 215//1934 257//1934
f 215//1935 210//1935 268//1935 258//1935
f 210//1936 262//1936 265//1936 211//1936
f 276//1937 264//1937 216//1937 211//1937
f 295//1938 229//1938 198//1938 320//1938
f 222//1939 244//1939 252//1939 213//1939
f 245//1940 253//1940 214//1940 224//1940
f 246//1941 222//1941 213//1941 256//1941
f 257//1942 248//1942 223//1942 215//1942
f 247//1943 223//1943 215//1943 258//1943
f 249//1944 261//1944 214//1944 224//1944
f 225//1945 251//1945 264//1945 216//1945
f 273//1946 228//1946 219//1946 271//1946
f 287//1947 302//1947 229//1947 237//1947
f 332//1948 203//1948 338//1948 391//1948
f 339//1949 394//1949 336//1949 206//1949
f 285//1950 358//1950 365//1950 292//1950
f 287//1951 300//1951 365//1951 358//1951
f 273//1952 364//1952 375//1952 271//1952
f 366//1953 244//1953 252//1953 376//1953
f 245//1954 253//1954 377//1954 368//1954
f 246//1955 366//1955 376//1955 256//1955
f 257//1956 378//1956 367//1956 248//1956
f 249//1957 368//1957 377//1957 261//1957
f 250//1958 369//1958 379//1958 262//1958
f 369//1959 251//1959 264//1959 379//1959
f 384//1960 253//1960 255//1960 259//1960
f 303//1961 365//1961 392//1961 333//1961
f 252//1962 376//1962 383//1962 254//1962
f 383//1963 377//1963 254//1963 255//1963
f 261//1964 263//1964 377//1964 376//1964
f 266//1965 385//1965 378//1965 257//1965
f 379//1966 386//1966 277//1966 262//1966
f 276//1967 264//1967 379//1967 386//1967
f 384//1968 423//1968 270//1968 259//1968
f 263//1969 272//1969 423//1969 383//1969
f 421//1970 284//1970 268//1970 385//1970
f 427//1971 290//1971 284//1971 421//1971
f 306//1972 297//1972 421//1972 422//1972
f 424//1973 278//1973 260//1973 384//1973
f 267//1974 384//1974 424//1974 281//1974
f 400//1975 403//1975 340//1975 327//1975
f 402//1976 337//1976 341//1976 405//1976
f 399//1977 328//1977 344//1977 409//1977
f 346//1978 413//1978 405//1978 341//1978
f 346//1979 352//1979 419//1979 413//1979
f 350//1980 418//1980 416//1980 351//1980
f 419//1981 417//1981 348//1981 352//1981
f 390//1982 432//1982 319//1982 323//1982
f 389//1983 433//1983 324//1983 320//1983
f 393//1984 331//1984 324//1984 433//1984
f 434//1985 399//1985 328//1985 329//1985
f 435//1986 338//1986 337//1986 394//1986
f 122//1987 356//1987 513//1987 220//1987
f 293//1988 295//1988 443//1988 426//1988
f 427//1989 448//1989 290//1989 284//1989
f 427//1990 448//1990 311//1990 313//1990
f 428//1991 450//1991 315//1991 316//1991
f 289//1992 445//1992 441//1992 286//1992
f 442//1993 445//1993 299//1993 305//1993
f 298//1994 295//1994 443//1994 446//1994
f 296//1995 448//1995 442//1995 291//1995
f 295//1996 293//1996 449//1996 446//1996
f 446//1997 298//1997 365//1997 447//1997
f 311//1998 296//1998 442//1998 428//1998
f 392//1999 437//1999 323//1999 333//1999
f 398//104 407//104 406//104 397//104
f 398//104 399//104 409//104 407//104
f 413//104 411//104 404//104 405//104
f 411//104 413//104 419//104 417//104
f 434//2000 453//2000 438//2000 391//2000
f 454//2001 439//2001 393//2001 433//2001
f 435//2000 454//2000 439//2000 394//2000
f 478//2002 523//2002 522//2002 477//2002
f 516//2003 477//2003 486//2003 524//2003
f 505//2004 511//2004 514//2004 551//2004
f 548//2005 533//2005 536//2006 539//2005
f 501//2007 509//2007 610//2007 600//2007
f 523//2008 586//2008 585//2008 522//2008
f 585//2009 522//2009 526//2009 593//2009
f 601//2010 630//2010 515//2010 471//2010
f 540//2011 603//2011 605//2011 547//2011
f 635//2012 643//2012 502//2012 500//2012
f 665//2013 632//2013 513//2013 613//2013
f 610//2014 600//2014 640//2014 669//2014
f 628//2015 712//2015 639//2015 608//2015
f 621//2016 710//2016 669//2016 610//2016
f 677//2017 654//2017 631//2017 614//2017
f 644//2018 671//2018 654//2018 618//2018
f 621//2019 617//2019 679//2019 710//2019
f 623//2020 629//2020 718//2020 672//2020
f 685//2021 668//2021 635//2021 642//2021
f 628//2022 629//2022 718//2022 712//2022
f 645//2023 641//2023 695//2023 687//2023
f 645//2024 687//2024 677//2024 654//2024
f 712//2025 638//2025 643//2025 718//2025
f 648//2026 675//2026 720//2026 680//2026
f 688//2027 676//2027 660//2027 723//2027
f 661//2028 724//2028 688//2028 676//2028
f 659//2029 662//2029 756//2029 765//2029
f 707//2030 686//2030 709//2030 732//2030
f 775//2031 784//2031 678//2031 689//2031
f 868//2032 899//2032 723//2032 688//2032
f 932//2033 852//2033 761//2033 778//2033
f 762//2034 853//2034 933//2034 779//2034
f 819//2035 992//2035 798//2035 752//2035
f 799//2036 752//2036 819//2036 993//2036
f 899//2037 723//2037 780//2037 970//2037
f 781//2038 971//2038 900//2038 724//2038
f 980//2039 682//2039 833//2039 1057//2039
f 834//2040 1058//2040 981//2040 683//2040
f 844//2041 788//2041 994//2041 998//2041
f 995//2042 789//2042 844//2042 998//2042
f 970//2043 1031//2043 845//2043 780//2043
f 846//2044 1032//2044 971//2044 781//2044
f 880//2045 831//2045 956//2045 999//2045
f 1179//2046 1129//2046 737//2046 796//2046
f 738//2047 1130//2047 1180//2047 797//2047
f 929//2048 811//2048 1014//2048 1086//2048
f 992//2049 798//2049 1189//2049 1153//2049
f 793//2050 1234//2050 1257//2050 886//2050
f 1169//2051 1136//2051 953//2051 945//2051
f 1192//2052 1126//2052 998//2052 995//2052
f 1294//2053 1260//2053 1039//2053 805//2053
f 1295//2054 806//2054 1040//2054 1261//2054
f 1117//2055 1105//2055 1104//2055 1116//2055
f 1302//2056 994//2056 1089//2056 1270//2056
f 1090//2057 1271//2057 1303//2057 995//2057
f 1067//2058 1082//2058 1231//2058 1392//2058
f 1232//2059 1393//2059 1067//2059 1082//2059
f 994//2060 1302//2060 1349//2060 1191//2060
f 999//2061 1469//2061 1490//2061 956//2061
f 1000//2062 957//2062 1491//2062 1470//2062
f 1116//2063 1104//2063 1308//2063 1337//2063
f 1309//2064 1105//2064 1117//2064 1340//2064
f 1067//2065 1122//2065 1342//2065 1392//2065
f 1343//2066 1122//2066 1067//2066 1393//2066
f 1141//2067 1159//2067 1409//2067 1338//2067
f 1410//2068 1339//2068 1142//2068 1160//2068
f 1323//2069 1630//2069 1325//2069 1112//2069
f 1324//2070 1113//2070 1326//2070 1631//2070
f 1476//2071 1603//2071 1158//2071 1241//2071
f 1564//2072 1147//2072 1219//2072 1546//2072
f 1247//2073 1359//2073 1498//2073 1333//2073
f 1499//2074 1360//2074 1248//2074 1334//2074
f 1571//2075 1280//2075 1255//2075 1465//2075
f 1160//2076 1410//2076 1589//2076 1723//2076
f 1260//2077 1193//2077 1716//2077 1758//2077
f 1528//2078 1635//2078 1498//2078 1333//2078
f 1780//2079 1812//2079 1234//2079 1257//2079
f 1580//2080 1668//2080 1572//2080 1534//2080
f 1670//2081 1880//2081 1594//2081 1439//2081
f 1671//2082 1881//2082 1595//2082 1440//2082
f 1872//2083 1882//2083 1602//2083 1475//2083
f 1873//2084 1476//2084 1603//2084 1883//2084
f 1667//2085 1915//2085 1775//2085 1495//2085
f 1974//2086 1469//2086 1490//2086 1962//2086
f 1491//2087 1963//2087 1975//2087 1470//2087
f 1648//2088 1937//2088 1760//2088 1536//2088
f 1761//2089 1938//2089 1649//2089 1537//2089
f 1877//2090 1483//2090 1711//2090 1893//2090
f 1999//2091 1944//2091 1464//2091 1604//2091
f 1577//2092 1684//2092 1991//2092 1871//2092
f 1906//2093 1910//2093 1620//2093 1696//2093
f 1621//2094 1697//2094 1907//2094 1911//2094
f 2040//2095 2079//2095 1564//2095 1546//2095
f 1694//2096 1701//2096 1974//2096 1962//2096
f 1975//2097 1963//2097 1695//2097 1702//2097
f 2036//2098 1834//2098 1660//2098 1820//2098
f 1661//2099 1835//2099 2037//2099 1821//2099
f 2163//2100 1650//2100 1592//2100 1966//2100
f 1651//2101 2164//2101 1989//2101 1686//2101
f 2014//2102 1990//2102 1683//2102 1820//2102
f 1684//2103 1991//2103 2015//2103 1821//2103
f 1927//2104 2096//2104 1806//2104 1698//2104
f 1805//2105 2097//2105 1926//2105 1709//2105
f 1896//2106 2067//2106 1970//2106 1632//2106
f 1971//2107 2068//2107 1897//2107 1633//2107
f 1884//2108 1945//2108 1902//2108 1828//2108
f 1903//2109 1946//2109 1885//2109 1829//2109
f 1920//2110 2172//2110 1880//2110 1670//2110
f 2051//2111 2237//2111 2198//2111 1826//2111
f 1758//2112 2198//2112 2159//2112 1716//2112
f 1951//2113 1992//2113 1972//2113 1939//2113
f 1973//2114 1940//2114 1952//2114 1993//2114
f 1750//2115 1836//2115 2215//2115 2147//2115
f 1939//2116 1908//2116 2073//2116 2100//2116
f 2038//2117 2174//2117 2036//2117 1820//2117
f 2037//2118 2175//2118 2039//2118 1821//2118
f 1951//2119 1939//2119 2100//2119 2063//2119
f 2101//2120 1940//2120 1952//2120 2064//2120
f 2279//2121 2065//2121 1687//2121 2008//2121
f 2280//2122 2009//2122 1688//2122 2066//2122
f 2064//2123 1952//2123 1993//2123 2093//2123
f 2202//2124 1910//2124 1906//2124 2151//2124
f 2194//2125 1994//2125 1927//2125 2096//2125
f 1926//2126 2097//2126 2195//2126 1995//2126
f 1970//2127 2067//2127 2118//2127 2053//2127
f 2094//2128 2196//2128 2174//2128 2001//2128
f 2108//2129 2090//2129 2135//2129 2161//2129
f 2136//2130 2091//2130 2109//2130 2162//2130
f 1845//2131 1838//2131 2598//2131 2391//2131
f 2599//2132 1839//2132 1846//2132 2392//2132
f 2297//2133 2232//2133 1980//2133 2065//2133
f 1981//2134 2066//2134 2298//2134 2233//2134
f 2297//2135 2082//2135 1999//2135 2232//2135
f 2000//2136 2233//2136 2298//2136 2083//2136
f 2030//2137 2008//2137 2241//2137 2384//2137
f 2031//2138 2385//2138 2242//2138 2009//2138
f 2108//2139 2192//2139 2255//2139 2161//2139
f 2256//2140 2193//2140 2109//2140 2162//2140
f 2049//2141 2028//2141 2378//2141 2250//2141
f 2379//2142 2029//2142 2050//2142 2251//2142
f 2282//2143 2107//2143 2013//2143 2318//2143
f 2224//2144 2287//2144 2135//2144 2090//2144
f 2060//2145 2322//2145 2321//2145 2059//2145
f 2674//2146 2660//2146 1886//2146 1847//2146
f 2142//2147 2369//2147 2296//2147 2115//2147
f 2380//2148 2344//2148 2176//2148 2147//2148
f 2177//2149 2345//2149 2381//2149 2148//2149
f 2256//2150 2193//2150 2248//2150 2330//2150
f 2409//2151 2309//2151 2082//2151 2297//2151
f 2224//2152 2287//2152 2329//2152 2247//2152
f 2330//2153 2248//2153 2225//2153 2288//2153
f 2321//2154 2166//2154 2215//2154 2616//2154
f 2079//2155 2040//2155 2643//2155 2697//2155
f 2315//2156 2274//2156 2287//2156 2348//2156
f 2288//2157 2275//2157 2316//2157 2349//2157
f 2287//2158 2303//2158 2355//2158 2329//2158
f 2356//2159 2330//2159 2288//2159 2304//2159
f 2553//2160 2586//2160 2159//2160 2198//2160
f 2485//2161 2440//2161 2279//2161 2317//2161
f 2326//2162 2503//2162 2529//2162 2242//2162
f 2354//2163 2428//2163 2451//2163 2408//2163
f 2428//2164 2483//2164 2386//2164 2346//2164
f 2387//2165 2347//2165 2429//2165 2484//2165
f 2425//2166 2342//2166 2402//2166 2476//2166
f 2451//2167 2429//2167 2354//2167 2407//2167
f 2406//2168 2373//2168 2387//2168 2465//2168
f 2359//2169 2495//2169 2475//2169 2372//2169
f 2360//2170 2496//2170 2476//2170 2373//2170
f 2461//2171 2452//2171 2413//2171 2444//2171
f 2414//2172 2453//2172 2462//2172 2445//2172
f 2424//2173 2405//2173 2444//2173 2475//2173
f 2445//2174 2406//2174 2425//2174 2476//2174
f 2532//2175 2354//2175 2407//2175 2533//2175
f 2408//2176 2534//2176 2532//2176 2354//2176
f 2483//2177 2494//2177 2464//2177 2480//2177
f 2575//2178 2194//2178 2308//2178 2769//2178
f 2518//2179 2444//2179 2458//2179 2545//2179
f 2465//2180 2517//2180 2526//2180 2462//2180
f 2537//2181 2430//2181 2458//2181 2550//2181
f 2545//2182 2550//2182 2458//2182 2444//2182
f 2516//2183 2541//2183 2480//2183 2464//2183
f 2519//2184 2493//2184 2469//2184 2543//2184
f 2468//2185 2494//2185 2518//2185 2544//2185
f 2565//2186 2516//2186 2483//2186 2504//2186
f 2484//2187 2505//2187 2566//2187 2548//2187
f 2533//2188 2468//2188 2547//2188 2592//2188
f 2548//2189 2469//2189 2534//2189 2593//2189
f 2520//2190 2681//2190 2622//2190 2366//2190
f 2614//2191 2565//2192 2516//2193 2525//2192
f 2597//1887 2532//1887 2533//1887 2592//1887
f 2534//1891 2593//1891 2597//1891 2532//1891
f 2593//2194 2543//2194 2534//2194 2597//2194
f 2546//2195 2639//2195 2593//2195 2519//2195
f 2615//1664 2560//1664 2581//1664 2629//1664
f 2629//2196 2582//2196 2565//2196 2614//2196
f 2724//2197 2594//2197 2577//2197 2663//2197
f 2811//2198 2880//2198 2463//2198 2011//2198
f 2775//2199 2481//2199 2423//2199 2757//2199
f 2738//2200 2698//2200 2683//2200 2728//2200
f 2717//2201 2745//2201 2719//2201 2682//2201
f 2723//2202 2711//2202 2733//2202 2764//2202
f 2783//2203 2778//2203 2658//2203 2722//2203
f 2697//2204 2450//2204 2815//2204 2870//2204
f 2832//2205 2744//2205 2761//2205 2789//2205
f 2697//2206 2643//2206 2860//2206 2870//2206
f 2842//2207 2742//2207 2747//2207 2793//2207
f 2804//2208 2775//2208 2757//2208 2790//2208
f 2737//2209 2718//2209 2844//2209 2857//2209
f 2891//2210 2595//2210 2705//2210 2907//2210
f 2706//2211 2596//2211 2892//2211 2908//2211
f 2835//2212 2789//2212 2832//2212 2840//2212
f 2844//2213 2805//2213 2835//2213 2857//2213
f 2715//2214 2882//2214 2917//2214 2741//2214
f 2875//2215 2833//2215 2814//2215 2878//2215
f 2758//2216 2741//2216 2917//2216 2923//2216
f 2860//2217 2927//2217 2924//2217 2870//2217
f 2901//2218 2914//2218 2907//2218 2891//2218
f 2908//2219 2892//2219 2902//2219 2915//2219
f 99//2220 42//2220 53//2220 105//2220
f 172//104 181//104 180//104 171//104
f 141//2221 143//2221 237//2221 286//2221
f 166//2222 163//2222 296//2222 211//2222
f 292//2223 281//2223 162//2223 139//2223
f 145//2224 161//2224 293//2224 307//2224
f 281//2225 168//2225 169//2225 294//2225
f 300//2226 333//2226 204//2226 229//2226
f 323//2227 322//2227 198//2227 171//2227
f 357//2228 274//2228 218//2228 269//2228
f 209//2229 259//2229 255//2229 253//2229
f 279//2230 306//2230 166//2230 210//2230
f 216//2231 225//2231 250//2231 262//2231
f 235//2232 234//2232 247//2232 225//2232
f 242//2233 360//2233 246//2233 247//2233
f 237//2234 292//2234 282//2234 283//2234
f 265//2235 269//2235 357//2235 277//2235
f 363//2236 362//2236 247//2236 369//2236
f 247//2237 367//2237 378//2237 258//2237
f 279//2238 385//2238 421//2238 306//2238
f 374//2228 274//2228 236//2228 269//2228
f 236//2239 273//2239 357//2239 275//2239
f 237//2240 287//2240 375//2240 282//2240
f 358//2241 287//2241 237//2241 285//2241
f 291//2242 321//2242 395//2242 364//2242
f 293//2243 298//2243 396//2243 389//2243
f 378//2244 258//2244 268//2244 385//2244
f 297//2245 421//2245 386//2245 279//2245
f 281//2246 294//2246 424//2246 423//2246
f 293//2247 449//2247 426//2247 281//2247
f 272//2248 449//2248 423//2248 267//2248
f 427//2249 422//2249 311//2249 448//2249
f 445//2250 286//2250 358//2250 441//2250
f 412//104 418//104 416//104 410//104
f 501//2251 611//2251 610//2251 475//2251
f 566//2252 555//2252 561//2252 571//2252
f 677//2253 614//2253 599//2253 652//2253
f 623//2254 672//2254 646//2254 611//2254
f 652//2255 636//2255 650//2255 728//2255
f 648//2256 688//2256 667//2256 641//2256
f 728//2257 689//2257 684//2257 726//2257
f 998//2258 994//2258 1191//2258 1126//2258
f 1350//2259 1303//2259 995//2259 1192//2259
f 1157//2260 1240//2260 1475//2260 1602//2260
f 1996//2261 1961//2261 1477//2261 1468//2261
f 2046//2262 1794//2262 1489//2262 1595//2262
f 1951//2263 1884//2263 1902//2263 1898//2263
f 1821//2264 1965//2264 2039//2264 1991//2264
f 2236//2265 2481//2265 2178//2265 1961//2265
f 2717//2266 2682//2266 2623//2266 2667//2266
f 2339//2267 2188//2267 2498//2267 2557//2267
f 2393//2268 2346//2268 2341//2268 2401//2269
f 2342//2270 2347//2270 2394//2270 2402//2270
f 2386//2271 2372//2271 2405//2271 2464//2271
f 2465//2272 2493//2272 2484//2272 2479//2272
f 2546//2273 2551//2273 2459//2273
f 2479//2274 2542//2274 2517//2274 2465//2274
f 2518//2275 2545//2275 2458//2275 2475//2275
f 2546//2276 2519//2276 2445//2276 2459//2276
f 2559//2277 2523//2277 2525//2277 2614//2277
f 2524//2278 2560//2278 2615//2278 2526//2278
f 2533//2279 2597//2279 2592//2279 2544//2279
f 2566//2280 2615//2280 2629//2280 2582//2280
f 86//2281 73//2281 440//2281
f 145//2282 307//2282 295//2282 161//2282
f 355//2283 151//2283 202//2283 323//2283
f 335//2284 206//2284 152//2284 330//2284
f 272//2285 267//2285 168//2285 139//2285
f 161//2286 168//2286 169//2286 304//2286
f 203//2287 332//2287 355//2287 151//2287
f 176//2288 175//2288 336//2288 339//2288
f 140//2289 317//2289 444//2289 228//2289
f 291//2290 290//2290 321//2290 197//2290
f 219//2291 287//2291 358//2291 282//2291
f 234//2292 245//2292 224//2292 223//2292
f 334//2293 175//2293 174//2293 331//2293
f 265//2294 269//2294 236//2294 277//2294
f 218//2239 273//2239 357//2239 275//2239
f 286//2295 237//2295 219//2295 228//2295
f 243//2296 242//2296 223//2296 248//2296
f 236//2239 273//2239 374//2239 275//2239
f 271//2297 364//2297 282//2297 272//2297
f 287//2298 237//2298 280//2298 375//2298
f 325//2299 202//2299 322//2299 438//2299
f 334//2300 401//2300 400//2300 331//2300
f 396//2301 322//2301 323//2301 397//2301
f 398//2302 438//2302 333//2302 326//2302
f 439//2303 402//2303 152//2303 393//2303
f 391//2304 438//2304 239//2304 332//2304
f 402//2305 339//2305 336//2305 401//2305
f 375//2306 425//2306 281//2306 283//2306
f 449//2307 384//2307 270//2307 312//2307
f 421//2308 386//2308 296//2308 427//2308
f 326//2309 333//2309 390//2309 397//2309
f 335//2310 394//2310 439//2310 330//2310
f 508//2311 220//2311 521//2311 632//2311
f 543//2312 535//2312 539//2312 546//2312
f 566//2313 565//2313 576//2313 579//2313
f 627//2314 490//2314 502//2314 622//2314
f 573//2315 571//2315 581//2315 579//2315
f 686//2316 659//2316 662//2316 709//2316
f 641//2317 679//2317 722//2317 695//2317
f 677//2318 687//2318 728//2318 652//2318
f 722//2319 648//2319 710//2319 753//2319
f 733//2320 731//2320 706//2320 727//2320
f 1363//2321 1784//2321 1751//2321 1281//2321
f 1903//2322 1885//2322 1952//2322 1899//2322
f 2038//2323 1990//2323 1820//2323 1964//2323
f 2294//2324 2146//2324 2095//2324 2119//2324
f 2048//2325 2013//2325 2318//2325 2623//2325
f 2385//2326 2009//2326 2282//2326 2644//2326
f 2341//2327 2372//2327 2424//2327 2393//2327
f 2425//2328 2373//2328 2342//2328 2394//2328
f 2428//2329 2451//2329 2407//2329 2341//2329
f 2394//2330 2429//2330 2407//2330 2398//2330
f 2354//2331 2429//2331 2428//2331 2397//2331
f 2511//2332 2431//2332 2538//2332
f 2593//2333 2582//2333 2549//2333 2505//2333
f 2527//2334 2456//2334 2650//2334 2719//2334
f 2527//2335 2719//2335 2650//2335 2457//2335
f 2738//2336 2729//2336 2764//2336
f 2717//2337 2794//2337 2799//2337 2774//2337
f 2924//2338 2875//2338 2878//2338 2927//2338
f 47//2339 45//2339 104//2339 114//2339
f 475//2340 99//2340 105//2340 468//2340
f 172//2302 355//2302 333//2302 151//2302
f 171//2341 202//2341 323//2341 438//2341
f 261//2342 265//2342 218//2342 219//2342
f 271//2343 272//2343 282//2343 237//2343
f 241//104 246//104 245//104 240//104
f 247//2344 249//2344 244//2344 362//2344
f 283//2345 364//2345 395//2345 317//2345
f 549//2346 551//2346 505//2346 495//2346
f 568//2347 559//2347 557//2347 566//2347
f 510//2348 513//2348 356//2348
f 771//2349 724//2349 688//2349 776//2349
f 688//2350 723//2350 770//2350 777//2350
f 1592//2351 1941//2351 1425//2351 1302//2351
f 1303//2352 1617//2352 1755//2352 1543//2352
f 2006//2353 1644//2353 1488//2353 1498//2353
f 1833//2354 1979//2354 1823//2354 1663//2354
f 1880//2355 2045//2355 1748//2355 1635//2355
f 1916//2356 2153//2356 2258//2356 1832//2356
f 2113//2357 1833//2357 1917//2357 2292//2357
f 2208//2358 1675//2358 2118//2358 2323//2358
f 2094//2359 2145//2359 2293//2359 2118//2359
f 2367//2360 2242//2360 2009//2360 2115//2360
f 2257//2361 2361//2361 1982//2361 2181//2361
f 2047//2362 2622//2362 2317//2362 2012//2362
f 2279//2363 2281//2363 2241//2363 2530//2363
f 2242//2364 2282//2364 2280//2364 2441//2364
f 2384//2365 2281//2365 2279//2365 2456//2365
f 2280//2366 2282//2366 2385//2366 2457//2366
f 2407//2367 2544//2367 2359//2367 2276//2367
f 2360//2368 2277//2368 2408//2368 2543//2368
f 2664//2369 2682//2369 2521//2369
f 2663//2370 2520//2370 2681//2370
f 2741//2371 2815//2371 2715//2371 2646//2371
f 2774//2372 2829//2372 2793//2372 2716//2372
f 2823//2373 2843//2373 2713//2373
f 1730//2374 1642//2374 1327//2374 1718//2374
f 9//2375 2//2375 11//2375
f 5//2376 15//2376 6//2376
f 18//2377 7//2377 11//2377
f 8//2378 12//2378 21//2378
f 11//2375 24//2375 9//2375
f 19//2379 32//2379 5//2379
f 6//2380 23//2380 26//2380
f 31//2381 40//2381 25//2381
f 12//2382 59//2382 37//2382
f 55//2383 40//2383 25//2383
f 40//2384 31//2384 56//2384
f 41//2385 37//2385 59//2385
f 40//2386 55//2386 68//2386
f 59//2387 71//2387 43//2387
f 49//2388 88//2389 43//2390
f 69//2391 88//2389 49//2388
f 70//2392 52//2392 85//2392
f 72//2393 108//2393 87//2393
f 98//2394 108//2394 76//2394
f 80//2395 109//2395 100//2395
f 71//2396 87//2396 127//2396
f 75//2397 90//2397 132//2397
f 90//2398 81//2398 132//2398
f 67//2399 102//2400 373//2401
f 85//2402 117//2402 123//2402
f 73//2403 95//2403 440//2403
f 109//2404 124//2404 118//2404
f 128//2405 117//2405 116//2405
f 123//2406 117//2406 128//2406
f 130//2407 95//2407 440//2407
f 165//2408 356//2408 97//2408
f 125//2409 131//2409 129//2409
f 159//2410 373//2410 102//2410
f 123//2411 227//2411 128//2411
f 231//2412 230//2412 118//2412
f 259//2413 260//2413 209//2413
f 279//104 276//104 264//104
f 251//2414 235//2414 223//2414
f 241//2415 233//2415 247//2415
f 243//2416 235//2416 251//2416
f 241//2417 361//2417 247//2417
f 366//2418 244//2418 362//2418
f 259//2419 384//2419 255//2419
f 462//2420 121//2420 440//2420
f 227//2421 429//2421 370//2421
f 231//2422 460//2422 230//2422
f 122//2423 508//2423 220//2423
f 485//2424 484//2424 106//2424
f 440//2425 130//2425 467//2425
f 470//2426 159//2426 373//2426
f 429//2427 456//2427 370//2427
f 370//2428 452//2428 456//2428
f 458//2429 382//2429 461//2429
f 459//2430 382//2430 461//2430
f 371//2431 466//2431 463//2431
f 458//2432 474//2432 461//2432
f 459//2433 474//2433 461//2433
f 456//2434 512//2434 429//2434
f 498//2435 466//2435 463//2435
f 462//2436 440//2436 544//2436
f 470//2437 554//2437 373//2437
f 460//2438 497//2438 504//2438
f 440//2439 553//2439 467//2439
f 472//2440 577//2440 483//2440
f 549//2441 504//2441 497//2441
f 440//2442 544//2442 592//2442
f 553//2443 592//2443 440//2443
f 622//2444 554//2444 373//2444
f 601//2445 569//2445 471//2445
f 485//2446 484//2446 653//2446
f 613//2447 510//2447 513//2447
f 556//2448 552//2448 546//2448
f 550//2449 555//2449 557//2449
f 591//2450 549//2450 528//2450
f 561//2451 559//2451 557//2451
f 560//2451 562//2451 555//2451
f 566//2452 563//2452 560//2452
f 572//2453 545//2453 575//2453
f 574//2454 567//2454 571//2454
f 571//2455 576//2455 568//2455
f 558//2456 515//2456 620//2456
f 545//2457 607//2457 569//2457
f 617//2458 512//2458 582//2458
f 572//2459 545//2459 609//2459
f 599//2460 549//2460 591//2460
f 580//2461 576//2461 581//2461
f 574//2462 584//284 581//283
f 614//2463 599//2463 519//2463
f 589//2464 595//2464 588//2464
f 597//2465 587//2465 596//2465
f 604//2466 596//2466 597//2466
f 620//2467 630//2467 515//2467
f 626//2468 601//2468 630//2468
f 657//2469 626//2469 655//2469
f 684//2470 650//2470 624//2470
f 631//2471 671//2471 654//2471
f 657//2472 717//2472 626//2472
f 680//2473 648//2473 667//2473
f 684//2474 698//2474 634//2474
f 669//2475 716//2475 670//2475
f 666//2476 649//2476 713//2476
f 713//2477 670//2477 716//2477
f 702//2478 767//2478 664//2478
f 767//2479 664//2479 704//2479
f 730//2480 717//2480 685//2480
f 725//2481 715//2481 722//2481
f 715//2482 722//2482 736//2482
f 700//2483 742//2483 750//2483
f 701//2484 751//2484 743//2484
f 744//2485 673//2485 842//2485
f 674//2486 843//2486 745//2486
f 754//2487 845//2487 780//2487
f 846//2488 755//2488 781//2488
f 852//2489 761//2489 786//2489
f 762//2490 853//2490 787//2490
f 835//2491 964//2491 803//2491
f 836//2492 804//2492 965//2492
f 859//2493 891//2493 913//2493
f 860//2494 892//2494 914//2494
f 911//606 808//606 954//606
f 912//605 809//605 955//605
f 1039//2495 924//2495 758//2495
f 1040//2496 759//2496 925//2496
f 924//2497 805//2497 1039//2497
f 1043//2498 859//2498 913//2498
f 860//2499 1044//2499 914//2499
f 940//2451 944//2451 948//2451
f 941//104 945//104 949//104
f 909//2500 907//2500 1015//2500
f 910//2501 908//2501 1016//2501
f 940//2502 913//2502 1043//2502
f 941//2503 914//2503 1044//2503
f 1028//2504 989//2504 903//2504
f 1029//2505 990//2505 904//2505
f 682//2506 980//2506 1311//2506
f 683//2507 981//2507 1312//2507
f 838//2508 1118//2508 1050//2508
f 839//2509 1119//2509 1051//2509
f 1137//2510 1100//2510 820//2510
f 1138//2511 821//2511 1101//2511
f 905//2512 833//2512 1473//2512
f 1013//2513 1085//2513 1096//2513
f 1014//2514 1097//2514 1086//2514
f 968//2515 1207//2515 1074//2515
f 1208//2516 969//2516 1075//2516
f 1017//2517 1357//2517 978//2517
f 682//2518 1361//2518 1311//2518
f 1362//2519 683//2519 1312//2519
f 1022//2520 1201//2520 1151//2520
f 1023//2521 1202//2521 1152//2521
f 1187//2522 1155//2522 1063//2522
f 1188//2523 1064//2523 1156//2523
f 1284//605 1294//605 840//605
f 1285//606 1295//606 841//606
f 1045//2524 1346//2524 1059//2524
f 1060//2525 1046//2525 1347//2525
f 1235//2526 1085//2526 1096//2526
f 1236//2527 1097//2527 1086//2527
f 1203//2528 1100//2528 1137//2528
f 1204//2529 1101//2529 1138//2529
f 1193//2530 1039//2530 1260//2530
f 1194//2531 1040//2531 1261//2531
f 1201//2532 1022//2532 1288//2532
f 1344//2533 978//2533 1357//2533
f 1376//2534 1151//2534 1201//2534
f 1377//2535 1152//2535 1202//2535
f 1085//2536 1372//2536 1288//2536
f 1355//2537 1306//2537 1094//2537
f 1441//2538 1473//2538 905//2538
f 1442//2539 1474//2539 906//2539
f 1389//2540 1342//2540 1122//2540
f 1343//2541 1122//2541 1389//2541
f 1365//2542 1380//2542 1109//2542
f 1371//2543 1380//2543 1109//2543
f 1371//2544 1381//2544 1109//2544
f 1319//2545 1397//2545 1191//2545
f 1320//2546 1398//2546 1192//2546
f 1604//2547 1189//2547 1183//2547
f 1605//2548 1184//2548 1190//2548
f 1397//2549 1191//2549 1349//2549
f 1398//2550 1192//2550 1350//2550
f 1217//2551 1253//2551 1558//2551
f 1218//2552 1254//2552 1559//2552
f 1376//2553 1500//2553 1201//2553
f 1377//2554 1501//2554 1202//2554
f 1346//2555 1262//2555 1471//2555
f 1263//2556 1347//2556 1472//2556
f 1392//2557 1512//2557 1231//2557
f 1513//2558 1232//2558 1393//2558
f 1284//2559 1642//2559 1294//2559
f 1285//2559 1295//2559 1643//2559
f 1327//2560 1642//2560 1284//2560
f 1643//2561 1328//2561 1285//2561
f 1500//2562 1626//2562 1201//2562
f 1641//2563 1745//2563 1054//2563
f 1372//2564 1710//2564 1288//2564
f 1390//2565 1403//2565 1691//2565
f 1391//2566 1404//2566 1692//2566
f 1372//2567 1482//2567 1710//2567
f 1373//2568 1483//2568 1711//2568
f 1629//2569 1430//2569 1593//2569
f 1650//2570 1685//2570 1349//2570
f 1826//2571 1642//2571 1294//2571
f 1827//2572 1643//2572 1295//2572
f 1749//2573 1669//2573 1573//2573
f 1565//605 1548//605 1868//605
f 1566//606 1549//606 1869//606
f 1612//2574 1628//2574 1848//2574
f 1629//2575 1613//2575 1849//2575
f 1803//2576 1616//2576 1685//2576
f 1803//2577 1768//2577 1616//2577
f 1769//2578 1617//2578 1804//2578
f 1710//2579 1892//2579 1626//2579
f 1732//2580 1772//2580 1735//2580
f 1733//2581 1773//2581 1736//2581
f 1791//2582 1735//2582 1772//2582
f 1792//2583 1736//2583 1773//2583
f 1874//606 1565//606 1868//606
f 1875//605 1566//605 1869//605
f 1887//2584 1734//2584 1819//2584
f 1935//2585 1841//2585 1637//2585
f 1936//2586 1842//2586 1638//2586
f 1941//2587 1628//2587 1848//2587
f 1942//2588 1849//2588 1629//2588
f 1832//2589 1807//2589 1762//2589
f 1833//2590 1808//2590 1763//2590
f 1832//2591 1843//2591 1908//2591
f 1844//2592 1833//2592 1909//2592
f 1884//2593 1791//2594 1945//2595
f 1885//2596 1792//2596 1946//2596
f 1908//2597 1916//2597 1832//2597
f 1909//2598 1917//2598 1833//2598
f 1986//2599 1852//2599 1858//2599
f 1987//2600 1853//2600 1859//2600
f 1898//2601 1922//2601 1902//2601
f 1899//2602 1923//2602 1903//2602
f 1759//2603 2199//2603 1827//2603
f 2075//2604 1843//2604 1935//2604
f 1936//2605 2076//2605 1844//2605
f 2030//2606 1770//2606 2047//2606
f 2031//2607 1771//2607 2048//2607
f 2047//2608 2106//2608 1770//2608
f 2048//2609 2107//2609 1771//2609
f 2028//2610 2003//2610 2055//2610
f 2029//2611 2004//2611 2056//2611
f 2034//2612 2092//2612 1992//2612
f 2035//2613 2093//2613 1993//2613
f 2088//2614 2176//2614 1864//2614
f 2177//2615 1867//2615 2089//2615
f 2049//2616 2028//2616 2055//2616
f 2050//2617 2029//2617 2056//2617
f 1980//2618 2232//2618 1944//2618
f 1981//2619 2233//2619 1943//2619
f 1978//2620 2112//2620 2084//2620
f 1979//2621 2113//2621 2085//2621
f 2232//2622 1999//2622 1944//2622
f 1919//2623 2054//2623 2221//2623
f 2118//2624 2067//2624 2132//2624
f 2119//2625 2068//2625 2133//2625
f 2624//605 1894//605 1868//605
f 2625//605 1869//605 1895//605
f 2075//2626 2112//2626 2139//2626
f 2076//2627 2113//2627 2140//2627
f 2232//2628 2176//2628 1944//2628
f 2233//2629 2177//2629 1943//2629
f 2176//2630 2088//2630 2147//2630
f 2153//2631 2112//2631 2139//2631
f 2113//2632 2154//2632 2140//2632
f 2177//2633 2148//2633 2089//2633
f 1955//2634 1894//2634 2624//2634
f 1956//2635 1895//2635 2625//2635
f 2258//2636 2112//2636 2084//2636
f 2259//2637 2113//2637 2085//2637
f 2366//2638 2023//2638 2122//2638
f 2024//2639 2123//2639 2367//2639
f 2078//2640 2261//2640 2209//2640
f 2192//2641 2247//2641 2108//2641
f 2193//2642 2248//2642 2109//2642
f 2219//2643 2131//2643 2227//2643
f 2227//2644 2181//2644 2257//2644
f 2186//2645 2364//2645 2190//2645
f 2187//2646 2191//2646 2365//2646
f 2314//2647 2236//2647 2178//2647
f 2066//2648 2410//2648 2318//2648
f 2065//2649 2297//2649 2409//2649
f 2066//2650 2410//2650 2298//2650
f 2319//2651 2190//2651 2260//2651
f 2320//2652 2261//2652 2191//2652
f 2186//2653 2239//2653 2364//2653
f 2187//2654 2240//2654 2365//2654
f 2555//2655 2163//2655 2222//2655
f 2556//2656 2223//2656 2164//2656
f 2489//2657 2184//2657 2266//2657
f 2490//2658 2185//2658 2267//2658
f 2378//2659 2675//2659 2028//2659
f 2379//2660 2676//2660 2029//2660
f 2289//2661 2489//2661 2266//2661
f 2290//2662 2490//2662 2267//2662
f 2239//2663 2364//2663 2446//2663
f 2447//2664 2240//2664 2365//2664
f 2388//2665 2279//2665 2440//2665
f 2502//2666 2325//2666 2337//2666
f 2326//2667 2503//2667 2338//2667
f 2399//2668 2471//2668 2315//2668
f 2400//2669 2472//2669 2316//2669
f 2305//2670 2395//2670 2512//2670
f 2306//2671 2513//2671 2396//2671
f 2440//2672 2388//2672 2456//2672
f 2441//2673 2389//2673 2457//2673
f 2512//2674 2364//2674 2446//2674
f 2365//2675 2513//2675 2447//2675
f 2666//2676 2409//2676 2279//2676
f 2410//2677 2667//2677 2318//2677
f 2426//2678 2608//2678 2323//2678
f 2427//2679 2609//2679 2324//2679
f 2419//2680 2327//2680 2661//2680
f 2420//2681 2328//2681 2662//2681
f 2530//2682 2456//2682 2440//2682
f 2531//2683 2457//2683 2441//2683
f 2618//2684 2442//2684 2364//2684
f 2619//2685 2443//2685 2365//2685
f 2432//2686 2352//2686 2651//2686
f 2433//2687 2652//2687 2353//2687
f 2618//2688 2512//2688 2364//2688
f 2619//2689 2365//2689 2513//2689
f 2477//2690 2510//2690 2561//2690
f 2600//2691 2512//2691 2446//2691
f 2601//2692 2513//2692 2447//2692
f 2716//2693 2666//2693 2622//2693 2681//2693
f 2708//2694 2606//2694 2634//2694
f 2709//2695 2607//2695 2635//2695
f 2703//2696 2636//2696 2654//2696
f 2704//2697 2637//2697 2655//2697
f 2764//2698 2738//2698 2728//2698
f 2725//2699 2730//2699 2812//2699
f 2730//2700 2726//2700 2812//2700
f 2868//2701 2661//2701 2739//2701
f 2869//2702 2662//2702 2740//2702
f 2847//2703 2825//2703 2714//2703
f 2793//2704 2829//2704 2839//2704
f 2829//2705 2839//2705 2794//2705
f 2824//2706 2753//2706 2884//2706
f 2842//2707 2839//2707 2793//2707
f 2839//2708 2842//2708 2794//2708
f 2873//2709 2862//2709 2760//2709
f 2874//2710 2863//2710 2769//2710
f 2898//2711 2897//2711 2752//2711
f 2866//606 2913//606 2767//606
f 2912//606 2867//606 2768//606
f 2893//2712 2858//2712 2887//2712
f 2877//2713 2924//2713 2870//2713
f 2890//2714 2924//2714 2877//2714
f 2886//2715 2915//2715 2908//2715
f 2939//2716 2921//2716 2852//2716
f 2922//2717 2856//2717 2940//2717
f 2967//2451 2963//2451 2962//2451
f 2964//104 2962//104 2967//104
f 2965//2451 2963//2451 2967//2451
f 2966//2451 2967//2451 2964//2451
f 2968//2451 2965//2451 2967//2451
f 2967//2451 2966//2451 2969//2451
f 2970//104 2967//104 2968//104
f 2967//2451 2969//2451 2971//2451
f 2970//2451 2967//2451 2972//2451
f 2967//2451 2971//2451 2972//2451
f 14//2718 24//2718 9//2718
f 32//2719 15//2719 23//2719
f 36//2720 373//2720 39//2720
f 71//2721 87//2721 56//2721
f 90//2722 75//2722 65//2722
f 45//2723 67//2399 373//2401
f 121//65 86//64 440//2724
f 124//2725 231//2725 131//2725
f 186//2451 181//2451 184//2451
f 330//606 205//606 393//606
f 370//2726 207//2726 227//2726
f 222//2727 244//2727 232//2727
f 222//2728 234//2728 246//2728
f 223//2729 248//2729 233//2729
f 360//2730 232//2730 244//2730
f 374//2731 269//2731 265//2731
f 362//2732 366//2732 246//2732
f 367//2733 248//2733 361//2733
f 366//2734 245//2734 362//2734
f 248//2735 363//2735 369//2735
f 279//104 276//104 266//104
f 331//605 393//605 205//605
f 412//2451 407//2451 410//2451
f 528//2736 497//2736 514//2736
f 565//2737 561//2737 571//2737
f 571//2738 567//2738 568//2738
f 551//2739 612//2739 520//2739
f 581//2740 587//2740 580//2740
f 612//2741 591//2741 575//2741
f 632//2742 508//2742 665//2742
f 649//2743 640//2743 713//2743
f 684//2744 650//2744 728//2744
f 722//2745 715//2745 695//2745
f 925//2746 806//2746 1040//2746
f 805//2747 840//2747 1284//2747
f 806//2748 841//2748 1295//2748
f 919//2749 1222//2749 964//2749
f 920//2750 1223//2750 965//2750
f 906//2751 834//2751 1474//2751
f 1094//2752 986//2752 1095//2752
f 1131//2753 1079//2753 939//2753
f 1804//2754 1686//2754 1617//2754
f 1626//2755 1856//2755 1892//2755
f 1832//2756 1762//2756 1865//2756
f 1786//2757 1724//2757 1887//2757
f 1881//2758 1595//2758 2046//2758
f 1996//2759 1819//2759 1887//2759
f 1961//2760 2010//2760 1887//2760
f 2233//2761 2000//2761 1943//2761
f 1994//2762 2188//2762 2194//2762
f 2077//2763 2208//2763 2260//2763
f 2017//2764 2289//2764 2184//2764
f 2290//2765 2018//2765 2185//2765
f 2180//2766 2578//2766 2103//2766 2156//2766
f 2179//2767 2155//2767 2102//2767 2577//2767
f 2065//2768 2357//2768 2317//2768
f 2178//2769 2334//2769 2314//2769
f 2389//2770 2280//2770 2441//2770
f 2419//2771 2661//2771 2695//2771
f 2420//2772 2662//2772 2696//2772
f 2905//2773 2878//2773 2890//2773
f 2881//2774 2852//2774 2939//2774
f 2879//2775 2856//2775 2940//2775
f 2//2776 11//2776 7//2776
f 66//2777 64//2777 98//2777
f 128//2778 207//2778 227//2778
f 222//2779 224//2779 234//2779
f 250//2780 225//2780 235//2780
f 235//2781 241//2781 248//2781
f 362//2782 240//2782 246//2782
f 369//2783 250//2783 363//2783
f 220//2784 513//2784 521//2784
f 514//2785 511//2785 497//2785
f 624//2786 607//2786 698//2786
f 736//2787 710//2787 722//2787
f 1211//2788 1229//2788 913//2788
f 1212//2789 1230//2789 914//2789
f 1356//2790 1307//2790 1095//2790
f 1366//2791 1381//2791 1109//2791
f 2384//2792 2157//2792 2008//2792
f 2314//2793 2236//2793 2423//2793
f 642//2794 635//2794 373//2794
f 2177//2795 2189//2795 1967//2795
f 662//2796 729//2796 572//2796
f 1066//2797 1005//2797 1122//2797
f 1133//2798 872//2798 1145//2798
f 1134//2799 945//2799 1146//2799
f 1826//2800 1654//2800 673//2800 1642//2800
f 1473//2801 2598//2801 1490//2801
f 2599//2802 1474//2802 1491//2802
f 2096//2803 2137//2803 2335//2803
f 2097//2804 2138//2804 2336//2804
f 2027//2805 2404//2805 2158//2805
f 2752//2806 2899//2806 2837//2806
f 88//2807 471//2807 469//2807
f 1065//2808 1005//2808 1122//2808
f 1397//2809 1349//2809 1803//2809
f 1398//2810 1350//2810 1804//2810
f 1642//2811 1730//2811 1654//2811 1826//2811
f 2478//2812 2431//2812 2511//2812
f 2510//2813 2477//2813 2537//2813
f 2477//2814 2430//2814 2537//2814
f 2734//2815 2764//2815 2729//2815 2704//2815
f 2738//2816 2698//2816 2684//2816 2729//2816
f 2637//2817 2655//2817 2562//2817
f 2636//2818 2561//2818 2654//2818
f 2728//2819 2703//2819 2654//2819 2683//2819
f 2654//2820 2683//2820 2602//2820
f 2655//2821 2684//2821 2603//2821
f 2511//2822 2562//2822 2478//2822
f 2525//2823 2523//2823 2480//2823
f 2559//2824 2480//2824 2523//2824
f 2479//2825 2524//2825 2526//2825
f 2566//2826 2615//2826 2526//2826 2517//2826
f 2149//2827 1852//2827 1986//2827 2245//2827
f 2250//2828 2245//2828 1986//2828 2049//2828
f 2251//2829 2050//2829 1987//2829 2246//2829
f 2150//2830 1853//2830 1987//2830 2246//2830
f 1405//2831 1369//2831 1050//2831 1118//2831
f 1262//2832 1220//2832 861//2832 984//2832
f 1643//2833 1731//2833 1655//2833 1827//2833
f 1731//2834 1643//2834 1328//2834 1719//2834
f 1406//2835 1119//2835 1051//2835 1370//2835
f 1263//2836 985//2836 862//2836 1221//2836
f 113//2837 109//2837 118//2837
f 115//2838 109//2838 100//2838
f 100//2839 108//2839 98//2839
f 76//2840 64//2840 98//2840
f 64//2841 63//2841 80//2841
f 72//2842 87//2842 56//2842
f 124//2843 118//2843 231//2843
f 217//2844 472//2844 135//2844
f 466//2845 472//2845 217//2845
f 519//2846 472//2846 466//2846
f 614//2847 519//2847 472//2847 577//2847
f 577//2848 614//2848 590//2848
f 64//2849 80//2849 100//2849
f 125//2850 131//2850 124//2850
l 2561 2602
l 2683 2684
l 2430 2495
l 2495 2537
