# Blender 4.5.2 LTS
# www.blender.org
o reconstructed_pred
v 0.173026 0.455060 -0.533279
v 0.182303 0.445783 -0.531423
v 0.241678 0.456916 -0.518435
v 0.119217 0.456916 -0.518435
v 0.250955 0.447639 -0.514724
v 0.102518 0.468049 -0.512868
v 0.032010 -0.021795 -0.511013
v 0.041287 -0.023651 -0.511013
v 0.041287 -0.010662 -0.511013
v 0.026444 -0.012518 -0.509158
v 0.030155 -0.023651 -0.509158
v 0.041287 -0.027361 -0.509158
v 0.050565 -0.019940 -0.509158
v 0.024588 -0.012518 -0.507302
v 0.052420 -0.021795 -0.507302
v 0.030155 -0.003240 -0.507302
v 0.054276 -0.010662 -0.507302
v 0.000467 -0.003240 -0.507302
v 0.039432 -0.012518 -0.505447
v 0.041287 -0.027361 -0.505447
v 0.039432 0.002326 -0.505447
v 0.048709 -0.001385 -0.505447
v 0.000467 -0.019940 -0.505447
v 0.028299 -0.001385 -0.505447
v 0.056131 -0.010662 -0.505447
v 0.039432 0.002326 -0.503591
v 0.039432 -0.012518 -0.503591
v 0.050565 -0.001385 -0.503591
v 0.093241 -0.021795 -0.499880
v 0.089530 -0.021795 -0.499880
v 0.087674 -0.027361 -0.498025
v 0.096951 -0.031072 -0.498025
v -0.042209 -0.014373 -0.498025
v -0.042209 0.000471 -0.498025
v 0.000467 0.017170 -0.498025
v 0.095096 -0.032928 -0.498025
v -0.006955 -0.040350 -0.498025
v 0.096951 -0.012518 -0.498025
v -0.023654 -0.036639 -0.498025
v 0.085819 -0.014373 -0.496169
v 0.093241 -0.010662 -0.496169
v 0.039432 0.007892 -0.496169
v -0.005099 -0.038494 -0.496169
v -0.023654 -0.032928 -0.496169
v 0.006033 -0.053338 -0.494314
v 0.106229 -0.021795 -0.494314
v -0.038498 -0.044061 -0.494314
v -0.019943 -0.064471 -0.494314
v 0.104373 -0.036639 -0.492458
v 0.007889 -0.051483 -0.492458
v -0.040353 -0.040350 -0.492458
v 0.104373 -0.038494 -0.492458
v 0.104373 -0.008807 -0.490603
v 0.041287 -0.042205 -0.490603
v 0.002323 -0.036639 -0.490603
v 0.007889 -0.070037 -0.490603
v -0.044064 0.019025 -0.490603
v 0.056131 0.484748 -0.490603
v -0.047775 -0.057049 -0.488747
v 0.102518 -0.006951 -0.488747
v 0.009744 -0.070037 -0.488747
v -0.062619 -0.014373 -0.488747
v 0.108084 -0.027361 -0.486892
v 0.100662 -0.023651 -0.486892
v 0.111795 -0.032928 -0.486892
v -0.049631 -0.057049 -0.486892
v -0.001388 -0.084881 -0.486892
v 0.111795 -0.012518 -0.486892
v 0.037577 -0.060760 -0.485036
v 0.067264 0.475471 -0.485036
v 0.085819 -0.042205 -0.485036
v -0.045920 -0.075604 -0.485036
v 0.002323 -0.060760 -0.485036
v -0.062619 0.002326 -0.485036
v 0.111795 -0.034783 -0.485036
v 0.115506 -0.023651 -0.485036
v 0.106229 -0.014373 -0.483181
v 0.111795 -0.012518 -0.483181
v 0.000467 -0.084881 -0.483181
v -0.016232 -0.090447 -0.483181
v -0.034787 -0.086736 -0.483181
v -0.058908 0.017170 -0.483181
v -0.047775 -0.075604 -0.483181
v -0.040353 -0.029217 -0.481326
v 0.115506 -0.023651 -0.481326
v 0.083963 -0.001385 -0.481326
v -0.016232 -0.092303 -0.479470
v -0.040353 -0.057049 -0.479470
v -0.034787 -0.088592 -0.479470
v -0.019943 -0.060760 -0.479470
v 0.039432 -0.090447 -0.479470
v 0.080252 -0.062615 -0.479470
v 0.006033 -0.090447 -0.479470
v 0.314041 0.456916 -0.477615
v 0.104373 -0.040350 -0.475759
v 0.308475 0.471760 -0.475759
v 0.100662 -0.003240 -0.475759
v 0.080252 -0.084881 -0.473904
v -0.034787 -0.081170 -0.473904
v -0.057052 -0.029217 -0.473904
v -0.057052 -0.055193 -0.472048
v 0.098807 -0.060760 -0.470193
v -0.001388 0.032014 -0.468337
v 0.093241 -0.079315 -0.468337
v -0.051486 -0.075604 -0.468337
v 0.037577 0.022736 -0.462771
v -0.051486 0.037580 -0.462771
v -0.070041 0.030158 -0.455349
v 0.039432 -0.112713 -0.453494
v 0.002323 -0.110858 -0.453494
v -0.003244 0.069123 -0.451638
v 0.015311 0.499592 -0.449783
v 0.091385 0.020881 -0.447927
v 0.039432 0.065412 -0.447927
v 0.035721 0.080256 -0.447927
v 0.046854 0.076545 -0.447927
v 0.083963 -0.099725 -0.446072
v 0.030155 0.089533 -0.446072
v -0.075607 0.009748 -0.446072
v 0.044998 0.091388 -0.446072
v 0.033866 0.078400 -0.446072
v 0.121073 -0.031072 -0.446072
v 0.046854 0.074689 -0.446072
v 0.056131 0.082111 -0.444216
v 0.026444 0.089533 -0.444216
v -0.053341 0.072834 -0.444216
v -0.073752 -0.019940 -0.444216
v -0.066330 -0.057049 -0.442361
v 0.032010 0.100666 -0.442361
v 0.100662 -0.086736 -0.442361
v 0.113651 0.013459 -0.442361
v 0.020877 0.180451 -0.442361
v 0.057987 0.080256 -0.442361
v 0.119217 -0.003240 -0.442361
v 0.019022 0.495881 -0.442361
v 0.059842 0.093244 -0.440505
v -0.006955 0.187873 -0.440505
v 0.050565 0.187873 -0.440505
v 0.030155 0.102521 -0.440505
v -0.057052 -0.081170 -0.440505
v -0.040353 -0.094158 -0.440505
v 0.043143 0.106232 -0.440505
v 0.111795 -0.062615 -0.440505
v 0.054276 0.102521 -0.440505
v 0.020877 0.215705 -0.438650
v 0.043143 -0.133123 -0.438650
v 0.061698 0.093244 -0.438650
v 0.043143 0.089533 -0.436794
v -0.001388 -0.131268 -0.436794
v 0.041287 0.108088 -0.436794
v 0.054276 0.104377 -0.436794
v -0.012521 0.221271 -0.436794
v 0.056131 0.221271 -0.434939
v -0.083029 0.059846 -0.433083
v -0.032931 0.200861 -0.431228
v 0.076541 0.200861 -0.431228
v 0.100662 0.065412 -0.431228
v 0.091385 -0.116424 -0.431228
v 0.000467 0.143342 -0.429372
v 0.020877 0.649885 -0.427517
v 0.113651 -0.097869 -0.427517
v -0.094162 0.013459 -0.425661
v 0.076541 0.648029 -0.425661
v 0.043143 0.143342 -0.425661
v 0.362283 0.477326 -0.425661
v -0.040353 0.226838 -0.423806
v 0.022733 0.237971 -0.423806
v 0.126639 -0.066326 -0.423806
v 0.083963 0.226838 -0.423806
v 0.139627 -0.029217 -0.423806
v -0.083029 -0.062615 -0.421951
v -0.053341 -0.110858 -0.421951
v -0.023654 0.250959 -0.421951
v 0.137772 0.004182 -0.421951
v -0.096017 -0.021795 -0.421951
v 0.067264 0.250959 -0.421951
v 0.013455 0.590510 -0.421951
v -0.049631 0.210139 -0.420095
v 0.072830 0.586799 -0.420095
v 0.093241 0.210139 -0.420095
v 0.128494 0.050568 -0.420095
v 0.362283 0.490314 -0.420095
v 0.028299 0.711115 -0.420095
v -0.053341 0.135920 -0.418240
v 0.065409 0.542267 -0.418240
v -0.070041 -0.092303 -0.418240
v -0.006955 0.169318 -0.416384
v 0.050565 0.169318 -0.416384
v 0.076541 0.711115 -0.416384
v 0.076541 0.186017 -0.416384
v -0.032931 0.186017 -0.416384
v 0.020877 0.160041 -0.414529
v 0.063553 0.547834 -0.414529
v 0.002323 0.547834 -0.412673
v 0.019022 0.527424 -0.410818
v 0.093241 0.137775 -0.410818
v 0.046854 -0.140545 -0.410818
v 0.130350 0.653596 -0.410818
v -0.034787 0.657306 -0.408962
v 0.080252 0.529279 -0.408962
v -0.053341 0.202717 -0.408962
v 0.096951 0.202717 -0.408962
v -0.060763 0.230549 -0.408962
v 0.104373 0.230549 -0.408962
v -0.003244 0.553400 -0.407107
v -0.016232 0.718537 -0.405251
v -0.055197 0.258381 -0.405251
v -0.005099 -0.136834 -0.405251
v 0.098807 0.258381 -0.405251
v -0.077463 0.132209 -0.405251
v 0.124784 -0.107147 -0.403396
v 0.100662 -0.125701 -0.403396
v 0.119217 0.716682 -0.403396
v 0.134061 0.590510 -0.403396
v 0.002323 0.211994 -0.403396
v 0.137772 0.544123 -0.403396
v 0.141483 -0.070037 -0.401540
v 0.052420 0.507014 -0.401540
v -0.045920 0.603498 -0.401540
v 0.156326 -0.031072 -0.401540
v 0.052420 0.213849 -0.401540
v -0.103439 0.067267 -0.399685
v 0.119217 0.134064 -0.399685
v -0.110861 -0.027361 -0.397829
v 0.134061 0.551545 -0.397829
v -0.099728 -0.066326 -0.397829
v -0.107150 0.013459 -0.397829
v -0.008810 0.495881 -0.395974
v 0.154471 0.007892 -0.395974
v -0.062619 -0.120135 -0.394119
v -0.055197 0.193439 -0.394119
v 0.041287 0.577521 -0.394119
v 0.111795 0.226838 -0.392263
v -0.068185 0.226838 -0.392263
v 0.020877 0.605353 -0.392263
v -0.053341 0.200861 -0.392263
v -0.073752 0.180451 -0.392263
v 0.096951 0.200861 -0.390408
v -0.084884 -0.099725 -0.390408
v 0.096951 0.199006 -0.390408
v 0.100662 0.579377 -0.390408
v 0.150760 0.061701 -0.390408
v 0.098807 0.516291 -0.388552
v -0.036642 0.189728 -0.388552
v 0.147049 0.534846 -0.388552
v 0.020877 0.276935 -0.388552
v -0.053341 0.555256 -0.388552
v 0.080252 0.187873 -0.388552
v 0.019022 0.764924 -0.388552
v 0.020877 0.288068 -0.386697
v -0.070041 0.265803 -0.386697
v 0.113651 0.265803 -0.386697
v 0.044998 0.661017 -0.386697
v -0.060763 0.564533 -0.386697
v -0.027365 0.284357 -0.386697
v 0.089530 0.753791 -0.386697
v -0.029220 0.607209 -0.386697
v 0.072830 0.607209 -0.386697
v 0.119217 0.186017 -0.384841
v 0.069119 0.284357 -0.384841
v -0.008810 0.176740 -0.384841
v 0.180448 0.668439 -0.384841
v 0.020877 0.160041 -0.384841
v -0.014377 0.573810 -0.384841
v -0.094162 0.135920 -0.384841
v 0.020877 0.306623 -0.384841
v 0.041287 0.701838 -0.382986
v -0.029220 0.295490 -0.382986
v 0.054276 0.245392 -0.382986
v 0.070975 0.295490 -0.382986
v 0.000467 0.241681 -0.382986
v 0.052420 0.173029 -0.381130
v 0.020877 0.685138 -0.381130
v -0.060763 0.293635 -0.379275
v 0.104373 0.293635 -0.379275
v 0.160037 0.733381 -0.379275
v 0.072830 0.315900 -0.377419
v -0.029220 0.315900 -0.377419
v 0.020877 0.540412 -0.377419
v 0.143338 0.137775 -0.377419
v 0.108084 0.304767 -0.377419
v -0.066330 0.547834 -0.377419
v 0.102518 0.690705 -0.377419
v -0.064474 0.304767 -0.377419
v -0.053341 0.224982 -0.377419
v 0.189725 0.605353 -0.375564
v -0.057052 0.555256 -0.375564
v 0.020877 0.315900 -0.375564
v -0.062619 0.221271 -0.375564
v -0.079318 0.195295 -0.375564
v 0.106229 0.221271 -0.375564
v 0.147049 0.586799 -0.373708
v -0.071896 0.505158 -0.373708
v -0.031076 0.683283 -0.373708
v 0.074686 0.683283 -0.373708
v 0.104373 0.226838 -0.373708
v 0.154471 -0.071893 -0.373708
v -0.019943 0.685138 -0.371853
v -0.062619 0.733381 -0.371853
v -0.086740 0.675861 -0.371853
v 0.067264 0.540412 -0.371853
v -0.023654 0.540412 -0.371853
v 0.141483 0.527424 -0.371853
v 0.046854 -0.140545 -0.371853
v 0.104373 -0.127557 -0.371853
v 0.109940 0.325178 -0.371853
v -0.066330 0.325178 -0.369997
v 0.128494 0.197150 -0.369997
v -0.079318 0.269514 -0.368142
v 0.072830 0.327033 -0.368142
v -0.029220 0.327033 -0.368142
v 0.121073 0.269514 -0.368142
v 0.052420 0.250959 -0.368142
v 0.197147 0.555256 -0.368142
v -0.110861 -0.070037 -0.368142
v 0.135916 -0.107147 -0.366286
v -0.003244 0.250959 -0.366286
v 0.193436 0.564533 -0.366286
v -0.071896 0.605353 -0.366286
v 0.115506 0.605353 -0.366286
v 0.195291 0.545978 -0.364431
v -0.079318 0.302912 -0.364431
v 0.122928 0.302912 -0.364431
v -0.068185 0.562678 -0.364431
v -0.044064 0.210139 -0.364431
v -0.008810 -0.136834 -0.364431
v 0.386405 0.501447 -0.362576
v 0.020877 0.310334 -0.362576
v -0.112716 0.065412 -0.362576
v 0.035721 0.456916 -0.362576
v -0.060763 0.232404 -0.362576
v 0.148905 0.683283 -0.362576
v 0.087674 0.208283 -0.362576
v 0.165604 -0.031072 -0.360720
v 0.111795 0.236115 -0.360720
v 0.108084 0.338166 -0.360720
v 0.130350 0.315900 -0.360720
v -0.118283 0.013459 -0.358865
v -0.121994 -0.029217 -0.358865
v -0.086740 0.315900 -0.358865
v -0.064474 0.338166 -0.358865
v 0.026444 -0.190643 -0.358865
v 0.132205 0.772346 -0.358865
v 0.028299 -0.211053 -0.358865
v -0.101584 0.625764 -0.358865
v 0.163748 0.011603 -0.357009
v -0.070041 -0.121990 -0.357009
v -0.014377 0.200861 -0.357009
v 0.384549 0.514435 -0.357009
v -0.097873 -0.103436 -0.355154
v 0.078397 0.468049 -0.355154
v -0.008810 -0.192498 -0.355154
v -0.027365 0.321467 -0.355154
v 0.070975 0.321467 -0.355154
v -0.006955 -0.212908 -0.355154
v -0.040353 0.681428 -0.355154
v -0.099728 0.135920 -0.353298
v 0.622049 0.262092 -0.353298
v 0.104373 0.540412 -0.353298
v -0.060763 0.540412 -0.353298
v 0.158182 0.063556 -0.353298
v 0.134061 0.334455 -0.353298
v 0.152616 0.670295 -0.353298
v 0.594217 0.262092 -0.353298
v -0.075607 0.677717 -0.353298
v 0.119217 0.677717 -0.353298
v 0.024588 -0.185076 -0.351443
v -0.090451 0.334455 -0.351443
v -0.086740 0.204572 -0.351443
v -0.016232 0.451350 -0.351443
v 0.057987 0.195295 -0.351443
v 0.061698 -0.194354 -0.351443
v 0.028299 -0.233318 -0.351443
v 0.063553 -0.212908 -0.349587
v 0.020877 0.189728 -0.349587
v -0.031076 0.755646 -0.349587
v -0.008810 -0.186932 -0.349587
v 0.154471 0.135920 -0.349587
v -0.760275 0.224982 -0.349587
v 0.803885 0.224982 -0.349587
v 0.102518 0.340021 -0.349587
v 0.625760 0.262092 -0.349587
v 0.180448 0.612775 -0.347732
v -0.769552 0.221271 -0.347732
v 0.813162 0.221271 -0.347732
v -0.060763 0.340021 -0.347732
v -0.749142 0.228693 -0.347732
v 0.792752 0.228693 -0.347732
v 0.180448 0.547834 -0.347732
v 0.022733 0.256525 -0.347732
v -0.739865 0.232404 -0.347732
v 0.783475 0.232404 -0.347732
v -0.005099 -0.233318 -0.347732
v 0.046854 0.776057 -0.347732
v 0.135916 0.206428 -0.347732
v -0.055197 0.249103 -0.347732
v -0.114572 0.584943 -0.347732
v -0.723166 0.237971 -0.347732
v 0.766776 0.237971 -0.347732
v -0.767697 0.215705 -0.345876
v 0.811307 0.215705 -0.345876
v -0.710177 0.241681 -0.345876
v 0.753787 0.241681 -0.345876
v -0.758420 0.215705 -0.345876
v 0.802030 0.215705 -0.345876
v 0.057987 -0.190643 -0.345876
v -0.025509 0.254670 -0.345876
v -0.741720 0.221271 -0.345876
v 0.785330 0.221271 -0.345876
v -0.691623 0.245392 -0.345876
v 0.735233 0.245392 -0.345876
v 0.622049 0.223127 -0.344021
v 0.132205 0.347443 -0.344021
v -0.680490 0.249103 -0.344021
v 0.724100 0.249103 -0.344021
v 0.069119 0.796467 -0.344021
v 0.070975 0.254670 -0.344021
v -0.088595 0.347443 -0.344021
v 0.102518 0.249103 -0.344021
v 0.063553 -0.231463 -0.344021
v -0.715744 0.226838 -0.344021
v 0.759354 0.226838 -0.344021
v 0.571952 0.265803 -0.344021
v -0.047775 0.785334 -0.344021
v 0.184158 0.686994 -0.342165
v -0.775119 0.223127 -0.342165
v 0.818729 0.223127 -0.342165
v -0.589572 0.262092 -0.342165
v 0.020877 0.494025 -0.342165
v 0.596073 0.221271 -0.342165
v 0.549686 0.265803 -0.342165
v 0.028299 -0.240740 -0.342165
v 0.028299 0.803889 -0.342165
v 0.022733 -0.159100 -0.342165
v 0.115506 0.481037 -0.342165
v -0.763986 0.230549 -0.342165
v 0.807596 0.230549 -0.342165
v -0.663791 0.250959 -0.342165
v 0.707401 0.250959 -0.342165
v 0.558963 0.265803 -0.342165
v -0.049631 -0.211053 -0.342165
v -0.689767 0.230549 -0.340310
v 0.733377 0.230549 -0.340310
v -0.752853 0.236115 -0.340310
v 0.796463 0.236115 -0.340310
v 0.623905 0.228693 -0.340310
v -0.049631 -0.194354 -0.340310
v -0.743576 0.239826 -0.340310
v 0.787186 0.239826 -0.340310
v -0.084884 0.312189 -0.340310
v 0.128494 0.312189 -0.340310
v -0.678634 0.232404 -0.340310
v 0.722244 0.232404 -0.340310
v -0.077463 0.237971 -0.340310
v -0.773263 0.215705 -0.340310
v 0.816873 0.215705 -0.340310
v 0.111795 0.779767 -0.340310
v -0.012521 -0.160955 -0.340310
v -0.556173 0.263947 -0.340310
v -0.005099 -0.240740 -0.340310
v -0.725021 0.247248 -0.340310
v 0.768631 0.247248 -0.340310
v 0.519998 0.265803 -0.338454
v 0.154471 -0.058904 -0.338454
v -0.713888 0.252814 -0.338454
v 0.757498 0.252814 -0.338454
v 0.056131 0.494025 -0.338454
v -0.012521 0.494025 -0.338454
v 0.057987 -0.160955 -0.338454
v -0.699045 0.258381 -0.338454
v 0.742655 0.258381 -0.338454
v -0.593283 0.263947 -0.338454
v 0.098807 -0.120135 -0.338454
v -0.077463 0.267658 -0.338454
v -0.663791 0.234260 -0.336599
v 0.707401 0.234260 -0.336599
v -0.047775 -0.229608 -0.336599
v 0.061698 -0.240740 -0.336599
v -0.687912 0.262092 -0.336599
v 0.731522 0.262092 -0.336599
v -0.645236 0.254670 -0.336599
v 0.688846 0.254670 -0.336599
v 0.121073 0.267658 -0.336599
v 0.126639 0.239826 -0.336599
v -0.760275 0.215705 -0.336599
v 0.803885 0.215705 -0.336599
v 0.208280 0.686994 -0.336599
v 0.549686 0.228693 -0.336599
v -0.127560 0.516291 -0.336599
v -0.101584 0.753791 -0.336599
v 0.121073 -0.105291 -0.336599
v -0.047775 0.263947 -0.336599
v 0.091385 0.263947 -0.336599
v -0.110861 -0.057049 -0.336599
v -0.773263 0.224982 -0.336599
v 0.816873 0.224982 -0.336599
v -0.107150 0.601642 -0.336599
v 0.150760 0.601642 -0.336599
v -0.120138 0.566389 -0.334744
v 0.186014 0.742658 -0.334744
v -0.743576 0.219416 -0.334744
v 0.787186 0.219416 -0.334744
v 0.147049 -0.068182 -0.334744
v -0.068185 0.644318 -0.334744
v 0.117362 0.349299 -0.334744
v 0.022733 0.310334 -0.334744
v -0.073752 0.349299 -0.334744
v -0.047775 -0.188787 -0.334744
v 0.137772 0.325178 -0.334744
v -0.587717 0.224982 -0.334744
v -0.094162 0.325178 -0.334744
v -0.773263 0.219416 -0.334744
v 0.816873 0.219416 -0.334744
v 0.020877 0.757502 -0.334744
v 0.573807 0.226838 -0.334744
v 0.560819 0.230549 -0.334744
v -0.717599 0.224982 -0.334744
v 0.761209 0.224982 -0.334744
v 0.638748 0.247248 -0.332888
v 0.150760 -0.049627 -0.332888
v -0.068185 0.464338 -0.332888
v -0.121994 0.560822 -0.332888
v -0.763986 0.230549 -0.332888
v 0.807596 0.230549 -0.332888
v 0.640604 0.269514 -0.332888
v -0.109006 0.579377 -0.332888
v -0.049631 0.243537 -0.332888
v 0.044998 -0.129412 -0.332888
v 0.412381 0.263947 -0.332888
v -0.110861 -0.049627 -0.331033
v 0.020877 0.228693 -0.331033
v -0.669357 0.267658 -0.331033
v 0.712967 0.267658 -0.331033
v -0.691623 0.228693 -0.331033
v 0.735233 0.228693 -0.331033
v -0.752853 0.236115 -0.331033
v 0.796463 0.236115 -0.331033
v -0.084884 0.226838 -0.331033
v -0.595138 0.247248 -0.331033
v -0.647091 0.236115 -0.331033
v 0.690701 0.236115 -0.331033
v -0.556173 0.223127 -0.331033
v -0.077463 0.254670 -0.331033
v 0.121073 0.254670 -0.331033
v -0.743576 0.239826 -0.331033
v 0.787186 0.239826 -0.331033
v -0.596994 0.269514 -0.331033
v -0.103439 -0.066326 -0.331033
v 0.521854 0.232404 -0.331033
v -0.591427 0.232404 -0.331033
v -0.762131 0.221271 -0.331033
v 0.805740 0.221271 -0.331033
v -0.044064 -0.238885 -0.331033
v 0.020877 0.254670 -0.331033
v 0.377127 0.262092 -0.329177
v -0.507931 0.269514 -0.329177
v -0.530197 0.267658 -0.329177
v -0.726877 0.243537 -0.329177
v 0.770487 0.243537 -0.329177
v -0.682345 0.228693 -0.329177
v 0.725955 0.228693 -0.329177
v -0.745431 0.226838 -0.329177
v 0.789041 0.226838 -0.329177
v -0.014377 0.250959 -0.329177
v 0.597928 0.249103 -0.329177
v 0.093241 0.241681 -0.329177
v 0.046854 0.232404 -0.329177
v -0.003244 0.232404 -0.329177
v -0.105295 0.063556 -0.329177
v 0.104373 -0.194354 -0.329177
v 0.377127 0.236115 -0.329177
v 0.141483 0.343732 -0.329177
v -0.097873 0.343732 -0.329177
v 0.601639 0.271369 -0.329177
v 0.020877 0.208283 -0.329177
v -0.517209 0.269514 -0.329177
v -0.715744 0.249103 -0.329177
v 0.759354 0.249103 -0.329177
v 0.098807 0.800178 -0.327322
v -0.006955 0.254670 -0.327322
v -0.370627 0.236115 -0.327322
v 0.050565 0.254670 -0.327322
v -0.133127 0.698127 -0.327322
v 0.204569 0.234260 -0.327322
v 0.074686 0.753791 -0.327322
v -0.031076 0.753791 -0.327322
v 0.057987 0.252814 -0.327322
v -0.159103 0.237971 -0.327322
v 0.108084 -0.211053 -0.327322
v -0.031076 0.325178 -0.327322
v -0.478244 0.267658 -0.327322
v 0.074686 0.325178 -0.327322
v -0.075607 0.712971 -0.327322
v 0.599784 0.293635 -0.327322
v -0.721310 0.234260 -0.327322
v 0.764920 0.234260 -0.327322
v -0.084884 -0.101580 -0.327322
v -0.617404 0.258381 -0.327322
v 0.661014 0.258381 -0.327322
v 0.482889 0.262092 -0.327322
v -0.554318 0.249103 -0.327322
v -0.094162 0.184162 -0.327322
v -0.092306 0.542267 -0.327322
v 0.135916 0.542267 -0.327322
v 0.134061 0.228693 -0.327322
v 0.625760 0.293635 -0.327322
v -0.558029 0.271369 -0.327322
v -0.700900 0.258381 -0.327322
v 0.744510 0.258381 -0.327322
v -0.667502 0.228693 -0.325466
v 0.711112 0.228693 -0.325466
v -0.053341 -0.160955 -0.325466
v 0.022733 0.245392 -0.325466
v -0.405881 0.265803 -0.325466
v 0.156326 0.766779 -0.325466
v -0.112716 0.668439 -0.325466
v 0.156326 0.668439 -0.325466
v -0.006955 -0.127557 -0.325466
v 0.447635 0.263947 -0.325466
v -0.786252 0.230549 -0.325466
v 0.829862 0.230549 -0.325466
v 0.154471 -0.016229 -0.325466
v -0.097873 0.128498 -0.325466
v -0.062619 -0.114569 -0.325466
v 0.640604 0.247248 -0.325466
v 0.087674 0.249103 -0.325466
v 0.098807 -0.188787 -0.325466
v -0.044064 0.249103 -0.325466
v -0.797384 0.224982 -0.325466
v 0.840994 0.224982 -0.325466
v -0.478244 0.234260 -0.325466
v 0.629471 0.289924 -0.323611
v -0.507931 0.230549 -0.323611
v -0.697189 0.237971 -0.323611
v 0.740799 0.237971 -0.323611
v 0.644315 0.265803 -0.323611
v -0.018088 -0.109002 -0.323611
v 0.020877 0.286213 -0.323611
v -0.647091 0.273224 -0.323611
v 0.690701 0.273224 -0.323611
v 0.085819 0.494025 -0.323611
v -0.042209 0.494025 -0.323611
v 0.219412 0.627619 -0.323611
v 0.137772 -0.071893 -0.323611
v 0.020877 -0.107147 -0.323611
v -0.335373 0.267658 -0.323611
v -0.107150 -0.016229 -0.323611
v 0.165604 0.494025 -0.323611
v -0.795529 0.217560 -0.323611
v 0.839139 0.217560 -0.323611
v -0.765841 0.237971 -0.323611
v 0.809451 0.237971 -0.323611
v 0.135916 0.354865 -0.323611
v -0.092306 0.354865 -0.323611
v 0.204569 0.275080 -0.323611
v -0.335373 0.241681 -0.323611
v 0.412381 0.237971 -0.323611
v -0.370627 0.263947 -0.323611
v 0.249100 0.271369 -0.323611
v -0.107150 0.017170 -0.323611
v -0.784396 0.219416 -0.323611
v 0.828006 0.219416 -0.323611
v 0.072830 0.217560 -0.323611
v -0.029220 0.217560 -0.323611
v 0.484744 0.232404 -0.323611
v 0.061698 -0.109002 -0.323611
v -0.695334 0.267658 -0.323611
v 0.738944 0.267658 -0.323611
v 0.167459 0.239826 -0.323611
v 0.143338 0.186017 -0.323611
v -0.596994 0.247248 -0.323611
v 0.108084 -0.229608 -0.323611
v -0.530197 0.228693 -0.321755
v -0.159103 0.275080 -0.321755
v -0.752853 0.241681 -0.321755
v 0.796463 0.241681 -0.321755
v -0.517209 0.230549 -0.321755
v -0.088595 0.241681 -0.321755
v 0.132205 0.241681 -0.321755
v -0.600705 0.265803 -0.321755
v 0.447635 0.234260 -0.321755
v -0.617404 0.239826 -0.321755
v 0.661014 0.239826 -0.321755
v -0.068185 0.310334 -0.321755
v 0.111795 0.310334 -0.321755
v -0.441134 0.263947 -0.321755
v 0.224979 0.564533 -0.321755
v 0.315897 0.269514 -0.321755
v -0.125705 0.239826 -0.321755
v 0.612772 0.263947 -0.321755
v 0.315897 0.241681 -0.321755
v 0.249100 0.239826 -0.321755
v -0.272287 0.241681 -0.321755
v -0.272287 0.269514 -0.321755
v 0.573807 0.291779 -0.321755
v 0.150760 0.128498 -0.321755
v -0.008810 0.288068 -0.321755
v -0.077463 0.223127 -0.321755
v 0.052420 0.288068 -0.321755
v -0.734299 0.249103 -0.319900
v 0.777908 0.249103 -0.319900
v -0.042209 0.256525 -0.319900
v 0.085819 0.258381 -0.319900
v 0.020877 0.182307 -0.319900
v 0.158182 0.017170 -0.319900
v 0.167459 0.276935 -0.319900
v 0.098807 -0.164666 -0.319900
v -0.203634 0.271369 -0.319900
v -0.205490 0.239826 -0.319900
v -0.723166 0.254670 -0.319900
v 0.766776 0.254670 -0.319900
v -0.123849 0.278791 -0.319900
v -0.758420 0.226838 -0.319900
v 0.802030 0.226838 -0.319900
v -0.706466 0.262092 -0.319900
v 0.750076 0.262092 -0.319900
v 0.551541 0.293635 -0.319900
v 0.152616 0.063556 -0.319900
v -0.079318 0.247248 -0.319900
v -0.405881 0.236115 -0.319900
v -0.589572 0.260236 -0.319900
v 0.633182 0.260236 -0.319900
v -0.689767 0.236115 -0.319900
v 0.733377 0.236115 -0.319900
v -0.096017 -0.070037 -0.318044
v -0.003244 0.816877 -0.318044
v 0.122928 0.247248 -0.318044
v 0.119217 0.354865 -0.318044
v -0.075607 0.354865 -0.318044
v 0.139627 0.299201 -0.318044
v -0.096017 0.299201 -0.318044
v -0.587717 0.293635 -0.318044
v 0.610916 0.245392 -0.318044
v -0.576584 0.267658 -0.318044
v -0.801095 0.226838 -0.318044
v 0.844705 0.226838 -0.318044
v -0.725021 0.234260 -0.318044
v 0.768631 0.234260 -0.318044
v -0.441134 0.234260 -0.318044
v 0.020877 -0.220330 -0.318044
v -0.674923 0.276935 -0.318044
v 0.718534 0.276935 -0.318044
v -0.789963 0.236115 -0.316189
v 0.833573 0.236115 -0.316189
v 0.104373 -0.237029 -0.316189
v 0.560819 0.289924 -0.316189
v 0.236112 0.583088 -0.316189
v 0.618338 0.260236 -0.316189
v -0.574728 0.260236 -0.316189
v 0.521854 0.293635 -0.316189
v -0.700900 0.237971 -0.316189
v 0.744510 0.237971 -0.316189
v -0.018088 0.249103 -0.316189
v -0.558029 0.297346 -0.316189
v 0.039432 -0.240740 -0.316189
v 0.004178 -0.240740 -0.316189
v 0.074686 0.184162 -0.316189
v -0.031076 0.184162 -0.316189
v 0.124784 0.224982 -0.316189
v 0.020877 -0.222186 -0.316189
v -0.591427 0.289924 -0.316189
v -0.014377 -0.242596 -0.316189
v 0.057987 -0.242596 -0.316189
v -0.021799 0.241681 -0.316189
v -0.797384 0.215705 -0.316189
v 0.840994 0.215705 -0.316189
v 0.020877 0.237971 -0.314333
v -0.769552 0.245392 -0.314333
v 0.813162 0.245392 -0.314333
v 0.636893 0.224982 -0.314333
v -0.621115 0.275080 -0.314333
v 0.664725 0.275080 -0.314333
v 0.121073 0.740803 -0.314333
v -0.077463 0.740803 -0.314333
v -0.587717 0.241681 -0.314333
v 0.631326 0.241681 -0.314333
v 0.067264 0.241681 -0.314333
v -0.045920 0.288068 -0.314333
v 0.089530 0.288068 -0.314333
v -0.756564 0.250959 -0.314333
v 0.800174 0.250959 -0.314333
v 0.109940 -0.086736 -0.314333
v 0.130350 -0.070037 -0.314333
v -0.047775 0.230549 -0.314333
v 0.165604 0.783478 -0.312478
v -0.574728 0.247248 -0.312478
v -0.593283 0.224982 -0.312478
v -0.049631 0.785334 -0.312478
v 0.158182 -0.077459 -0.312478
v 0.160037 -0.068182 -0.312478
v -0.058908 -0.116424 -0.312478
v -0.738009 0.256525 -0.312478
v 0.781619 0.256525 -0.312478
v -0.784396 0.215705 -0.312478
v 0.828006 0.215705 -0.312478
v -0.151681 0.648029 -0.312478
v 0.184158 0.742658 -0.312478
v -0.572873 0.241681 -0.312478
v 0.616483 0.241681 -0.312478
v 0.020877 0.308478 -0.312478
v 0.078397 -0.222186 -0.312478
v -0.034787 -0.222186 -0.312478
v 0.130350 0.282502 -0.312478
v 0.020877 0.158185 -0.312478
v -0.086740 0.282502 -0.312478
v -0.116427 -0.077459 -0.312478
v -0.726877 0.263947 -0.312478
v 0.770487 0.263947 -0.312478
v 0.061698 0.245392 -0.312478
v -0.656369 0.228693 -0.312478
v 0.699979 0.228693 -0.312478
v 0.104373 -0.116424 -0.312478
v 0.644315 0.286213 -0.312478
v 0.130350 -0.051483 -0.312478
v -0.405881 0.297346 -0.310622
v 0.078397 -0.225897 -0.310622
v -0.032931 -0.225897 -0.310622
v -0.116427 -0.068182 -0.310622
v 0.059842 -0.266717 -0.310622
v -0.016232 -0.266717 -0.310622
v 0.022733 -0.259295 -0.310622
v 0.095096 0.230549 -0.310622
v -0.710177 0.271369 -0.310622
v 0.753787 0.271369 -0.310622
v 0.089530 -0.266717 -0.310622
v -0.045920 -0.266717 -0.310622
v 0.037577 -0.264861 -0.310622
v 0.007889 -0.264861 -0.310622
v 0.416092 0.295490 -0.310622
v 0.597928 0.230549 -0.310622
v -0.086740 -0.049627 -0.310622
v 0.640604 0.228693 -0.308767
v 0.087674 -0.096014 -0.308767
v -0.600705 0.286213 -0.308767
v -0.086740 0.321467 -0.308767
v 0.223123 0.588654 -0.308767
v 0.130350 0.321467 -0.308767
v -0.801095 0.226838 -0.308767
v 0.844705 0.226838 -0.308767
v 0.484744 0.289924 -0.308767
v -0.758420 0.223127 -0.308767
v 0.802030 0.223127 -0.308767
v -0.509787 0.299201 -0.308767
v -0.090451 0.746369 -0.308767
v -0.088595 -0.068182 -0.308767
v -0.077463 0.178596 -0.308767
v 0.614627 0.278791 -0.308767
v -0.532052 0.297346 -0.308767
v -0.695334 0.276935 -0.308767
v 0.738944 0.276935 -0.308767
v 0.378983 0.295490 -0.308767
v 0.204569 0.213849 -0.308767
v -0.554318 0.230549 -0.306911
v -0.480099 0.297346 -0.306911
v -0.799240 0.221271 -0.306911
v 0.842850 0.221271 -0.306911
v -0.092306 0.210139 -0.306911
v 0.605350 0.289924 -0.306911
v 0.135916 0.210139 -0.306911
v -0.596994 0.228693 -0.306911
v 0.171170 0.213849 -0.306911
v 0.625760 0.195295 -0.306911
v -0.027365 0.158185 -0.306911
v 0.070975 0.158185 -0.306911
v 0.449491 0.295490 -0.306911
v 0.627616 0.204572 -0.306911
v -0.791818 0.234260 -0.306911
v 0.835428 0.234260 -0.306911
v -0.131271 0.211994 -0.306911
v -0.008810 0.312189 -0.306911
v 0.052420 0.312189 -0.306911
v 0.020877 -0.196209 -0.306911
v -0.071896 -0.084881 -0.306911
v -0.441134 0.293635 -0.306911
v 0.648026 0.282502 -0.306911
v -0.064474 0.306623 -0.306911
v 0.108084 0.306623 -0.306911
v -0.593283 0.275080 -0.306911
v 0.636893 0.275080 -0.306911
v 0.599784 0.193439 -0.305056
v 0.213846 0.640607 -0.305056
v -0.726877 0.228693 -0.305056
v 0.770487 0.228693 -0.305056
v -0.561740 0.289924 -0.305056
v -0.676779 0.280646 -0.305056
v 0.720389 0.280646 -0.305056
v -0.519064 0.295490 -0.305056
v 0.141483 0.295490 -0.305056
v -0.097873 0.295490 -0.305056
v -0.162814 0.215705 -0.305056
v 0.553397 0.200861 -0.305056
v -0.576584 0.284357 -0.305056
v 0.128494 0.180451 -0.305056
v -0.771408 0.241681 -0.305056
v 0.815018 0.241681 -0.305056
v -0.049631 -0.094158 -0.303201
v -0.337228 0.297346 -0.303201
v -0.604416 0.282502 -0.303201
v 0.213846 0.570099 -0.303201
v -0.652658 0.280646 -0.303201
v 0.696268 0.280646 -0.303201
v -0.372482 0.297346 -0.303201
v 0.020877 0.330744 -0.303201
v -0.786252 0.223127 -0.303201
v 0.829862 0.223127 -0.303201
v 0.319608 0.215705 -0.303201
v -0.274142 0.219416 -0.303201
v 0.020877 -0.044061 -0.303201
v 0.208280 0.692560 -0.303201
v -0.370627 0.213849 -0.303201
v 0.523709 0.206428 -0.303201
v 0.380838 0.217560 -0.303201
v 0.020877 0.135920 -0.303201
v 0.250955 0.217560 -0.303201
v -0.207345 0.217560 -0.303201
v -0.756564 0.245392 -0.303201
v 0.800174 0.245392 -0.303201
v -0.576584 0.276935 -0.303201
v 0.620194 0.276935 -0.303201
v 0.562674 0.202717 -0.303201
v -0.700900 0.232404 -0.303201
v 0.744510 0.232404 -0.303201
v -0.094162 0.334455 -0.303201
v -0.077463 0.122932 -0.303201
v 0.137772 0.334455 -0.303201
v -0.077463 0.063556 -0.303201
v -0.337228 0.219416 -0.303201
v 0.575662 0.200861 -0.301345
v 0.020877 0.327033 -0.301345
v 0.072830 -0.198065 -0.301345
v -0.018088 -0.047772 -0.301345
v -0.029220 -0.198065 -0.301345
v 0.061698 -0.047772 -0.301345
v 0.414237 0.213849 -0.301345
v 0.449491 0.210139 -0.301345
v -0.621115 0.228693 -0.301345
v 0.664725 0.228693 -0.301345
v -0.103439 0.681428 -0.301345
v 0.041287 -0.107147 -0.301345
v 0.317752 0.302912 -0.301345
v 0.486600 0.208283 -0.301345
v -0.738009 0.252814 -0.301345
v 0.781619 0.252814 -0.301345
v -0.077463 0.020881 -0.301345
v 0.083963 -0.300115 -0.301345
v 0.373416 0.532990 -0.301345
v 0.113651 0.497736 -0.301345
v -0.070041 0.497736 -0.301345
v -0.040353 -0.300115 -0.301345
v -0.762131 0.232404 -0.301345
v 0.805740 0.232404 -0.301345
v 0.150760 -0.851190 -0.299490
v -0.274142 0.302912 -0.299490
v -0.582150 0.202717 -0.299490
v -0.726877 0.260236 -0.299490
v 0.770487 0.260236 -0.299490
v 0.048709 0.833576 -0.299490
v -0.665646 0.282502 -0.299490
v 0.709256 0.282502 -0.299490
v -0.116427 0.486603 -0.299490
v 0.612772 0.232404 -0.299490
v -0.686056 0.232404 -0.299490
v 0.729666 0.232404 -0.299490
v 0.000467 -0.107147 -0.299490
v 0.020877 0.456916 -0.299490
v -0.585861 0.211994 -0.299490
v -0.097873 -0.912420 -0.299490
v 0.141483 -0.912420 -0.299490
v -0.079318 -0.019940 -0.299490
v -0.114572 0.720392 -0.299490
v 0.158182 0.720392 -0.299490
v -0.025509 0.807599 -0.299490
v 0.043143 0.794611 -0.299490
v -0.023654 0.134064 -0.299490
v -0.036642 0.189728 -0.299490
v -0.103439 -0.856756 -0.299490
v -0.509787 0.202717 -0.299490
v 0.128494 0.124787 -0.299490
v -0.556173 0.199006 -0.299490
v 0.067264 0.134064 -0.299490
v 0.115506 0.811310 -0.297634
v 0.024588 0.202717 -0.297634
v 0.028299 0.421662 -0.297634
v -0.101584 -0.214764 -0.297634
v 0.035721 0.835431 -0.297634
v 0.119217 -0.951385 -0.297634
v 0.046854 0.824299 -0.297634
v -0.075607 -0.951385 -0.297634
v 0.121073 -0.986639 -0.297634
v -0.077463 -0.986639 -0.297634
v -0.405881 0.210139 -0.297634
v 0.154471 -0.828924 -0.297634
v -0.096017 -0.233318 -0.297634
v -0.708322 0.267658 -0.297634
v 0.751932 0.267658 -0.297634
v 0.104373 -0.773260 -0.297634
v -0.094162 0.351154 -0.297634
v 0.137772 0.351154 -0.297634
v 0.128494 -0.018084 -0.297634
v 0.124784 -0.305682 -0.297634
v 0.174881 0.599787 -0.297634
v -0.131271 0.599787 -0.297634
v -0.480099 0.208283 -0.297634
v -0.077463 -1.046014 -0.297634
v 0.121073 -1.046014 -0.297634
v -0.079318 -0.305682 -0.295779
v -0.728732 0.239826 -0.295779
v -0.626681 0.282502 -0.295779
v 0.772342 0.239826 -0.295779
v 0.670291 0.282502 -0.295779
v 0.020877 0.341877 -0.295779
v 0.033866 0.828010 -0.295779
v 0.057987 0.429084 -0.295779
v 0.100662 -0.838201 -0.295779
v -0.442990 0.210139 -0.295779
v -0.075607 0.186017 -0.295779
v 0.119217 0.186017 -0.295779
v 0.106229 -0.810369 -0.295779
v -0.057052 -0.838201 -0.295779
v 0.046854 0.456916 -0.295779
v -0.003244 0.456916 -0.295779
v -0.099728 -0.201776 -0.295779
v 0.249100 0.304767 -0.295779
v -0.205490 0.304767 -0.295779
v -0.519064 0.206428 -0.295779
v 0.087674 0.189728 -0.295779
v -0.060763 -0.810369 -0.295779
v -0.114572 0.620197 -0.295779
v 0.143338 -0.083025 -0.295779
v -0.064474 -0.773260 -0.295779
v 0.050565 0.328889 -0.293923
v -0.006955 0.328889 -0.293923
v 0.022733 0.104377 -0.293923
v -0.107150 -0.830779 -0.293923
v -0.532052 0.202717 -0.293923
v 0.128494 0.019025 -0.293923
v 0.020877 0.358576 -0.293923
v -0.589572 0.230549 -0.293923
v 0.633182 0.230549 -0.293923
v -0.164670 0.310334 -0.293923
v 0.128494 0.063556 -0.293923
v -0.797384 0.232404 -0.293923
v 0.840994 0.232404 -0.293923
v -0.088595 -0.240740 -0.293923
v 0.059842 0.833576 -0.293923
v 0.178592 0.659162 -0.293923
v -0.134982 0.659162 -0.293923
v 0.208280 0.310334 -0.293923
v -0.572873 0.236115 -0.293923
v -0.101584 -0.084881 -0.293923
v -0.162814 0.607209 -0.293923
v -0.062619 -0.324236 -0.293923
v -0.771408 0.243537 -0.293923
v 0.815018 0.243537 -0.293923
v 0.020877 0.371564 -0.293923
v 0.137772 -0.071893 -0.293923
v -0.045920 -0.897576 -0.293923
v 0.089530 -0.897576 -0.293923
v 0.108084 -0.322381 -0.293923
v -0.096017 -0.073748 -0.293923
v 0.020877 0.299201 -0.293923
v -0.697189 0.276935 -0.293923
v 0.740799 0.276935 -0.293923
v -0.086740 -0.270428 -0.293923
v 0.130350 -0.270428 -0.293923
v 0.104373 -0.734295 -0.292068
v -0.758420 0.249103 -0.292068
v 0.802030 0.249103 -0.292068
v -0.574728 0.230549 -0.292068
v 0.618338 0.230549 -0.292068
v -0.088595 0.362287 -0.292068
v 0.132205 0.362287 -0.292068
v -0.010666 -0.298260 -0.292068
v 0.126639 -0.953240 -0.292068
v -0.083029 -0.953240 -0.292068
v 0.202713 0.753791 -0.292068
v -0.702756 0.243537 -0.292068
v 0.746366 0.243537 -0.292068
v 0.054276 -0.298260 -0.292068
v -0.029220 0.340021 -0.292068
v 0.072830 0.338166 -0.292068
v -0.096017 -0.198065 -0.292068
v -0.810373 0.226838 -0.292068
v 0.853983 0.226838 -0.292068
v 0.059842 0.826154 -0.292068
v -0.031076 0.130353 -0.292068
v 0.104373 -0.060760 -0.292068
v -0.793674 0.221271 -0.292068
v 0.837284 0.221271 -0.292068
v -0.060763 -0.060760 -0.292068
v 0.781619 0.256525 -0.292068
v -0.738009 0.256525 -0.292068
v 0.020877 0.013459 -0.292068
v -0.678634 0.282502 -0.290212
v 0.722244 0.282502 -0.290212
v -0.725021 0.262092 -0.290212
v 0.768631 0.262092 -0.290212
v -0.806662 0.219416 -0.290212
v 0.850272 0.219416 -0.290212
v -0.660080 0.228693 -0.290212
v 0.703690 0.228693 -0.290212
v -0.019943 0.102521 -0.290212
v 0.063553 0.102521 -0.290212
v -0.763986 0.234260 -0.290212
v 0.807596 0.234260 -0.290212
v -0.070041 0.360431 -0.290212
v 0.113651 0.360431 -0.290212
v 0.028299 0.839142 -0.290212
v -0.001388 0.816877 -0.290212
v -0.667502 0.282502 -0.290212
v 0.711112 0.282502 -0.290212
v 0.202713 0.512580 -0.290212
v 0.158182 -0.776971 -0.290212
v 0.061698 0.007892 -0.290212
v -0.018088 0.007892 -0.290212
v -0.706466 0.271369 -0.290212
v 0.750076 0.271369 -0.290212
v -0.071896 -0.956951 -0.290212
v 0.115506 -0.956951 -0.290212
v -0.118283 0.547834 -0.290212
v 0.161893 0.547834 -0.290212
v -0.042209 -0.943963 -0.290212
v 0.085819 -0.943963 -0.290212
v 0.048709 0.345588 -0.288357
v 0.199002 0.724103 -0.288357
v -0.005099 0.343732 -0.288357
v -0.060763 -0.736151 -0.288357
v 0.020877 0.065412 -0.288357
v 0.367850 0.545978 -0.288357
v -0.031076 0.065412 -0.288357
v -0.081174 -0.227752 -0.288357
v 0.124784 -0.227752 -0.288357
v -0.730588 0.241681 -0.288357
v 0.774198 0.241681 -0.288357
v -0.081174 -0.231463 -0.288357
v 0.026444 0.831721 -0.288357
v 0.124784 -0.231463 -0.288357
v -0.025509 -0.018084 -0.288357
v -0.073752 0.345588 -0.288357
v 0.117362 0.345588 -0.288357
v -0.110861 -1.042303 -0.288357
v 0.154471 -1.042303 -0.288357
v 0.095096 0.319611 -0.286501
v -0.051486 0.319611 -0.286501
v -0.057052 0.818732 -0.286501
v -0.005099 0.360431 -0.286501
v 0.048709 0.360431 -0.286501
v 0.085819 0.130353 -0.286501
v 0.111795 0.158185 -0.286501
v -0.068185 0.158185 -0.286501
v 0.102518 0.809455 -0.286501
v -0.040353 -1.044158 -0.286501
v 0.083963 -1.044158 -0.286501
v -0.031076 0.020881 -0.286501
v -0.027365 0.456916 -0.286501
v 0.070975 0.456916 -0.286501
v -0.168381 0.570099 -0.286501
v -0.068185 -0.337225 -0.286501
v 0.150760 -0.953240 -0.286501
v 0.007889 -0.296404 -0.286501
v 0.035721 -0.296404 -0.286501
v -0.107150 -0.953240 -0.286501
v 0.111795 -0.337225 -0.286501
v -0.110861 -0.782537 -0.286501
v 0.020877 0.377131 -0.286501
v 0.085819 0.442072 -0.286501
v -0.081174 0.792756 -0.286501
v -0.166525 0.538556 -0.284646
v -0.005099 0.373420 -0.284646
v 0.048709 0.373420 -0.284646
v 0.176737 0.319611 -0.284646
v 0.137772 0.317756 -0.284646
v -0.691623 0.239826 -0.284646
v 0.735233 0.239826 -0.284646
v -0.103439 -0.179510 -0.284646
v -0.094162 0.317756 -0.284646
v 0.024588 0.794611 -0.284646
v -0.131271 0.319611 -0.284646
v 0.152616 -0.986639 -0.284646
v -0.109006 -0.986639 -0.284646
v -0.053341 0.265803 -0.284646
v -0.799240 0.239826 -0.284646
v 0.842850 0.239826 -0.284646
v -0.704611 0.245392 -0.284646
v 0.748221 0.245392 -0.284646
v -0.014377 0.306623 -0.284646
v 0.616483 0.282502 -0.284646
v 0.072830 -0.018084 -0.284646
v 0.022733 -0.294549 -0.284646
v 0.059842 0.061701 -0.284646
v -0.016232 0.061701 -0.284646
v -0.812228 0.228693 -0.284646
v 0.855838 0.228693 -0.284646
v -0.600705 0.282502 -0.284646
v 0.644315 0.282502 -0.284646
v -0.133127 0.701838 -0.284646
v 0.176737 0.701838 -0.284646
v 0.089530 -0.988494 -0.284646
v -0.045920 -0.988494 -0.284646
v 0.065409 0.837287 -0.284646
v 0.057987 0.306623 -0.284646
v -0.114572 0.703693 -0.284646
v -0.773263 0.250959 -0.284646
v 0.816873 0.250959 -0.284646
v 0.046854 0.844709 -0.282790
v 0.640604 0.219416 -0.282790
v -0.014377 0.423517 -0.282790
v 0.638748 0.213849 -0.282790
v -0.031076 -0.320526 -0.282790
v -0.164670 0.584943 -0.282790
v 0.074686 -0.320526 -0.282790
v -0.055197 -0.940252 -0.282790
v 0.098807 -0.940252 -0.282790
v -0.760275 0.254670 -0.282790
v 0.803885 0.254670 -0.282790
v 0.083963 0.065412 -0.282790
v -0.127560 0.783478 -0.282790
v -0.808517 0.217560 -0.282790
v 0.852127 0.217560 -0.282790
v 0.082108 0.019025 -0.282790
v 0.096951 0.263947 -0.282790
v 0.145194 0.338166 -0.282790
v -0.101584 0.338166 -0.282790
v 0.100662 -0.951385 -0.282790
v -0.057052 -0.951385 -0.282790
v -0.079318 0.815021 -0.282790
v -0.023654 0.828010 -0.280935
v 0.785330 0.262092 -0.280935
v -0.741720 0.262092 -0.280935
v 0.048709 0.833576 -0.280935
v -0.596994 0.219416 -0.280935
v 0.221268 0.703693 -0.280935
v -0.595138 0.213849 -0.280935
v 0.631326 0.295490 -0.280935
v -0.578439 0.282502 -0.280935
v 0.622049 0.282502 -0.280935
v 0.601639 0.301057 -0.280935
v -0.793674 0.217560 -0.280935
v 0.837284 0.217560 -0.280935
v -0.726877 0.269514 -0.280935
v 0.770487 0.269514 -0.280935
v -0.103439 0.720392 -0.280935
v 0.108084 -0.005096 -0.280935
v -0.064474 -0.005096 -0.280935
v -0.149826 0.599787 -0.280935
v 0.577518 0.301057 -0.280935
v 0.067264 0.829865 -0.280935
v -0.656369 0.284357 -0.280935
v 0.699979 0.284357 -0.280935
v -0.576584 0.291779 -0.280935
v 0.024588 0.815021 -0.279079
v -0.114572 -0.955096 -0.279079
v 0.158182 -0.955096 -0.279079
v 0.176737 -0.075604 -0.279079
v -0.112716 -0.940252 -0.279079
v 0.028299 0.842853 -0.279079
v -0.103439 -0.734295 -0.279079
v -0.110861 -0.140545 -0.279079
v 0.156326 -0.940252 -0.279079
v 0.044998 0.377131 -0.279079
v -0.001388 0.377131 -0.279079
v -0.661935 0.228693 -0.279079
v 0.705545 0.228693 -0.279079
v 0.152616 -0.736151 -0.279079
v -0.630392 0.226838 -0.279079
v 0.674002 0.226838 -0.279079
v -0.133127 -0.075604 -0.279079
v 0.020877 0.800178 -0.279079
v 0.627616 0.299201 -0.279079
v -0.073752 0.286213 -0.279079
v -0.630392 0.284357 -0.279079
v 0.674002 0.284357 -0.279079
v -0.706466 0.278791 -0.279079
v 0.750076 0.278791 -0.279079
v 0.117362 0.286213 -0.279079
v -0.064474 0.128498 -0.279079
v 0.108084 0.128498 -0.279079
v 0.020877 0.365998 -0.277224
v 0.020877 0.341877 -0.277224
v 0.020877 0.373420 -0.277224
v 0.525565 0.306623 -0.277224
v -0.016232 -0.775115 -0.277224
v -0.101584 0.761213 -0.277224
v -0.763986 0.226838 -0.277224
v 0.807596 0.226838 -0.277224
v 0.599784 0.223127 -0.277224
v -0.693478 0.282502 -0.277224
v 0.737088 0.282502 -0.277224
v -0.071896 -0.199920 -0.277224
v 0.115506 -0.199920 -0.277224
v -0.589572 0.299201 -0.277224
v -0.559884 0.306623 -0.277224
v 0.649881 0.288068 -0.277224
v 0.178592 -0.083025 -0.277224
v 0.562674 0.299201 -0.277224
v -0.678634 0.284357 -0.277224
v 0.722244 0.284357 -0.277224
v 0.648026 0.293635 -0.277224
v 0.555252 0.310334 -0.277224
v 0.154471 -0.142401 -0.277224
v -0.136838 -0.083025 -0.275369
v 0.063553 -0.773260 -0.275369
v -0.068185 0.338166 -0.275369
v -0.535763 0.306623 -0.275369
v 0.111795 0.338166 -0.275369
v -0.810373 0.228693 -0.275369
v 0.853983 0.228693 -0.275369
v 0.109940 -0.363201 -0.275369
v 0.024588 0.837287 -0.275369
v -0.066330 -0.363201 -0.275369
v -0.556173 0.223127 -0.275369
v 0.080252 0.336310 -0.275369
v -0.036642 0.336310 -0.275369
v -0.585861 0.302912 -0.275369
v -0.442990 0.308478 -0.275369
v -0.808517 0.221271 -0.275369
v 0.852127 0.221271 -0.275369
v 0.599784 0.258381 -0.275369
v 0.154471 -0.207342 -0.275369
v 0.147049 -0.203631 -0.275369
v 0.488455 0.304767 -0.275369
v -0.031076 0.275080 -0.275369
v -0.730588 0.236115 -0.275369
v 0.774198 0.236115 -0.275369
v -0.606271 0.288068 -0.275369
v 0.150760 -0.183221 -0.275369
v 0.013455 0.824299 -0.275369
v -0.513498 0.312189 -0.273513
v -0.606271 0.293635 -0.273513
v 0.178592 0.204572 -0.273513
v 0.208280 0.204572 -0.273513
v 0.035721 0.365998 -0.273513
v 0.007889 0.365998 -0.273513
v -0.164670 0.204572 -0.273513
v 0.252811 0.200861 -0.273513
v -0.209201 0.202717 -0.273513
v 0.039432 0.340021 -0.273513
v 0.004178 0.340021 -0.273513
v -0.409591 0.312189 -0.273513
v 0.321463 0.200861 -0.273513
v -0.520920 0.304767 -0.273513
v -0.277853 0.204572 -0.273513
v -0.134982 0.204572 -0.273513
v -0.797384 0.234260 -0.273513
v 0.840994 0.234260 -0.273513
v 0.614627 0.226838 -0.273513
v 0.609061 0.297346 -0.273513
v 0.063553 0.842853 -0.273513
v 0.104373 0.048713 -0.273513
v -0.060763 0.048713 -0.273513
v 0.067264 -0.736151 -0.273513
v -0.556173 0.258381 -0.273513
v 0.158182 -0.220330 -0.273513
v 0.147049 0.328889 -0.273513
v -0.103439 0.328889 -0.273513
v -0.481955 0.312189 -0.273513
v 0.074686 0.273224 -0.273513
v 0.039432 0.373420 -0.273513
v 0.004178 0.373420 -0.273513
v 0.043143 0.818732 -0.271658
v 0.032010 0.805744 -0.271658
v -0.162814 0.729670 -0.271658
v -0.795529 0.223127 -0.271658
v 0.839139 0.223127 -0.271658
v 0.102518 0.093244 -0.271658
v -0.704611 0.237971 -0.271658
v 0.748221 0.237971 -0.271658
v -0.058908 0.093244 -0.271658
v -0.773263 0.245392 -0.271658
v 0.816873 0.245392 -0.271658
v 0.382694 0.204572 -0.271658
v -0.565451 0.297346 -0.271658
v -0.097873 0.507014 -0.271658
v 0.141483 0.507014 -0.271658
v -0.021799 -0.799236 -0.271658
v 0.020877 0.364142 -0.269802
v -0.051486 0.462482 -0.269802
v 0.095096 0.462482 -0.269802
v 0.150760 -0.318670 -0.269802
v -0.107150 -0.318670 -0.269802
v 0.416092 0.200861 -0.269802
v 0.152616 -0.237029 -0.269802
v -0.760275 0.250959 -0.269802
v 0.803885 0.250959 -0.269802
v -0.153537 0.603498 -0.269802
v -0.340939 0.314045 -0.269802
v -0.023654 -0.738006 -0.269802
v 0.186014 0.766779 -0.269802
v 0.451346 0.197150 -0.269802
v -0.019943 -0.819647 -0.269802
v 0.150760 0.809455 -0.269802
v -0.339084 0.204572 -0.269802
v 0.072830 0.347443 -0.269802
v -0.029220 0.347443 -0.269802
v 0.063553 -0.821502 -0.269802
v -0.066330 -0.609979 -0.269802
v 0.488455 0.195295 -0.269802
v -0.691623 0.237971 -0.269802
v 0.735233 0.237971 -0.269802
v 0.033866 0.846564 -0.269802
v -0.376193 0.315900 -0.269802
v 0.048709 -0.314959 -0.267947
v 0.069119 -0.804803 -0.267947
v 0.143338 -0.244451 -0.267947
v 0.525565 0.191584 -0.267947
v -0.005099 -0.314959 -0.267947
v 0.620194 0.228693 -0.267947
v -0.576584 0.228693 -0.267947
v 0.785330 0.258381 -0.267947
v -0.741720 0.258381 -0.267947
v 0.128494 0.458771 -0.267947
v -0.372482 0.200861 -0.267947
v 0.065409 0.835431 -0.267947
v 0.453201 0.312189 -0.267947
v 0.577518 0.191584 -0.267947
v -0.763986 0.236115 -0.267947
v 0.807596 0.236115 -0.267947
v 0.555252 0.189728 -0.267947
v -0.057052 0.438361 -0.267947
v 0.020877 0.427228 -0.267947
v 0.037577 0.824299 -0.267947
v 0.041287 0.816877 -0.267947
v -0.407736 0.197150 -0.267947
v 0.070975 0.362287 -0.267947
v -0.027365 0.362287 -0.267947
v -0.571017 0.234260 -0.267947
v 0.638748 0.228693 -0.267947
v -0.595138 0.228693 -0.267947
v 0.039432 0.362287 -0.267947
v 0.004178 0.362287 -0.267947
v 0.599784 0.187873 -0.267947
v 0.627616 0.200861 -0.266091
v 0.564530 0.195295 -0.266091
v 0.111795 -0.608123 -0.266091
v -0.444845 0.197150 -0.266091
v -0.726877 0.263947 -0.266091
v 0.770487 0.263947 -0.266091
v 0.158182 0.202717 -0.266091
v 0.319608 0.319611 -0.266091
v -0.114572 0.202717 -0.266091
v 0.382694 0.314045 -0.266091
v -0.275998 0.319611 -0.266091
v -0.029220 0.835431 -0.266091
v 0.069119 0.373420 -0.266091
v -0.025509 0.373420 -0.266091
v 0.419803 0.312189 -0.266091
v 0.044998 0.811310 -0.266091
v -0.134982 0.651740 -0.266091
v -0.511642 0.195295 -0.266091
v -0.665646 0.230549 -0.266091
v 0.709256 0.230549 -0.266091
v -0.062619 -0.400311 -0.266091
v 0.106229 -0.400311 -0.266091
v 0.056131 0.846564 -0.266091
v -0.481955 0.195295 -0.266091
v 0.002323 0.425373 -0.266091
v 0.041287 0.425373 -0.266091
v -0.081174 0.325178 -0.266091
v -0.121994 0.698127 -0.266091
v 0.623905 0.191584 -0.266091
v 0.124784 0.325178 -0.266091
v -0.520920 0.199006 -0.264236
v -0.014377 -0.879022 -0.264236
v 0.057987 -0.879022 -0.264236
v -0.109006 -0.079315 -0.264236
v 0.032010 0.840998 -0.264236
v -0.533908 0.199006 -0.264236
v 0.152616 -0.079315 -0.264236
v -0.112716 0.727814 -0.264236
v -0.732443 0.247248 -0.264236
v 0.776053 0.247248 -0.264236
v 0.156326 -0.081170 -0.264236
v 0.044998 0.846564 -0.264236
v -0.706466 0.271369 -0.264236
v 0.750076 0.271369 -0.264236
v -0.114572 -0.081170 -0.264236
v -0.105295 -0.361346 -0.264236
v 0.148905 -0.361346 -0.264236
v 0.057987 -0.932830 -0.262380
v -0.014377 -0.932830 -0.262380
v 0.056131 0.828010 -0.262380
v -0.582150 0.211994 -0.262380
v 0.050565 0.364142 -0.262380
v -0.006955 0.364142 -0.262380
v 0.020877 0.399396 -0.262380
v 0.163748 -0.090447 -0.262380
v -0.556173 0.197150 -0.262380
v 0.252811 0.323322 -0.262380
v 0.063553 0.377131 -0.262380
v -0.019943 0.377131 -0.262380
v -0.103439 0.186017 -0.262380
v 0.147049 0.186017 -0.262380
v -0.209201 0.323322 -0.262380
v -0.084884 0.336310 -0.262380
v 0.128494 0.336310 -0.262380
v 0.232401 0.649885 -0.262380
v 0.037577 -0.311248 -0.262380
v 0.006033 -0.311248 -0.262380
v -0.121994 -0.092303 -0.260525
v 0.007889 0.820588 -0.260525
v -0.580295 0.202717 -0.260525
v 0.113651 0.828010 -0.260525
v 0.080252 -0.932830 -0.260525
v -0.036642 -0.932830 -0.260525
v -0.706466 0.249103 -0.260525
v 0.750076 0.249103 -0.260525
v -0.123849 0.701838 -0.260525
v 0.187869 -0.845623 -0.260525
v 0.004178 0.397541 -0.260525
v 0.039432 0.397541 -0.260525
v 0.067264 -0.337225 -0.260525
v -0.637814 0.223127 -0.260525
v 0.681424 0.223127 -0.260525
v 0.052420 0.831721 -0.260525
v -0.144259 -0.847479 -0.260525
v -0.027365 0.826154 -0.260525
v 0.056131 0.839142 -0.260525
v -0.023654 -0.337225 -0.260525
v -0.099728 -0.609979 -0.258669
v 0.215701 0.325178 -0.258669
v 0.143338 -0.609979 -0.258669
v 0.184158 -0.825213 -0.258669
v -0.084884 0.349299 -0.258669
v 0.056131 0.371564 -0.258669
v -0.012521 0.371564 -0.258669
v 0.128494 0.349299 -0.258669
v -0.016232 0.423517 -0.258669
v 0.059842 0.423517 -0.258669
v 0.030155 0.802033 -0.258669
v -0.170236 0.325178 -0.258669
v 0.022733 -0.309393 -0.258669
v 0.145194 -0.018084 -0.258669
v 0.056131 0.822443 -0.258669
v 0.043143 0.842853 -0.258669
v 0.022733 0.796467 -0.258669
v -0.695334 0.278791 -0.258669
v 0.738944 0.278791 -0.258669
v 0.057987 0.338166 -0.258669
v -0.014377 0.338166 -0.258669
v -0.103439 -0.018084 -0.258669
v -0.676779 0.282502 -0.258669
v 0.720389 0.282502 -0.258669
v -0.120138 0.712971 -0.258669
v -0.025509 0.314045 -0.258669
v -0.138693 -0.825213 -0.258669
v 0.069119 0.312189 -0.258669
v 0.618338 0.278791 -0.258669
v -0.125705 0.705549 -0.258669
v -0.580295 0.278791 -0.258669
v 0.623905 0.278791 -0.258669
v 0.033866 0.820588 -0.256814
v -0.097873 0.156330 -0.256814
v 0.141483 0.156330 -0.256814
v -0.598849 0.276935 -0.256814
v 0.642459 0.276935 -0.256814
v -0.129416 0.679572 -0.256814
v -0.121994 0.711115 -0.256814
v -0.146115 0.510724 -0.256814
v 0.043143 0.809455 -0.256814
v -0.146115 -0.906854 -0.256814
v -0.658224 0.282502 -0.256814
v 0.701834 0.282502 -0.256814
v 0.189725 -0.906854 -0.256814
v 0.024588 0.792756 -0.256814
v 0.059842 0.829865 -0.256814
v -0.040353 0.343732 -0.256814
v 0.057987 0.835431 -0.256814
v -0.110861 -0.274139 -0.256814
v 0.083963 0.343732 -0.256814
v 0.154471 -0.274139 -0.254958
v -0.101584 -0.402166 -0.254958
v 0.145194 -0.402166 -0.254958
v -0.784396 0.241681 -0.254958
v 0.828006 0.241681 -0.254958
v -0.632248 0.280646 -0.254958
v 0.675858 0.280646 -0.254958
v -0.127560 0.690705 -0.254958
v -0.123849 0.712971 -0.254958
v -0.771408 0.247248 -0.254958
v 0.815018 0.247248 -0.254958
v 0.104373 0.360431 -0.254958
v -0.060763 0.360431 -0.254958
v 0.121073 0.360431 -0.254958
v -0.077463 0.360431 -0.254958
v 0.020877 0.802033 -0.254958
v -0.760275 0.252814 -0.254958
v 0.803885 0.252814 -0.254958
v -0.695334 0.245392 -0.254958
v 0.738944 0.245392 -0.254958
v 0.050565 0.829865 -0.254958
v -0.149826 0.720392 -0.254958
v -0.758420 0.236115 -0.254958
v 0.802030 0.236115 -0.254958
v -0.793674 0.232404 -0.254958
v 0.837284 0.232404 -0.254958
v -0.129416 0.707404 -0.254958
v -0.574728 0.288068 -0.254958
v 0.642459 0.224982 -0.254958
v 0.239823 0.592365 -0.253103
v -0.776974 0.228693 -0.253103
v 0.820584 0.228693 -0.253103
v 0.054276 0.820588 -0.253103
v -0.726877 0.247248 -0.253103
v 0.770487 0.247248 -0.253103
v 0.193436 0.332599 -0.253103
v -0.129416 0.696271 -0.253103
v -0.149826 0.718537 -0.253103
v 0.783475 0.260236 -0.253103
v -0.739865 0.260236 -0.253103
v -0.034787 -0.945818 -0.253103
v 0.078397 -0.945818 -0.253103
v -0.149826 0.659162 -0.253103
v 0.193436 0.659162 -0.253103
v -0.060763 0.822443 -0.253103
v -0.706466 0.271369 -0.253103
v 0.750076 0.271369 -0.253103
v -0.040353 -0.611834 -0.253103
v -0.789963 0.226838 -0.253103
v 0.833573 0.226838 -0.253103
v -0.725021 0.265803 -0.253103
v 0.768631 0.265803 -0.253103
v 0.074686 0.796467 -0.253103
v -0.031076 0.796467 -0.253103
v -0.149826 0.720392 -0.253103
v -0.146115 0.332599 -0.253103
v -0.077463 0.777912 -0.253103
v 0.121073 0.777912 -0.253103
v -0.704611 0.249103 -0.253103
v 0.748221 0.249103 -0.253103
v 0.109940 -0.563592 -0.253103
v 0.083963 -0.609979 -0.253103
v -0.027365 -0.365057 -0.253103
v 0.070975 -0.365057 -0.253103
v -0.172091 0.675861 -0.251247
v -0.127560 0.712971 -0.251247
v 0.041287 0.792756 -0.251247
v 0.057987 0.828010 -0.251247
v 0.184158 -0.780682 -0.251247
v -0.598849 0.224982 -0.251247
v -0.149826 0.718537 -0.251247
v 0.056131 0.358576 -0.251247
v -0.012521 0.358576 -0.251247
v -0.068185 -0.563592 -0.251247
v 0.056131 0.833576 -0.251247
v 0.147049 0.334455 -0.251247
v -0.142404 0.714826 -0.251247
v -0.103439 0.334455 -0.251247
v 0.191580 0.603498 -0.251247
v -0.147970 0.603498 -0.251247
v 0.180448 0.557111 -0.251247
v -0.136838 0.557111 -0.251247
v 0.174881 0.334455 -0.251247
v -0.133127 0.709260 -0.251247
v -0.131271 0.699982 -0.251247
v 0.158182 0.750080 -0.251247
v -0.114572 0.750080 -0.251247
v -0.092306 0.124787 -0.251247
v 0.135916 0.124787 -0.251247
v -0.129416 0.336310 -0.251247
v 0.052420 0.425373 -0.251247
v 0.013455 0.815021 -0.251247
v -0.142404 0.711115 -0.251247
v 0.104373 -0.455975 -0.249392
v -0.060763 -0.455975 -0.249392
v 0.614627 0.236115 -0.249392
v -0.147970 0.718537 -0.249392
v -0.142404 0.716682 -0.249392
v -0.079318 0.471760 -0.249392
v 0.122928 0.471760 -0.249392
v 0.119217 0.334455 -0.249392
v -0.075607 0.334455 -0.249392
v -0.669357 0.234260 -0.249392
v 0.712967 0.234260 -0.249392
v 0.141483 0.037580 -0.249392
v -0.138693 0.709260 -0.249392
v 0.182303 0.709260 -0.249392
v 0.052420 0.822443 -0.249392
v -0.099728 0.037580 -0.249392
v 0.022733 0.805744 -0.249392
v -0.621115 0.221271 -0.249392
v 0.664725 0.221271 -0.249392
v 0.033866 0.818732 -0.249392
v 0.048709 0.828010 -0.249392
v 0.037577 0.811310 -0.249392
v -0.138693 -0.780682 -0.249392
v 0.028299 0.419807 -0.249392
v -0.147970 0.716682 -0.249392
v -0.133127 0.712971 -0.249392
v -0.134982 0.703693 -0.249392
v -0.003244 -0.324236 -0.249392
v 0.046854 -0.324236 -0.249392
v 0.228690 0.648029 -0.249392
v -0.066330 -0.545037 -0.249392
v -0.094162 0.085822 -0.249392
v 0.137772 0.085822 -0.247537
v 0.651737 0.280646 -0.247537
v -0.129416 -1.046014 -0.247537
v 0.173026 -1.046014 -0.247537
v 0.640604 0.221271 -0.247537
v -0.125705 0.709260 -0.247537
v -0.105295 -0.238885 -0.247537
v 0.148905 -0.238885 -0.247537
v 0.336307 0.560822 -0.247537
v -0.142404 0.709260 -0.247537
v -0.107150 -0.235174 -0.247537
v -0.123849 0.707404 -0.247537
v 0.150760 -0.235174 -0.247537
v -0.016232 0.395685 -0.247537
v 0.059842 0.395685 -0.247537
v -0.129416 0.692560 -0.247537
v -0.084884 -1.047869 -0.247537
v 0.128494 -1.047869 -0.247537
v 0.174881 -0.984783 -0.247537
v -0.131271 -0.984783 -0.247537
v 0.215701 0.692560 -0.247537
v 0.230545 0.592365 -0.247537
v -0.140549 0.714826 -0.247537
v -0.099728 0.464338 -0.247537
v -0.129416 0.686994 -0.247537
v -0.578439 0.236115 -0.247537
v 0.622049 0.236115 -0.247537
v 0.249100 0.610920 -0.247537
v -0.129416 0.711115 -0.245681
v 0.100662 0.338166 -0.245681
v 0.109940 -0.545037 -0.245681
v -0.057052 0.338166 -0.245681
v 0.070975 -0.400311 -0.245681
v -0.027365 -0.400311 -0.245681
v -0.131271 0.698127 -0.245681
v -0.608127 0.282502 -0.245681
v -0.596994 0.221271 -0.245681
v -0.797384 0.234260 -0.245681
v 0.840994 0.234260 -0.245681
v 0.074686 0.432795 -0.245681
v -0.142404 0.711115 -0.245681
v 0.037577 -0.318670 -0.245681
v 0.006033 -0.318670 -0.245681
v -0.535763 0.299201 -0.245681
v -0.134982 0.701838 -0.245681
v 0.139627 -0.563592 -0.245681
v -0.133127 0.711115 -0.245681
v -0.571017 0.243537 -0.245681
v -0.791818 0.223127 -0.245681
v 0.835428 0.223127 -0.245681
v -0.786252 0.245392 -0.245681
v 0.829862 0.245392 -0.245681
v -0.008810 0.816877 -0.245681
v 0.167459 0.809455 -0.243826
v -0.146115 -0.943963 -0.243826
v 0.163748 0.479182 -0.243826
v -0.129416 0.699982 -0.243826
v 0.206424 0.768635 -0.243826
v 0.189725 -0.943963 -0.243826
v 0.067264 -0.988494 -0.243826
v -0.023654 -0.988494 -0.243826
v -0.522775 0.297346 -0.243826
v 0.020877 -0.314959 -0.243826
v -0.094162 -0.457830 -0.243826
v 0.137772 -0.457830 -0.243826
v -0.094162 -0.563592 -0.243826
v -0.031076 -1.046014 -0.243826
v 0.074686 -1.046014 -0.243826
v -0.775119 0.252814 -0.243826
v 0.818729 0.252814 -0.243826
v -0.775119 0.224982 -0.243826
v 0.818729 0.224982 -0.243826
v -0.131271 0.703693 -0.243826
v -0.134982 0.705549 -0.243826
v 0.089530 0.349299 -0.243826
v -0.045920 0.349299 -0.243826
v -0.077463 0.822443 -0.243826
v 0.603494 0.230549 -0.243826
v -0.754709 0.230549 -0.243826
v 0.798319 0.230549 -0.243826
v 0.807596 0.258381 -0.243826
v -0.763986 0.258381 -0.243826
v -0.062619 -0.511639 -0.243826
v 0.009744 0.803889 -0.243826
v 0.106229 -0.511639 -0.241970
v -0.595138 0.234260 -0.241970
v 0.638748 0.234260 -0.241970
v -0.127560 0.696271 -0.241970
v 0.199002 0.727814 -0.241970
v 0.083963 0.360431 -0.241970
v -0.040353 0.360431 -0.241970
v 0.186014 0.712971 -0.241970
v -0.121994 0.707404 -0.241970
v -0.446701 0.302912 -0.241970
v 0.649881 0.286213 -0.241970
v -0.650802 0.223127 -0.241970
v 0.694412 0.223127 -0.241970
v 0.579373 0.293635 -0.241970
v -0.133127 0.677717 -0.241970
v -0.725021 0.239826 -0.241970
v 0.768631 0.239826 -0.241970
v -0.036642 0.367853 -0.241970
v 0.080252 0.367853 -0.241970
v -0.580295 0.265803 -0.241970
v 0.623905 0.265803 -0.241970
v -0.121994 -0.250018 -0.241970
v 0.078397 0.421662 -0.241970
v -0.034787 0.421662 -0.241970
v 0.137772 -0.546893 -0.241970
v -0.559884 0.230549 -0.241970
v -0.092306 -0.546893 -0.241970
v 0.217557 0.540412 -0.241970
v 0.787186 0.265803 -0.240115
v -0.743576 0.265803 -0.240115
v 0.564530 0.289924 -0.240115
v 0.072830 0.371564 -0.240115
v -0.029220 0.371564 -0.240115
v 0.323319 0.208283 -0.240115
v 0.237967 0.616486 -0.240115
v -0.559884 0.299201 -0.240115
v 0.338162 0.573810 -0.240115
v -0.279709 0.210139 -0.240115
v -0.211056 0.206428 -0.240115
v 0.254666 0.206428 -0.240115
v -0.587717 0.291779 -0.240115
v 0.616483 0.265803 -0.240115
v 0.186014 -0.927264 -0.240115
v -0.411447 0.306623 -0.240115
v -0.142404 -0.927264 -0.240115
v -0.101584 -0.209197 -0.240115
v 0.145194 -0.209197 -0.240115
v -0.704611 0.243537 -0.240115
v 0.748221 0.243537 -0.240115
v -0.133127 -0.242596 -0.240115
v -0.513498 0.306623 -0.240115
v 0.065409 0.369709 -0.240115
v -0.021799 0.369709 -0.240115
v -0.726877 0.271369 -0.240115
v 0.770487 0.271369 -0.240115
v -0.535763 0.211994 -0.240115
v -0.606271 0.286213 -0.240115
v 0.083963 -0.561736 -0.240115
v 0.490311 0.299201 -0.240115
v -0.708322 0.276935 -0.240115
v 0.751932 0.276935 -0.240115
v 0.609061 0.288068 -0.240115
v -0.522775 0.211994 -0.240115
v -0.040353 -0.561736 -0.240115
v 0.579373 0.204572 -0.240115
v -0.695334 0.278791 -0.240115
v 0.738944 0.278791 -0.240115
v -0.129416 -0.211053 -0.238259
v -0.138693 -0.214764 -0.238259
v 0.631326 0.288068 -0.238259
v 0.455057 0.204572 -0.238259
v 0.386405 0.211994 -0.238259
v 0.165604 0.520002 -0.238259
v -0.121994 0.520002 -0.238259
v 0.614627 0.249103 -0.238259
v -0.140549 -0.225897 -0.238259
v -0.691623 0.245392 -0.238259
v 0.735233 0.245392 -0.238259
v -0.676779 0.278791 -0.238259
v 0.720389 0.278791 -0.238259
v -0.483810 0.304767 -0.238259
v 0.419803 0.208283 -0.238259
v 0.566385 0.204572 -0.238259
v -0.092306 -0.513494 -0.238259
v 0.135916 -0.513494 -0.238259
v 0.193436 0.766779 -0.238259
v -0.342795 0.308478 -0.238259
v -0.340939 0.211994 -0.238259
v -0.602560 0.265803 -0.238259
v 0.646170 0.265803 -0.238259
v -0.513498 0.206428 -0.238259
v -0.448556 0.206428 -0.238259
v -0.042209 -0.543182 -0.238259
v -0.565451 0.288068 -0.238259
v 0.189725 -0.053338 -0.238259
v 0.557108 0.299201 -0.238259
v 0.178592 -0.738006 -0.238259
v -0.053341 0.265803 -0.238259
v 0.096951 0.265803 -0.238259
v -0.483810 0.206428 -0.238259
v 0.603494 0.293635 -0.236404
v -0.147970 -0.053338 -0.236404
v 0.492166 0.200861 -0.236404
v -0.584006 0.295490 -0.236404
v -0.578439 0.250959 -0.236404
v 0.622049 0.250959 -0.236404
v -0.572873 0.273224 -0.236404
v -0.034787 0.273224 -0.236404
v -0.658224 0.275080 -0.236404
v 0.701834 0.275080 -0.236404
v 0.078397 0.273224 -0.236404
v -0.793674 0.232404 -0.236404
v 0.837284 0.232404 -0.236404
v 0.083963 -0.543182 -0.236404
v -0.635959 0.273224 -0.236404
v 0.679569 0.273224 -0.236404
v -0.789963 0.226838 -0.236404
v 0.833573 0.226838 -0.236404
v 0.529276 0.299201 -0.236404
v 0.076541 -0.454119 -0.236404
v -0.376193 0.208283 -0.236404
v 0.529276 0.199006 -0.236404
v -0.411447 0.206428 -0.236404
v -0.032931 -0.454119 -0.236404
v -0.129416 -0.738006 -0.236404
v 0.106229 0.447639 -0.234548
v -0.008810 0.425373 -0.234548
v -0.018088 0.362287 -0.234548
v 0.056131 -0.734295 -0.234548
v 0.061698 0.362287 -0.234548
v -0.639670 0.215705 -0.234548
v 0.683280 0.215705 -0.234548
v -0.378049 0.312189 -0.234548
v 0.557108 0.199006 -0.234548
v -0.129416 0.692560 -0.234548
v -0.673068 0.241681 -0.234548
v 0.716678 0.241681 -0.234548
v -0.571017 0.256525 -0.234548
v 0.627616 0.291779 -0.234548
v -0.556173 0.211994 -0.234548
v 0.646170 0.241681 -0.234548
v -0.071896 0.354865 -0.234548
v 0.115506 0.354865 -0.234548
v -0.776974 0.230549 -0.234548
v 0.820584 0.230549 -0.234548
v -0.138693 -0.949529 -0.234548
v 0.182303 -0.949529 -0.234548
v 0.599784 0.202717 -0.234548
v -0.170236 0.206428 -0.234548
v 0.319608 0.314045 -0.234548
v -0.275998 0.314045 -0.232693
v 0.213846 0.206428 -0.232693
v -0.782541 0.239826 -0.232693
v 0.826151 0.239826 -0.232693
v 0.456912 0.304767 -0.232693
v -0.615549 0.226838 -0.232693
v 0.659158 0.226838 -0.232693
v -0.582150 0.226838 -0.232693
v 0.080252 0.805744 -0.232693
v 0.193436 -0.057049 -0.232693
v -0.149826 -0.057049 -0.232693
v -0.012521 -0.736151 -0.232693
v -0.136838 -0.194354 -0.232693
v -0.596994 0.247248 -0.232693
v 0.640604 0.247248 -0.232693
v 0.625760 0.215705 -0.232693
v -0.771408 0.247248 -0.232693
v 0.815018 0.247248 -0.232693
v -0.758420 0.237971 -0.232693
v 0.802030 0.237971 -0.232693
v -0.602560 0.241681 -0.232693
v 0.649881 0.263947 -0.232693
v 0.056131 -0.780682 -0.232693
v 0.091385 0.842853 -0.232693
v 0.082108 -0.509783 -0.230837
v -0.038498 -0.509783 -0.230837
v 0.803885 0.250959 -0.230837
v -0.760275 0.250959 -0.230837
v 0.421659 0.306623 -0.230837
v 0.384549 0.308478 -0.230837
v 0.256522 0.315900 -0.230837
v -0.211056 0.315900 -0.230837
v -0.066330 0.341877 -0.230837
v 0.109940 0.341877 -0.230837
v -0.101584 0.345588 -0.230837
v 0.145194 0.345588 -0.230837
v -0.005099 -0.780682 -0.230837
v -0.177658 0.629474 -0.230837
v 0.006033 0.802033 -0.230837
v 0.054276 -0.810369 -0.230837
v 0.174881 0.798322 -0.228982
v -0.606271 0.263947 -0.228982
v -0.010666 -0.808514 -0.228982
v -0.578439 0.219416 -0.228982
v -0.726877 0.249103 -0.228982
v 0.770487 0.249103 -0.228982
v -0.103439 0.334455 -0.228982
v 0.147049 0.334455 -0.228982
v 0.783475 0.258381 -0.228982
v -0.739865 0.258381 -0.228982
v -0.066330 0.282502 -0.228982
v 0.217557 0.317756 -0.228982
v 0.109940 0.282502 -0.228982
v -0.064474 0.442072 -0.228982
v 0.108084 0.442072 -0.228982
v -0.661935 0.236115 -0.228982
v 0.705545 0.236115 -0.228982
v 0.622049 0.210139 -0.228982
v -0.027365 0.816877 -0.228982
v 0.072830 0.328889 -0.228982
v -0.029220 0.328889 -0.228982
v -0.173947 0.317756 -0.228982
v 0.050565 -0.823358 -0.228982
v -0.045920 0.438361 -0.228982
v -0.006955 -0.823358 -0.228982
v -0.706466 0.250959 -0.227126
v 0.750076 0.250959 -0.227126
v -0.107150 0.766779 -0.227126
v -0.725021 0.263947 -0.227126
v 0.768631 0.263947 -0.227126
v -0.693478 0.252814 -0.227126
v 0.737088 0.252814 -0.227126
v -0.083029 0.805744 -0.227126
v -0.708322 0.267658 -0.227126
v 0.751932 0.267658 -0.227126
v -0.535763 0.275080 -0.225271
v -0.661935 0.217560 -0.225271
v 0.705545 0.217560 -0.225271
v 0.226834 0.720392 -0.225271
v -0.695334 0.269514 -0.225271
v 0.738944 0.269514 -0.225271
v -0.003244 0.846564 -0.225271
v -0.522775 0.271369 -0.225271
v -0.142404 -0.159100 -0.225271
v -0.522775 0.239826 -0.225271
v 0.165604 -0.608123 -0.225271
v -0.676779 0.265803 -0.225271
v 0.720389 0.265803 -0.225271
v -0.023654 0.310334 -0.225271
v 0.197147 0.325178 -0.225271
v -0.121994 -0.608123 -0.225271
v 0.067264 0.310334 -0.225271
v -0.535763 0.239826 -0.225271
v -0.674923 0.250959 -0.225271
v 0.718534 0.250959 -0.225271
v 0.174881 -0.064471 -0.225271
v -0.131271 -0.064471 -0.225271
v 0.644315 0.241681 -0.225271
v 0.191580 0.206428 -0.225271
v -0.147970 0.206428 -0.223415
v -0.151681 0.327033 -0.223415
v -0.116427 -0.565447 -0.223415
v 0.160037 -0.565447 -0.223415
v -0.010666 -0.869744 -0.223415
v 0.054276 -0.869744 -0.223415
v -0.120138 0.724103 -0.223415
v -0.658224 0.262092 -0.223415
v 0.701834 0.262092 -0.223415
v -0.025509 0.351154 -0.223415
v 0.069119 0.351154 -0.223415
v -0.120138 0.794611 -0.223415
v -0.617404 0.239826 -0.223415
v 0.661014 0.239826 -0.223415
v -0.023654 0.364142 -0.223415
v 0.067264 0.364142 -0.223415
v 0.180448 0.328889 -0.223415
v -0.600705 0.241681 -0.221560
v -0.159103 0.620197 -0.221560
v -0.624826 0.252814 -0.221560
v 0.668436 0.252814 -0.221560
v 0.648026 0.267658 -0.221560
v -0.134982 0.328889 -0.221560
v -0.114572 -0.320526 -0.221560
v 0.158182 -0.320526 -0.221560
v -0.641525 0.260236 -0.221560
v 0.685135 0.260236 -0.221560
v -0.632248 0.217560 -0.221560
v 0.675858 0.217560 -0.221560
v 0.698123 0.211994 -0.221560
v -0.654513 0.211994 -0.221560
v 0.184158 -0.070037 -0.221560
v -0.140549 -0.070037 -0.221560
v 0.070975 -0.608123 -0.221560
v 0.566385 0.230549 -0.221560
v -0.027365 -0.608123 -0.221560
v -0.515353 0.236115 -0.221560
v -0.146115 0.657306 -0.221560
v 0.607205 0.249103 -0.221560
v 0.709256 0.228693 -0.221560
v -0.665646 0.228693 -0.221560
v -0.515353 0.276935 -0.221560
v -0.032931 0.341877 -0.221560
v 0.076541 0.341877 -0.221560
v -0.006955 -0.352068 -0.221560
v 0.046854 -0.342791 -0.221560
v -0.003244 -0.342791 -0.221560
v 0.050565 -0.352068 -0.221560
v -0.129416 0.495881 -0.221560
v 0.579373 0.232404 -0.221560
v 0.566385 0.263947 -0.221560
v 0.054276 -0.374334 -0.219704
v 0.156326 0.325178 -0.219704
v -0.010666 -0.374334 -0.219704
v -0.070041 0.314045 -0.219704
v 0.113651 0.314045 -0.219704
v -0.448556 0.276935 -0.219704
v -0.118283 -0.359490 -0.219704
v -0.110861 0.327033 -0.219704
v -0.029220 0.365998 -0.219704
v 0.072830 0.365998 -0.219704
v 0.161893 -0.359490 -0.219704
v -0.604416 0.267658 -0.219704
v 0.039432 -0.335369 -0.219704
v 0.004178 -0.335369 -0.219704
v 0.609061 0.271369 -0.219704
v 0.579373 0.267658 -0.219704
v 0.184158 -0.160955 -0.219704
v 0.423514 0.237971 -0.219704
v -0.177658 0.592365 -0.219704
v -0.413302 0.276935 -0.219704
v -0.110861 0.187873 -0.219704
v 0.154471 0.187873 -0.219704
v 0.456912 0.234260 -0.219704
v -0.175802 0.607209 -0.219704
v -0.164670 0.616486 -0.219704
v 0.069119 -0.563592 -0.219704
v -0.563595 0.249103 -0.219704
v 0.148905 0.484748 -0.219704
v -0.105295 0.484748 -0.219704
v -0.448556 0.234260 -0.219704
v 0.158182 -0.545037 -0.219704
v -0.025509 -0.563592 -0.219704
v -0.658224 0.247248 -0.219704
v 0.701834 0.247248 -0.219704
v -0.558029 0.275080 -0.219704
v 0.388260 0.241681 -0.219704
v -0.112716 -0.545037 -0.217849
v -0.075607 0.325178 -0.217849
v 0.119217 0.325178 -0.217849
v -0.584006 0.273224 -0.217849
v 0.080252 0.362287 -0.217849
v -0.036642 0.362287 -0.217849
v 0.494022 0.271369 -0.217849
v 0.020877 -0.329803 -0.217849
v -0.413302 0.234260 -0.217849
v 0.095096 0.356721 -0.217849
v -0.565451 0.271369 -0.217849
v -0.051486 0.356721 -0.217849
v 0.117362 0.340021 -0.217849
v -0.073752 0.340021 -0.217849
v -0.142404 0.553400 -0.217849
v 0.184158 0.553400 -0.217849
v -0.136838 -0.101580 -0.217849
v 0.063553 -0.925408 -0.217849
v -0.019943 -0.925408 -0.217849
v -0.090451 0.464338 -0.217849
v -0.485666 0.236115 -0.217849
v -0.485666 0.278791 -0.217849
v -0.038498 -0.930975 -0.217849
v 0.082108 -0.930975 -0.217849
v 0.494022 0.230549 -0.217849
v 0.180448 -0.101580 -0.217849
v -0.556173 0.239826 -0.217849
v 0.558963 0.228693 -0.215993
v -0.378049 0.236115 -0.215993
v -0.342795 0.280646 -0.215993
v 0.191580 0.735236 -0.215993
v -0.044064 0.353010 -0.215993
v 0.087674 0.353010 -0.215993
v -0.084884 0.455060 -0.215993
v 0.128494 0.455060 -0.215993
v 0.130350 0.325178 -0.215993
v -0.086740 0.325178 -0.215993
v -0.342795 0.239826 -0.215993
v -0.118283 -0.402166 -0.215993
v 0.161893 -0.402166 -0.215993
v 0.456912 0.275080 -0.215993
v 0.180448 -0.194354 -0.215993
v 0.139627 0.473615 -0.215993
v 0.109940 0.353010 -0.215993
v -0.066330 0.353010 -0.215993
v -0.582150 0.247248 -0.215993
v 0.558963 0.269514 -0.215993
v 0.718534 0.208283 -0.215993
v -0.674923 0.208283 -0.215993
v -0.025509 0.378986 -0.215993
v 0.069119 0.378986 -0.215993
v 0.182303 0.508869 -0.215993
v 0.161893 0.033869 -0.215993
v 0.323319 0.239826 -0.215993
v -0.279709 0.239826 -0.215993
v -0.107150 0.158185 -0.215993
v 0.150760 0.158185 -0.215993
v 0.070975 -0.539471 -0.215993
v -0.027365 -0.539471 -0.215993
v 0.724100 0.217560 -0.215993
v -0.680490 0.217560 -0.215993
v -0.051486 0.341877 -0.214138
v 0.095096 0.341877 -0.214138
v -0.699045 0.193439 -0.214138
v 0.742655 0.193439 -0.214138
v -0.125705 -0.025506 -0.214138
v -0.110861 -0.281561 -0.214138
v 0.154471 -0.281561 -0.214138
v 0.423514 0.276935 -0.214138
v 0.171170 -0.214764 -0.214138
v -0.379904 0.280646 -0.214138
v 0.388260 0.280646 -0.214138
v 0.629471 0.269514 -0.214138
v 0.108084 0.330744 -0.214138
v -0.064474 0.330744 -0.214138
v -0.127560 -1.044158 -0.214138
v 0.171170 -1.044158 -0.214138
v 0.321463 0.282502 -0.214138
v -0.083029 -1.047869 -0.214138
v 0.126639 -1.047869 -0.214138
v -0.582150 0.275080 -0.214138
v -0.277853 0.282502 -0.214138
v 0.707401 0.236115 -0.214138
v -0.663791 0.236115 -0.214138
v 0.603494 0.269514 -0.212283
v -0.118283 0.032014 -0.212283
v -0.040353 -1.044158 -0.212283
v 0.083963 -1.044158 -0.212283
v -0.700900 0.204572 -0.212283
v 0.744510 0.204572 -0.212283
v -0.172091 0.570099 -0.212283
v -0.133127 0.525568 -0.212283
v 0.176737 0.525568 -0.212283
v -0.648947 0.245392 -0.212283
v 0.692557 0.245392 -0.212283
v 0.199002 0.614631 -0.212283
v -0.155392 0.614631 -0.212283
v 0.601639 0.232404 -0.212283
v 0.532987 0.228693 -0.212283
v 0.074686 -0.934686 -0.212283
v -0.031076 -0.934686 -0.212283
v -0.632248 0.228693 -0.212283
v 0.675858 0.228693 -0.212283
v 0.711112 0.204572 -0.212283
v -0.667502 0.204572 -0.212283
v -0.146115 0.577521 -0.212283
v 0.189725 0.577521 -0.212283
v 0.627616 0.241681 -0.212283
v 0.531131 0.273224 -0.212283
v 0.690701 0.210139 -0.212283
v -0.647091 0.210139 -0.212283
v -0.118283 -0.455975 -0.210427
v 0.161893 -0.455975 -0.210427
v 0.158182 -0.511639 -0.210427
v -0.114572 -0.511639 -0.210427
v -0.580295 0.243537 -0.210427
v 0.167459 -0.018084 -0.210427
v 0.182303 -0.812225 -0.210427
v -0.101584 0.124787 -0.210427
v -0.712033 0.187873 -0.210427
v 0.755643 0.187873 -0.210427
v 0.147049 0.124787 -0.210427
v 0.178592 -0.218475 -0.210427
v -0.138693 -0.812225 -0.210427
v -0.637814 0.239826 -0.210427
v 0.681424 0.239826 -0.210427
v 0.119217 0.820588 -0.210427
v 0.200858 0.753791 -0.210427
v -0.136838 0.692560 -0.210427
v 0.152616 0.082111 -0.210427
v -0.109006 0.082111 -0.210427
v 0.256522 0.286213 -0.210427
v -0.212912 0.286213 -0.208572
v 0.069119 -0.506072 -0.208572
v -0.025509 -0.506072 -0.208572
v 0.171170 0.208283 -0.208572
v 0.054276 -0.405877 -0.208572
v -0.127560 0.208283 -0.208572
v 0.718534 0.199006 -0.208572
v -0.674923 0.199006 -0.208572
v -0.010666 -0.405877 -0.208572
v 0.625760 0.269514 -0.208572
v 0.158182 -0.253729 -0.208572
v 0.061698 -0.454119 -0.208572
v -0.018088 -0.454119 -0.208572
v -0.107150 -0.251873 -0.208572
v 0.150760 -0.251873 -0.208572
v -0.693478 0.186017 -0.208572
v 0.737088 0.186017 -0.208572
v 0.256522 0.236115 -0.208572
v 0.217557 0.289924 -0.206716
v 0.724100 0.224982 -0.206716
v -0.680490 0.224982 -0.206716
v -0.173947 0.289924 -0.206716
v -0.034787 0.399396 -0.206716
v 0.078397 0.399396 -0.206716
v -0.212912 0.234260 -0.206716
v -0.715744 0.195295 -0.206716
v 0.759354 0.195295 -0.206716
v -0.109006 -0.248162 -0.206716
v 0.152616 -0.248162 -0.206716
v 0.701834 0.236115 -0.206716
v -0.146115 -0.823358 -0.206716
v -0.658224 0.236115 -0.206716
v 0.189725 -0.823358 -0.206716
v 0.623905 0.237971 -0.206716
v -0.133127 -0.782537 -0.206716
v 0.169315 -0.248162 -0.204861
v 0.128494 -1.042303 -0.204861
v -0.084884 -1.042303 -0.204861
v 0.178592 -0.231463 -0.204861
v 0.232401 0.670295 -0.204861
v 0.223123 0.560822 -0.204861
v -0.179513 0.560822 -0.204861
v -0.120138 0.494025 -0.204861
v 0.178592 -0.782537 -0.204861
v 0.197147 0.776057 -0.204861
v 0.061698 0.358576 -0.204861
v -0.018088 0.358576 -0.204861
v -0.702756 0.211994 -0.204861
v 0.746366 0.211994 -0.204861
v 0.189725 0.302912 -0.204861
v 0.041287 0.850275 -0.204861
v -0.027365 0.265803 -0.204861
v 0.070975 0.265803 -0.204861
v 0.690701 0.219416 -0.203005
v -0.647091 0.219416 -0.203005
v -0.064474 0.833576 -0.203005
v 0.087674 -1.033025 -0.203005
v -0.044064 -1.033025 -0.203005
v -0.146115 0.302912 -0.203005
v 0.200858 0.785334 -0.203005
v 0.217557 0.237971 -0.203005
v -0.172091 0.237971 -0.203005
v 0.707401 0.202717 -0.203005
v -0.663791 0.202717 -0.203005
v 0.228690 0.609064 -0.203005
v 0.694412 0.228693 -0.203005
v -0.650802 0.228693 -0.203005
v -0.127560 -1.029315 -0.203005
v 0.171170 -1.029315 -0.203005
v -0.045920 0.258381 -0.203005
v 0.089530 0.258381 -0.203005
v -0.712033 0.180451 -0.203005
v 0.755643 0.180451 -0.203005
v 0.069119 0.356721 -0.201150
v -0.025509 0.356721 -0.201150
v -0.138693 -0.982928 -0.201150
v 0.182303 -0.982928 -0.201150
v -0.147970 -0.869744 -0.201150
v 0.191580 -0.869744 -0.201150
v -0.105295 -0.220330 -0.201150
v 0.148905 -0.220330 -0.201150
v -0.123849 0.503303 -0.201150
v 0.167459 0.503303 -0.201150
v 0.716678 0.226838 -0.201150
v -0.673068 0.226838 -0.201150
v -0.715744 0.202717 -0.201150
v 0.759354 0.202717 -0.201150
v -0.023654 -0.580291 -0.201150
v 0.067264 -0.580291 -0.201150
v 0.013455 0.807599 -0.201150
v -0.057052 0.417951 -0.199294
v 0.100662 0.417951 -0.199294
v -0.149826 0.590510 -0.199294
v 0.193436 0.590510 -0.199294
v -0.173947 0.540412 -0.199294
v 0.217557 0.540412 -0.199294
v 0.165604 0.503303 -0.199294
v 0.197147 0.659162 -0.199294
v -0.153537 0.659162 -0.199294
v 0.197147 0.553400 -0.199294
v -0.153537 0.553400 -0.199294
v 0.052420 0.351154 -0.199294
v -0.008810 0.351154 -0.199294
v 0.020877 -0.218475 -0.199294
v -0.018088 0.299201 -0.199294
v 0.061698 0.299201 -0.199294
v 0.716678 0.195295 -0.199294
v -0.673068 0.195295 -0.199294
v 0.204569 0.570099 -0.199294
v -0.177658 0.581232 -0.199294
v 0.221268 0.581232 -0.199294
v -0.155392 0.753791 -0.199294
v -0.021799 -0.561736 -0.199294
v -0.188791 0.560822 -0.197439
v 0.232401 0.560822 -0.197439
v -0.140549 -0.912420 -0.197439
v 0.184158 -0.912420 -0.197439
v 0.065409 -0.561736 -0.197439
v -0.140549 -0.914276 -0.197439
v 0.184158 -0.914276 -0.197439
v 0.074686 0.353010 -0.197439
v -0.031076 0.353010 -0.197439
v -0.034787 0.818732 -0.197439
v -0.118283 -0.257440 -0.197439
v -0.684201 0.221271 -0.197439
v 0.727811 0.221271 -0.197439
v 0.226834 0.651740 -0.197439
v -0.123849 -0.585858 -0.197439
v -0.155392 0.573810 -0.197439
v 0.199002 0.573810 -0.197439
v 0.163748 0.297346 -0.197439
v -0.084884 0.445783 -0.197439
v 0.128494 0.445783 -0.197439
v 0.167459 -0.585858 -0.197439
v -0.120138 0.297346 -0.197439
v 0.169315 -0.567303 -0.197439
v -0.147970 0.553400 -0.197439
v 0.288065 0.590510 -0.195583
v 0.193436 0.243537 -0.195583
v -0.149826 0.243537 -0.195583
v 0.193436 0.731525 -0.195583
v 0.707401 0.208283 -0.195583
v -0.663791 0.208283 -0.195583
v 0.186014 0.711115 -0.195583
v -0.142404 0.711115 -0.195583
v 0.243534 0.610920 -0.195583
v -0.691623 0.184162 -0.195583
v 0.735233 0.184162 -0.195583
v -0.181369 0.540412 -0.195583
v 0.224979 0.540412 -0.195583
v 0.712967 0.219416 -0.195583
v -0.669357 0.219416 -0.195583
v -0.123849 -0.567303 -0.195583
v 0.072830 -0.982928 -0.195583
v -0.029220 -0.982928 -0.195583
v -0.147970 -0.910565 -0.195583
v 0.191580 -0.910565 -0.195583
v -0.719455 0.187873 -0.195583
v 0.763065 0.187873 -0.195583
v 0.069119 -0.736151 -0.195583
v 0.297342 0.594221 -0.195583
v -0.057052 0.271369 -0.195583
v 0.100662 0.271369 -0.195583
v 0.080252 0.341877 -0.193728
v -0.036642 0.341877 -0.193728
v 0.069119 0.332599 -0.193728
v -0.025509 0.332599 -0.193728
v 0.187869 0.529279 -0.193728
v -0.144259 0.529279 -0.193728
v 0.208280 0.738947 -0.193728
v -0.708322 0.178596 -0.193728
v 0.751932 0.178596 -0.193728
v -0.702756 0.211994 -0.193728
v 0.746366 0.211994 -0.193728
v -0.136838 -0.923553 -0.191872
v -0.129416 -0.250018 -0.191872
v 0.180448 -0.923553 -0.191872
v -0.025509 -0.736151 -0.191872
v -0.129416 -0.218475 -0.191872
v 0.054276 0.353010 -0.191872
v -0.010666 0.353010 -0.191872
v 0.067264 -0.533904 -0.191872
v -0.021799 -0.533904 -0.191872
v -0.140549 -0.008807 -0.191872
v 0.184158 -0.008807 -0.191872
v 0.163748 -0.541326 -0.191872
v -0.680490 0.213849 -0.191872
v 0.724100 0.213849 -0.191872
v -0.676779 0.200861 -0.191872
v 0.720389 0.200861 -0.191872
v -0.162814 0.523713 -0.191872
v 0.206424 0.523713 -0.191872
v 0.228690 0.583088 -0.191872
v -0.185080 0.583088 -0.191872
v 0.046854 -0.385467 -0.190017
v -0.118283 -0.541326 -0.190017
v -0.003244 -0.385467 -0.190017
v -0.107150 0.471760 -0.190017
v 0.150760 0.471760 -0.190017
v -0.717599 0.199006 -0.190017
v 0.761209 0.199006 -0.190017
v 0.223123 0.562678 -0.190017
v -0.179513 0.562678 -0.190017
v -0.016232 0.340021 -0.190017
v 0.059842 0.340021 -0.190017
v -0.136838 -0.220330 -0.190017
v -0.045920 0.328889 -0.188161
v 0.089530 0.328889 -0.188161
v 0.156326 0.803889 -0.188161
v 0.210135 0.688849 -0.188161
v -0.138693 -0.235174 -0.188161
v 0.210135 0.750080 -0.188161
v -0.153537 0.581232 -0.188161
v 0.197147 0.581232 -0.188161
v -0.058908 0.297346 -0.188161
v 0.102518 0.297346 -0.188161
v 0.078397 -0.628533 -0.188161
v -0.034787 -0.628533 -0.188161
v 0.184158 0.544123 -0.188161
v -0.116427 0.753791 -0.188161
v 0.160037 0.753791 -0.188161
v -0.133127 -0.198065 -0.188161
v -0.173947 0.545978 -0.188161
v 0.217557 0.545978 -0.188161
v -0.014377 0.349299 -0.188161
v 0.057987 0.349299 -0.188161
v -0.016232 0.260236 -0.188161
v 0.243534 0.627619 -0.188161
v 0.059842 0.260236 -0.188161
v 0.206424 0.564533 -0.186306
v -0.162814 0.564533 -0.186306
v 0.163748 -0.743572 -0.186306
v -0.693478 0.191584 -0.186306
v 0.737088 0.191584 -0.186306
v -0.019943 -0.782537 -0.186306
v 0.065409 -0.784393 -0.186306
v 0.002323 0.347443 -0.186306
v 0.041287 0.347443 -0.186306
v -0.712033 0.184162 -0.186306
v 0.755643 0.184162 -0.186306
v -0.172091 0.521857 -0.186306
v 0.215701 0.521857 -0.186306
v -0.699045 0.202717 -0.186306
v 0.742655 0.202717 -0.186306
v 0.085819 0.343732 -0.186306
v -0.042209 0.343732 -0.186306
v -0.134982 0.512580 -0.186306
v 0.178592 0.512580 -0.186306
v -0.110861 -0.630389 -0.186306
v 0.165604 0.490314 -0.186306
v -0.121994 0.490314 -0.186306
v 0.154471 -0.630389 -0.184451
v -0.062619 0.310334 -0.184451
v 0.106229 0.308478 -0.184451
v 0.200858 0.616486 -0.184451
v -0.157248 0.616486 -0.184451
v 0.202713 0.549689 -0.184451
v -0.159103 0.549689 -0.184451
v -0.144259 -0.010662 -0.184451
v 0.187869 -0.010662 -0.184451
v -0.118283 -0.743572 -0.184451
v 0.171170 0.249103 -0.184451
v -0.127560 0.249103 -0.184451
v 0.221268 0.579377 -0.184451
v -0.177658 0.579377 -0.184451
v -0.016232 0.312189 -0.184451
v 0.059842 0.312189 -0.184451
v -0.712033 0.195295 -0.184451
v 0.755643 0.195295 -0.184451
v 0.199002 0.725959 -0.184451
v 0.067264 -0.814080 -0.184451
v 0.126639 0.831721 -0.184451
v -0.166525 0.590510 -0.184451
v 0.210135 0.590510 -0.184451
v -0.060763 0.327033 -0.184451
v 0.104373 0.327033 -0.184451
v 0.020877 0.338166 -0.184451
v -0.164670 0.577521 -0.182595
v 0.208280 0.577521 -0.182595
v -0.149826 0.588654 -0.182595
v 0.200858 0.588654 -0.182595
v 0.091385 -0.903143 -0.182595
v -0.047775 -0.903143 -0.182595
v -0.142404 -0.903143 -0.182595
v 0.186014 -0.903143 -0.182595
v 0.215701 0.727814 -0.182595
v -0.019943 -0.814080 -0.182595
v 0.061698 0.343732 -0.182595
v -0.018088 0.343732 -0.182595
v 0.135916 0.293635 -0.182595
v -0.092306 0.293635 -0.182595
v -0.055197 0.340021 -0.182595
v 0.232401 0.635041 -0.182595
v -0.151681 0.581232 -0.182595
v 0.200858 0.581232 -0.182595
v 0.098807 0.340021 -0.180740
v 0.139627 -0.331658 -0.180740
v -0.096017 -0.331658 -0.180740
v -0.042209 -0.903143 -0.180740
v 0.020877 0.343732 -0.180740
v 0.085819 -0.903143 -0.180740
v 0.078397 0.249103 -0.180740
v -0.034787 0.249103 -0.180740
v -0.008810 0.288068 -0.180740
v 0.052420 0.288068 -0.180740
v 0.199002 0.538556 -0.180740
v -0.155392 0.538556 -0.180740
v -0.164670 0.531135 -0.180740
v 0.208280 0.531135 -0.180740
v 0.043143 -0.368768 -0.180740
v -0.001388 -0.368768 -0.180740
v 0.057987 0.367853 -0.180740
v -0.014377 0.367853 -0.180740
v -0.136838 0.532990 -0.180740
v -0.092306 -0.292693 -0.180740
v 0.135916 -0.292693 -0.180740
v 0.195291 0.594221 -0.178884
v -0.151681 0.594221 -0.178884
v 0.002323 0.345588 -0.178884
v 0.041287 0.345588 -0.178884
v -0.138693 0.540412 -0.178884
v 0.193436 0.508869 -0.178884
v -0.149826 0.508869 -0.178884
v 0.173026 0.501447 -0.178884
v -0.129416 0.501447 -0.178884
v 0.067264 -0.827068 -0.178884
v -0.129416 -0.023651 -0.178884
v 0.173026 -0.023651 -0.178884
v 0.219412 0.731525 -0.178884
v 0.037577 -0.357635 -0.178884
v 0.006033 -0.357635 -0.178884
v 0.104373 0.306623 -0.178884
v -0.060763 0.306623 -0.178884
v -0.021799 -0.825213 -0.178884
v 0.043143 -0.363201 -0.178884
v 0.000467 -0.363201 -0.178884
v 0.180448 0.536701 -0.178884
v -0.136838 -0.919842 -0.178884
v 0.180448 -0.919842 -0.178884
v 0.208280 0.579377 -0.178884
v -0.164670 0.579377 -0.178884
v -0.036642 -0.895721 -0.177029
v 0.080252 -0.895721 -0.177029
v -0.134982 -0.160955 -0.177029
v 0.197147 0.549689 -0.177029
v -0.153537 0.549689 -0.177029
v -0.023654 0.332599 -0.177029
v 0.067264 0.332599 -0.177029
v -0.029220 -0.854901 -0.177029
v 0.087674 -0.916131 -0.177029
v -0.044064 -0.916131 -0.177029
v -0.105295 0.217560 -0.177029
v 0.148905 0.217560 -0.177029
v 0.187869 0.776057 -0.177029
v -0.090451 -0.263006 -0.177029
v 0.134061 -0.263006 -0.177029
v 0.215701 0.590510 -0.177029
v -0.172091 0.590510 -0.177029
v 0.208280 0.720392 -0.177029
v -0.099728 -0.365057 -0.177029
v 0.195291 0.532990 -0.177029
v -0.151681 0.532990 -0.177029
v 0.143338 -0.365057 -0.177029
v 0.020877 -0.353924 -0.175173
v -0.168381 0.583088 -0.175173
v 0.211990 0.583088 -0.175173
v 0.197147 0.560822 -0.175173
v -0.153537 0.560822 -0.175173
v 0.124784 0.781623 -0.175173
v -0.081174 0.781623 -0.175173
v 0.154471 -0.786248 -0.175173
v 0.022733 0.341877 -0.175173
v -0.149826 -0.904998 -0.175173
v 0.070975 -0.856756 -0.175173
v 0.193436 -0.904998 -0.175173
v 0.069119 -0.509783 -0.175173
v -0.025509 -0.509783 -0.175173
v 0.187869 0.712971 -0.175173
v -0.110861 -0.812225 -0.175173
v -0.031076 -0.585858 -0.175173
v 0.074686 -0.585858 -0.175173
v -0.149826 0.538556 -0.175173
v 0.193436 0.538556 -0.175173
v -0.103439 0.250959 -0.175173
v 0.147049 0.250959 -0.175173
v 0.193436 0.584943 -0.175173
v -0.149826 0.584943 -0.175173
v -0.110861 -0.786248 -0.175173
v -0.136838 -0.025506 -0.175173
v 0.180448 -0.025506 -0.175173
v -0.092306 -0.261151 -0.175173
v 0.135916 -0.261151 -0.175173
v -0.105295 0.186017 -0.175173
v 0.148905 0.186017 -0.175173
v -0.099728 0.304767 -0.173318
v 0.143338 0.304767 -0.173318
v 0.199002 0.570099 -0.173318
v -0.155392 0.570099 -0.173318
v 0.152616 0.032014 -0.173318
v -0.159103 0.577521 -0.173318
v 0.202713 0.577521 -0.173318
v 0.221268 0.720392 -0.173318
v -0.045920 0.846564 -0.173318
v -0.058908 0.312189 -0.173318
v 0.102518 0.312189 -0.173318
v 0.224979 0.738947 -0.173318
v 0.193436 0.531135 -0.173318
v -0.149826 0.531135 -0.173318
v 0.000467 0.338166 -0.173318
v 0.043143 0.338166 -0.173318
v -0.105295 0.751935 -0.173318
v -0.162814 0.701838 -0.173318
v 0.156326 -0.810369 -0.173318
v 0.020877 0.336310 -0.171462
v -0.129416 -0.923553 -0.171462
v 0.173026 -0.923553 -0.171462
v -0.129416 -0.940252 -0.171462
v 0.173026 -0.940252 -0.171462
v 0.199002 0.507014 -0.171462
v -0.155392 0.507014 -0.171462
v 0.197147 0.521857 -0.171462
v -0.153537 0.521857 -0.171462
v -0.144259 -1.033025 -0.171462
v 0.187869 -1.033025 -0.171462
v 0.059842 0.820588 -0.171462
v 0.020877 0.304767 -0.171462
v 0.199002 0.586799 -0.171462
v -0.155392 0.586799 -0.171462
v -0.120138 -0.886443 -0.171462
v 0.163748 -0.886443 -0.171462
v 0.065409 -0.455975 -0.171462
v 0.145194 0.080256 -0.171462
v 0.174881 -0.160955 -0.171462
v -0.021799 -0.455975 -0.171462
v -0.101584 -0.404022 -0.171462
v 0.145194 -0.404022 -0.171462
v 0.223123 0.722248 -0.171462
v 0.109940 -0.741717 -0.171462
v 0.046854 0.247248 -0.171462
v -0.003244 0.247248 -0.171462
v 0.206424 0.746369 -0.171462
v 0.154471 -0.593279 -0.171462
v -0.110861 -0.593279 -0.169607
v -0.099728 0.156330 -0.169607
v 0.180448 0.722248 -0.169607
v -0.064474 0.414240 -0.169607
v 0.108084 0.414240 -0.169607
v 0.145194 0.156330 -0.169607
v 0.165604 -0.198065 -0.169607
v 0.057987 0.314045 -0.169607
v 0.217557 0.718537 -0.169607
v -0.014377 0.314045 -0.169607
v 0.072830 0.315900 -0.169607
v -0.029220 0.315900 -0.169607
v 0.083963 0.258381 -0.169607
v -0.040353 0.258381 -0.169607
v 0.178592 0.499592 -0.169607
v -0.134982 0.499592 -0.169607
v -0.116427 -0.819647 -0.169607
v -0.109006 0.030158 -0.169607
v 0.161893 -0.847479 -0.169607
v -0.092306 -1.044158 -0.169607
v 0.135916 -1.044158 -0.169607
v -0.044064 0.399396 -0.169607
v 0.087674 0.399396 -0.169607
v 0.223123 0.718537 -0.169607
v -0.088595 0.434650 -0.169607
v 0.132205 0.434650 -0.169607
v -0.027365 0.304767 -0.169607
v 0.070975 0.304767 -0.169607
v 0.080252 0.304767 -0.169607
v -0.036642 0.304767 -0.169607
v 0.020877 0.334455 -0.167751
v 0.221268 0.716682 -0.167751
v -0.118283 -0.847479 -0.167751
v 0.224979 0.718537 -0.167751
v 0.108084 0.323322 -0.167751
v -0.064474 0.323322 -0.167751
v 0.083963 -0.951385 -0.167751
v -0.040353 -0.951385 -0.167751
v 0.148905 -0.454119 -0.167751
v 0.161893 -0.819647 -0.167751
v -0.144259 -0.908709 -0.167751
v -0.107150 -0.511639 -0.167751
v 0.187869 -0.908709 -0.167751
v -0.105295 -0.454119 -0.167751
v -0.121994 -0.023651 -0.167751
v -0.027365 -0.561736 -0.167751
v -0.096017 0.315900 -0.167751
v 0.139627 0.315900 -0.167751
v 0.150760 -0.511639 -0.167751
v 0.070975 -0.561736 -0.167751
v 0.165604 -0.025506 -0.167751
v 0.193436 0.722248 -0.167751
v -0.097873 0.078400 -0.167751
v -0.116427 -0.879022 -0.167751
v 0.169315 0.486603 -0.167751
v -0.125705 0.486603 -0.167751
v 0.215701 0.731525 -0.167751
v 0.141483 0.121076 -0.167751
v 0.184158 0.725959 -0.167751
v -0.096017 0.121076 -0.167751
v -0.096017 -0.264861 -0.167751
v 0.156326 0.462482 -0.167751
v -0.112716 0.462482 -0.167751
v 0.204569 0.718537 -0.167751
v 0.160037 -0.879022 -0.167751
v 0.083963 0.280646 -0.167751
v -0.038498 0.280646 -0.167751
v 0.070975 -0.533904 -0.167751
v -0.027365 -0.533904 -0.167751
v 0.223123 0.718537 -0.167751
v -0.160959 0.577521 -0.165896
v 0.204569 0.577521 -0.165896
v 0.215701 0.716682 -0.165896
v 0.221268 0.716682 -0.165896
v -0.003244 0.325178 -0.165896
v 0.046854 0.325178 -0.165896
v 0.224979 0.718537 -0.165896
v -0.131271 -0.099725 -0.165896
v 0.223123 0.722248 -0.165896
v 0.174881 -0.099725 -0.165896
v 0.199002 0.547834 -0.165896
v -0.155392 0.547834 -0.165896
v -0.090451 -0.233318 -0.165896
v 0.134061 -0.233318 -0.165896
v -0.101584 0.811310 -0.165896
v 0.200858 0.560822 -0.165896
v -0.157248 0.560822 -0.165896
v 0.065409 0.382697 -0.165896
v -0.021799 0.382697 -0.165896
v -0.149826 0.521857 -0.165896
v 0.193436 0.521857 -0.165896
v 0.221268 0.716682 -0.164040
v -0.066330 -0.739861 -0.164040
v 0.156326 -0.218475 -0.164040
v -0.149826 0.532990 -0.164040
v 0.193436 0.532990 -0.164040
v -0.075607 -0.814080 -0.164040
v -0.070041 -0.635955 -0.164040
v 0.156326 -0.569158 -0.164040
v 0.061698 0.234260 -0.164040
v -0.018088 0.234260 -0.164040
v 0.089530 -1.034881 -0.164040
v -0.045920 -1.034881 -0.164040
v 0.223123 0.716682 -0.164040
v 0.223123 0.718537 -0.164040
v -0.155392 0.570099 -0.164040
v 0.199002 0.570099 -0.164040
v -0.042209 0.291779 -0.164040
v 0.085819 0.291779 -0.164040
v 0.043143 0.289924 -0.164040
v 0.000467 0.289924 -0.164040
v 0.020877 0.284357 -0.164040
v 0.186014 0.542267 -0.164040
v 0.059842 -0.417010 -0.164040
v -0.016232 -0.417010 -0.164040
v 0.213846 0.716682 -0.164040
v 0.165604 0.744514 -0.162185
v 0.143338 -0.259295 -0.162185
v 0.113651 -0.635955 -0.162185
v -0.140549 0.542267 -0.162185
v 0.020877 0.321467 -0.162185
v 0.148905 -0.537615 -0.162185
v 0.004178 0.236115 -0.162185
v -0.144259 -0.992205 -0.162185
v 0.187869 -0.992205 -0.162185
v 0.039432 0.236115 -0.162185
v 0.020877 0.362287 -0.162185
v 0.221268 0.720392 -0.162185
v 0.187869 0.553400 -0.162185
v 0.002323 0.273224 -0.162185
v 0.041287 0.273224 -0.162185
v 0.199002 0.581232 -0.162185
v -0.042209 0.306623 -0.162185
v 0.085819 0.306623 -0.160329
v -0.136838 0.727814 -0.160329
v -0.070041 -0.786248 -0.160329
v -0.142404 0.540412 -0.160329
v 0.070975 0.323322 -0.160329
v 0.217557 0.718537 -0.160329
v 0.113651 -0.788104 -0.160329
v -0.027365 0.323322 -0.160329
v -0.040353 0.293635 -0.160329
v 0.083963 0.293635 -0.160329
v -0.131271 -0.880877 -0.160329
v -0.105295 -0.539471 -0.160329
v 0.174881 -0.880877 -0.160329
v 0.122928 -0.879022 -0.160329
v -0.081174 -0.879022 -0.160329
v -0.112716 -0.567303 -0.160329
v -0.155392 0.581232 -0.160329
v 0.199002 0.581232 -0.160329
v -0.079318 -0.875311 -0.160329
v 0.119217 -0.812225 -0.160329
v 0.122928 -0.875311 -0.160329
v 0.173026 0.798322 -0.160329
v -0.103439 -0.257440 -0.158474
v -0.006955 0.304767 -0.158474
v 0.050565 0.304767 -0.158474
v 0.204569 0.720392 -0.158474
v -0.146115 0.686994 -0.158474
v -0.142404 0.544123 -0.158474
v 0.193436 0.581232 -0.158474
v -0.149826 0.581232 -0.158474
v -0.160959 0.588654 -0.158474
v 0.070975 0.306623 -0.158474
v 0.080252 0.306623 -0.158474
v -0.036642 0.306623 -0.158474
v -0.027365 0.306623 -0.158474
v -0.081174 -0.845623 -0.158474
v 0.213846 0.625764 -0.158474
v -0.144259 0.564533 -0.158474
v 0.163748 -0.222186 -0.158474
v 0.210135 0.727814 -0.158474
v 0.122928 -0.847479 -0.156619
v -0.038498 0.317756 -0.156619
v 0.082108 0.319611 -0.156619
v -0.079318 -0.821502 -0.156619
v 0.152616 -0.253729 -0.156619
v 0.122928 -0.823358 -0.156619
v -0.149826 0.588654 -0.156619
v 0.193436 0.588654 -0.156619
v -0.175802 0.609064 -0.156619
v -0.112716 -0.910565 -0.156619
v 0.156326 -0.910565 -0.156619
v -0.006955 0.221271 -0.154763
v 0.050565 0.221271 -0.154763
v -0.023654 0.243537 -0.154763
v 0.067264 0.243537 -0.154763
v 0.020877 0.301057 -0.154763
v -0.140549 0.501447 -0.154763
v 0.184158 0.501447 -0.154763
v -0.077463 0.254670 -0.154763
v 0.121073 0.254670 -0.154763
v 0.206424 0.724103 -0.154763
v -0.012521 0.848420 -0.154763
v 0.082108 -0.995916 -0.154763
v -0.038498 -0.995916 -0.154763
v -0.110861 -0.925408 -0.154763
v 0.154471 -0.925408 -0.154763
v -0.149826 0.642463 -0.154763
v -0.120138 0.046857 -0.152908
v 0.163748 0.046857 -0.152908
v 0.096951 -0.930975 -0.152908
v -0.053341 -0.930975 -0.152908
v 0.161893 -0.235174 -0.152908
v -0.053341 0.271369 -0.152908
v 0.096951 0.271369 -0.152908
v 0.100662 -0.919842 -0.152908
v -0.057052 -0.919842 -0.152908
v 0.091385 -0.910565 -0.152908
v -0.047775 -0.910565 -0.152908
v -0.155392 0.616486 -0.152908
v 0.199002 0.616486 -0.152908
v 0.009744 0.256525 -0.152908
v 0.033866 0.256525 -0.152908
v 0.104373 -0.307537 -0.152908
v 0.200858 0.742658 -0.152908
v -0.060763 -0.307537 -0.152908
v 0.057987 -0.391033 -0.152908
v -0.014377 -0.391033 -0.152908
v -0.162814 0.623908 -0.152908
v -0.140549 0.532990 -0.152908
v -0.097873 -0.224041 -0.152908
v 0.067264 0.850275 -0.152908
v 0.065409 0.262092 -0.152908
v -0.021799 0.262092 -0.151052
v -0.127560 -0.892010 -0.151052
v 0.171170 -0.892010 -0.151052
v 0.176737 -0.882733 -0.151052
v -0.133127 -0.882733 -0.151052
v 0.191580 0.727814 -0.151052
v -0.144259 0.532990 -0.151052
v 0.011600 0.217560 -0.151052
v 0.032010 0.217560 -0.151052
v -0.049631 -0.884588 -0.151052
v 0.093241 -0.884588 -0.151052
v 0.193436 0.564533 -0.151052
v -0.149826 0.564533 -0.151052
v 0.020877 0.803889 -0.151052
v 0.111795 -0.593279 -0.151052
v 0.189725 0.534846 -0.151052
v -0.110861 -0.240740 -0.151052
v -0.001388 0.293635 -0.151052
v 0.044998 0.293635 -0.151052
v -0.090451 -0.203631 -0.151052
v -0.068185 -0.593279 -0.151052
v -0.058908 -0.277850 -0.149197
v 0.102518 -0.279705 -0.149197
v 0.113651 -0.912420 -0.149197
v -0.070041 -0.912420 -0.149197
v 0.226834 0.688849 -0.149197
v 0.130350 0.078400 -0.149197
v -0.144259 0.527424 -0.149197
v 0.187869 0.527424 -0.149197
v -0.094162 -0.908709 -0.149197
v 0.137772 -0.908709 -0.149197
v -0.012521 0.280646 -0.149197
v 0.056131 0.280646 -0.149197
v -0.084884 0.805744 -0.149197
v 0.056131 0.230549 -0.149197
v -0.012521 0.230549 -0.149197
v 0.102518 -0.455975 -0.149197
v -0.118283 0.764924 -0.149197
v -0.023654 0.273224 -0.149197
v 0.067264 0.273224 -0.149197
v -0.058908 -0.455975 -0.149197
v -0.060763 -0.346502 -0.149197
v -0.055197 -0.272283 -0.147341
v -0.109006 -0.225897 -0.147341
v 0.182303 0.766779 -0.147341
v -0.073752 -0.923553 -0.147341
v 0.117362 -0.923553 -0.147341
v -0.142404 0.525568 -0.147341
v -0.147970 0.544123 -0.147341
v 0.191580 0.544123 -0.147341
v 0.176737 0.484748 -0.147341
v -0.133127 0.484748 -0.147341
v 0.104373 -0.346502 -0.147341
v -0.090451 -0.923553 -0.147341
v 0.134061 -0.923553 -0.147341
v -0.058908 -0.506072 -0.147341
v 0.028299 0.236115 -0.147341
v 0.015311 0.236115 -0.147341
v -0.146115 0.531135 -0.147341
v -0.166525 0.655451 -0.147341
v 0.109940 -0.569158 -0.147341
v -0.060763 -0.275994 -0.147341
v 0.104373 -0.275994 -0.147341
v -0.125705 -0.956951 -0.147341
v 0.169315 -0.956951 -0.147341
v 0.002323 0.210139 -0.147341
v 0.041287 0.210139 -0.147341
v 0.193436 0.540412 -0.147341
v 0.191580 -1.046014 -0.147341
v -0.147970 -1.046014 -0.147341
v -0.144259 0.525568 -0.145486
v 0.195291 0.735236 -0.145486
v 0.028299 0.848420 -0.145486
v 0.020877 0.371564 -0.145486
v 0.104373 -0.506072 -0.145486
v 0.020877 0.275080 -0.145486
v -0.066330 -0.567303 -0.145486
v 0.195291 0.655451 -0.145486
v -0.151681 0.655451 -0.145486
v -0.121994 0.045002 -0.145486
v 0.165604 0.045002 -0.145486
v -0.057052 -0.411444 -0.145486
v -0.023654 0.286213 -0.145486
v 0.067264 0.286213 -0.145486
v 0.100662 -0.411444 -0.145486
v -0.032931 0.796467 -0.145486
v 0.076541 0.796467 -0.145486
v 0.148905 0.790900 -0.145486
v -0.146115 0.525568 -0.145486
v 0.050565 0.245392 -0.145486
v -0.006955 0.245392 -0.145486
v -0.038498 0.263947 -0.143630
v -0.025509 0.263947 -0.143630
v 0.069119 0.263947 -0.143630
v 0.082108 0.263947 -0.143630
v -0.057052 -0.379900 -0.143630
v 0.100662 -0.379900 -0.143630
v -0.094162 -0.873455 -0.143630
v 0.089530 -0.886443 -0.143630
v -0.045920 -0.886443 -0.143630
v 0.137772 -0.873455 -0.143630
v -0.053341 -0.893865 -0.143630
v 0.096951 -0.893865 -0.143630
v -0.055197 0.245392 -0.143630
v 0.098807 0.245392 -0.143630
v 0.137772 -1.047869 -0.143630
v -0.094162 -1.047869 -0.143630
v 0.165604 0.456916 -0.143630
v -0.121994 0.456916 -0.143630
v 0.056131 0.299201 -0.143630
v -0.012521 0.299201 -0.141775
v -0.103439 0.033869 -0.141775
v 0.061698 -0.365057 -0.141775
v 0.147049 0.033869 -0.141775
v -0.018088 -0.365057 -0.141775
v 0.044998 0.215705 -0.141775
v -0.001388 0.215705 -0.141775
v -0.042209 0.824299 -0.141775
v 0.106229 -0.535760 -0.141775
v -0.140549 0.521857 -0.141775
v 0.108084 0.816877 -0.141775
v 0.020877 -0.327947 -0.141775
v -0.146115 -1.001483 -0.141775
v 0.189725 -1.001483 -0.141775
v 0.211990 0.668439 -0.141775
v -0.021799 0.295490 -0.141775
v 0.065409 0.295490 -0.139919
v -0.064474 -0.535760 -0.139919
v 0.050565 0.252814 -0.139919
v -0.006955 0.252814 -0.139919
v -0.144259 0.521857 -0.139919
v 0.096951 -0.951385 -0.139919
v -0.053341 -0.951385 -0.139919
v -0.147970 0.523713 -0.139919
v 0.006033 0.271369 -0.139919
v 0.039432 -0.333514 -0.139919
v 0.037577 0.271369 -0.139919
v -0.045920 -1.046014 -0.139919
v 0.089530 -1.046014 -0.139919
v 0.004178 -0.333514 -0.139919
v 0.113651 0.219416 -0.139919
v -0.070041 0.219416 -0.139919
v -0.147970 0.542267 -0.139919
v 0.037577 0.226838 -0.139919
v 0.006033 0.226838 -0.139919
v -0.060763 -0.250018 -0.139919
v 0.104373 -0.250018 -0.139919
v 0.197147 0.555256 -0.138064
v -0.147970 0.525568 -0.138064
v -0.151681 0.646174 -0.138064
v -0.023654 0.247248 -0.138064
v 0.067264 0.247248 -0.138064
v 0.026444 0.208283 -0.138064
v 0.017166 0.208283 -0.138064
v 0.137772 0.427228 -0.138064
v -0.094162 0.427228 -0.138064
v 0.180448 0.738947 -0.138064
v 0.061698 -0.337225 -0.138064
v -0.018088 -0.337225 -0.138064
v -0.090451 -0.882733 -0.138064
v 0.134061 -0.882733 -0.138064
v 0.113651 -0.264861 -0.138064
v 0.024588 0.219416 -0.138064
v 0.019022 0.219416 -0.138064
v -0.058908 -0.266717 -0.138064
v 0.070975 -0.290838 -0.138064
v -0.027365 -0.290838 -0.138064
v 0.037577 0.232404 -0.136208
v 0.006033 0.232404 -0.136208
v -0.166525 0.633185 -0.136208
v 0.028299 0.243537 -0.136208
v 0.015311 0.243537 -0.136208
v 0.226834 0.644318 -0.136208
v -0.110861 0.033869 -0.136208
v 0.154471 0.033869 -0.136208
v -0.006955 0.260236 -0.136208
v 0.050565 0.260236 -0.136208
v 0.020877 0.243537 -0.134353
v 0.117362 -0.205486 -0.134353
v -0.075607 0.184162 -0.134353
v 0.119217 0.184162 -0.134353
v -0.070041 0.406818 -0.134353
v 0.113651 0.406818 -0.134353
v -0.140549 0.696271 -0.134353
v 0.184158 0.696271 -0.134353
v 0.070975 -0.287127 -0.134353
v -0.027365 -0.287127 -0.134353
v 0.148905 0.095099 -0.134353
v -0.105295 0.095099 -0.134353
v 0.135916 -0.873455 -0.134353
v 0.013455 0.204572 -0.134353
v 0.030155 0.204572 -0.134353
v -0.092306 -0.873455 -0.134353
v 0.193436 0.544123 -0.134353
v -0.147970 0.523713 -0.134353
v 0.022733 -0.303826 -0.134353
v 0.191580 0.540412 -0.134353
v -0.075607 0.152619 -0.134353
v 0.119217 0.152619 -0.132497
v -0.097873 -0.151678 -0.132497
v 0.115506 0.115510 -0.132497
v -0.038498 0.265803 -0.132497
v 0.082108 0.265803 -0.132497
v -0.025509 0.265803 -0.132497
v 0.069119 0.265803 -0.132497
v 0.041287 -0.298260 -0.132497
v 0.002323 -0.298260 -0.132497
v 0.020877 -0.305682 -0.132497
v 0.011600 0.208283 -0.132497
v 0.032010 0.208283 -0.132497
v -0.036642 -1.003338 -0.132497
v 0.080252 -1.003338 -0.132497
v 0.180448 0.753791 -0.132497
v -0.144259 0.521857 -0.132497
v -0.138693 0.523713 -0.132497
v -0.071896 0.117365 -0.132497
v -0.001388 0.271369 -0.132497
v 0.044998 0.271369 -0.132497
v 0.002323 -0.275994 -0.130642
v 0.085819 0.391974 -0.130642
v -0.042209 0.391974 -0.130642
v -0.097873 0.239826 -0.130642
v 0.141483 0.239826 -0.130642
v -0.006955 0.267658 -0.130642
v 0.050565 0.267658 -0.130642
v -0.070041 0.076545 -0.130642
v 0.119217 0.033869 -0.130642
v 0.006033 0.237971 -0.130642
v 0.037577 0.237971 -0.130642
v -0.075607 0.033869 -0.130642
v 0.199002 0.583088 -0.130642
v -0.109006 0.111799 -0.130642
v 0.152616 0.111799 -0.130642
v 0.020877 -0.305682 -0.130642
v 0.030155 0.217560 -0.128786
v 0.013455 0.217560 -0.128786
v 0.022733 0.223127 -0.128786
v 0.020877 0.223127 -0.128786
v 0.111795 0.076545 -0.128786
v 0.002323 -0.298260 -0.128786
v 0.041287 -0.298260 -0.128786
v 0.056131 -0.283416 -0.128786
v -0.012521 -0.283416 -0.128786
v -0.149826 0.531135 -0.128786
v -0.127560 -0.964373 -0.128786
v 0.171170 -0.964373 -0.128786
v 0.020877 0.206428 -0.128786
v 0.022733 0.206428 -0.128786
v -0.153537 0.562678 -0.128786
v 0.020877 0.211994 -0.128786
v 0.033866 0.243537 -0.128786
v 0.009744 0.243537 -0.128786
v -0.027365 0.224982 -0.128786
v 0.070975 0.224982 -0.128786
v -0.042209 0.224982 -0.128786
v 0.085819 0.224982 -0.128786
v 0.137772 -0.151678 -0.128786
v -0.149826 -1.046014 -0.126931
v 0.193436 -1.046014 -0.126931
v 0.119217 -0.261151 -0.126931
v 0.134061 -0.019940 -0.126931
v 0.022733 0.217560 -0.126931
v 0.221268 0.651740 -0.126931
v 0.041287 -0.298260 -0.126931
v 0.002323 -0.298260 -0.126931
v 0.067264 0.211994 -0.126931
v -0.023654 0.211994 -0.126931
v -0.090451 -0.019940 -0.126931
v 0.035721 0.241681 -0.126931
v 0.007889 0.241681 -0.126931
v 0.056131 -0.283416 -0.126931
v -0.012521 -0.283416 -0.126931
v 0.174881 0.740803 -0.126931
v -0.131271 0.774201 -0.126931
v 0.199002 0.699982 -0.126931
v 0.072830 -0.261151 -0.126931
v -0.029220 -0.261151 -0.126931
v 0.195291 -1.005193 -0.126931
v -0.151681 -1.005193 -0.126931
v 0.213846 0.640607 -0.126931
v 0.067264 -0.274139 -0.126931
v -0.084884 0.087678 -0.126931
v 0.128494 0.087678 -0.126931
v 0.028299 0.206428 -0.125076
v 0.015311 0.206428 -0.125076
v -0.146115 0.573810 -0.125076
v 0.189725 0.573810 -0.125076
v 0.141483 -0.086736 -0.125076
v -0.057052 0.243537 -0.125076
v 0.100662 0.243537 -0.125076
v -0.088595 -0.938397 -0.125076
v 0.132205 -0.938397 -0.125076
v 0.111795 -0.225897 -0.125076
v 0.020877 0.210139 -0.125076
v 0.026444 0.204572 -0.125076
v 0.017166 0.204572 -0.125076
v -0.016232 0.382697 -0.125076
v 0.059842 0.382697 -0.125076
v 0.148905 0.095099 -0.125076
v -0.105295 0.095099 -0.125076
v 0.020877 0.210139 -0.125076
v 0.028299 0.221271 -0.125076
v 0.015311 0.221271 -0.125076
v 0.020877 0.215705 -0.125076
v -0.060763 -0.253729 -0.125076
v 0.028299 0.224982 -0.125076
v 0.015311 0.224982 -0.125076
v -0.003244 0.828010 -0.125076
v 0.191580 0.558967 -0.125076
v 0.017166 0.210139 -0.123220
v 0.026444 0.210139 -0.123220
v -0.097873 -0.084881 -0.123220
v 0.135916 0.811310 -0.123220
v -0.077463 0.828010 -0.123220
v 0.056131 -0.263006 -0.123220
v -0.096017 -1.047869 -0.123220
v 0.139627 -1.047869 -0.123220
v 0.199002 0.757502 -0.123220
v -0.012521 -0.263006 -0.123220
v 0.184158 0.520002 -0.123220
v -0.140549 0.520002 -0.123220
v 0.017166 0.213849 -0.123220
v 0.026444 0.213849 -0.123220
v 0.024588 0.208283 -0.123220
v 0.019022 0.208283 -0.123220
v 0.019022 0.215705 -0.121365
v 0.024588 0.215705 -0.121365
v -0.147970 0.529279 -0.121365
v 0.186014 0.544123 -0.121365
v -0.142404 0.544123 -0.121365
v 0.137772 0.245392 -0.121365
v -0.094162 0.245392 -0.121365
v -0.077463 0.104377 -0.121365
v 0.121073 0.104377 -0.121365
v 0.057987 -0.264861 -0.121365
v -0.014377 -0.264861 -0.121365
v -0.134982 0.490314 -0.119509
v 0.178592 0.490314 -0.119509
v -0.092306 0.254670 -0.119509
v 0.020877 -0.264861 -0.119509
v -0.118283 0.733381 -0.119509
v 0.161893 0.733381 -0.119509
v 0.000467 -0.272283 -0.119509
v 0.124784 -0.244451 -0.119509
v 0.186014 0.557111 -0.119509
v -0.105295 0.167463 -0.119509
v 0.148905 0.167463 -0.119509
v -0.042209 -1.046014 -0.119509
v 0.085819 -1.046014 -0.119509
v 0.043143 -0.263006 -0.119509
v 0.000467 -0.263006 -0.119509
v 0.161893 0.768635 -0.119509
v -0.044064 -0.237029 -0.119509
v -0.096017 0.243537 -0.119509
v -0.055197 -0.964373 -0.119509
v 0.098807 -0.964373 -0.119509
v -0.142404 0.529279 -0.119509
v -0.083029 0.260236 -0.119509
v 0.119217 -0.229608 -0.117654
v -0.081174 0.245392 -0.117654
v 0.134061 0.085822 -0.117654
v -0.090451 0.085822 -0.117654
v -0.136838 0.531135 -0.117654
v -0.109006 0.109943 -0.117654
v 0.152616 0.109943 -0.117654
v -0.164670 0.597932 -0.117654
v 0.020877 -0.266717 -0.117654
v -0.092306 0.254670 -0.117654
v 0.219412 0.633185 -0.117654
v 0.043143 -0.264861 -0.117654
v 0.000467 -0.264861 -0.117654
v 0.020877 0.375275 -0.117654
v -0.094162 0.245392 -0.115798
v 0.106229 0.249103 -0.115798
v -0.062619 0.249103 -0.115798
v -0.083029 0.260236 -0.115798
v -0.053341 -0.240740 -0.115798
v -0.027365 0.226838 -0.115798
v 0.070975 0.226838 -0.115798
v -0.042209 0.226838 -0.115798
v 0.085819 0.226838 -0.115798
v 0.191580 0.607209 -0.115798
v -0.147970 0.607209 -0.115798
v -0.034787 -0.218475 -0.115798
v -0.090451 0.234260 -0.115798
v -0.071896 0.258381 -0.115798
v -0.031076 0.180451 -0.115798
v 0.074686 0.180451 -0.115798
v 0.069119 -0.270428 -0.113943
v -0.025509 0.184162 -0.113943
v 0.069119 0.184162 -0.113943
v -0.044064 0.184162 -0.113943
v 0.087674 0.184162 -0.113943
v 0.202713 0.627619 -0.113943
v -0.090451 0.236115 -0.113943
v -0.073752 0.256525 -0.112087
v 0.022733 0.180451 -0.112087
v -0.090451 -0.947674 -0.112087
v 0.134061 -0.947674 -0.112087
v -0.164670 0.614631 -0.112087
v 0.078397 -1.005193 -0.112087
v -0.034787 -1.005193 -0.112087
v -0.079318 0.230549 -0.112087
v -0.066330 0.247248 -0.112087
v -0.107150 0.111799 -0.112087
v 0.150760 0.111799 -0.112087
v 0.109940 0.165607 -0.112087
v -0.066330 0.165607 -0.112087
v -0.083029 0.247248 -0.110232
v -0.155392 0.633185 -0.110232
v -0.149826 0.553400 -0.110232
v -0.144259 0.662873 -0.110232
v -0.070041 0.236115 -0.110232
v -0.081174 0.232404 -0.110232
v -0.099728 0.204572 -0.110232
v -0.068185 0.247248 -0.110232
v 0.199002 -1.008904 -0.110232
v -0.155392 -1.008904 -0.110232
v 0.176737 0.731525 -0.110232
v -0.109006 0.096955 -0.110232
v 0.152616 0.096955 -0.110232
v 0.191580 0.581232 -0.108376
v -0.083029 0.102521 -0.108376
v 0.126639 0.102521 -0.108376
v -0.134982 -0.973650 -0.108376
v 0.178592 -0.973650 -0.108376
v -0.034787 0.148908 -0.108376
v 0.078397 0.148908 -0.108376
v -0.071896 0.237971 -0.108376
v -0.136838 0.699982 -0.108376
v -0.105295 0.189728 -0.108376
v 0.165604 0.453205 -0.108376
v -0.121994 0.453205 -0.108376
v -0.086740 0.211994 -0.108376
v -0.084884 0.191584 -0.108376
v -0.110861 0.095099 -0.108376
v 0.154471 0.095099 -0.108376
v -0.099728 0.202717 -0.106521
v 0.072830 0.078400 -0.106521
v 0.000467 -0.261151 -0.106521
v -0.029220 0.078400 -0.106521
v 0.187869 0.644318 -0.106521
v -0.144259 0.644318 -0.106521
v -0.032931 0.113654 -0.106521
v 0.076541 0.113654 -0.106521
v -0.103439 0.169318 -0.106521
v 0.147049 0.169318 -0.106521
v 0.065409 -0.220330 -0.106521
v -0.097873 0.091388 -0.106521
v 0.141483 0.091388 -0.106521
v -0.071896 0.779767 -0.104665
v -0.103439 0.189728 -0.104665
v -0.151681 -1.046014 -0.104665
v 0.195291 -1.046014 -0.104665
v -0.086740 0.106232 -0.104665
v 0.130350 0.106232 -0.104665
v -0.088595 0.210139 -0.104665
v 0.072830 0.037580 -0.104665
v -0.029220 0.037580 -0.104665
v -0.099728 0.091388 -0.104665
v 0.141483 0.091388 -0.104665
v 0.154471 0.139631 -0.104665
v 0.039432 0.820588 -0.104665
v -0.097873 0.176740 -0.104665
v -0.109006 0.111799 -0.102810
v 0.152616 0.111799 -0.102810
v -0.073752 0.208283 -0.102810
v 0.180448 0.579377 -0.102810
v 0.148905 0.154475 -0.102810
v -0.103439 0.139631 -0.102810
v 0.147049 0.139631 -0.102810
v 0.020877 0.148908 -0.102810
v 0.134061 0.141486 -0.102810
v -0.127560 0.725959 -0.102810
v -0.042209 0.126642 -0.102810
v -0.025509 0.126642 -0.102810
v 0.069119 0.126642 -0.102810
v 0.085819 0.126642 -0.102810
v 0.059842 -0.240740 -0.102810
v 0.147049 0.126642 -0.102810
v 0.067264 -0.259295 -0.102810
v 0.007889 -0.242596 -0.100954
v -0.146115 0.555256 -0.100954
v -0.097873 0.178596 -0.100954
v 0.132205 0.755646 -0.100954
v -0.088595 0.755646 -0.100954
v -0.025509 0.186017 -0.100954
v 0.069119 0.186017 -0.100954
v -0.075607 0.206428 -0.100954
v -0.044064 0.186017 -0.100954
v 0.087674 0.186017 -0.100954
v 0.143338 0.772346 -0.100954
v 0.152616 0.139631 -0.100954
v -0.101584 0.423517 -0.100954
v 0.145194 0.423517 -0.100954
v 0.148905 0.152619 -0.099099
v -0.034787 -0.151678 -0.099099
v -0.084884 0.173029 -0.099099
v -0.036642 -0.084881 -0.099099
v -0.096017 -1.047869 -0.099099
v 0.139627 -1.047869 -0.099099
v 0.080252 -0.084881 -0.099099
v -0.066330 0.195295 -0.099099
v 0.147049 0.128498 -0.099099
v 0.135916 0.161896 -0.099099
v 0.020877 0.115510 -0.099099
v -0.086740 0.193439 -0.099099
v 0.134061 0.108088 -0.099099
v -0.090451 0.108088 -0.099099
v 0.134061 0.121076 -0.097244
v 0.126639 0.135920 -0.097244
v -0.083029 0.135920 -0.097244
v 0.004178 -0.248162 -0.097244
v -0.140549 0.558967 -0.097244
v 0.115506 0.165607 -0.097244
v -0.071896 0.165607 -0.097244
v 0.020877 0.080256 -0.097244
v -0.071896 0.180451 -0.097244
v -0.084884 0.176740 -0.097244
v -0.032931 -0.018084 -0.097244
v 0.076541 -0.018084 -0.097244
v -0.070041 0.195295 -0.097244
v -0.112716 0.750080 -0.097244
v -0.155392 0.586799 -0.097244
v 0.063553 -0.246307 -0.097244
v -0.040353 0.076545 -0.097244
v -0.023654 0.076545 -0.097244
v 0.067264 0.076545 -0.097244
v 0.083963 0.076545 -0.097244
v 0.137772 0.158185 -0.095388
v 0.015311 -0.225897 -0.095388
v -0.134982 0.560822 -0.095388
v 0.117362 0.403107 -0.095388
v -0.073752 0.403107 -0.095388
v -0.073752 0.182307 -0.095388
v 0.076541 -0.151678 -0.095388
v 0.134061 0.124787 -0.095388
v 0.122928 0.156330 -0.095388
v 0.121073 0.128498 -0.093533
v -0.051486 0.809455 -0.093533
v 0.100662 0.770490 -0.093533
v -0.040353 -1.046014 -0.093533
v 0.083963 -1.046014 -0.093533
v 0.208280 0.711115 -0.093533
v -0.092306 -0.956951 -0.093533
v 0.135916 -0.956951 -0.093533
v -0.051486 -0.971795 -0.093533
v 0.095096 -0.971795 -0.093533
v 0.135916 0.141486 -0.093533
v -0.140549 0.727814 -0.093533
v -0.133127 0.514435 -0.093533
v 0.176737 0.514435 -0.093533
v -0.034787 0.835431 -0.093533
v 0.115506 0.143342 -0.091677
v 0.124784 0.154475 -0.091677
v 0.122928 0.130353 -0.091677
v 0.020877 0.039435 -0.091677
v 0.119217 0.143342 -0.089822
v 0.083963 0.835431 -0.089822
v -0.044064 0.390119 -0.089822
v 0.087674 0.390119 -0.089822
v -0.159103 0.607209 -0.089822
v -0.083029 0.785334 -0.089822
v -0.133127 0.677717 -0.089822
v 0.176737 0.677717 -0.089822
v -0.134982 0.540412 -0.089822
v 0.178592 0.540412 -0.089822
v -0.109006 0.644318 -0.089822
v -0.032931 -1.003338 -0.089822
v 0.076541 -1.003338 -0.089822
v -0.116427 0.629474 -0.089822
v 0.169315 0.488459 -0.087966
v -0.125705 0.488459 -0.087966
v -0.123849 0.614631 -0.086111
v -0.127560 0.601642 -0.086111
v -0.147970 0.584943 -0.086111
v -0.131271 0.586799 -0.086111
v 0.200858 0.668439 -0.086111
v -0.042209 0.128498 -0.086111
v -0.025509 0.128498 -0.086111
v 0.069119 0.128498 -0.086111
v 0.085819 0.128498 -0.086111
v 0.180448 0.566389 -0.086111
v -0.136838 0.566389 -0.086111
v -0.133127 0.677717 -0.084255
v 0.176737 0.677717 -0.084255
v -0.138693 0.584943 -0.084255
v -0.157248 0.627619 -0.084255
v 0.189725 0.616486 -0.084255
v 0.082108 0.794611 -0.084255
v 0.020877 -0.081170 -0.084255
v -0.103439 0.651740 -0.082400
v 0.056131 0.380842 -0.082400
v -0.012521 0.380842 -0.082400
v -0.136838 0.601642 -0.082400
v 0.020877 -0.018084 -0.082400
v 0.020877 -0.153533 -0.080544
v -0.121994 0.648029 -0.080544
v -0.149826 0.649885 -0.080544
v 0.022733 0.837287 -0.080544
v -0.040353 0.078400 -0.080544
v -0.023654 0.078400 -0.080544
v 0.067264 0.078400 -0.080544
v 0.083963 0.078400 -0.080544
v -0.129416 0.631330 -0.080544
v -0.134982 0.616486 -0.078689
v -0.149826 0.603498 -0.078689
v 0.171170 0.607209 -0.078689
v 0.022733 0.375275 -0.078689
v 0.197147 -1.010760 -0.076833
v -0.153537 -1.010760 -0.076833
v -0.136838 0.596076 -0.076833
v 0.180448 0.596076 -0.076833
v -0.142404 0.675861 -0.074978
v 0.191580 0.661017 -0.074978
v 0.161893 0.776057 -0.074978
v -0.112716 0.456916 -0.074978
v 0.156326 0.456916 -0.074978
v -0.131271 -0.977361 -0.074978
v 0.174881 -0.977361 -0.074978
v 0.204569 0.672150 -0.073122
v -0.114572 0.655451 -0.073122
v -0.149826 0.622053 -0.073122
v 0.096951 0.764924 -0.073122
v -0.053341 0.764924 -0.073122
v -0.103439 0.792756 -0.071267
v 0.189725 -1.046014 -0.071267
v -0.146115 -1.046014 -0.071267
v -0.131271 0.698127 -0.071267
v 0.156326 0.703693 -0.069412
v -0.112716 0.703693 -0.069412
v -0.134982 0.668439 -0.069412
v -0.146115 0.640607 -0.069412
v -0.146115 0.681428 -0.067556
v 0.176737 0.627619 -0.067556
v -0.133127 0.627619 -0.067556
v -0.138693 0.661017 -0.065701
v -0.092306 -1.047869 -0.065701
v 0.135916 -1.047869 -0.065701
v 0.135916 -0.964373 -0.063845
v -0.092306 -0.964373 -0.063845
v 0.156326 0.705549 -0.063845
v -0.112716 0.705549 -0.063845
v 0.200858 0.651740 -0.063845
v 0.189725 0.701838 -0.063845
v -0.096017 0.646174 -0.061990
v -0.116427 0.716682 -0.061990
v -0.092306 0.429084 -0.061990
v 0.135916 0.429084 -0.061990
v 0.176737 0.627619 -0.061990
v -0.133127 0.627619 -0.061990
v -0.005099 0.779767 -0.061990
v 0.126639 0.755646 -0.061990
v -0.042209 -1.046014 -0.060134
v 0.085819 -1.046014 -0.060134
v -0.121994 0.512580 -0.060134
v 0.165604 0.512580 -0.060134
v -0.131271 0.674006 -0.060134
v 0.165604 0.729670 -0.058279
v -0.058908 -0.971795 -0.058279
v 0.102518 -0.971795 -0.058279
v -0.146115 0.659162 -0.058279
v 0.080252 -1.001483 -0.058279
v -0.036642 -1.001483 -0.058279
v 0.167459 0.534846 -0.058279
v -0.123849 0.534846 -0.058279
v 0.065409 0.770490 -0.056423
v -0.021799 0.770490 -0.056423
v -0.114572 0.490314 -0.056423
v 0.158182 0.490314 -0.056423
v -0.123849 0.558967 -0.054568
v 0.167459 0.558967 -0.054568
v 0.167459 0.534846 -0.054568
v -0.123849 0.534846 -0.054568
v -0.107150 0.653596 -0.054568
v -0.121994 0.655451 -0.052712
v 0.165604 0.655451 -0.052712
v -0.125705 0.558967 -0.052712
v 0.169315 0.558967 -0.052712
v -0.068185 0.404963 -0.052712
v 0.111795 0.404963 -0.052712
v 0.020877 0.772346 -0.052712
v -0.029220 0.777912 -0.050857
v 0.167459 -0.982928 -0.050857
v -0.123849 -0.982928 -0.050857
v -0.123849 0.584943 -0.049001
v 0.167459 0.584943 -0.049001
v -0.121994 0.655451 -0.047146
v 0.165604 0.655451 -0.047146
v 0.180448 0.644318 -0.047146
v 0.156326 0.623908 -0.047146
v -0.118283 0.679572 -0.047146
v -0.123849 0.584943 -0.047146
v 0.167459 0.584943 -0.047146
v -0.088595 0.716682 -0.045290
v 0.132205 0.716682 -0.045290
v 0.147049 0.612775 -0.045290
v -0.101584 0.466193 -0.045290
v 0.145194 0.466193 -0.045290
v 0.173026 0.727814 -0.045290
v -0.040353 0.388263 -0.043435
v 0.083963 0.388263 -0.043435
v -0.134982 -1.008904 -0.041580
v 0.178592 -1.008904 -0.041580
v -0.101584 0.464338 -0.041580
v 0.145194 0.464338 -0.041580
v 0.134061 0.714826 -0.041580
v -0.090451 0.714826 -0.041580
v 0.109940 -0.979217 -0.039724
v -0.066330 -0.979217 -0.039724
v -0.094162 -0.977361 -0.039724
v 0.137772 -0.977361 -0.039724
v -0.049631 0.798322 -0.039724
v 0.054276 0.378986 -0.039724
v -0.006955 0.378986 -0.039724
v 0.148905 0.612775 -0.039724
v -0.118283 0.612775 -0.039724
v 0.161893 0.612775 -0.039724
v 0.024588 0.375275 -0.037869
v -0.134982 -1.038592 -0.037869
v 0.178592 -1.038592 -0.037869
v -0.110861 0.746369 -0.037869
v 0.150760 0.614631 -0.036013
v 0.148905 0.674006 -0.036013
v -0.105295 0.674006 -0.036013
v 0.163748 0.612775 -0.036013
v -0.120138 0.612775 -0.036013
v 0.139627 0.609064 -0.036013
v -0.083029 0.731525 -0.034158
v 0.139627 0.607209 -0.034158
v 0.147049 0.492170 -0.034158
v -0.103439 0.492170 -0.034158
v 0.022733 0.759357 -0.034158
v 0.163748 0.612775 -0.034158
v -0.120138 0.612775 -0.034158
v 0.102518 0.796467 -0.034158
v -0.083029 0.440217 -0.032302
v 0.126639 0.440217 -0.032302
v 0.150760 0.507014 -0.032302
v -0.107150 0.507014 -0.032302
v -0.057052 -1.003338 -0.030447
v 0.100662 -1.003338 -0.030447
v 0.135916 0.609064 -0.030447
v -0.105295 0.675861 -0.030447
v 0.148905 0.675861 -0.030447
v 0.150760 0.527424 -0.030447
v -0.107150 0.527424 -0.030447
v 0.128494 0.440217 -0.030447
v -0.084884 0.440217 -0.030447
v -0.055197 -1.038592 -0.028591
v 0.098807 -1.038592 -0.028591
v -0.081174 0.635041 -0.028591
v 0.150760 0.679572 -0.028591
v 0.135916 0.605353 -0.028591
v 0.173026 0.657306 -0.026736
v 0.147049 0.616486 -0.026736
v 0.152616 0.527424 -0.026736
v -0.109006 0.527424 -0.026736
v 0.154471 0.631330 -0.026736
v -0.110861 0.631330 -0.026736
v 0.141483 0.607209 -0.026736
v 0.148905 0.547834 -0.024880
v -0.105295 0.547834 -0.024880
v 0.141483 0.612775 -0.024880
v 0.141483 0.607209 -0.024880
v 0.148905 0.629474 -0.024880
v 0.132205 0.610920 -0.023025
v 0.167459 0.690705 -0.023025
v 0.147049 0.571955 -0.023025
v -0.103439 0.571955 -0.023025
v 0.137772 0.479182 -0.023025
v -0.094162 0.479182 -0.023025
v -0.105295 0.683283 -0.023025
v 0.020877 0.800178 -0.023025
v -0.094162 -1.040447 -0.023025
v 0.137772 -1.040447 -0.023025
v 0.154471 0.631330 -0.023025
v -0.110861 0.631330 -0.023025
v 0.128494 0.603498 -0.021169
v -0.105295 0.545978 -0.021169
v 0.148905 0.545978 -0.021169
v 0.147049 0.616486 -0.021169
v 0.154471 0.631330 -0.021169
v -0.110861 0.631330 -0.021169
v -0.062619 0.419807 -0.019314
v 0.106229 0.419807 -0.019314
v -0.092306 0.644318 -0.019314
v 0.139627 -1.003338 -0.019314
v -0.096017 -1.003338 -0.019314
v 0.139627 0.607209 -0.019314
v 0.145194 0.614631 -0.019314
v -0.094162 0.479182 -0.019314
v 0.137772 0.479182 -0.019314
v 0.147049 0.570099 -0.019314
v -0.103439 0.570099 -0.019314
v -0.101584 0.594221 -0.017458
v 0.145194 0.594221 -0.017458
v -0.112716 0.696271 -0.017458
v 0.139627 0.605353 -0.017458
v -0.053341 0.722248 -0.017458
v 0.096951 0.722248 -0.017458
v 0.160037 0.648029 -0.017458
v 0.104373 0.417951 -0.017458
v -0.060763 0.417951 -0.017458
v 0.059842 0.738947 -0.015603
v -0.097873 0.672150 -0.015603
v -0.103439 0.594221 -0.015603
v 0.147049 0.594221 -0.015603
v -0.101584 0.610920 -0.013747
v 0.145194 0.610920 -0.013747
v -0.083029 0.681428 -0.013747
v 0.126639 0.681428 -0.013747
v -0.090451 0.495881 -0.013747
v 0.134061 0.495881 -0.013747
v 0.161893 0.672150 -0.013747
v 0.119217 0.603498 -0.013747
v -0.103439 0.594221 -0.011892
v 0.147049 0.594221 -0.011892
v 0.141483 0.642463 -0.011892
v -0.097873 0.642463 -0.011892
v 0.137772 0.609064 -0.011892
v 0.134061 0.605353 -0.011892
v -0.077463 0.462482 -0.010036
v 0.121073 0.462482 -0.010036
v 0.147049 0.625764 -0.010036
v -0.101584 0.610920 -0.010036
v 0.145194 0.610920 -0.010036
v -0.092306 0.495881 -0.010036
v 0.135916 0.495881 -0.010036
v -0.112716 0.672150 -0.010036
v -0.053341 0.720392 -0.010036
v 0.096951 0.720392 -0.010036
v -0.036642 0.404963 -0.010036
v 0.082108 0.404963 -0.010036
v -0.084884 0.564533 -0.008181
v 0.128494 0.564533 -0.008181
v 0.141483 0.642463 -0.008181
v -0.097873 0.642463 -0.008181
v 0.158182 0.661017 -0.008181
v 0.132205 0.516291 -0.008181
v -0.088595 0.516291 -0.008181
v -0.101584 0.610920 -0.008181
v 0.145194 0.610920 -0.008181
v 0.130350 0.538556 -0.008181
v -0.086740 0.538556 -0.008181
v -0.083029 0.681428 -0.008181
v 0.126639 0.681428 -0.008181
v -0.079318 0.462482 -0.008181
v 0.122928 0.462482 -0.008181
v 0.128494 0.614631 -0.006326
v 0.141483 0.642463 -0.006326
v -0.097873 0.642463 -0.006326
v 0.128494 0.618342 -0.006326
v 0.128494 0.588654 -0.006326
v -0.084884 0.588654 -0.006326
v -0.036642 0.404963 -0.006326
v 0.083963 0.406818 -0.006326
v 0.135916 0.690705 -0.006326
v -0.084884 0.564533 -0.006326
v 0.128494 0.564533 -0.006326
v 0.132205 0.516291 -0.004470
v -0.088595 0.516291 -0.004470
v 0.130350 0.538556 -0.004470
v -0.086740 0.538556 -0.004470
v 0.134061 0.612775 -0.004470
v -0.090451 0.612775 -0.004470
v 0.124784 0.605353 -0.002615
v 0.056131 0.393830 -0.002615
v -0.005099 0.393830 -0.002615
v 0.128494 0.588654 -0.002615
v -0.084884 0.588654 -0.002615
v 0.098807 0.711115 -0.002615
v -0.055197 0.753791 -0.002615
v 0.139627 0.622053 -0.002615
v 0.026444 0.388263 -0.000759
v -0.066330 0.560822 -0.000759
v 0.134061 0.612775 -0.000759
v 0.109940 0.560822 -0.000759
v -0.090451 0.612775 -0.000759
v 0.128494 0.588654 -0.000759
v -0.084884 0.588654 -0.000759
v 0.108084 0.751935 -0.000759
v -0.057052 0.445783 0.001096
v 0.100662 0.445783 0.001096
v -0.073752 0.482892 0.001096
v 0.117362 0.482892 0.001096
v 0.132205 0.612775 0.001096
v -0.005099 0.393830 0.001096
v 0.056131 0.395685 0.001096
v 0.100662 0.603498 0.001096
v 0.113651 0.584943 0.001096
v -0.070041 0.584943 0.001096
v 0.134061 0.612775 0.001096
v -0.090451 0.612775 0.001096
v 0.026444 0.388263 0.002952
v 0.111795 0.560822 0.002952
v -0.068185 0.560822 0.002952
v 0.111795 0.531135 0.002952
v -0.068185 0.531135 0.002952
v -0.079318 0.646174 0.002952
v 0.122928 0.646174 0.002952
v -0.014377 0.716682 0.004807
v 0.057987 0.716682 0.004807
v 0.102518 0.445783 0.004807
v -0.058908 0.445783 0.004807
v -0.073752 0.481037 0.004807
v 0.117362 0.481037 0.004807
v 0.113651 0.584943 0.004807
v -0.070041 0.584943 0.004807
v 0.113651 0.507014 0.004807
v -0.070041 0.507014 0.004807
v -0.047775 0.555256 0.004807
v 0.091385 0.555256 0.004807
v -0.051486 0.581232 0.006663
v 0.095096 0.581232 0.006663
v -0.073752 0.612775 0.006663
v 0.117362 0.612775 0.006663
v 0.111795 0.531135 0.006663
v -0.068185 0.531135 0.006663
v 0.113651 0.584943 0.006663
v -0.070041 0.584943 0.006663
v -0.079318 0.646174 0.006663
v 0.122928 0.646174 0.006663
v -0.055197 0.677717 0.008518
v 0.098807 0.677717 0.008518
v 0.020877 0.718537 0.008518
v 0.056131 0.718537 0.008518
v -0.012521 0.718537 0.008518
v 0.113651 0.623908 0.008518
v 0.113651 0.505158 0.008518
v -0.070041 0.505158 0.008518
v 0.113651 0.505158 0.008518
v -0.070041 0.505158 0.008518
v -0.049631 0.557111 0.008518
v 0.093241 0.557111 0.008518
v -0.079318 0.646174 0.008518
v 0.122928 0.646174 0.008518
v -0.032931 0.434650 0.008518
v 0.078397 0.434650 0.008518
v 0.096951 0.694416 0.010374
v 0.095096 0.579377 0.010374
v -0.051486 0.579377 0.010374
v -0.073752 0.612775 0.010374
v 0.117362 0.612775 0.010374
v 0.132205 0.636896 0.010374
v 0.109940 0.609064 0.010374
v -0.053341 0.469904 0.010374
v 0.096951 0.469904 0.010374
v -0.029220 0.553400 0.010374
v 0.072830 0.553400 0.010374
v 0.076541 0.579377 0.010374
v -0.032931 0.579377 0.010374
v -0.045920 0.527424 0.012229
v 0.089530 0.527424 0.012229
v 0.095096 0.579377 0.012229
v -0.051486 0.579377 0.012229
v -0.073752 0.612775 0.012229
v 0.117362 0.612775 0.012229
v -0.032931 0.434650 0.014085
v 0.078397 0.434650 0.014085
v -0.053341 0.609064 0.014085
v 0.096951 0.609064 0.014085
v -0.055197 0.679572 0.014085
v 0.098807 0.679572 0.014085
v 0.096951 0.468049 0.014085
v -0.053341 0.468049 0.014085
v 0.070975 0.553400 0.014085
v -0.027365 0.553400 0.014085
v -0.032931 0.579377 0.014085
v 0.076541 0.579377 0.014085
v 0.078397 0.609064 0.014085
v 0.052420 0.423517 0.015940
v -0.005099 0.423517 0.015940
v 0.020877 0.755646 0.015940
v -0.047775 0.499592 0.015940
v 0.091385 0.499592 0.015940
v -0.045920 0.525568 0.015940
v 0.089530 0.525568 0.015940
v -0.019943 0.703693 0.015940
v -0.055197 0.694416 0.015940
v 0.020877 0.716682 0.015940
v -0.049631 0.629474 0.015940
v 0.117362 0.618342 0.015940
v 0.056131 0.555256 0.015940
v -0.012521 0.555256 0.015940
v 0.057987 0.577521 0.017796
v -0.014377 0.577521 0.017796
v -0.032931 0.579377 0.017796
v 0.076541 0.579377 0.017796
v -0.053341 0.609064 0.017796
v 0.096951 0.609064 0.017796
v -0.023654 0.527424 0.017796
v 0.067264 0.527424 0.017796
v -0.055197 0.640607 0.017796
v 0.098807 0.640607 0.017796
v 0.024588 0.419807 0.017796
v -0.005099 0.423517 0.017796
v 0.052420 0.423517 0.017796
v -0.032931 0.603498 0.019651
v 0.076541 0.603498 0.019651
v -0.047775 0.501447 0.019651
v 0.091385 0.501447 0.019651
v -0.047775 0.501447 0.019651
v 0.091385 0.501447 0.019651
v -0.029220 0.462482 0.019651
v 0.072830 0.462482 0.019651
v -0.053341 0.609064 0.019651
v 0.096951 0.609064 0.019651
v 0.056131 0.555256 0.019651
v -0.012521 0.555256 0.019651
v 0.056131 0.614631 0.021507
v 0.059842 0.577521 0.021507
v -0.016232 0.577521 0.021507
v -0.023654 0.527424 0.021507
v 0.067264 0.527424 0.021507
v -0.055197 0.638752 0.021507
v 0.098807 0.638752 0.021507
v 0.024588 0.419807 0.021507
v -0.018088 0.596076 0.021507
v 0.061698 0.596076 0.021507
v -0.029220 0.460627 0.021507
v 0.072830 0.460627 0.021507
v 0.106229 0.709260 0.023362
v -0.032931 0.603498 0.023362
v 0.076541 0.603498 0.023362
v 0.109940 0.651740 0.023362
v -0.060763 0.709260 0.023362
v 0.059842 0.577521 0.023362
v -0.016232 0.577521 0.023362
v 0.069119 0.668439 0.023362
v -0.025509 0.668439 0.023362
v -0.055197 0.638752 0.023362
v 0.098807 0.638752 0.023362
v -0.003244 0.455060 0.023362
v 0.048709 0.455060 0.023362
v 0.004178 0.558967 0.025217
v 0.039432 0.558967 0.025217
v 0.063553 0.499592 0.025217
v -0.019943 0.499592 0.025217
v 0.039432 0.623908 0.025217
v -0.032931 0.603498 0.025217
v 0.076541 0.603498 0.025217
v -0.005099 0.531135 0.025217
v 0.048709 0.531135 0.025217
v -0.058908 0.638752 0.025217
v -0.018088 0.596076 0.025217
v 0.061698 0.596076 0.025217
v 0.085819 0.614631 0.025217
v 0.015311 0.701838 0.025217
v 0.043143 0.581232 0.027073
v 0.000467 0.581232 0.027073
v -0.053341 0.683283 0.027073
v -0.029220 0.629474 0.027073
v 0.072830 0.629474 0.027073
v 0.022733 0.451350 0.027073
v 0.035721 0.607209 0.027073
v -0.005099 0.455060 0.027073
v 0.048709 0.455060 0.027073
v 0.041287 0.558967 0.027073
v 0.002323 0.558967 0.027073
v -0.018088 0.596076 0.028928
v 0.061698 0.596076 0.028928
v 0.043143 0.603498 0.028928
v 0.028299 0.627619 0.028928
v 0.061698 0.501447 0.028928
v -0.018088 0.501447 0.028928
v 0.044998 0.601642 0.028928
v -0.005099 0.531135 0.028928
v 0.048709 0.531135 0.028928
v 0.043143 0.579377 0.028928
v 0.000467 0.579377 0.028928
v 0.069119 0.668439 0.028928
v -0.025509 0.668439 0.028928
v 0.007889 0.544123 0.028928
v 0.035721 0.544123 0.028928
v 0.013455 0.698127 0.028928
v -0.064474 0.659162 0.028928
v 0.043143 0.601642 0.030784
v -0.003244 0.662873 0.030784
v 0.046854 0.662873 0.030784
v 0.026444 0.614631 0.030784
v 0.102518 0.688849 0.030784
v -0.029220 0.629474 0.030784
v 0.072830 0.629474 0.030784
v -0.120138 0.583088 0.030784
v 0.163748 0.583088 0.030784
v -0.019943 0.527424 0.030784
v 0.063553 0.527424 0.030784
v -0.083029 0.527424 0.030784
v 0.126639 0.527424 0.030784
v -0.101584 0.545978 0.030784
v 0.145194 0.545978 0.030784
v 0.000467 0.549689 0.030784
v 0.043143 0.549689 0.030784
v 0.020877 0.558967 0.030784
v -0.001388 0.583088 0.030784
v 0.044998 0.583088 0.030784
v 0.020877 0.586799 0.030784
v -0.016232 0.597932 0.030784
v 0.059842 0.597932 0.030784
v -0.097873 0.599787 0.030784
v 0.141483 0.599787 0.030784
v -0.060763 0.685138 0.030784
v 0.035721 0.601642 0.030784
v 0.022733 0.453205 0.030784
v 0.020877 0.560822 0.030784
v 0.019022 0.629474 0.030784
v 0.000467 0.479182 0.030784
v 0.043143 0.479182 0.030784
v 0.043143 0.579377 0.032639
v 0.000467 0.579377 0.032639
v 0.050565 0.508869 0.032639
v -0.006955 0.508869 0.032639
v -0.005099 0.614631 0.032639
v 0.048709 0.614631 0.032639
v 0.020877 0.661017 0.032639
v 0.020877 0.581232 0.032639
v 0.007889 0.544123 0.032639
v 0.035721 0.544123 0.032639
v 0.022733 0.473615 0.032639
v -0.029220 0.629474 0.032639
v 0.072830 0.629474 0.032639
v 0.096951 0.629474 0.034495
v 0.009744 0.631330 0.034495
v 0.026444 0.605353 0.034495
v 0.002323 0.527424 0.034495
v 0.041287 0.527424 0.034495
v 0.052420 0.508869 0.034495
v -0.008810 0.508869 0.034495
v 0.078397 0.672150 0.034495
v 0.020877 0.560822 0.034495
v 0.000467 0.479182 0.034495
v 0.043143 0.479182 0.034495
v 0.020877 0.547834 0.034495
v 0.011600 0.625764 0.034495
v -0.125705 0.581232 0.036350
v 0.169315 0.581232 0.036350
v 0.061698 0.623908 0.036350
v 0.048709 0.603498 0.036350
v 0.043143 0.692560 0.036350
v -0.123849 0.594221 0.036350
v 0.167459 0.594221 0.036350
v 0.048709 0.614631 0.036350
v -0.005099 0.614631 0.036350
v -0.003244 0.661017 0.036350
v 0.046854 0.661017 0.036350
v 0.020877 0.583088 0.036350
v 0.020877 0.473615 0.036350
v 0.020877 0.614631 0.036350
v 0.000467 0.529279 0.036350
v 0.043143 0.529279 0.036350
v 0.009744 0.536701 0.038206
v 0.033866 0.536701 0.038206
v -0.016232 0.521857 0.038206
v 0.059842 0.521857 0.038206
v -0.086740 0.521857 0.038206
v 0.130350 0.521857 0.038206
v -0.023654 0.532990 0.038206
v 0.067264 0.532990 0.038206
v -0.079318 0.532990 0.038206
v 0.122928 0.532990 0.038206
v -0.001388 0.536701 0.038206
v 0.044998 0.536701 0.038206
v -0.105295 0.542267 0.038206
v 0.148905 0.542267 0.038206
v -0.008810 0.545978 0.038206
v 0.052420 0.545978 0.038206
v -0.099728 0.551545 0.038206
v 0.143338 0.551545 0.038206
v 0.011600 0.555256 0.038206
v 0.032010 0.555256 0.038206
v -0.001388 0.557111 0.038206
v 0.044998 0.557111 0.038206
v 0.020877 0.558967 0.038206
v -0.116427 0.560822 0.038206
v 0.160037 0.560822 0.038206
v -0.109006 0.570099 0.038206
v 0.152616 0.570099 0.038206
v -0.121994 0.575666 0.038206
v 0.165604 0.575666 0.038206
v -0.118283 0.579377 0.038206
v 0.161893 0.579377 0.038206
v -0.006955 0.579377 0.038206
v 0.050565 0.579377 0.038206
v -0.109006 0.581232 0.038206
v 0.152616 0.581232 0.038206
v -0.127560 0.583088 0.038206
v 0.171170 0.583088 0.038206
v -0.118283 0.584943 0.038206
v 0.161893 0.584943 0.038206
v 0.020877 0.586799 0.038206
v 0.004178 0.586799 0.038206
v 0.039432 0.586799 0.038206
v -0.096017 0.592365 0.038206
v 0.139627 0.592365 0.038206
v -0.019943 0.592365 0.038206
v 0.063553 0.592365 0.038206
v -0.112716 0.592365 0.038206
v 0.156326 0.592365 0.038206
v -0.127560 0.596076 0.038206
v 0.171170 0.596076 0.038206
v -0.118283 0.599787 0.038206
v 0.161893 0.599787 0.038206
v -0.014377 0.603498 0.038206
v 0.057987 0.603498 0.038206
v -0.097873 0.607209 0.038206
v 0.141483 0.607209 0.038206
v 0.048709 0.614631 0.038206
v -0.005099 0.614631 0.038206
v -0.014377 0.620197 0.038206
v 0.020877 0.661017 0.038206
v 0.020877 0.583088 0.038206
v 0.044998 0.605353 0.038206
v 0.002323 0.494025 0.038206
v 0.041287 0.494025 0.038206
v 0.009744 0.610920 0.038206
v 0.020877 0.545978 0.038206
v 0.019022 0.712971 0.040061
v 0.037577 0.607209 0.040061
v 0.044998 0.603498 0.040061
v 0.020877 0.612775 0.040061
v 0.009744 0.536701 0.040061
v 0.033866 0.536701 0.040061
v 0.020877 0.490314 0.040061
v 0.020877 0.538556 0.041917
v 0.046854 0.516291 0.041917
v -0.003244 0.516291 0.041917
v 0.041287 0.494025 0.041917
v 0.002323 0.494025 0.041917
v 0.037577 0.605353 0.041917
v 0.041287 0.633185 0.041917
v 0.020877 0.612775 0.043772
v 0.024588 0.616486 0.043772
v 0.037577 0.529279 0.043772
v 0.006033 0.529279 0.043772
v 0.020877 0.490314 0.043772
v 0.044998 0.518146 0.043772
v -0.001388 0.518146 0.043772
v 0.044998 0.605353 0.043772
v 0.020877 0.538556 0.043772
v 0.026444 0.609064 0.045628
v 0.039432 0.607209 0.045628
v 0.026444 0.638752 0.045628
v 0.032010 0.532990 0.047483
v 0.011600 0.532990 0.047483
v 0.017166 0.690705 0.047483
v 0.004178 0.640607 0.047483
v 0.069119 0.644318 0.047483
v 0.013455 0.642463 0.047483
v -0.019943 0.627619 0.049339
v 0.041287 0.503303 0.049339
v 0.002323 0.503303 0.049339
v 0.007889 0.616486 0.049339
v 0.020877 0.534846 0.051194
v 0.024588 0.614631 0.051194
v 0.002323 0.521857 0.051194
v 0.041287 0.521857 0.051194
v -0.018088 0.662873 0.051194
v 0.004178 0.633185 0.053049
v -0.003244 0.670295 0.053049
v 0.020877 0.497736 0.054905
v 0.041287 0.659162 0.054905
v -0.023654 0.655451 0.056760
v 0.019022 0.668439 0.056760
v -0.023654 0.642463 0.058616
v 0.011600 0.527424 0.058616
v 0.032010 0.527424 0.058616
v 0.006033 0.625764 0.058616
v 0.006033 0.512580 0.060471
v 0.037577 0.512580 0.060471
v 0.020877 0.529279 0.062327
v 0.009744 0.520002 0.064182
v 0.033866 0.520002 0.064182
v 0.020877 0.507014 0.066038
v 0.020877 0.518146 0.069749
vn -0.2251 0.0665 0.9721
vn 0.0765 -0.0638 0.9950
vn -0.1408 -0.5162 -0.8448
vn 0.2358 0.0416 -0.9709
vn -0.6360 -0.2120 -0.7420
vn -0.3492 0.4365 0.8292
vn -0.0481 -0.3560 0.9332
vn 0.5725 -0.3435 0.7444
vn 0.6741 -0.1124 -0.7301
vn 0.2386 0.1790 -0.9545
vn -0.0111 0.0581 0.9983
vn 0.6154 0.4924 -0.6154
vn -0.1272 0.1662 -0.9779
vn 0.3369 0.9264 -0.1684
vn 0.1977 0.0575 0.9786
vn -0.1782 -0.0891 0.9800
vn -0.1405 -0.4097 0.9013
vn 0.0519 -0.1557 -0.9864
vn 0.1114 0.6846 0.7204
vn -0.1500 0.3834 -0.9113
vn 0.1562 -0.3123 0.9370
vn -0.3939 -0.0000 0.9192
vn 0.4783 0.2291 -0.8478
vn -0.1362 -0.5178 0.8446
vn 0.1032 -0.6837 -0.7224
vn -0.4365 0.2182 0.8728
vn 0.5179 0.2877 -0.8056
vn 0.7623 0.1166 -0.6367
vn -0.2750 -0.5729 0.7721
vn 0.3647 -0.3420 0.8660
vn 0.2382 0.7006 0.6726
vn -0.1532 -0.8041 0.5744
vn -0.5772 0.1720 0.7983
vn 0.4727 -0.1030 0.8752
vn -0.5724 -0.2999 0.7632
vn -0.7225 0.0688 0.6879
vn 0.4927 0.2491 -0.8338
vn -0.6415 0.1166 -0.7582
vn -0.5882 -0.4087 0.6978
vn 0.7093 -0.3154 -0.6304
vn -0.5565 0.1526 0.8167
vn 0.4839 -0.2591 0.8359
vn -0.0188 -0.2509 -0.9678
vn 0.7071 -0.0000 -0.7071
vn -0.5271 -0.8432 0.1055
vn 0.6838 -0.5698 -0.4557
vn 0.3772 -0.6485 -0.6612
vn -0.6916 -0.2075 -0.6918
vn -0.1146 0.2981 0.9476
vn -0.2800 -0.7311 -0.6222
vn -0.9435 0.3145 0.1048
vn 0.1872 0.1389 0.9724
vn -0.3500 -0.0778 0.9335
vn -0.3505 -0.6912 0.6320
vn 0.9487 0.3162 -0.0000
vn -0.3015 0.9045 0.3015
vn 0.5889 0.6871 0.4254
vn -0.0000 0.1843 0.9829
vn 0.2482 0.8821 -0.4005
vn 0.1761 0.8804 0.4403
vn 0.0011 -0.8647 0.5023
vn -0.1383 0.2028 0.9694
vn -0.1633 -0.2268 -0.9602
vn -0.4470 0.3468 0.8246
vn 0.4083 0.0628 0.9107
vn -0.4015 -0.2819 -0.8714
vn 0.4572 -0.2191 -0.8620
vn -0.4412 0.7097 -0.5492
vn -0.2419 -0.8395 0.4866
vn -0.0930 -0.8327 0.5458
vn -0.9117 0.1603 -0.3782
vn -0.5283 -0.8208 -0.2170
vn -0.0203 -0.7718 -0.6355
vn -0.9605 -0.0273 -0.2769
vn -0.9394 -0.1421 0.3118
vn -0.2565 0.7873 0.5607
vn 0.3388 0.7640 -0.5492
vn 0.3566 0.7894 0.4997
vn -0.0929 -0.8551 0.5101
vn -0.7883 -0.4321 0.4380
vn -0.1620 -0.3628 0.9177
vn -0.8604 0.3292 0.3890
vn 0.9142 0.1301 0.3837
vn -0.5720 0.7093 0.4119
vn 0.0763 -0.4335 0.8979
vn 0.9010 0.3348 0.2757
vn -0.4997 -0.7996 -0.3331
vn -0.8640 0.3381 0.3731
vn 0.6290 0.3153 -0.7106
vn -0.4697 0.3904 -0.7918
vn -0.2568 -0.2996 0.9189
vn 0.1975 0.6419 0.7410
vn -0.1645 -0.1425 0.9760
vn -0.5071 -0.1690 -0.8451
vn 0.0457 0.6108 0.7904
vn 0.0322 -0.2575 0.9657
vn -0.5150 0.4634 0.7211
vn -0.4340 0.3549 -0.8281
vn -0.2689 -0.4745 0.8382
vn 0.3225 0.1976 -0.9257
vn -0.2987 0.5399 0.7869
vn 0.7069 0.0001 -0.7073
vn -0.1420 -0.8471 0.5122
vn 0.0753 -0.4217 0.9036
vn 0.2120 -0.7420 0.6360
vn -0.7871 0.0429 -0.6153
vn -0.3546 -0.0887 0.9308
vn 0.0381 -0.1044 0.9938
vn -0.0591 -0.1290 0.9899
vn 0.7476 0.5140 -0.4207
vn -0.0952 -0.2753 0.9566
vn -0.4219 -0.5174 -0.7445
vn 0.2726 0.8860 -0.3750
vn 0.0587 -0.0440 0.9973
vn -0.1248 -0.8508 0.5105
vn 0.4963 -0.4365 -0.7504
vn -0.1773 0.3305 -0.9270
vn 0.4158 0.2888 -0.8624
vn 0.7227 0.0590 0.6887
vn -0.7390 -0.1053 0.6655
vn 0.7210 -0.2851 -0.6316
vn -0.6765 0.2230 0.7019
vn 0.7058 0.2010 0.6793
vn 0.6748 0.1798 -0.7158
vn -0.6976 -0.3531 -0.6235
vn -0.0775 -0.5050 0.8596
vn -0.5414 -0.4932 -0.6809
vn -0.0509 0.4815 -0.8750
vn 0.2750 0.2689 -0.9231
vn -0.2334 -0.7779 -0.5834
vn 0.2195 -0.7805 -0.5854
vn -0.4388 0.1287 -0.8893
vn 0.4042 0.1427 -0.9035
vn 0.4820 0.6652 0.5702
vn -0.4820 0.6652 0.5702
vn -0.4708 0.3424 -0.8131
vn 0.0275 -0.0944 -0.9952
vn -0.0726 -0.9743 -0.2131
vn 0.0554 0.1297 -0.9900
vn 0.3225 -0.8833 -0.3402
vn 0.6460 0.5315 0.5479
vn -0.6460 0.5315 0.5479
vn 0.5751 -0.6723 -0.4661
vn -0.0603 -0.2394 -0.9690
vn -0.2929 0.1480 -0.9446
vn 0.4464 0.2712 -0.8528
vn -0.3694 -0.8793 -0.3006
vn 0.2706 -0.1000 -0.9575
vn -0.3290 -0.0543 -0.9428
vn -0.5557 0.1853 -0.8104
vn -0.5557 -0.1853 0.8104
vn -0.8705 0.0841 -0.4850
vn 0.0498 0.3348 -0.9410
vn -0.7939 0.3004 0.5287
vn -0.2581 -0.1491 0.9545
vn 0.0235 -0.6307 0.7757
vn -0.7664 0.2804 0.5779
vn -0.2485 0.3575 -0.9003
vn -0.8826 0.0417 -0.4683
vn -0.8163 -0.1002 0.5689
vn 0.7910 0.2391 0.5632
vn -0.2511 0.1661 0.9536
vn -0.1469 -0.6159 0.7740
vn -0.8678 -0.2314 -0.4397
vn -0.8678 0.2314 0.4397
vn 0.7339 0.4182 0.5352
vn -0.3094 -0.2770 0.9097
vn 0.7916 0.1466 -0.5932
vn -0.6690 -0.5806 -0.4641
vn -0.7696 0.2578 -0.5841
vn 0.1227 0.6974 -0.7061
vn 0.1124 -0.7026 0.7026
vn 0.3602 0.2057 0.9099
vn 0.4177 -0.3073 0.8550
vn 0.0893 0.5312 -0.8425
vn 0.1300 -0.6629 0.7373
vn -0.4859 -0.8662 0.1169
vn 0.6010 0.7991 0.0168
vn -0.5087 0.8604 -0.0310
vn 0.4122 0.9059 -0.0973
vn 0.3402 -0.9393 0.0440
vn 0.8334 -0.1212 0.5392
vn 0.8334 0.1212 -0.5392
vn -0.1706 -0.8537 0.4920
vn -0.6968 -0.2161 0.6839
vn -0.3953 -0.2613 0.8806
vn -0.1708 -0.8427 0.5105
vn 0.4211 0.1936 -0.8861
vn -0.1387 0.1075 -0.9845
vn -0.4676 0.0685 0.8813
vn 0.1505 0.0516 -0.9873
vn -0.8677 -0.4958 0.0344
vn 0.0137 -0.5368 0.8436
vn 0.8688 -0.4941 0.0331
vn -0.8777 -0.2404 0.4146
vn 0.5205 -0.2129 0.8269
vn -0.2396 0.5511 -0.7993
vn 0.2000 0.5605 -0.8036
vn 0.2448 -0.9688 -0.0384
vn -0.2680 0.4994 -0.8239
vn -0.0692 -0.9976 -0.0032
vn 0.3354 0.4417 -0.8321
vn -0.8403 0.4343 0.3245
vn -0.5771 0.8035 0.1465
vn 0.0185 -0.2410 0.9703
vn -0.0840 -0.1008 0.9914
vn -0.4805 0.1388 0.8659
vn -0.0502 -0.1601 0.9858
vn -0.5975 -0.0081 -0.8018
vn 0.5137 -0.4739 0.7152
vn -0.9191 0.2496 0.3048
vn -0.2688 -0.2312 0.9350
vn -0.3431 -0.5047 0.7922
vn 0.1874 -0.0956 0.9776
vn -0.6758 -0.2302 0.7002
vn -0.0777 0.1866 -0.9794
vn 0.1248 -0.1503 0.9807
vn 0.1205 0.1504 -0.9812
vn 0.0770 0.1830 -0.9801
vn 0.3193 -0.2108 0.9239
vn 0.1182 0.2231 0.9676
vn 0.1138 -0.2230 -0.9682
vn 0.2474 0.5694 -0.7839
vn -0.1264 0.2108 -0.9693
vn -0.1168 -0.1348 0.9840
vn -0.3598 0.0500 0.9317
vn 0.9752 0.1907 0.1127
vn 0.9224 0.2206 0.3171
vn -0.9820 0.1789 0.0611
vn -0.2651 -0.9623 -0.0608
vn 0.9638 -0.0710 0.2569
vn -0.6045 -0.6732 0.4259
vn -0.5154 -0.3948 0.7606
vn -0.3417 0.1355 -0.9300
vn 0.6470 -0.6550 0.3903
vn -0.9709 -0.0702 0.2291
vn 0.9586 -0.0852 0.2719
vn 0.8191 0.4500 0.3557
vn -0.0136 -0.6596 -0.7515
vn 0.0807 0.2554 -0.9635
vn 0.3079 -0.6365 -0.7071
vn -0.3619 0.5313 -0.7660
vn 0.0941 -0.2980 0.9499
vn 0.0264 -0.6724 0.7397
vn -0.0274 -0.6724 0.7397
vn 0.3202 0.1036 -0.9417
vn -0.9609 0.1889 -0.2026
vn -0.7022 0.2290 -0.6742
vn -0.0379 0.9016 -0.4310
vn 0.7317 0.2068 -0.6495
vn -0.6132 -0.7554 -0.2311
vn -0.9698 -0.1044 0.2205
vn -0.3927 -0.7445 0.5400
vn 0.6086 0.0456 0.7922
vn -0.2962 0.7969 -0.5265
vn 0.3218 0.8072 -0.4949
vn 0.5024 -0.7388 0.4492
vn -0.0443 0.6433 -0.7643
vn -0.4295 0.1400 -0.8921
vn 0.4295 0.1400 -0.8921
vn 0.4217 0.2383 0.8749
vn 0.4217 -0.2383 -0.8749
vn 0.3756 0.7212 -0.5820
vn 0.0059 0.6456 -0.7636
vn 0.5775 0.0656 -0.8138
vn 0.5895 -0.1452 0.7946
vn -0.9565 -0.1025 0.2733
vn -0.1930 0.7742 -0.6028
vn -0.6992 0.5210 -0.4896
vn -0.9395 0.2266 -0.2570
vn 0.2577 0.8946 0.3650
vn 0.2489 -0.8965 -0.3664
vn -0.1232 -0.7392 0.6622
vn -0.4305 0.6372 0.6392
vn 0.5469 -0.1657 0.8206
vn 0.3626 0.6510 0.6668
vn -0.1572 0.3595 -0.9198
vn 0.1170 0.3935 -0.9119
vn -0.6413 -0.2546 -0.7238
vn 0.8362 0.4799 -0.2654
vn 0.8935 0.2561 -0.3689
vn 0.4369 0.4369 -0.7863
vn -0.5853 0.0383 0.8099
vn 0.4368 -0.4368 0.7863
vn -0.7794 -0.3093 0.5449
vn 0.4085 -0.9126 -0.0147
vn 0.4060 0.9127 0.0467
vn 0.0904 -0.5994 -0.7953
vn -0.0946 -0.5995 -0.7948
vn -0.5394 -0.0645 0.8396
vn 0.1042 0.0095 0.9945
vn 0.8573 0.0497 -0.5124
vn -0.2308 0.7907 -0.5671
vn -0.3929 0.5296 -0.7517
vn -0.2286 0.0246 0.9732
vn -0.1471 -0.7682 0.6231
vn -0.1474 0.5387 -0.8295
vn 0.1424 0.5390 -0.8302
vn 0.2315 0.8808 -0.4130
vn -0.0937 0.7493 -0.6556
vn 0.8666 -0.4535 0.2083
vn 0.2018 -0.9435 0.2626
vn 0.0926 0.3307 0.9392
vn 0.4983 -0.8199 0.2818
vn 0.9941 0.0933 0.0557
vn 0.9895 -0.1178 -0.0832
vn 0.2090 0.8359 -0.5075
vn 0.5997 -0.2322 0.7658
vn -0.5155 0.1541 -0.8429
vn -0.3599 -0.3390 0.8692
vn 0.2202 -0.2958 -0.9295
vn 0.6826 -0.5790 0.4459
vn 0.6304 -0.4963 0.5969
vn 0.0248 0.2483 0.9684
vn 0.3161 -0.0316 0.9482
vn 0.0151 0.9673 -0.2533
vn -0.9128 0.2674 -0.3086
vn 0.1718 -0.7664 0.6190
vn -0.9140 -0.3427 0.2171
vn -0.0222 -0.3559 -0.9342
vn -0.0222 0.3559 0.9342
vn -0.8424 0.1540 0.5164
vn -0.1440 0.2401 0.9600
vn 0.1440 0.2401 0.9600
vn -0.9344 0.3222 0.1519
vn 0.3575 -0.6007 -0.7151
vn 0.3575 0.6007 0.7151
vn 0.5794 0.6281 -0.5194
vn -0.0320 0.9874 0.1550
vn 0.0267 0.9887 0.1475
vn 0.9340 0.3164 0.1657
vn 0.5193 -0.5588 -0.6465
vn -0.5938 0.0914 -0.7994
vn 0.0991 -0.2180 -0.9709
vn 0.0991 0.2180 0.9709
vn 0.0687 -0.3290 0.9418
vn 0.4070 -0.6370 0.6547
vn 0.4070 0.6370 -0.6547
vn -0.6136 -0.2616 -0.7450
vn 0.6136 -0.2616 -0.7450
vn -0.2767 -0.3275 -0.9034
vn -0.2385 -0.9695 0.0567
vn -0.2409 0.9697 -0.0406
vn -0.0553 -0.7463 -0.6633
vn -0.2768 0.7022 -0.6560
vn 0.6297 -0.0917 0.7714
vn 0.6297 0.0917 -0.7714
vn 0.1741 -0.6963 0.6963
vn 0.1741 0.6963 -0.6963
vn 0.6862 0.3743 0.6238
vn -0.6862 0.3743 0.6238
vn 0.1588 0.2886 -0.9442
vn 0.2481 -0.6202 0.7442
vn -0.2481 -0.6202 0.7442
vn -0.1224 0.2551 0.9591
vn 0.1224 0.2551 0.9591
vn -0.8874 0.0558 0.4576
vn -0.2229 0.6051 -0.7643
vn -0.2229 -0.6051 0.7643
vn -0.9615 0.0968 0.2572
vn 0.1498 -0.7074 -0.6907
vn 0.3848 0.2455 0.8898
vn -0.2091 -0.9451 0.2513
vn -0.0930 0.5689 -0.8171
vn 0.0930 0.5689 -0.8171
vn -0.9770 0.1311 0.1679
vn 0.1453 -0.2634 -0.9537
vn 0.1453 0.2634 0.9537
vn -0.6800 0.0231 -0.7329
vn 0.3124 0.6497 -0.6930
vn -0.0000 -1.0000 -0.0000
vn 0.1319 -0.4747 0.8702
vn -0.1319 -0.4747 0.8702
vn 0.3869 -0.4926 0.7795
vn -0.3869 -0.4926 0.7795
vn -0.5082 -0.8070 0.3008
vn 0.9408 -0.0459 -0.3358
vn -0.9697 0.0527 -0.2386
vn 0.0175 -0.4885 0.8724
vn -0.0175 -0.4885 0.8724
vn 0.2377 0.8776 -0.4164
vn -0.1969 0.2522 0.9474
vn -0.1969 -0.2522 -0.9474
vn -0.2694 0.9623 0.0385
vn -0.2694 -0.9623 -0.0385
vn 0.7370 -0.5365 0.4111
vn -0.9398 -0.0987 0.3271
vn -0.0000 0.6357 -0.7719
vn 0.9333 -0.0884 0.3479
vn -0.2122 0.9675 0.1373
vn -0.2122 -0.9675 -0.1373
vn 0.4550 -0.0219 -0.8902
vn 0.9905 -0.1331 0.0349
vn 0.0603 0.5479 -0.8344
vn -0.0603 0.5479 -0.8344
vn 0.2287 0.6288 0.7432
vn 0.4016 -0.5623 0.7229
vn -0.1047 0.1731 0.9793
vn 0.3995 -0.6254 0.6703
vn -0.7415 -0.3869 0.5481
vn 0.5314 -0.8462 0.0393
vn -0.5314 -0.8462 0.0393
vn -0.1012 -0.2232 -0.9695
vn 0.9757 0.0813 -0.2033
vn 0.9757 -0.0813 0.2033
vn -0.9835 -0.1058 -0.1469
vn -0.2588 -0.8000 0.5412
vn -0.3425 0.2529 -0.9048
vn 0.1622 -0.9733 -0.1623
vn -0.1622 -0.9733 -0.1623
vn 0.0835 -0.2069 -0.9748
vn 0.1680 0.1828 0.9687
vn -0.3686 -0.5388 0.7575
vn -0.4472 0.8944 -0.0000
vn 0.4472 0.8944 -0.0000
vn -0.3300 0.3000 0.8951
vn -0.3300 -0.3000 -0.8951
vn -0.7946 -0.1690 -0.5832
vn 0.4290 -0.2191 -0.8763
vn 0.3714 -0.9285 -0.0000
vn -0.3714 -0.9285 -0.0000
vn -0.2021 0.6445 -0.7374
vn 0.9873 0.0379 0.1542
vn 0.5240 0.3457 -0.7784
vn 0.1091 -0.9662 -0.2338
vn -0.1091 -0.9662 -0.2338
vn 0.5529 0.6675 0.4987
vn -0.1319 -0.7722 0.6215
vn -0.1319 0.7722 -0.6215
vn -0.3049 0.9415 0.1435
vn 0.3049 0.9415 0.1435
vn 0.9794 0.1987 0.0365
vn 0.2847 0.8633 -0.4167
vn -0.2743 -0.6019 0.7500
vn -0.4504 0.8623 0.2316
vn 0.4504 0.8623 0.2316
vn 0.5039 -0.8560 0.1153
vn -0.5039 -0.8560 0.1153
vn -0.1252 -0.5780 0.8063
vn 0.1252 -0.5780 0.8063
vn 0.3925 -0.1766 -0.9027
vn -0.3924 -0.1765 -0.9027
vn -0.1430 0.9296 0.3397
vn 0.1430 0.9296 0.3397
vn -0.8289 -0.3945 0.3965
vn 0.0905 -0.6331 0.7688
vn -0.0905 -0.6331 0.7688
vn -0.4498 0.8895 0.0800
vn 0.4498 0.8895 0.0800
vn -0.3303 -0.9326 -0.1457
vn -0.0396 0.3185 -0.9471
vn 0.4248 0.2124 -0.8800
vn -0.1003 0.6018 -0.7923
vn -0.3055 0.9513 0.0417
vn -0.8938 -0.0476 -0.4458
vn -0.5970 0.3689 -0.7124
vn 0.0612 0.3044 -0.9506
vn -0.1216 0.5838 -0.8027
vn -0.1216 -0.5838 0.8027
vn 0.1740 -0.1088 -0.9787
vn -0.1740 -0.1087 -0.9787
vn -0.0921 0.0115 -0.9957
vn -0.3881 0.1888 0.9021
vn 0.2456 -0.6818 0.6891
vn -0.9466 0.2524 -0.2008
vn -0.0934 0.9440 -0.3164
vn -0.2718 -0.6443 0.7148
vn -0.0934 -0.9440 0.3164
vn 0.3442 -0.6853 -0.6418
vn 0.2299 0.1822 0.9560
vn 0.1044 -0.0302 0.9941
vn 0.0974 0.0308 -0.9948
vn 0.0968 -0.6257 0.7741
vn 0.1280 -0.1422 -0.9815
vn 0.0214 0.6310 -0.7755
vn -0.1280 -0.1422 -0.9815
vn -0.0214 0.6310 -0.7755
vn 0.3274 -0.2865 -0.9004
vn -0.3274 -0.2865 -0.9004
vn -0.0054 0.5963 -0.8027
vn 0.9349 -0.1122 -0.3366
vn 0.0921 0.0115 -0.9957
vn -0.5897 0.5297 -0.6096
vn 0.0351 -0.1757 -0.9838
vn 0.2755 -0.8513 -0.4465
vn -0.8944 -0.4472 -0.0000
vn 0.7216 0.0382 0.6913
vn 0.1565 -0.8218 0.5478
vn 0.1565 0.8218 -0.5478
vn -0.1042 0.8539 -0.5098
vn 0.9349 0.1122 0.3366
vn 0.2237 -0.1964 0.9547
vn -0.2237 -0.1964 0.9547
vn -0.2557 0.9218 0.2914
vn 0.2557 0.9218 0.2914
vn 0.7961 -0.0083 -0.6050
vn -0.0032 0.1020 0.9948
vn -0.5365 0.6026 0.5908
vn -0.5365 -0.6026 -0.5908
vn 0.1052 -0.0363 -0.9938
vn 0.1052 0.0363 0.9938
vn 0.0982 0.1636 0.9816
vn -0.2747 -0.7783 0.5646
vn 0.2747 -0.7783 0.5646
vn -0.0884 0.1929 -0.9772
vn -0.0830 -0.1932 0.9776
vn 0.7814 -0.4733 0.4067
vn -0.1154 0.2257 0.9673
vn 0.3141 -0.2459 0.9170
vn 0.0267 -0.1870 -0.9820
vn -0.2041 -0.6014 0.7724
vn -0.2041 0.6014 -0.7724
vn 0.1203 -0.0000 0.9927
vn -0.8075 -0.0465 0.5880
vn 0.0142 -0.7992 -0.6008
vn -0.7624 0.4701 0.4447
vn 0.9554 -0.1805 -0.2336
vn -0.7784 0.0993 0.6199
vn 0.0434 0.0687 -0.9967
vn 0.3094 0.8382 -0.4490
vn -0.5666 0.3558 -0.7432
vn -0.0572 -0.1256 -0.9904
vn -0.0613 0.1839 0.9810
vn 0.0613 0.1839 0.9810
vn -0.0795 -0.0321 -0.9963
vn 0.3928 -0.6209 0.6784
vn 0.0823 0.8999 0.4284
vn -0.0618 -0.0256 0.9978
vn -0.0897 0.0944 -0.9915
vn -0.2402 -0.5692 0.7863
vn 0.3503 0.1722 -0.9207
vn 0.5096 -0.0318 -0.8599
vn 0.5096 0.0318 0.8598
vn -0.1712 0.1712 0.9702
vn -0.1712 -0.1712 -0.9702
vn -0.2514 0.5832 -0.7724
vn -0.5712 0.3894 -0.7225
vn -0.5712 -0.3894 0.7225
vn -0.0995 -0.0942 0.9906
vn 0.9812 -0.0785 0.1766
vn 0.1675 -0.0867 -0.9821
vn 0.1028 -0.0832 0.9912
vn -0.0294 -0.0000 0.9996
vn -0.1120 0.2658 0.9575
vn -0.1160 -0.2656 -0.9571
vn -0.7048 0.2050 0.6791
vn -0.1371 0.2161 -0.9667
vn 0.1371 0.2161 -0.9667
vn -0.1303 -0.6637 -0.7366
vn 0.5132 -0.5508 0.6583
vn 0.8023 0.5786 -0.1466
vn 0.0139 -0.0312 -0.9994
vn -0.8023 0.5786 -0.1466
vn -0.3450 -0.7591 -0.5521
vn -0.8964 -0.4288 0.1123
vn 0.8885 -0.4395 0.1320
vn -0.4430 0.7295 -0.5211
vn 0.4430 0.7295 -0.5211
vn 0.0697 0.1540 0.9856
vn -0.9045 0.3015 0.3015
vn 0.0274 -0.0009 -0.9996
vn 0.2569 -0.2659 -0.9291
vn 0.2569 0.2659 0.9291
vn -0.2481 0.7442 -0.6201
vn -0.2481 -0.7442 0.6201
vn 0.8835 0.3313 0.3313
vn -0.8835 0.3313 0.3313
vn 0.0204 -0.7725 0.6346
vn -0.2329 0.7472 -0.6225
vn 0.0780 -0.5522 0.8301
vn 0.1023 -0.1108 -0.9886
vn -0.1023 -0.1108 -0.9886
vn -0.4500 0.8180 0.3582
vn 0.1468 -0.6795 -0.7188
vn 0.2835 0.1822 0.9415
vn -0.2835 0.1822 0.9415
vn -0.2488 0.7153 0.6531
vn -0.1421 0.2767 0.9504
vn -0.1421 -0.2767 -0.9504
vn 0.1093 -0.1609 0.9809
vn 0.0321 0.8982 -0.4384
vn 0.0321 -0.8982 0.4384
vn -0.6599 0.1337 -0.7394
vn 0.0787 -0.7565 -0.6493
vn -0.0837 -0.7564 -0.6487
vn -0.6362 -0.4747 0.6082
vn -0.0887 -0.1336 0.9871
vn -0.2021 -0.7351 -0.6472
vn 0.9128 0.1956 -0.3586
vn -0.1305 0.0829 0.9880
vn 0.1811 -0.6540 0.7345
vn 0.1811 0.6540 -0.7345
vn -0.1358 -0.5298 0.8372
vn 0.9045 0.3015 0.3015
vn 0.1157 -0.9545 -0.2748
vn -0.1157 -0.9545 -0.2748
vn 0.6118 0.2356 0.7551
vn -0.0770 0.1174 0.9901
vn 0.0770 0.1174 0.9901
vn 0.9186 0.2855 0.2731
vn 0.0867 0.5681 -0.8184
vn 0.1196 0.7678 0.6294
vn -0.0631 0.8991 -0.4331
vn 0.1004 0.2466 -0.9639
vn -0.1004 0.2466 -0.9639
vn -0.9198 0.2956 0.2581
vn 0.0031 0.7843 -0.6204
vn 0.2702 -0.5904 0.7605
vn 0.1104 0.6254 -0.7725
vn 0.7226 0.2192 0.6556
vn 0.1407 -0.6221 0.7702
vn 0.1407 0.6221 -0.7702
vn 0.1134 0.6063 0.7871
vn -0.0111 -0.5295 0.8483
vn -0.7088 0.2407 -0.6630
vn 0.1755 0.6501 -0.7393
vn 0.1755 -0.6501 0.7393
vn -0.1704 0.9105 0.3768
vn 0.1704 0.9105 0.3768
vn 0.9729 0.2150 -0.0857
vn -0.9121 0.2202 -0.3460
vn -0.1134 -0.2395 -0.9642
vn -0.1525 0.5771 0.8023
vn 0.1101 0.6070 0.7871
vn -0.7782 0.3544 0.5184
vn -0.1281 0.4327 -0.8924
vn 0.3189 -0.5466 0.7743
vn -0.3189 -0.5466 0.7743
vn -0.1304 -0.4759 0.8698
vn 0.3015 0.9045 0.3015
vn 0.9733 -0.2127 0.0867
vn 0.8855 0.4178 0.2035
vn -0.6515 -0.1060 0.7512
vn 0.9174 0.3868 0.0942
vn -0.0430 -0.8223 -0.5674
vn 0.7286 -0.0697 -0.6814
vn -0.0631 0.4876 -0.8708
vn 0.0594 0.4878 -0.8710
vn 0.5113 -0.7414 0.4346
vn -0.3773 -0.5727 0.7277
vn -0.9867 -0.1333 0.0933
vn 0.1122 0.5099 -0.8529
vn 0.9867 -0.1333 0.0933
vn 0.2244 -0.6008 0.7672
vn 0.2244 0.6008 -0.7672
vn -0.1797 -0.2216 -0.9584
vn 0.1797 -0.2217 -0.9584
vn -0.3499 0.7157 -0.6044
vn 0.3499 0.7157 -0.6044
vn 0.5857 0.4424 -0.6791
vn 0.0399 -0.5226 0.8516
vn 0.0287 -0.5984 -0.8007
vn 0.1574 -0.6441 -0.7486
vn 0.0104 0.4819 0.8762
vn -0.7738 -0.2120 -0.5969
vn 0.7057 -0.0210 -0.7082
vn 0.4607 0.6455 0.6091
vn 0.0433 -0.8037 0.5935
vn -0.1051 -0.7071 -0.6993
vn 0.1211 0.8779 -0.4633
vn 0.1097 -0.8866 0.4494
vn -0.0000 -0.4472 -0.8944
vn 0.1515 -0.7021 -0.6958
vn -0.0536 0.5539 0.8309
vn 0.0548 0.5664 0.8223
vn 0.0518 -0.7450 -0.6650
vn -0.0640 -0.7110 -0.7003
vn 0.0899 -0.3209 -0.9428
vn -0.0932 -0.3211 -0.9425
vn -0.1035 -0.6476 -0.7549
vn -0.6436 0.0769 0.7615
vn 0.0285 -0.5418 0.8400
vn -0.1972 -0.7057 0.6806
vn -0.1281 -0.1774 -0.9758
vn 0.1271 -0.1663 -0.9779
vn -0.0204 -0.2248 -0.9742
vn -0.1934 0.8841 -0.4255
vn 0.1934 0.8841 -0.4255
vn -0.0195 0.2241 0.9744
vn -0.0457 0.3243 -0.9448
vn -0.8356 0.0032 -0.5493
vn -0.8356 -0.0032 0.5493
vn -0.2123 0.9174 0.3365
vn -0.2123 -0.9174 -0.3365
vn 0.0436 0.3244 -0.9449
vn -0.0935 0.2350 -0.9675
vn 0.4089 0.7269 0.5517
vn 0.1178 0.2114 -0.9703
vn -0.6347 0.7726 0.0138
vn 0.6347 0.7726 0.0138
vn 0.0111 -0.6590 -0.7521
vn 0.9487 -0.3162 -0.0000
vn -0.0000 -0.6097 -0.7926
vn 0.0036 0.5604 -0.8282
vn 0.1296 -0.0589 -0.9898
vn -0.3984 -0.6684 0.6281
vn 0.1330 0.0544 0.9896
vn -0.8080 -0.2798 -0.5185
vn -0.8080 0.2798 0.5185
vn 0.6727 -0.2790 0.6853
vn 0.0959 0.6899 0.7175
vn 0.0502 0.6639 0.7461
vn -0.0063 -0.6204 -0.7843
vn -0.0519 -0.6639 -0.7460
vn 0.8344 0.3185 -0.4498
vn 0.3149 -0.7302 -0.6063
vn 0.7262 0.0923 0.6812
vn -0.6274 0.0351 0.7779
vn -0.4213 0.6741 0.6067
vn 0.8825 0.3096 -0.3540
vn -0.2237 -0.9196 -0.3231
vn -0.1391 -0.6440 0.7522
vn -0.1391 0.6440 -0.7522
vn 0.2733 -0.7441 -0.6096
vn -0.2733 -0.7441 -0.6096
vn 0.1085 -0.6944 -0.7114
vn -0.4591 0.6748 -0.5778
vn -0.3865 0.9018 0.1932
vn -0.3865 -0.9018 -0.1932
vn -0.2874 0.3604 0.8874
vn -0.2874 -0.3604 -0.8874
vn 0.1630 -0.9110 -0.3788
vn -0.1630 -0.9110 -0.3788
vn -0.8944 -0.4473 -0.0000
vn -0.8944 0.4472 -0.0000
vn 0.2873 -0.2629 -0.9211
vn -0.0062 0.5856 -0.8106
vn -0.7458 0.0526 -0.6641
vn -0.3353 -0.6414 -0.6900
vn -0.1002 -0.8244 0.5570
vn 0.1002 -0.8244 0.5570
vn 0.0438 0.9377 -0.3447
vn -0.0438 0.9377 -0.3447
vn 0.6587 -0.0847 0.7476
vn -0.0688 -0.9632 -0.2599
vn 0.0688 -0.9632 -0.2599
vn 0.1058 0.4268 -0.8982
vn 0.1095 -0.4269 0.8976
vn 0.6891 -0.1301 0.7129
vn -0.0178 -0.5710 0.8208
vn -0.8343 0.4023 0.3769
vn 0.0529 0.6396 -0.7668
vn 0.3160 -0.8742 -0.3687
vn 0.3160 0.8742 0.3687
vn -0.3687 -0.8741 -0.3162
vn -0.1051 0.7071 0.6993
vn 0.1086 -0.7313 -0.6734
vn -0.7179 -0.0514 -0.6943
vn 0.3364 -0.8347 -0.4360
vn -0.6534 -0.7078 0.2685
vn -0.0650 0.5977 -0.7991
vn -0.1634 0.8753 0.4551
vn 0.1634 0.8753 0.4551
vn 0.5181 -0.5687 0.6388
vn -0.0213 -0.6638 -0.7476
vn -0.3400 0.8681 0.3617
vn 0.3400 0.8681 0.3617
vn -0.2985 0.3231 -0.8980
vn 0.6947 0.0425 0.7180
vn 0.2198 -0.5796 0.7847
vn 0.2198 0.5796 -0.7847
vn -0.4475 -0.8341 0.3225
vn -0.4672 0.8318 -0.2996
vn 0.2932 0.3279 -0.8981
vn 0.3069 -0.1754 -0.9354
vn -0.3069 -0.1754 -0.9354
vn 0.2527 0.2716 0.9286
vn -0.6921 0.6718 -0.2639
vn -0.0908 0.3282 0.9403
vn 0.1447 -0.6751 0.7234
vn -0.1447 -0.6751 0.7234
vn -0.0229 -0.9544 0.2978
vn -0.0229 0.9544 -0.2978
vn 0.5519 -0.7971 -0.2453
vn -0.5519 -0.7971 -0.2453
vn 0.0989 -0.9688 0.2274
vn -0.0989 -0.9688 0.2274
vn -0.0402 0.6436 -0.7643
vn 0.2849 0.8170 -0.5014
vn 0.0039 0.6387 -0.7694
vn 0.7444 -0.0730 0.6638
vn 0.0866 0.3436 0.9351
vn 0.0833 -0.3434 -0.9355
vn -0.1603 -0.9834 -0.0855
vn 0.1603 -0.9834 -0.0855
vn -0.4042 0.8542 0.3270
vn 0.3975 -0.8744 -0.2782
vn -0.3975 -0.8744 -0.2782
vn -0.0351 -0.3483 -0.9367
vn 0.7433 -0.3469 0.5720
vn 0.1656 -0.2284 -0.9594
vn -0.1656 -0.2284 -0.9594
vn -0.1294 0.5645 -0.8152
vn 0.1218 0.5648 -0.8162
vn -0.1548 -0.3666 -0.9174
vn 0.1548 -0.3666 -0.9174
vn 0.9243 0.2129 -0.3168
vn 0.0403 0.9897 -0.1374
vn -0.0592 0.8786 0.4738
vn 0.0592 0.8786 0.4738
vn 0.0153 -0.6307 0.7759
vn 0.0153 0.6307 -0.7759
vn -0.7166 -0.6882 0.1135
vn -0.2442 0.8411 -0.4826
vn 0.3249 -0.6155 0.7181
vn -0.3249 -0.6155 0.7181
vn -0.5112 0.8519 0.1136
vn -0.5112 -0.8519 -0.1136
vn -0.0568 0.9812 -0.1843
vn -0.0085 -0.4006 0.9162
vn 0.0116 -0.8783 0.4779
vn 0.4071 -0.3719 -0.8343
vn -0.4071 -0.3719 -0.8343
vn -0.2531 0.2655 -0.9303
vn -0.7385 -0.1013 0.6666
vn 0.0626 0.3674 -0.9279
vn 0.5099 0.8190 -0.2632
vn -0.0443 0.6343 -0.7718
vn 0.6081 -0.0809 0.7897
vn -0.9602 -0.1184 0.2529
vn 0.7933 -0.2125 0.5706
vn -0.4095 0.1579 -0.8985
vn 0.7933 0.2125 -0.5706
vn 0.4166 0.1497 -0.8967
vn 0.0602 0.6441 -0.7626
vn 0.1068 0.9448 -0.3096
vn -0.1068 0.9448 -0.3096
vn -0.2285 0.1154 0.9667
vn 0.2046 -0.2418 -0.9485
vn -0.2046 -0.2418 -0.9485
vn 0.2494 0.1506 0.9566
vn 0.1549 -0.5441 -0.8246
vn -0.1618 -0.5398 -0.8261
vn -0.3879 -0.3137 -0.8667
vn -0.4149 0.2207 0.8827
vn -0.6447 0.7612 -0.0699
vn -0.0901 -0.6272 0.7736
vn -0.0901 0.6272 -0.7736
vn -0.2248 0.9703 -0.0888
vn 0.2248 0.9703 -0.0888
vn -0.0172 0.6741 -0.7385
vn 0.0172 0.6741 -0.7385
vn -0.2020 -0.1294 0.9708
vn -0.0332 0.8648 -0.5011
vn -0.1974 0.9578 -0.2090
vn 0.6920 0.0325 -0.7212
vn -0.7073 0.2508 0.6609
vn 0.1761 0.1761 0.9685
vn 0.2078 0.5832 0.7853
vn -0.1961 0.5883 0.7845
vn 0.9320 0.3107 -0.1864
vn -0.9320 0.3107 -0.1864
vn -0.8873 0.4248 0.1794
vn 0.0796 -0.9391 0.3343
vn 0.6728 0.6905 -0.2656
vn -0.0421 0.0448 -0.9981
vn 0.0905 -0.0000 0.9959
vn 0.6955 0.5736 0.4328
vn -0.6955 0.5736 0.4328
vn 0.0947 -0.0023 -0.9955
vn -0.0691 -0.2871 -0.9554
vn 0.0693 -0.2834 -0.9565
vn 0.0695 -0.1926 0.9788
vn -0.0664 -0.1926 0.9790
vn 0.1289 -0.9670 0.2198
vn 0.7014 -0.7013 0.1275
vn 0.1679 -0.1876 -0.9678
vn 0.1679 0.1876 0.9678
vn -0.0614 0.9944 -0.0860
vn 0.0614 0.9944 -0.0860
vn 0.2755 0.1187 0.9540
vn -0.2103 -0.9431 -0.2575
vn -0.5823 0.5079 -0.6348
vn 0.6351 -0.4338 0.6391
vn 0.0221 -0.0999 0.9948
vn -0.2722 0.0287 0.9618
vn -0.3246 0.5347 -0.7802
vn -0.4219 0.2411 0.8740
vn 0.6120 -0.0143 -0.7907
vn 0.8873 0.4248 0.1794
vn 0.0130 0.9989 0.0454
vn -0.0130 0.9989 0.0454
vn 0.5013 -0.7060 -0.5003
vn 0.5013 0.7060 0.5003
vn -0.8742 0.0536 0.4827
vn 0.2047 0.3364 -0.9192
vn 0.2259 -0.3544 0.9074
vn 0.0676 0.0608 -0.9959
vn 0.3244 0.8111 -0.4867
vn -0.3244 0.8111 -0.4867
vn 0.1548 -0.0173 -0.9878
vn 0.4527 0.4574 -0.7654
vn -0.4527 0.4574 -0.7654
vn -0.4763 0.7264 0.4954
vn 0.8816 -0.1461 0.4489
vn -0.1132 0.9312 -0.3465
vn 0.9864 -0.0000 -0.1644
vn 0.9864 -0.0000 0.1644
vn 0.0453 0.9685 -0.2448
vn -0.7087 -0.5958 0.3780
vn -0.3053 0.0405 0.9514
vn 0.4623 0.8537 -0.2396
vn -0.7330 -0.6452 -0.2155
vn 0.2167 -0.9399 -0.2637
vn -0.2507 -0.0117 0.9680
vn -0.0073 -0.9604 0.2786
vn -0.0073 0.9604 -0.2786
vn -0.2768 -0.2982 -0.9135
vn -0.0260 -0.9933 0.1123
vn -0.0260 0.9933 -0.1123
vn 0.2606 -0.3039 -0.9164
vn 0.0132 0.1540 -0.9880
vn 0.0318 -0.1256 -0.9916
vn -0.7071 -0.0000 -0.7071
vn 0.1420 -0.0735 0.9871
vn -0.8861 -0.4340 0.1627
vn -0.4112 -0.2947 -0.8626
vn -0.4112 0.2947 0.8626
vn 0.8203 0.4225 -0.3854
vn -0.1167 -0.8642 0.4894
vn -0.1208 0.8638 -0.4891
vn -0.1192 0.2002 0.9725
vn 0.1192 0.2002 0.9725
vn 0.0668 0.9737 -0.2178
vn -0.4688 0.1267 0.8742
vn -0.4688 -0.1267 -0.8742
vn 0.0748 0.2242 0.9717
vn -0.0748 0.2242 0.9717
vn -0.3223 -0.0357 0.9460
vn 0.3223 -0.0357 0.9460
vn 0.1091 -0.9091 0.4020
vn -0.2454 -0.1133 0.9628
vn 0.2661 -0.1065 0.9580
vn -0.3313 0.0312 -0.9430
vn 0.3313 0.0312 -0.9430
vn 0.8970 -0.0937 0.4320
vn -0.2546 -0.6466 0.7191
vn 0.2546 -0.6466 0.7191
vn 0.2511 0.1818 -0.9507
vn 0.0394 0.9271 -0.3727
vn -0.2511 0.1818 -0.9507
vn -0.0076 -0.9656 -0.2597
vn 0.1780 0.9501 -0.2562
vn 0.2713 0.0666 0.9602
vn 0.9364 -0.3053 0.1730
vn 0.0831 -0.1787 -0.9804
vn -0.0831 -0.1787 -0.9804
vn -0.0767 -0.9084 0.4109
vn 0.5744 -0.7610 0.3015
vn -0.3009 0.0679 -0.9512
vn -0.2825 -0.0683 0.9568
vn 0.0751 -0.9725 0.2204
vn 0.2348 -0.6598 0.7138
vn -0.2348 -0.6598 0.7138
vn -0.0228 0.9276 0.3730
vn -0.0098 0.9896 -0.1432
vn 0.0098 0.9896 -0.1432
vn 0.1135 0.9065 -0.4068
vn -0.2028 -0.2141 0.9555
vn 0.0665 0.9579 0.2794
vn 0.2288 -0.1012 0.9682
vn 0.0208 0.9044 -0.4262
vn 0.0268 -0.6738 0.7385
vn -0.0818 0.1433 0.9863
vn -0.0821 -0.1396 -0.9868
vn 0.3551 -0.1806 0.9172
vn 0.3551 0.1806 -0.9172
vn -0.3055 0.7128 -0.6314
vn -0.3055 -0.7128 0.6314
vn -0.0081 -0.9204 -0.3909
vn -0.0643 0.9678 0.2435
vn 0.3815 0.0923 -0.9198
vn 0.3815 -0.0923 0.9198
vn 0.4923 -0.7098 0.5038
vn -0.4923 -0.7098 0.5038
vn -0.0119 -0.8834 -0.4685
vn -0.2985 -0.9368 0.1824
vn 0.2985 -0.9368 0.1824
vn 0.2378 -0.0049 0.9713
vn -0.0351 -0.9775 -0.2078
vn 0.0245 0.8932 0.4489
vn -0.0796 -0.0885 0.9929
vn 0.0834 -0.0885 0.9926
vn -0.1301 0.1668 0.9774
vn -0.1301 -0.1668 -0.9774
vn -0.1961 0.7845 -0.5884
vn 0.1961 0.7845 -0.5884
vn 0.6019 -0.2675 -0.7524
vn -0.1594 -0.2438 -0.9566
vn -0.1594 0.2438 0.9566
vn 0.0476 -0.9082 -0.4157
vn -0.0103 -0.9281 0.3722
vn -0.0138 -0.9266 0.3758
vn -0.8543 0.0855 0.5126
vn -0.0069 0.9657 0.2595
vn -0.0479 0.0577 0.9972
vn 0.8891 0.4001 0.2222
vn -0.8891 0.4001 0.2222
vn -0.0127 -0.9043 -0.4267
vn 0.2156 -0.1945 0.9569
vn 0.2830 -0.8075 0.5176
vn -0.2830 -0.8075 0.5176
vn -0.3421 -0.8097 0.4769
vn -0.3421 0.8097 -0.4769
vn -0.0233 -0.8852 0.4646
vn 0.5779 -0.2356 0.7814
vn -0.4749 -0.3984 -0.7847
vn -0.5501 -0.8100 -0.2033
vn 0.1384 -0.9548 -0.2629
vn -0.4671 0.4591 0.7557
vn 0.0587 0.9619 0.2670
vn 0.0817 0.9233 0.3754
vn 0.8875 0.4591 0.0391
vn -0.9578 0.2874 0.0044
vn 0.0638 -0.9576 -0.2809
vn -0.0638 -0.9576 -0.2809
vn 0.1097 -0.9873 -0.1149
vn -0.3781 -0.6294 -0.6789
vn 0.3781 -0.6294 -0.6789
vn -0.1273 -0.9356 -0.3293
vn -0.3162 0.7589 -0.5692
vn 0.3162 0.7589 -0.5692
vn -0.1566 0.8243 -0.5441
vn -0.1464 -0.8243 0.5470
vn 0.1179 -0.9225 -0.3676
vn -0.5964 -0.2259 0.7702
vn 0.0971 0.9223 0.3741
vn 0.2014 0.9359 0.2890
vn -0.2436 -0.9504 -0.1937
vn -0.4016 0.8835 0.2410
vn 0.0692 0.9222 0.3804
vn -0.0700 -0.9070 0.4153
vn -0.0706 0.9960 0.0549
vn 0.0706 0.9960 0.0549
vn 0.0462 0.9246 0.3780
vn -0.0354 -0.0470 0.9983
vn -0.0514 0.8915 -0.4500
vn -0.3550 0.8488 0.3918
vn -0.3550 -0.8488 -0.3918
vn 0.0404 -0.0212 -0.9990
vn -0.3293 0.7491 -0.5748
vn -0.3293 -0.7491 0.5748
vn -0.2046 -0.9549 -0.2154
vn -0.4457 0.0944 0.8902
vn 0.8634 0.4695 -0.1848
vn -0.4633 0.1084 -0.8795
vn 0.3852 -0.8549 0.3476
vn -0.3852 -0.8549 0.3476
vn 0.3805 0.2737 0.8834
vn -0.8634 0.4695 -0.1848
vn -0.3805 0.2737 0.8834
vn -0.1889 0.9580 -0.2159
vn 0.1889 0.9580 -0.2159
vn 0.0173 -0.9876 0.1559
vn -0.0173 -0.9876 0.1559
vn -0.5415 -0.1698 -0.8234
vn 0.0686 -0.9276 -0.3671
vn 0.9765 0.0149 -0.2150
vn -0.9038 0.2490 -0.3481
vn -0.8351 0.3081 -0.4556
vn -0.9291 0.3156 -0.1929
vn 0.7100 -0.1810 0.6805
vn 0.6299 -0.6061 -0.4858
vn -0.6299 -0.6061 -0.4858
vn 0.5415 0.0302 -0.8402
vn -0.3980 -0.1990 0.8955
vn 0.2411 -0.8680 -0.4340
vn 0.2411 0.8680 0.4340
vn -0.5444 0.1703 -0.8214
vn -0.0201 -0.9155 -0.4018
vn -0.0609 -0.7086 -0.7030
vn -0.0561 0.7085 0.7034
vn 0.4503 0.4569 -0.7671
vn 0.4282 -0.4809 0.7651
vn 0.2521 0.1288 -0.9591
vn -0.2521 0.1288 -0.9591
vn 0.5533 -0.8211 -0.1399
vn 0.0983 -0.9510 -0.2933
vn 0.8479 0.2723 -0.4549
vn -0.2281 -0.7603 0.6083
vn -0.0052 -0.8894 0.4571
vn 0.0557 -0.9204 -0.3871
vn 0.4193 0.8795 0.2250
vn 0.0107 -0.8840 0.4674
vn 0.6170 0.0376 -0.7861
vn -0.6174 0.0383 -0.7857
vn -0.3590 0.6486 0.6711
vn 0.8835 -0.4594 -0.0915
vn -0.3493 -0.6201 -0.7025
vn 0.9574 0.2802 -0.0700
vn 0.0041 -0.9973 -0.0733
vn 0.0041 0.9973 0.0733
vn 0.1828 0.9830 0.0195
vn -0.9716 -0.0706 0.2260
vn 0.4534 -0.1133 -0.8841
vn 0.9716 -0.0706 0.2260
vn -0.1250 0.9890 0.0790
vn 0.3232 -0.0481 -0.9451
vn -0.1275 0.9772 0.1699
vn 0.3232 0.0481 0.9451
vn 0.1577 -0.8832 -0.4416
vn -0.1577 -0.8832 -0.4416
vn -0.9491 -0.2682 0.1651
vn 0.9491 -0.2682 0.1651
vn 0.5295 -0.7891 -0.3115
vn 0.5295 0.7891 0.3115
vn -0.7547 -0.0569 0.6536
vn 0.3878 0.8548 -0.3449
vn -0.5578 0.7085 -0.4323
vn 0.5578 0.7085 -0.4323
vn 0.8045 0.0442 -0.5923
vn -0.7732 0.0101 -0.6341
vn 0.6942 -0.0638 -0.7170
vn -0.1075 0.9048 0.4121
vn 0.7889 0.5020 -0.3544
vn 0.1168 0.9051 0.4088
vn -0.6791 -0.0455 -0.7326
vn 0.1698 0.9008 -0.3996
vn 0.9327 0.3383 -0.1251
vn 0.3829 -0.8272 -0.4113
vn -0.3829 -0.8272 -0.4113
vn -0.6123 -0.1356 0.7789
vn 0.6102 -0.1279 0.7819
vn -0.0535 -0.8945 0.4438
vn 0.8165 -0.4083 0.4082
vn -0.6958 0.1353 -0.7054
vn -0.0524 0.8952 -0.4426
vn 0.6993 -0.0138 -0.7147
vn -0.6993 -0.0138 -0.7147
vn -0.1778 -0.9336 -0.3111
vn 0.1778 -0.9336 -0.3111
vn 0.0380 0.8753 -0.4821
vn -0.0380 0.8753 -0.4821
vn 0.3446 0.7733 0.5322
vn -0.3446 0.7733 0.5322
vn 0.3588 -0.8790 -0.3140
vn -0.3588 -0.8790 -0.3140
vn 0.8555 -0.1602 0.4924
vn 0.2423 0.6774 0.6945
vn -0.2423 0.6774 0.6945
vn 0.6431 -0.1645 0.7479
vn 0.6431 0.1645 -0.7479
vn -0.9654 -0.2594 -0.0288
vn 0.9617 0.0061 -0.2741
vn 0.9597 0.1924 -0.2048
vn 0.8777 -0.4056 -0.2553
vn -0.8777 -0.4056 -0.2553
vn 0.3810 0.8890 0.2540
vn -0.3810 0.8890 0.2540
vn 0.6947 0.3228 0.6429
vn -0.6947 0.3228 0.6429
vn 0.2166 -0.0542 -0.9748
vn -0.2421 -0.0605 -0.9684
vn 0.3098 0.9499 0.0413
vn -0.3098 0.9499 0.0413
vn -0.8124 -0.0580 0.5802
vn -0.2516 -0.1768 0.9515
vn 0.1990 -0.7554 0.6243
vn 0.1990 0.7554 -0.6243
vn -0.3988 0.8700 0.2900
vn -0.3988 -0.8700 -0.2900
vn -0.2530 0.1469 -0.9563
vn -0.0059 0.9359 -0.3521
vn -0.0059 -0.9359 0.3521
vn 0.9402 -0.0400 -0.3384
vn -0.9402 -0.0400 -0.3384
vn -0.3813 -0.2379 -0.8933
vn 0.2236 -0.0526 -0.9733
vn 0.2236 0.0526 0.9733
vn 0.3813 -0.2379 -0.8933
vn -0.5384 -0.1359 0.8317
vn -0.2344 0.9711 0.0442
vn 0.5285 -0.1283 0.8392
vn 0.6926 0.6701 -0.2670
vn 0.5166 0.8556 -0.0314
vn -0.2104 -0.6161 0.7590
vn 0.5339 -0.8439 0.0526
vn -0.0520 0.9986 0.0109
vn 0.0520 0.9986 0.0109
vn -0.3306 -0.8701 0.3655
vn 0.3306 -0.8701 0.3655
vn 0.1581 0.8899 -0.4279
vn -0.6134 -0.6572 -0.4381
vn 0.6134 -0.6572 -0.4381
vn -0.0129 -0.9987 -0.0490
vn 0.0354 -0.9518 0.3046
vn -0.1516 0.8951 -0.4193
vn 0.2110 0.8443 0.4925
vn -0.1872 0.8481 0.4957
vn 0.8705 0.4307 0.2382
vn -0.3803 0.8473 0.3707
vn -0.3803 -0.8473 -0.3707
vn -0.8705 0.4307 0.2382
vn 0.9081 -0.2482 -0.3373
vn 0.9081 0.2482 0.3373
vn -0.1695 -0.2759 0.9461
vn 0.1877 -0.2750 0.9429
vn -0.4457 0.3820 0.8096
vn 0.9550 -0.0524 0.2919
vn 0.7566 -0.5983 -0.2639
vn -0.7661 0.0841 -0.6372
vn 0.7045 0.1475 0.6942
vn 0.7045 -0.1475 -0.6942
vn 0.4372 -0.2029 0.8762
vn -0.8426 0.2243 -0.4896
vn 0.8491 0.2120 -0.4838
vn 0.1568 -0.6912 0.7055
vn -0.1568 -0.6912 0.7054
vn 0.1712 0.1712 0.9702
vn 0.1435 0.9837 0.1085
vn 0.1435 -0.9837 -0.1085
vn -0.8151 0.5072 -0.2798
vn -0.8151 -0.5072 0.2798
vn -0.1921 0.9795 -0.0603
vn 0.9550 -0.2400 -0.1742
vn 0.9204 0.3826 -0.0808
vn -0.9474 0.1705 -0.2708
vn 0.9474 0.1705 -0.2708
vn -0.4886 -0.1629 0.8572
vn 0.0529 -0.9819 -0.1818
vn 0.0529 0.9819 0.1818
vn 0.0809 0.9932 0.0839
vn -0.0809 0.9932 0.0839
vn -0.7949 0.1784 0.5799
vn -0.7949 -0.1784 -0.5799
vn -0.8617 -0.5068 -0.0253
vn -0.3925 0.9176 0.0628
vn -0.4689 0.8454 0.2558
vn 0.4689 0.8454 0.2558
vn 0.1111 0.9767 0.1835
vn 0.1069 0.9788 0.1748
vn 0.1069 -0.9788 -0.1748
vn -0.0474 0.9980 0.0409
vn 0.0474 0.9980 0.0409
vn 0.4719 0.3019 0.8284
vn -0.0239 -0.9083 0.4177
vn 0.4719 -0.3019 -0.8284
vn 0.0239 -0.9083 0.4177
vn 0.7877 0.2608 0.5582
vn -0.0251 0.9050 -0.4246
vn -0.6725 -0.2497 -0.6967
vn -0.6725 0.2497 0.6967
vn 0.5261 0.7152 0.4601
vn 0.3198 -0.8553 -0.4077
vn -0.3198 -0.8553 -0.4077
vn -0.0527 -0.8955 0.4419
vn 0.0039 0.9962 0.0866
vn 0.0039 -0.9962 -0.0866
vn -0.9045 0.3015 -0.3015
vn -0.8358 0.1688 -0.5224
vn -0.8174 -0.2043 -0.5387
vn 0.8174 -0.2043 -0.5387
vn 0.0496 0.7104 -0.7021
vn -0.0496 0.7104 -0.7021
vn 0.1626 -0.9758 -0.1463
vn -0.1626 -0.9758 -0.1463
vn 0.0271 0.9928 0.1166
vn 0.0271 -0.9928 -0.1166
vn 0.2690 -0.9631 0.0111
vn 0.9334 -0.3583 0.0189
vn -0.6108 0.1895 0.7688
vn -0.6108 -0.1895 -0.7688
vn 0.5580 -0.8101 -0.1800
vn -0.8859 -0.0147 0.4637
vn 0.8859 -0.0147 0.4637
vn 0.6911 0.4869 0.5341
vn 0.0907 0.9959 -0.0052
vn -0.4714 0.8760 -0.1020
vn 0.8251 0.1805 -0.5354
vn -0.8251 0.1805 -0.5354
vn 0.1192 0.5957 -0.7943
vn 0.6874 -0.7137 -0.1343
vn 0.5603 0.1619 -0.8123
vn 0.5413 -0.1625 0.8249
vn 0.5542 0.6395 0.5329
vn -0.5542 0.6395 0.5329
vn 0.1305 -0.2043 0.9702
vn -0.1176 -0.2046 0.9718
vn -0.0568 0.9651 0.2555
vn -0.9322 -0.3615 0.0190
vn -0.2662 0.2472 0.9317
vn 0.2662 0.2472 0.9317
vn 0.7121 -0.3379 -0.6155
vn 0.3253 0.8434 -0.4277
vn 0.3253 -0.8434 0.4277
vn 0.9354 0.0095 0.3536
vn -0.9354 0.0095 0.3536
vn 0.8178 0.2577 -0.5146
vn -0.5119 0.6300 0.5841
vn 0.5119 0.6300 0.5841
vn 0.0903 -0.9734 -0.2107
vn 0.0903 0.9734 0.2107
vn 0.3326 -0.7761 -0.5358
vn -0.0820 -0.1981 -0.9768
vn -0.0742 0.1980 0.9774
vn 0.2833 0.8081 -0.5165
vn 0.2833 -0.8081 0.5165
vn -0.1492 0.1607 0.9757
vn 0.1492 0.1607 0.9757
vn 0.4743 -0.8695 -0.1383
vn -0.7884 0.3834 -0.4810
vn -0.7884 -0.3834 0.4810
vn -0.7162 0.6781 -0.1650
vn 0.2053 0.9530 -0.2227
vn -0.4660 -0.8756 -0.1271
vn -0.6678 -0.2431 0.7035
vn 0.6678 -0.2431 0.7035
vn -0.8018 0.2673 -0.5345
vn -0.8063 0.4955 0.3230
vn 0.8063 0.4955 0.3230
vn -0.6027 -0.1286 -0.7875
vn 0.6132 -0.1471 -0.7761
vn 0.8199 0.1408 0.5549
vn -0.2125 -0.6730 -0.7084
vn -0.8703 -0.0327 -0.4915
vn -0.8703 0.0327 0.4915
vn 0.9510 0.3088 0.0163
vn -0.9320 -0.3153 0.1789
vn -0.2053 0.9530 -0.2227
vn -0.5653 -0.0668 0.8222
vn 0.5398 -0.0600 0.8397
vn 0.8007 -0.3482 0.4875
vn -0.0203 0.9842 0.1759
vn -0.4924 0.8616 0.1231
vn -0.1401 0.9657 0.2188
vn 0.4878 0.1725 0.8558
vn -0.4878 0.1725 0.8558
vn -0.0167 -0.9761 -0.2169
vn -0.3637 -0.9020 0.2327
vn 0.3637 -0.9020 0.2327
vn 0.0961 0.9649 0.2442
vn 0.4598 -0.1174 -0.8802
vn 0.4598 0.1174 0.8802
vn -0.4871 -0.4428 0.7528
vn -0.4121 0.9089 0.0645
vn -0.2972 0.9439 -0.1438
vn -0.9820 0.1885 0.0099
vn 0.2972 0.9439 -0.1438
vn -0.7071 0.7071 -0.0000
vn 0.8701 -0.0446 0.4909
vn -0.6073 -0.6556 0.4486
vn 0.6073 -0.6556 0.4486
vn 0.3795 -0.9252 -0.0036
vn -0.7436 -0.6592 -0.1122
vn 0.8464 0.1201 0.5188
vn -0.8464 0.1201 0.5188
vn -0.4258 -0.2730 -0.8626
vn 0.4258 -0.2730 -0.8626
vn 0.7152 -0.6884 -0.1207
vn 0.8083 0.5774 0.1155
vn 0.0609 0.9848 0.1629
vn -0.1144 0.9814 0.1540
vn 0.0839 0.9688 0.2334
vn 0.5599 -0.8222 0.1023
vn 0.1228 -0.9735 -0.1929
vn -0.7556 0.6350 0.1608
vn 0.7368 0.6754 -0.0307
vn -0.3695 -0.9285 0.0379
vn 0.0133 -0.9817 0.1902
vn -0.0401 -0.9900 0.1353
vn -0.0282 0.9850 0.1702
vn 0.0856 0.9777 0.1919
vn 0.0553 -0.9717 -0.2298
vn 0.7508 -0.6589 0.0460
vn -0.6302 0.0864 -0.7716
vn 0.6302 0.0864 -0.7716
vn -0.8989 -0.1845 0.3974
vn -0.9814 -0.0859 -0.1717
vn 0.0241 0.9822 0.1865
vn -0.0933 0.9578 -0.2719
vn 0.0933 0.9578 -0.2719
vn -0.8989 0.1846 -0.3974
vn 0.5217 0.7601 0.3875
vn -0.5217 0.7601 0.3875
vn 0.2810 -0.3350 0.8993
vn -0.2342 -0.2803 0.9309
vn -0.4333 0.4874 -0.7581
vn -0.0519 0.9758 -0.2125
vn -0.7034 -0.7100 -0.0327
vn -0.7721 -0.0701 -0.6317
vn -0.8272 -0.3039 0.4727
vn -0.9063 -0.3994 0.1382
vn -0.8272 0.3039 -0.4727
vn 0.5865 -0.8066 -0.0733
vn -0.0769 0.9673 0.2418
vn 0.0166 -0.9968 0.0784
vn -0.8432 -0.0540 -0.5348
vn 0.0343 0.9941 -0.1029
vn 0.0060 0.9806 -0.1958
vn -0.8725 0.4698 -0.1342
vn -0.3289 -0.0737 -0.9415
vn 0.3289 -0.0737 -0.9415
vn 0.0200 0.0935 0.9954
vn -0.0200 0.0935 0.9954
vn 0.1237 -0.8908 -0.4372
vn 0.1138 0.9656 -0.2337
vn 0.1534 -0.9803 -0.1242
vn -0.3537 -0.9328 -0.0694
vn -0.3537 0.9328 0.0694
vn -0.8451 0.5147 -0.1445
vn 0.8760 0.3006 -0.3772
vn -0.8760 0.3006 -0.3772
vn 0.1016 0.9656 -0.2392
vn -0.0758 0.1516 0.9855
vn 0.0758 0.1516 0.9855
vn 0.0605 0.0302 -0.9977
vn 0.0605 -0.0302 0.9977
vn -0.1553 -0.9031 -0.4004
vn 0.2168 0.9630 0.1603
vn -0.8742 -0.2914 -0.3885
vn -0.9749 0.0433 -0.2186
vn -0.2052 -0.2534 -0.9453
vn 0.2052 -0.2534 -0.9453
vn 0.0783 0.9758 -0.2041
vn 0.3323 -0.7865 0.5206
vn -0.9857 0.1669 -0.0225
vn -0.9857 -0.1669 0.0225
vn 0.3101 0.9474 -0.0795
vn 0.4401 0.2867 -0.8510
vn 1.0000 -0.0000 -0.0000
vn -0.0000 -0.0000 1.0000
vn -0.0784 -0.9238 0.3747
vn -0.0853 -0.9862 -0.1417
vn 0.1171 -0.9644 0.2372
vn -0.4224 0.2365 -0.8750
vn 0.5071 -0.8451 -0.1690
vn 0.9508 0.1896 -0.2451
vn -0.4934 -0.8697 0.0083
vn 0.4934 -0.8697 0.0083
vn 0.2256 0.8961 0.3823
vn -0.2233 0.9059 0.3599
vn 0.4951 -0.6698 0.5533
vn 0.9320 -0.2387 -0.2728
vn -0.0000 -0.8805 0.4741
vn -0.2285 0.9688 -0.0962
vn -0.2285 -0.9688 0.0962
vn 0.0759 -0.9617 0.2635
vn -0.8887 0.4159 -0.1931
vn 0.0946 -0.9816 -0.1656
vn -0.0000 -0.9545 0.2983
vn 0.7701 0.5890 -0.2451
vn -0.4176 -0.8352 0.3579
vn 0.7400 0.5380 0.4036
vn 0.5180 -0.8268 0.2192
vn 0.0240 -0.9378 0.3463
vn 0.0393 0.9669 -0.2520
vn -0.3547 0.5321 -0.7688
vn -0.9539 -0.1006 -0.2826
vn -0.0058 0.9992 -0.0404
vn -0.0000 -0.9285 0.3714
vn 0.5380 -0.8216 0.1885
vn 0.6559 0.1312 0.7434
vn -0.6202 0.7029 -0.3483
vn 0.0085 0.9992 -0.0399
vn 0.5308 0.8261 -0.1892
vn -0.9882 -0.1448 -0.0494
vn 0.6883 0.6883 0.2294
vn -0.9693 -0.1265 -0.2108
vn 0.3578 -0.8765 -0.3220
vn -0.3578 -0.8765 -0.3220
vn 0.0377 0.1887 0.9813
vn 0.2672 0.5344 -0.8019
vn -0.8299 -0.1425 0.5394
vn 0.1201 -0.8733 0.4721
vn -0.6509 0.6510 -0.3906
vn 0.6509 0.6510 -0.3906
vn 0.8412 -0.1027 0.5309
vn 0.3911 -0.7930 0.4671
vn 0.3911 0.7930 -0.4671
vn -0.0677 0.0580 0.9960
vn -0.1146 0.9862 -0.1192
vn -0.9571 -0.1377 0.2551
vn -0.0362 -0.9833 -0.1783
vn 0.8111 0.4867 0.3244
vn 0.8111 -0.4867 -0.3244
vn 0.4615 0.2196 0.8595
vn -0.4615 0.2196 0.8595
vn -0.9371 -0.3122 -0.1561
vn 0.0808 0.9835 0.1617
vn 0.3841 -0.7682 0.5122
vn 0.3841 0.7682 -0.5122
vn -0.7632 0.5242 0.3778
vn 0.7632 0.5242 0.3778
vn -0.9110 0.2847 -0.2982
vn 0.8257 -0.4838 0.2901
vn -0.1382 0.9050 0.4023
vn -0.1382 -0.9050 -0.4023
vn 0.2615 -0.8498 -0.4576
vn -0.2615 -0.8498 -0.4576
vn 0.9761 -0.2173 0.0083
vn 0.1037 -0.9901 -0.0943
vn -0.1037 -0.9901 -0.0943
vn -0.0399 -0.8227 -0.5671
vn -0.1460 0.8926 -0.4266
vn 0.0399 -0.8227 -0.5671
vn 0.0493 0.9870 0.1532
vn 0.7006 -0.7072 0.0950
vn -0.0533 -0.9787 -0.1984
vn -0.9671 -0.2016 0.1550
vn 0.0767 0.9203 0.3836
vn 0.2961 -0.7910 -0.5354
vn -0.2961 -0.7910 -0.5354
vn -0.8921 0.3883 -0.2309
vn 0.0496 -0.9796 -0.1945
vn 0.9522 -0.2708 0.1415
vn 0.3974 -0.8992 0.1828
vn 0.3974 0.8993 -0.1828
vn -0.0692 -0.5533 -0.8301
vn 0.9671 -0.2016 0.1550
vn 0.6163 0.7044 0.3521
vn 0.2451 0.8493 -0.4675
vn 0.2451 -0.8493 0.4675
vn 0.9751 0.2208 -0.0199
vn 0.7358 0.6681 -0.1105
vn 0.7145 0.6496 0.2598
vn -0.7376 0.6534 -0.1702
vn -0.6085 -0.6152 -0.5012
vn 0.6085 -0.6152 -0.5012
vn 0.3894 -0.9029 0.1822
vn 0.3894 0.9029 -0.1822
vn -0.0700 -0.9624 -0.2625
vn -0.0700 0.9624 0.2625
vn -0.1340 0.8682 0.4778
vn -0.1340 -0.8682 -0.4778
vn 0.9425 -0.3187 0.1006
vn -0.2655 -0.4719 -0.8407
vn 0.3006 0.8516 -0.4294
vn -0.3006 0.8516 -0.4294
vn -0.1685 -0.8683 0.4666
vn 0.8719 -0.1227 -0.4740
vn -0.1297 -0.9509 -0.2810
vn -0.1297 0.9509 0.2810
vn 0.1705 0.8673 0.4677
vn -0.1705 0.8673 0.4677
vn -0.0624 -0.9575 -0.2816
vn -0.8758 0.1413 -0.4615
vn -0.9510 -0.2623 0.1640
vn -0.2619 0.8730 -0.4115
vn 0.2619 0.8730 -0.4115
vn 0.0818 0.9814 0.1738
vn 0.0818 -0.9814 -0.1738
vn 0.9798 -0.0039 -0.2001
vn 0.2767 -0.1294 0.9522
vn -0.1905 -0.3047 0.9332
vn -0.9798 -0.0039 -0.2000
vn -0.0578 -0.9311 -0.3602
vn 0.0578 -0.9311 -0.3602
vn -0.1081 -0.3785 -0.9192
vn 0.4424 0.1474 0.8846
vn 0.5698 0.4559 -0.6837
vn -0.9314 0.1597 -0.3270
vn 0.0642 0.9712 0.2296
vn -0.0000 -0.3714 -0.9285
vn 0.7454 0.2981 -0.5963
vn 0.0642 -0.9712 -0.2296
vn -0.8526 0.2910 0.4341
vn 0.0643 0.2571 0.9643
vn -0.2683 -0.3577 0.8945
vn -0.7400 0.5735 0.3515
vn 0.7400 0.5735 0.3515
vn 0.8863 0.0952 -0.4532
vn -0.9285 -0.1523 0.3386
vn 0.3867 0.0918 -0.9176
vn -0.3488 -0.9123 0.2146
vn 0.3488 -0.9123 0.2146
vn -0.8837 0.3741 -0.2813
vn 0.9766 -0.0027 0.2149
vn 0.9766 0.0027 -0.2149
vn 0.8115 -0.5808 0.0640
vn 0.1674 0.0981 0.9810
vn 0.3633 -0.2677 0.8924
vn 0.1379 -0.1148 -0.9838
vn -0.0361 0.9975 -0.0611
vn 0.9881 0.1252 -0.0896
vn 0.6475 0.5193 -0.5577
vn 0.0332 0.9976 -0.0608
vn -0.7011 0.4583 -0.5463
vn 0.2340 -0.1465 0.9611
vn 0.9959 0.0818 -0.0377
vn 0.1347 0.1205 -0.9835
vn -0.9959 0.0818 -0.0377
vn 0.9895 0.1431 -0.0185
vn -0.3604 -0.9111 -0.2002
vn 0.9084 0.4047 -0.1048
vn -0.9084 0.4047 -0.1048
vn -0.9506 0.2852 -0.1222
vn -0.3656 0.9196 0.1440
vn 0.4933 -0.8586 0.1396
vn 0.8348 0.4638 -0.2968
vn 0.8348 -0.4638 0.2968
vn 0.9967 -0.0194 0.0794
vn -0.9500 -0.0475 0.3087
vn -0.9965 -0.0215 0.0808
vn 0.9006 0.2298 -0.3690
vn 0.9006 -0.2298 0.3690
vn -0.4508 0.1185 0.8847
vn -0.4252 -0.1328 -0.8953
vn 0.9318 -0.3381 0.1319
vn 0.6200 -0.6587 -0.4262
vn 0.4360 0.1248 -0.8912
vn -0.6200 -0.6587 -0.4262
vn 0.9233 0.3723 -0.0946
vn 0.4691 0.8721 -0.1395
vn 0.9257 -0.3632 0.1055
vn 0.1111 -0.8889 0.4445
vn 0.1111 0.8889 -0.4445
vn 0.2926 -0.5527 0.7803
vn -0.2926 -0.5527 0.7803
vn 0.1394 0.9834 -0.1165
vn -0.1394 0.9834 -0.1165
vn -0.9703 0.0327 0.2398
vn -0.9703 -0.0327 -0.2398
vn 0.3693 -0.0976 0.9242
vn -0.8056 0.5800 0.1211
vn 0.8056 0.5800 0.1211
vn 0.9388 0.0933 0.3317
vn -0.9388 0.0933 0.3317
vn 0.8858 -0.1377 0.4431
vn 0.5599 0.7817 -0.2746
vn -0.5599 0.7817 -0.2746
vn -0.9661 -0.1799 -0.1852
vn 0.9661 -0.1799 -0.1852
vn 0.5128 -0.7086 -0.4848
vn 0.5128 0.7086 0.4848
vn 0.8580 0.2136 0.4672
vn -0.8565 0.4148 0.3071
vn 0.8580 -0.2136 -0.4672
vn -0.7805 -0.1810 0.5984
vn -0.5345 0.8018 0.2673
vn -0.2362 0.7893 -0.5667
vn -0.2362 -0.7893 0.5667
vn -0.1731 -0.9651 -0.1963
vn 0.7531 -0.2110 0.6232
vn -0.9318 -0.3381 0.1319
vn 0.8035 -0.5100 -0.3071
vn -0.7963 -0.5451 0.2622
vn 0.8873 0.1638 -0.4312
vn 0.7091 0.5436 0.4491
vn 0.7091 -0.5436 -0.4491
vn 0.3641 -0.7687 -0.5259
vn -0.3641 -0.7687 -0.5259
vn 0.1810 -0.9673 -0.1776
vn 0.6685 0.6177 0.4142
vn 0.6198 0.7803 -0.0830
vn -0.6198 0.7803 -0.0830
vn 0.1381 0.3407 0.9300
vn 0.1381 -0.3407 -0.9300
vn 0.8369 0.4399 0.3256
vn 0.8369 -0.4399 -0.3256
vn 0.4370 0.8158 0.3788
vn 0.2069 -0.7814 0.5887
vn -0.2069 -0.7814 0.5887
vn 0.0508 -0.9658 -0.2542
vn -0.0624 -0.9668 -0.2476
vn 0.9814 0.0738 0.1771
vn -0.1051 -0.9796 -0.1715
vn 0.1051 -0.9796 -0.1715
vn -0.3487 -0.7465 -0.5667
vn 0.3487 -0.7465 -0.5667
vn -0.0217 -0.9770 0.2123
vn -0.0750 -0.6122 -0.7871
vn -0.1304 -0.2028 0.9705
vn 0.1304 -0.2028 0.9705
vn 0.4158 -0.9083 0.0452
vn 0.4158 0.9084 -0.0452
vn 0.1187 0.9651 -0.2336
vn 0.0643 -0.8352 0.5461
vn -0.0643 -0.8352 0.5461
vn -0.0276 -0.9634 -0.2666
vn -0.0077 -0.9679 -0.2511
vn 0.9371 -0.0063 0.3489
vn -0.9371 -0.0063 0.3489
vn 0.1002 0.7405 -0.6646
vn -0.3067 -0.7774 -0.5492
vn -0.3067 0.7774 0.5492
vn -0.9391 -0.3248 0.1122
vn -0.9759 0.0976 0.1952
vn -0.8950 0.1300 -0.4268
vn -0.6417 0.6515 0.4047
vn 0.6417 0.6515 0.4047
vn 0.8842 0.0920 -0.4580
vn 0.9249 -0.3516 0.1447
vn 0.9563 0.2004 0.2128
vn -0.9558 0.1768 0.2349
vn -0.0824 0.8431 -0.5315
vn -0.0824 -0.8431 0.5315
vn -0.2144 0.8146 0.5390
vn 0.2144 0.8146 0.5390
vn 0.8792 0.0570 -0.4730
vn -0.8800 0.0578 -0.4714
vn -0.9038 -0.2425 0.3527
vn -0.9723 -0.1945 -0.1296
vn 0.9686 -0.2203 -0.1152
vn 0.0083 0.1077 -0.9942
vn 0.0083 -0.1077 0.9942
vn 0.1794 0.6395 0.7476
vn 0.5003 -0.4548 0.7368
vn 0.5003 0.4548 -0.7368
vn 0.1566 -0.8218 -0.5478
vn 0.1566 0.8218 0.5478
vn 0.6583 -0.4326 -0.6160
vn -0.0000 0.4706 -0.8823
vn 0.7216 0.2044 -0.6614
vn -0.1202 0.7506 -0.6497
vn -0.0468 -0.7800 -0.6240
vn 0.0468 -0.7800 -0.6240
vn -0.8781 0.3063 -0.3676
vn 0.8864 0.1239 0.4460
vn 0.2696 0.8274 0.4927
vn 0.2986 -0.8205 -0.4875
vn 0.8864 -0.1239 -0.4460
vn -0.7010 0.2395 -0.6718
vn -0.8648 -0.1325 -0.4844
vn 0.8648 -0.1325 -0.4844
vn 0.2410 0.9543 0.1766
vn -0.9966 -0.0369 -0.0738
vn -0.2410 0.9543 0.1766
vn 0.9903 -0.1387 -0.0122
vn -0.9902 -0.1389 -0.0125
vn -0.2058 -0.7754 0.5970
vn -0.2058 0.7754 -0.5970
vn -0.2762 -0.8218 -0.4985
vn 0.2762 -0.8218 -0.4985
vn 0.9982 -0.0306 0.0509
vn 0.0829 0.7524 0.6535
vn 0.9983 0.0301 -0.0502
vn 0.4916 0.4309 -0.7567
vn 0.3379 -0.8967 -0.2859
vn -0.3379 -0.8967 -0.2859
vn 0.9964 -0.0655 -0.0530
vn 0.8903 0.1528 -0.4290
vn -0.1617 0.6061 0.7788
vn 0.0705 0.7054 0.7053
vn 0.0705 -0.7054 -0.7053
vn 0.0623 0.9976 -0.0312
vn -0.0623 0.9976 -0.0312
vn -0.0529 0.6098 0.7908
vn -0.3859 -0.9159 0.1106
vn -0.0619 0.1238 -0.9904
vn 0.0619 0.1238 -0.9904
vn -0.4364 -0.8729 -0.2182
vn 0.4364 -0.8729 -0.2182
vn 0.9124 -0.1449 0.3829
vn 0.8867 0.3970 0.2370
vn 0.9036 -0.3710 -0.2143
vn -0.0984 0.5454 -0.8324
vn 0.9535 -0.1019 0.2835
vn 0.9472 0.0719 -0.3123
vn 0.8248 0.5592 0.0839
vn -0.8248 0.5592 0.0839
vn -0.2193 -0.6493 -0.7282
vn 0.2193 -0.6493 -0.7282
vn -0.6793 -0.7331 -0.0336
vn 0.6793 -0.7331 -0.0336
vn -0.0366 -0.7269 -0.6857
vn 0.0366 -0.7269 -0.6857
vn 0.0894 0.6284 0.7728
vn -0.8179 -0.1128 -0.5641
vn 0.8179 -0.1128 -0.5641
vn 0.8637 0.5039 -0.0096
vn 0.8637 -0.5039 0.0096
vn 0.0556 -0.9978 0.0349
vn 0.0556 0.9978 -0.0349
vn -0.9926 -0.0134 0.1207
vn 0.9926 -0.0134 0.1207
vn -0.0764 0.5752 0.8144
vn -0.0568 -0.5253 0.8490
vn -0.2668 0.4751 -0.8385
vn -0.0829 0.7524 0.6535
vn 0.0568 0.5253 -0.8490
vn -0.4036 -0.2691 -0.8745
vn -0.4036 0.2691 0.8745
vn -0.7145 -0.4441 -0.5407
vn 0.0528 0.5316 -0.8453
vn -0.0367 0.5722 -0.8193
vn 0.9632 -0.1720 0.2064
vn 0.0947 0.5234 -0.8468
vn -0.2183 0.6630 0.7161
vn -0.8485 0.3973 0.3496
vn -0.8485 -0.3973 -0.3496
vn -0.8093 -0.1447 0.5693
vn -0.5782 0.4502 -0.6805
vn 0.8160 -0.1333 0.5624
vn 0.0426 0.5552 -0.8306
vn 0.0411 0.0587 -0.9974
vn 0.0411 -0.0587 0.9974
vn -0.9930 -0.0985 -0.0647
vn 0.9930 -0.0985 -0.0647
vn 0.0023 -0.6277 0.7784
vn 0.8975 0.4053 0.1737
vn 0.0843 0.6931 0.7159
vn 0.8975 -0.4053 -0.1737
vn -0.8991 0.3549 -0.2561
vn -0.7476 -0.1467 0.6477
vn -0.8572 0.3297 0.3956
vn -0.7670 0.0847 -0.6361
vn 0.2111 -0.5510 -0.8073
vn 0.9058 -0.3322 0.2629
vn 0.0086 -0.5731 0.8195
vn 0.0843 -0.6027 0.7935
vn -0.1801 -0.5596 -0.8089
vn 0.0622 0.0622 -0.9961
vn 0.0622 -0.0622 0.9961
vn 0.4618 0.5733 -0.6768
vn -0.4618 0.5733 -0.6768
vn 0.2962 0.5464 -0.7834
vn -0.1889 0.9700 0.1528
vn -0.1082 0.6427 0.7585
vn -0.8379 -0.1192 -0.5326
vn 0.9902 -0.1399 0.0056
vn -0.9902 -0.1399 0.0056
vn 0.0680 -0.6723 0.7372
vn 0.8857 -0.1114 -0.4508
vn -0.7972 -0.0699 -0.5997
vn 0.7972 -0.0699 -0.5997
vn -0.9632 -0.1720 0.2064
vn 0.0964 0.7054 -0.7022
vn -0.0920 -0.5793 -0.8099
vn -0.0596 -0.0656 0.9961
vn -0.0596 0.0656 -0.9961
vn 0.0876 0.5760 -0.8128
vn -0.0781 0.5665 0.8204
vn -0.1185 -0.6403 -0.7589
vn -0.0279 0.5851 -0.8104
vn -0.8838 -0.1527 -0.4423
vn 0.8838 -0.1527 -0.4423
vn 0.9735 -0.2176 0.0709
vn 0.9735 0.2176 -0.0709
vn 0.3817 0.9235 0.0369
vn -0.9995 -0.0073 -0.0307
vn 0.9995 -0.0073 -0.0307
vn 0.9643 0.1782 -0.1960
vn -0.9643 0.1782 -0.1960
vn -0.7734 -0.4621 -0.4338
vn -0.9989 -0.0365 -0.0307
vn -0.9847 0.1737 -0.0162
vn 0.9847 0.1737 -0.0162
vn -0.0735 -0.4907 -0.8682
vn 0.9829 -0.1772 -0.0501
vn 0.4472 -0.0000 -0.8944
vn 0.8433 0.0486 -0.5352
vn -0.0519 0.7337 0.6775
vn 0.8486 -0.0552 0.5261
vn 0.0060 0.5304 0.8477
vn 0.1824 -0.1107 -0.9770
vn 0.1824 0.1107 0.9770
vn 0.0975 -0.5564 0.8251
vn 0.0388 0.5046 0.8625
vn 0.6879 -0.4086 0.5999
vn 0.6878 0.4086 -0.5999
vn 0.2394 -0.9577 -0.1596
vn -0.2394 -0.9577 -0.1596
vn 0.9326 0.2471 -0.2630
vn -0.8865 0.3286 -0.3257
vn 0.6263 0.7477 -0.2206
vn 0.9956 0.0918 0.0171
vn -0.0549 0.1207 -0.9912
vn 0.0722 0.5548 0.8289
vn 0.0712 -0.5563 -0.8279
vn 0.2910 0.0328 0.9562
vn -0.8537 0.5166 -0.0652
vn 0.8537 0.5166 -0.0652
vn 0.8708 0.1296 0.4742
vn 0.0974 -0.7082 0.6993
vn 0.8708 -0.1296 -0.4742
vn 0.0429 0.7386 -0.6728
vn 0.0655 0.0270 -0.9975
vn -0.8799 -0.4235 0.2154
vn -0.9183 0.3788 -0.1148
vn 0.9183 0.3788 -0.1148
vn -0.9407 -0.3335 -0.0627
vn -0.9642 -0.1591 -0.2121
vn 0.9797 0.1996 -0.0181
vn -0.0195 -0.6113 0.7912
vn -0.3568 0.8920 0.2775
vn -0.3568 -0.8920 -0.2775
vn 0.0368 0.0809 -0.9960
vn -0.4195 0.5873 -0.6922
vn 0.8703 -0.3415 0.3548
vn 0.4469 -0.0406 -0.8937
vn 0.4469 0.0406 0.8937
vn 0.6455 0.6545 0.3937
vn 0.6455 -0.6545 -0.3937
vn 0.0263 -0.0217 -0.9994
vn -0.1240 -0.0000 0.9923
vn -0.0994 -0.5929 -0.7991
vn 0.2457 -0.4394 -0.8640
vn 0.2457 0.4394 0.8640
vn -0.9612 0.2039 0.1856
vn -0.9658 0.2414 0.0949
vn 0.9658 0.2414 0.0949
vn 0.5931 -0.7180 0.3642
vn -0.0710 0.6899 0.7204
vn -0.0710 -0.6899 -0.7204
vn -0.0831 0.6117 0.7867
vn -0.6000 -0.0000 -0.8000
vn 0.0499 -0.0000 0.9988
vn -0.5721 -0.8158 -0.0848
vn 0.8177 0.5085 0.2697
vn 0.8177 -0.5085 -0.2697
vn 0.0045 0.0454 -0.9990
vn 0.0180 -0.1155 0.9931
vn 0.1073 0.0023 -0.9942
vn -0.2605 0.9519 -0.1611
vn 0.6020 -0.7958 0.0656
vn 0.6020 0.7958 -0.0656
vn -0.5302 -0.1573 -0.8332
vn 0.5302 -0.1573 -0.8332
vn 0.0149 0.1414 -0.9898
vn -0.1746 -0.4958 -0.8507
vn 0.1746 -0.4958 -0.8507
vn 0.3381 0.0155 -0.9410
vn 0.3321 0.5827 0.7418
vn -0.9765 -0.1750 0.1261
vn 0.9765 -0.1749 0.1261
vn -0.9382 0.2057 0.2782
vn 0.9382 0.2057 0.2782
vn 0.0267 -0.0211 0.9994
vn 0.7716 0.6359 -0.0158
vn -0.7716 0.6359 -0.0158
vn 0.3850 -0.5608 -0.7330
vn -0.0142 -0.0219 0.9997
vn -0.0280 0.0899 -0.9956
vn -0.5547 0.8256 0.1032
vn 0.5547 0.8256 0.1032
vn 0.8873 -0.3556 -0.2937
vn -0.8855 -0.4637 -0.0286
vn 0.2656 0.0947 0.9594
vn 0.2997 -0.9444 -0.1355
vn 0.1448 0.0031 -0.9895
vn 0.9299 0.0245 -0.3671
vn -0.1464 -0.0366 0.9885
vn 0.1464 -0.0366 0.9885
vn -0.1585 0.6532 -0.7404
vn 0.1167 -0.9459 0.3028
vn -0.2241 -0.6444 0.7311
vn -0.2941 -0.9488 0.1150
vn 0.1368 0.0030 0.9906
vn -0.3852 -0.8930 0.2326
vn -0.6295 -0.6141 0.4760
vn 0.6295 -0.6141 0.4760
vn -0.9876 0.1453 0.0592
vn -0.8471 -0.4980 -0.1854
vn -0.8932 -0.3853 0.2319
vn 0.9576 0.2882 -0.0038
vn -0.4858 0.6636 0.5688
vn -0.4858 -0.6636 -0.5688
vn -0.6436 0.5149 -0.5663
vn 0.6436 0.5149 -0.5663
vn 0.1856 -0.9275 -0.3246
vn -0.1856 -0.9275 -0.3246
vn 0.2483 0.9104 0.3310
vn -0.2483 0.9104 0.3310
vn -0.9643 0.0679 0.2560
vn 0.8528 0.4230 -0.3061
vn -0.3042 -0.5196 -0.7985
vn 0.3041 -0.5196 -0.7985
vn -0.8882 0.3841 -0.2521
vn 0.9166 0.3926 -0.0759
vn 0.0842 0.0017 0.9964
vn -0.3865 0.1567 -0.9089
vn -0.3865 -0.1567 0.9089
vn -0.1119 0.0022 0.9937
vn -0.7607 0.4132 -0.5007
vn 0.0608 0.6152 0.7861
vn -0.0300 0.5982 0.8008
vn 0.9376 0.1592 0.3092
vn -0.6653 -0.6578 -0.3531
vn 0.6653 -0.6578 -0.3531
vn 0.9719 0.0658 -0.2260
vn -0.9747 0.1007 -0.1994
vn 0.8346 -0.0177 0.5505
vn 0.9538 -0.0730 -0.2915
vn -0.2083 0.0377 0.9773
vn 0.4666 0.6347 -0.6160
vn -0.4666 0.6347 -0.6160
vn 0.9556 0.2643 -0.1304
vn -0.9556 0.2643 -0.1304
vn -0.2798 -0.8393 -0.4662
vn 0.2798 -0.8393 -0.4662
vn -0.0098 0.6564 0.7544
vn 0.0098 0.6564 0.7544
vn -0.9553 -0.0799 -0.2847
vn 0.0830 0.7282 -0.6803
vn -0.0830 0.7282 -0.6803
vn 0.5590 -0.8273 0.0548
vn 0.1206 0.7074 -0.6964
vn -0.1206 0.7074 -0.6964
vn -0.9550 -0.0699 -0.2884
vn -0.8163 0.3911 -0.4251
vn -0.7850 -0.4096 0.4647
vn 0.9592 0.1604 -0.2327
vn -0.9592 0.1604 -0.2327
vn -0.9720 0.0147 0.2345
vn -0.0722 -0.4783 -0.8752
vn 0.0722 -0.4783 -0.8752
vn -0.9665 0.0494 0.2518
vn -0.9419 -0.2041 0.2669
vn -0.4440 -0.1211 -0.8878
vn -0.4440 0.1211 0.8878
vn 0.9657 -0.0670 0.2507
vn 0.9428 -0.2433 0.2281
vn 0.1219 0.0541 0.9911
vn 0.4260 0.8520 0.3043
vn 0.4260 -0.8520 -0.3043
vn -0.6782 -0.5610 -0.4747
vn 0.6782 -0.5610 -0.4747
vn -0.0743 0.0520 0.9959
vn 0.3247 0.9454 -0.0286
vn 0.3247 -0.9454 0.0286
vn 0.8522 0.0194 0.5229
vn -0.8289 0.0452 0.5576
vn 0.9522 -0.0705 -0.2972
vn -0.9522 -0.0705 -0.2972
vn 0.9798 -0.1009 0.1729
vn -0.9730 -0.0811 0.2162
vn -0.5570 0.5063 -0.6583
vn -0.5570 -0.5063 0.6583
vn -0.7983 0.3600 0.4829
vn -0.8081 -0.3843 -0.4464
vn 0.9854 0.1294 -0.1105
vn 0.7682 0.5695 0.2924
vn 0.7682 -0.5695 -0.2924
vn -0.4575 -0.8046 -0.3786
vn -0.4575 0.8046 0.3786
vn -0.9277 0.2189 0.3023
vn -0.6132 0.7807 0.1203
vn 0.9629 0.1043 0.2488
vn 0.6132 0.7807 0.1203
vn -0.1918 -0.6932 -0.6947
vn -0.1788 0.6852 0.7061
vn -0.8480 -0.3180 -0.4240
vn 0.8480 -0.3180 -0.4240
vn -0.6498 0.5953 0.4726
vn -0.6498 -0.5953 -0.4726
vn -0.3977 0.5277 -0.7506
vn 0.9087 -0.4062 0.0958
vn -0.5987 -0.5987 0.5321
vn 0.5987 -0.5987 0.5321
vn 0.3762 0.5201 -0.7668
vn -0.8935 0.2768 -0.3536
vn 0.8935 0.2768 -0.3535
vn 0.9104 0.3850 -0.1511
vn -0.9042 0.4082 -0.1259
vn 0.9577 0.1340 0.2545
vn 0.9712 -0.0974 -0.2174
vn -0.5016 0.8159 0.2875
vn -0.5016 -0.8159 -0.2875
vn 0.2160 0.1203 0.9690
vn 0.2512 -0.1005 -0.9627
vn -0.9616 0.0490 -0.2700
vn 0.9616 0.0490 -0.2700
vn -0.1542 0.8686 0.4709
vn -0.1542 -0.8686 -0.4709
vn -0.9355 0.1039 -0.3378
vn -0.9067 -0.4112 -0.0943
vn -0.9067 0.4112 0.0943
vn 0.9441 0.0524 -0.3256
vn 0.9107 -0.1072 -0.3988
vn -0.0247 0.5431 0.8393
vn -0.0247 -0.5431 -0.8393
vn -0.9112 -0.1012 -0.3994
vn -0.1185 -0.9929 0.0098
vn -0.1226 0.9924 -0.0098
vn -0.9871 0.1388 0.0801
vn 0.9609 -0.2102 -0.1802
vn 0.9609 0.2102 0.1802
vn -0.4697 -0.8797 -0.0746
vn -0.4697 0.8797 0.0746
vn 0.1369 0.9084 0.3951
vn 0.1578 -0.8987 -0.4091
vn -0.2125 0.8755 0.4340
vn -0.2125 -0.8755 -0.4340
vn 0.9524 0.2105 0.2206
vn 0.9181 -0.3141 -0.2416
vn -0.2021 0.1752 -0.9636
vn -0.2021 -0.1752 0.9636
vn 0.8972 -0.1246 -0.4237
vn 0.9895 -0.0084 -0.1443
vn -0.9895 -0.0084 -0.1443
vn -0.8972 -0.1246 -0.4237
vn 0.5312 -0.6392 0.5562
vn -0.5312 -0.6391 0.5561
vn -0.6036 -0.7763 -0.1818
vn 0.8283 -0.3519 -0.4360
vn 0.8439 0.3315 0.4219
vn 0.5271 0.3115 0.7907
vn 0.5271 -0.3115 -0.7907
vn -0.2513 0.9426 0.2199
vn 0.2513 0.9426 0.2199
vn 0.8887 -0.0411 -0.4567
vn -0.8887 -0.0411 -0.4567
vn -0.3130 0.1423 0.9390
vn 0.3130 0.1423 0.9390
vn 0.6833 0.6307 0.3679
vn -0.6833 0.6307 0.3679
vn 0.9087 -0.2672 0.3207
vn 0.9087 0.2672 -0.3207
vn -0.9194 -0.1694 0.3549
vn -0.6051 -0.6369 -0.4777
vn -0.6051 0.6369 0.4777
vn 0.7916 -0.5278 -0.3079
vn 0.7916 0.5278 0.3079
vn -0.2071 -0.7450 0.6340
vn 0.2071 -0.7450 0.6340
vn -0.8944 0.1301 -0.4280
vn -0.8967 -0.1596 0.4128
vn -0.6221 -0.2726 0.7340
vn -0.6221 0.2726 -0.7340
vn 0.9710 -0.1867 0.1494
vn -0.9710 -0.1867 0.1494
vn -0.2933 -0.8329 -0.4693
vn -0.3243 0.8238 0.4649
vn -0.7873 0.5272 0.3198
vn -0.7873 -0.5272 -0.3198
vn 0.9975 -0.0273 0.0652
vn 0.9924 0.0733 -0.0984
vn -0.5420 -0.8370 -0.0755
vn 0.3167 0.7409 0.5922
vn 0.3167 -0.7409 -0.5922
vn 0.5774 0.5774 -0.5773
vn -0.5774 0.5774 -0.5773
vn -0.6095 0.7887 0.0807
vn 0.6095 0.7887 0.0807
vn -0.9901 0.0573 0.1284
vn -0.9700 -0.1797 0.1639
vn 0.9700 -0.1797 0.1639
vn 0.0269 0.5912 0.8061
vn -0.0269 0.5912 0.8061
vn 0.0806 -0.2654 -0.9608
vn -0.0806 -0.2654 -0.9608
vn 0.9233 -0.0640 -0.3787
vn 0.9233 0.0640 0.3787
vn 0.4015 -0.6391 -0.6560
vn 0.7936 -0.4671 0.3900
vn 0.3498 0.2244 0.9096
vn -0.3199 0.2084 0.9243
vn 0.9820 0.1324 -0.1349
vn -0.1609 -0.7912 -0.5900
vn 0.1609 -0.7912 -0.5900
vn -0.9876 0.1052 -0.1166
vn -0.8778 0.0074 0.4790
vn 0.8778 0.0074 0.4790
vn -0.9453 -0.2142 0.2462
vn 0.9464 -0.2026 0.2517
vn 0.9583 -0.1577 0.2381
vn 0.9671 -0.2503 -0.0455
vn 0.9671 0.2503 0.0455
vn -0.6475 -0.7439 0.1653
vn 0.6475 -0.7439 0.1653
vn -0.2925 0.8260 0.4819
vn 0.2925 0.8260 0.4818
vn 0.9890 0.0214 0.1461
vn -0.2459 0.0946 0.9647
vn -0.2459 -0.0946 -0.9647
vn -0.3540 -0.5598 -0.7492
vn 0.3540 -0.5598 -0.7492
vn -0.5070 0.5903 -0.6281
vn -0.5070 -0.5903 0.6281
vn -0.2180 -0.9756 0.0248
vn 0.8355 -0.1138 -0.5376
vn 0.8355 0.1138 0.5376
vn 0.6221 0.1407 -0.7702
vn -0.6221 0.1407 -0.7702
vn -0.9670 -0.1516 -0.2047
vn 0.8709 -0.4811 0.1001
vn 0.8709 0.4811 -0.1001
vn 0.2985 0.7019 -0.6467
vn 0.2985 -0.7019 0.6467
vn -0.1155 0.5774 0.8083
vn 0.1155 0.5774 0.8083
vn -0.9728 -0.1798 -0.1464
vn 0.9448 -0.0625 -0.3216
vn 0.9448 0.0625 0.3216
vn 0.9874 -0.1314 -0.0882
vn -0.7983 0.0398 0.6009
vn -0.7651 -0.6217 0.1673
vn 0.7651 -0.6217 0.1673
vn 0.9736 -0.1785 -0.1420
vn 0.8980 -0.3631 0.2484
vn -0.9934 -0.1061 0.0439
vn -0.9934 0.1061 -0.0439
vn 0.6670 -0.1150 0.7361
vn 0.6670 0.1150 -0.7361
vn 0.9836 0.1182 -0.1361
vn 0.9886 -0.0942 0.1177
vn 0.7988 0.0412 0.6002
vn -0.6094 0.6521 0.4510
vn -0.2936 0.7047 -0.6459
vn 0.2936 0.7047 -0.6459
vn -0.9870 -0.1363 -0.0854
vn -0.9081 0.3761 -0.1842
vn 0.9523 -0.1886 -0.2400
vn 0.9814 0.1018 0.1631
vn -0.9724 -0.0159 0.2329
vn -0.9724 0.0159 -0.2329
vn 0.6640 0.6155 0.4246
vn 0.0546 -0.9979 0.0334
vn 0.0664 -0.9926 0.1012
vn -0.7787 -0.1390 0.6118
vn 0.7787 -0.1390 0.6118
vn 0.2489 0.0957 0.9638
vn -0.2489 0.0957 0.9638
vn -0.9741 0.1059 0.1998
vn 0.9952 0.0904 0.0375
vn -0.2696 0.5778 0.7704
vn -0.2696 -0.5778 -0.7704
vn 0.9337 -0.2929 0.2061
vn 0.9570 -0.1425 -0.2528
vn -0.9570 -0.1425 -0.2528
vn 0.8097 -0.5837 0.0605
vn 0.9842 0.1540 -0.0873
vn -0.9842 0.1540 -0.0873
vn -0.4746 0.5301 0.7027
vn 0.4746 0.5301 0.7027
vn 0.8364 -0.4879 -0.2498
vn -0.8364 -0.4879 -0.2498
vn 0.6623 -0.0067 -0.7492
vn 0.6623 0.0067 0.7492
vn -0.0669 0.5749 0.8155
vn 0.0669 0.5749 0.8155
vn 0.2376 0.9163 -0.3224
vn -0.2376 0.9163 -0.3224
vn -0.2363 0.0447 0.9707
vn 0.2363 0.0447 0.9707
vn 0.2435 0.9553 0.1675
vn -0.2435 0.9553 0.1675
vn 0.7417 0.6592 -0.1236
vn 0.7417 -0.6592 0.1236
vn 0.8258 -0.5582 0.0801
vn 0.9072 0.0213 -0.4201
vn -0.9072 0.0213 -0.4201
vn 0.8827 -0.4698 -0.0138
vn 0.8911 0.3976 -0.2189
vn -0.3538 -0.9198 -0.1698
vn 0.6252 0.7548 0.1982
vn 0.6252 -0.7548 -0.1982
vn 0.7790 -0.1008 -0.6189
vn 0.0476 0.8870 0.4593
vn 0.0476 -0.8870 -0.4593
vn -0.7829 -0.0506 -0.6201
vn 0.1762 -0.2936 0.9395
vn 0.1762 0.2936 -0.9395
vn -0.9278 0.2741 -0.2530
vn 0.9278 0.2741 -0.2530
vn 0.9828 -0.1673 0.0787
vn 0.0872 -0.0610 0.9943
vn -0.0872 -0.0610 0.9943
vn 0.9922 -0.1217 -0.0281
vn 0.9922 0.1217 0.0281
vn 0.2099 0.9775 0.0226
vn -0.2099 0.9775 0.0226
vn -0.9647 0.1696 -0.2014
vn 0.9619 0.1793 -0.2065
vn -0.7850 -0.5549 -0.2752
vn -0.3964 -0.2774 -0.8752
vn 0.9461 0.0807 0.3136
vn -0.9461 0.0807 0.3136
vn 0.3964 -0.2774 -0.8752
vn 0.1550 -0.6609 -0.7343
vn 0.6538 0.6924 0.3052
vn -0.6538 0.6924 0.3052
vn -0.2649 0.2649 0.9272
vn -0.2649 -0.2649 -0.9272
vn 0.9420 0.1843 0.2804
vn 0.4609 -0.8861 0.0494
vn -0.9931 0.0167 0.1162
vn -0.7187 -0.0527 -0.6934
vn -0.7218 0.0347 0.6913
vn -0.9513 0.1586 0.2643
vn 0.4472 -0.5367 -0.7156
vn -0.4472 -0.5367 -0.7156
vn 0.2794 -0.7904 -0.5451
vn -0.2794 -0.7904 -0.5451
vn 0.9146 -0.1452 0.3774
vn -0.8700 -0.4840 -0.0940
vn -0.9541 -0.0578 -0.2938
vn -0.7261 -0.6126 0.3122
vn 0.9802 -0.0261 0.1960
vn -0.7868 0.1124 -0.6069
vn 0.7868 0.1124 -0.6069
vn -0.9853 0.0158 0.1699
vn -0.7347 0.5698 0.3682
vn -0.7347 -0.5698 -0.3682
vn -0.9316 -0.1242 0.3416
vn -0.1216 -0.9589 -0.2565
vn 0.1127 -0.9511 -0.2877
vn -0.1902 0.6846 0.7037
vn 0.1902 0.6846 0.7037
vn -0.8497 0.3965 -0.3476
vn -0.8486 0.4718 -0.2392
vn -0.7812 0.2708 -0.5625
vn 0.7812 0.2708 -0.5625
vn 0.8288 -0.1363 0.5427
vn 0.8095 0.1109 -0.5766
vn 0.4257 0.8715 -0.2433
vn -0.4257 0.8715 -0.2433
vn -0.7562 0.0900 -0.6481
vn 0.7562 0.0900 -0.6481
vn 0.3787 -0.0864 -0.9215
vn -0.3631 -0.0870 -0.9277
vn 0.5534 0.0314 -0.8323
vn 0.9626 0.2569 -0.0865
vn -0.9626 0.2569 -0.0865
vn -0.5126 -0.8361 0.1953
vn 0.6383 -0.7508 0.1698
vn -0.9506 -0.2782 0.1376
vn 0.3049 -0.9504 0.0608
vn -0.9506 0.2782 -0.1376
vn 0.9057 0.1535 0.3951
vn -0.3352 -0.8938 -0.2979
vn 0.2759 -0.7587 -0.5901
vn -0.2759 -0.7587 -0.5901
vn -0.7448 0.6650 0.0547
vn -0.4668 0.1864 0.8645
vn 0.6236 0.0599 0.7794
vn 0.6236 -0.0599 -0.7794
vn 0.8012 -0.4931 -0.3390
vn -0.8012 -0.4931 -0.3390
vn -0.5618 -0.0200 -0.8270
vn 0.8646 -0.4701 0.1775
vn 0.6378 -0.7323 -0.2388
vn -0.6378 -0.7323 -0.2388
vn 0.7517 -0.4811 0.4511
vn -0.7517 -0.4811 0.4511
vn -0.9225 0.1878 0.3373
vn 0.3661 -0.0380 0.9298
vn -0.7875 -0.5475 -0.2830
vn 0.7775 -0.1727 -0.6047
vn 0.7974 0.3877 -0.4625
vn -0.8041 0.3590 -0.4738
vn 0.5012 0.0960 0.8600
vn 0.4483 -0.2775 0.8497
vn -0.4664 -0.2739 0.8411
vn 0.1708 -0.6770 -0.7159
vn 0.1708 0.6770 0.7159
vn 0.1682 -0.7906 -0.5888
vn 0.8034 -0.4726 -0.3623
vn -0.8034 -0.4726 -0.3623
vn -0.8181 0.0191 0.5748
vn 0.8181 0.0191 0.5748
vn 0.4176 -0.0149 -0.9085
vn 0.9549 -0.0354 0.2947
vn -0.2473 0.5314 0.8102
vn 0.2473 0.5314 0.8102
vn 0.3794 0.5357 0.7544
vn 0.3794 -0.5357 -0.7544
vn 0.0486 -0.6646 -0.7456
vn 0.0513 0.6576 0.7516
vn -0.3015 -0.9045 -0.3015
vn 0.7369 -0.0036 -0.6760
vn -0.3889 0.0365 -0.9206
vn -0.5181 -0.8549 0.0259
vn -0.5182 0.8549 -0.0259
vn 0.2924 0.2147 0.9319
vn -0.7642 0.0291 -0.6443
vn -0.9419 0.3214 0.0972
vn -0.7155 -0.5366 0.4472
vn 0.4475 0.0309 -0.8938
vn 0.3951 -0.7408 0.5433
vn -0.3951 -0.7408 0.5433
vn 0.0828 -0.7448 -0.6621
vn -0.4325 -0.8783 -0.2038
vn 0.0035 -0.7763 -0.6303
vn -0.3569 0.1202 0.9264
vn 0.7615 -0.0956 -0.6411
vn 0.9621 -0.0535 -0.2672
vn 0.9621 0.0535 0.2672
vn -0.7656 -0.0915 -0.6368
vn -0.0731 0.5246 0.8482
vn 0.0682 0.5262 0.8476
vn 0.9944 0.0947 0.0474
vn -0.8019 -0.5703 -0.1782
vn 0.9944 -0.0947 -0.0474
vn 0.7176 0.0297 -0.6958
vn -0.9532 0.2885 0.0908
vn 0.9532 0.2885 0.0908
vn 0.9147 0.3544 0.1943
vn 0.9147 -0.3544 -0.1943
vn 0.1094 -0.9711 -0.2120
vn -0.3207 -0.4147 -0.8516
vn -0.0000 0.8321 0.5546
vn 0.1086 -0.5430 0.8327
vn -0.0416 -0.9559 -0.2908
vn -0.9798 -0.0392 0.1960
vn 0.9798 -0.0392 0.1960
vn 0.3924 -0.2770 -0.8771
vn -0.9759 -0.0975 -0.1952
vn -0.5718 0.2728 -0.7737
vn 0.8390 0.5361 0.0932
vn 0.8390 -0.5361 -0.0932
vn -0.5852 -0.2556 0.7695
vn -0.8140 0.0657 0.5771
vn 0.8579 -0.4716 0.2039
vn -0.8579 -0.4716 0.2039
vn 0.3242 -0.9320 -0.1621
vn 0.3242 0.9320 0.1621
vn 0.9726 0.2227 0.0673
vn 0.9726 -0.2226 -0.0673
vn -0.3237 -0.0317 0.9456
vn -0.9755 0.2151 -0.0450
vn 0.9755 0.2151 -0.0450
vn 0.3345 -0.0512 0.9410
vn 0.2723 -0.4153 -0.8680
vn -0.2723 -0.4153 -0.8680
vn 0.8944 0.4473 -0.0000
vn 0.1162 0.9300 0.3487
vn -0.4346 -0.3052 0.8473
vn -0.1078 0.4569 0.8830
vn 0.0998 0.4564 0.8842
vn 0.7432 -0.6443 0.1804
vn -0.7432 -0.6443 0.1804
vn 0.3426 -0.0591 0.9376
vn 0.4539 -0.2482 0.8558
vn 0.3127 0.1219 -0.9420
vn 0.9939 -0.1080 0.0216
vn -0.9939 -0.1080 0.0216
vn -0.3314 -0.0871 -0.9395
vn 0.3386 -0.4836 -0.8071
vn -0.3386 -0.4836 -0.8071
vn 0.3585 -0.0396 -0.9327
vn 0.7290 0.1501 -0.6679
vn -0.7290 0.1501 -0.6679
vn -0.9195 -0.1696 0.3547
vn 0.9331 -0.1213 0.3384
vn 0.1893 -0.7109 -0.6773
vn -0.5376 0.8427 -0.0287
vn 0.1091 0.9789 -0.1731
vn -0.2064 0.9283 0.3094
vn -0.2064 -0.9283 -0.3094
vn 0.7621 0.0435 0.6460
vn 0.7621 -0.0435 -0.6460
vn -0.9894 -0.0127 -0.1444
vn 0.9041 0.3179 -0.2856
vn 0.9041 -0.3179 0.2856
vn 0.6461 -0.0670 -0.7603
vn -0.6525 -0.0849 -0.7530
vn -0.6739 -0.0500 0.7371
vn 0.6751 -0.0514 0.7360
vn 0.2011 0.2178 -0.9551
vn 0.7567 0.6116 0.2310
vn -0.1897 0.2530 -0.9487
vn -0.5593 -0.7588 -0.3339
vn 0.9348 -0.1348 -0.3287
vn 0.9348 0.1348 0.3287
vn 0.2312 0.4877 0.8418
vn 0.9790 0.1223 -0.1632
vn -0.9790 0.1223 -0.1632
vn -0.0000 -0.9864 0.1644
vn -0.0000 0.9864 -0.1644
vn -0.2163 -0.0427 0.9754
vn -0.9259 -0.3580 -0.1205
vn 0.3954 -0.7722 0.4974
vn 0.2572 -0.0382 0.9656
vn -0.4102 -0.7685 0.4911
vn 0.2873 -0.0205 -0.9576
vn 0.5773 0.5773 0.5774
vn 0.1147 -0.5487 -0.8281
vn 0.1147 0.5487 0.8281
vn 0.2970 -0.0341 0.9543
vn -0.6116 0.1088 0.7837
vn 0.6293 0.0858 0.7724
vn -0.6765 -0.2953 0.6746
vn 0.7764 0.4582 0.4327
vn 0.3138 0.5027 -0.8055
vn -0.3138 0.5027 -0.8055
vn -0.7787 -0.5371 -0.3243
vn -0.5690 -0.7916 0.2227
vn -0.6501 0.6711 -0.3565
vn 0.8089 0.0404 -0.5865
vn -0.8089 0.0404 -0.5865
vn 0.6765 0.1706 -0.7164
vn -0.6765 0.1706 -0.7164
vn -0.6863 0.0811 0.7228
vn 0.6863 0.0811 0.7228
vn -0.3469 -0.9081 0.2346
vn -0.6643 0.0377 -0.7465
vn 0.7034 0.0329 -0.7100
vn -0.0838 0.3473 0.9340
vn -0.0784 -0.3470 -0.9346
vn -0.5776 0.0352 -0.8156
vn -0.5250 -0.2484 0.8140
vn 0.5819 0.0312 -0.8127
vn 0.7713 0.1021 -0.6282
vn 0.7713 -0.1021 0.6282
vn 0.8935 0.0738 -0.4430
vn 0.7918 -0.5365 -0.2917
vn -0.7918 -0.5366 -0.2917
vn 0.5345 -0.2673 0.8018
vn 0.8901 -0.1226 0.4389
vn 0.1902 -0.4229 -0.8860
vn 0.1902 0.4229 0.8860
vn -0.8641 0.4857 0.1318
vn -0.8641 -0.4857 -0.1318
vn 0.0255 0.7905 -0.6119
vn -0.5516 0.0583 0.8321
vn 0.1825 0.8062 -0.5628
vn 0.5516 0.0583 0.8321
vn -0.2031 0.8026 -0.5609
vn -0.0340 0.9174 -0.3964
vn -0.0327 -0.9171 0.3974
vn -0.4966 -0.8630 0.0928
vn 0.4790 0.2130 0.8516
vn 0.2952 0.7733 -0.5611
vn -0.2952 0.7733 -0.5611
vn 0.3762 -0.2083 0.9028
vn -0.4376 -0.0257 -0.8988
vn 0.4376 -0.0257 -0.8988
vn -0.3814 0.0225 0.9241
vn 0.4706 -0.6186 0.6292
vn -0.4706 -0.6186 0.6292
vn -0.7647 0.3149 -0.5623
vn 0.7975 0.3262 -0.5075
vn -0.4038 -0.0454 -0.9137
vn 0.0984 0.9407 0.3245
vn 0.0984 -0.9407 -0.3245
vn 0.6165 0.1292 0.7766
vn -0.9124 0.0563 -0.4055
vn 0.9124 0.0563 -0.4055
vn -0.6172 0.1184 0.7779
vn 0.4494 0.1572 -0.8794
vn -0.4494 0.1572 -0.8794
vn -0.9202 -0.2706 0.2827
vn 0.9202 -0.2706 0.2827
vn 0.3392 0.2584 -0.9045
vn -0.7014 -0.1891 0.6873
vn 0.7014 -0.1891 0.6873
vn -0.0000 0.5369 0.8437
vn 0.7613 -0.1339 -0.6344
vn -0.7613 -0.1339 -0.6344
vn 0.8005 0.0750 0.5947
vn 0.8286 -0.4118 -0.3794
vn -0.8286 -0.4118 -0.3794
vn -0.6524 0.6772 0.3404
vn -0.6621 -0.6787 -0.3178
vn 0.7912 -0.5933 0.1484
vn 0.7912 0.5933 -0.1484
vn -0.5366 -0.1086 0.8368
vn -0.9937 0.0397 -0.1044
vn 0.9937 0.0397 -0.1044
vn -0.8123 -0.0410 -0.5818
vn 0.5539 -0.0949 0.8271
vn -0.7206 -0.1360 0.6799
vn -0.7220 0.1783 -0.6685
vn -0.4374 -0.1478 -0.8871
vn 0.6887 -0.6436 -0.3338
vn -0.6887 -0.6436 -0.3338
vn -0.4248 0.2518 0.8696
vn 0.1390 -0.9509 -0.2766
vn -0.1390 -0.9509 -0.2766
vn 0.0730 -0.4988 -0.8637
vn 0.0730 0.4988 0.8637
vn -0.3836 0.0397 -0.9226
vn 0.8170 0.0219 -0.5763
vn 0.8128 0.0213 0.5821
vn -0.6103 -0.7456 -0.2674
vn 0.6103 -0.7456 -0.2674
vn -0.3515 -0.8529 0.3861
vn 0.0282 -0.6482 0.7610
vn -0.6900 -0.1359 -0.7109
vn 0.9249 -0.0360 -0.3784
vn -0.0598 0.3525 0.9339
vn 0.0565 0.3523 0.9342
vn -0.3736 -0.0286 0.9272
vn 0.3597 -0.0491 -0.9318
vn -0.3597 -0.0491 -0.9318
vn 0.5033 0.8421 0.1936
vn 0.5033 -0.8421 -0.1936
vn 0.9474 0.2909 -0.1336
vn -0.9474 0.2909 -0.1336
vn -0.2685 -0.2204 0.9377
vn 0.2685 -0.2204 0.9377
vn 0.7315 0.1066 -0.6734
vn -0.6513 0.2420 -0.7191
vn -0.9991 0.0411 -0.0068
vn -0.9991 -0.0411 0.0068
vn 0.9991 0.0411 -0.0068
vn 0.9991 -0.0411 0.0068
vn -0.7301 0.0992 -0.6761
vn -0.8146 0.0688 -0.5760
vn -0.1317 0.5552 0.8212
vn -0.1317 -0.5552 -0.8212
vn -0.9557 -0.0439 -0.2911
vn -0.8268 -0.0576 0.5596
vn 0.1684 -0.3766 -0.9109
vn 0.0930 -0.5393 -0.8369
vn -0.1684 -0.3766 -0.9109
vn -0.0720 0.5992 0.7974
vn -0.0154 -0.9904 0.1375
vn 0.7781 0.6280 -0.0105
vn -0.4820 0.0388 -0.8753
vn -0.4762 -0.0886 0.8749
vn 0.7642 0.0799 -0.6400
vn -0.7761 -0.2425 -0.5821
vn -0.1824 0.3537 -0.9174
vn 0.1824 0.3537 -0.9174
vn 0.4852 0.4850 0.7276
vn -0.7740 0.1295 0.6198
vn -0.8118 0.0130 0.5838
vn 0.6176 0.0605 0.7841
vn 0.7653 -0.2290 -0.6016
vn 0.2460 0.3937 -0.8857
vn -0.2460 0.3937 -0.8857
vn 0.0129 0.1414 0.9899
vn 0.0129 -0.1414 -0.9899
vn -0.9436 0.1635 0.2879
vn -0.9436 -0.1635 -0.2879
vn 0.8090 -0.5795 0.0985
vn 0.8090 0.5795 -0.0985
vn -0.9674 0.2060 0.1475
vn -0.7528 0.0703 -0.6545
vn 0.9386 -0.2805 -0.2006
vn 0.4680 0.8829 0.0386
vn -0.4680 0.8829 0.0386
vn 0.2479 -0.9640 -0.0964
vn -0.2479 -0.9640 -0.0964
vn -0.9779 -0.1775 -0.1101
vn 0.9779 -0.1775 -0.1101
vn 0.7899 0.1094 0.6034
vn -0.7317 0.3620 -0.5776
vn -0.3537 0.9150 -0.1938
vn 0.7964 -0.1177 -0.5932
vn 0.6565 -0.7289 -0.1940
vn 0.6565 0.7289 0.1940
vn 0.8814 0.3662 0.2983
vn -0.8918 0.2751 0.3593
vn 0.8918 0.2751 0.3593
vn -0.0000 -0.5369 -0.8437
vn -0.8974 -0.4410 0.0128
vn -0.2524 -0.0000 0.9676
vn -0.2180 -0.0271 -0.9756
vn -0.0000 -0.3511 0.9363
vn 0.7512 0.3425 0.5643
vn 0.9002 -0.4246 -0.0963
vn -0.9002 -0.4246 -0.0963
vn -0.3697 0.0832 -0.9254
vn 0.3706 0.0813 -0.9252
vn -0.3245 -0.8111 -0.4867
vn -0.9560 -0.2738 0.1057
vn -0.9560 0.2738 -0.1057
vn 0.8298 -0.5454 0.1186
vn 0.4424 0.0291 0.8963
vn -0.2783 0.2942 -0.9143
vn 0.2783 0.2942 -0.9143
vn -0.4424 0.0291 0.8963
vn -0.5283 0.5577 0.6402
vn -0.5283 -0.5577 -0.6402
vn -0.1693 -0.5509 -0.8172
vn -0.1693 0.5509 0.8172
vn -0.2599 -0.9654 -0.0206
vn 0.2599 -0.9654 -0.0206
vn -0.4621 -0.5959 0.6567
vn 0.9702 -0.0000 0.2425
vn -0.2873 0.7404 0.6077
vn -0.2873 -0.7404 -0.6077
vn 0.7060 0.2420 -0.6656
vn -0.7060 0.2420 -0.6656
vn -0.4511 0.6049 -0.6562
vn -0.4623 -0.6993 0.5453
vn 0.0502 -0.3316 -0.9421
vn 0.0480 0.3313 0.9423
vn 0.2997 -0.4662 0.8324
vn -0.1577 -0.9242 -0.3479
vn 0.6621 0.4798 0.5757
vn 0.6279 -0.4983 -0.5979
vn -0.9601 0.2348 -0.1520
vn -0.7581 0.3791 -0.5306
vn 0.7581 0.3791 -0.5306
vn 0.9048 0.4256 -0.0145
vn 0.0998 0.2474 -0.9637
vn -0.0998 0.2474 -0.9637
vn -0.9418 -0.3291 0.0681
vn -0.9418 0.3291 -0.0681
vn 0.6492 -0.4637 0.6029
vn -0.4957 -0.1193 0.8602
vn -0.4957 0.1193 -0.8602
vn 0.6667 -0.6667 0.3333
vn 0.6667 0.6667 -0.3333
vn 0.9803 0.0218 0.1961
vn -0.2498 -0.9656 0.0725
vn 0.2391 -0.9683 0.0717
vn 0.7789 0.2362 -0.5810
vn 0.7914 -0.2758 0.5455
vn -0.9837 -0.1424 0.1095
vn 0.9837 -0.1424 0.1095
vn 0.9706 -0.1630 0.1771
vn 0.9706 0.1630 -0.1771
vn -0.6401 -0.1848 -0.7457
vn -0.4337 -0.8866 -0.1608
vn -0.2038 0.2770 0.9390
vn 0.2038 0.2770 0.9390
vn -0.0967 -0.2357 0.9670
vn 0.0966 -0.2414 0.9656
vn 0.0781 -0.1008 0.9918
vn 0.0781 0.1008 -0.9918
vn -0.9811 0.1668 -0.0981
vn -0.4345 0.2618 -0.8618
vn 0.4345 0.2618 -0.8618
vn -0.4473 -0.8944 -0.0000
vn 0.9786 -0.0807 0.1892
vn -0.9786 -0.0807 0.1892
vn -0.2118 0.9736 -0.0847
vn -0.0447 0.3255 0.9445
vn 0.1408 -0.3981 -0.9065
vn -0.9340 0.3222 0.1541
vn -0.9340 -0.3222 -0.1541
vn -0.0000 0.3560 0.9345
vn -0.0000 -0.3560 -0.9345
vn -0.6194 -0.6698 -0.4095
vn 0.6623 0.0984 0.7428
vn -0.6623 0.0984 0.7428
vn 0.2219 -0.9610 -0.1651
vn 0.7798 -0.3639 0.5095
vn -0.7798 -0.3639 0.5095
vn -0.9787 0.0133 -0.2046
vn 0.9787 0.0133 -0.2046
vn -0.9771 -0.1472 0.1534
vn -0.9771 0.1472 -0.1535
vn -0.5100 -0.2183 0.8320
vn -0.0342 -0.9994 -0.0031
vn 0.0342 -0.9994 -0.0031
vn -0.9262 0.3252 0.1909
vn 0.9210 0.2654 0.2853
vn -0.5110 0.0970 0.8541
vn 0.1826 0.9129 -0.3651
vn 0.7073 0.3418 0.6188
vn -0.7073 0.3418 0.6188
vn 0.0394 -0.8927 -0.4490
vn 0.8735 0.1942 0.4464
vn 0.9371 -0.1042 -0.3332
vn 0.3415 -0.8406 0.4203
vn -0.3415 -0.8406 0.4203
vn -0.9849 0.1367 0.1062
vn -0.9562 0.2579 0.1382
vn 0.8628 -0.1991 0.4647
vn -0.8628 -0.1991 0.4647
vn -0.8569 0.5141 0.0373
vn 0.0408 0.9817 0.1861
vn -0.3352 0.9217 0.1955
vn 0.4077 0.8780 0.2509
vn 0.4077 -0.8780 -0.2509
vn 0.0421 -0.2847 -0.9577
vn -0.0404 -0.2847 -0.9578
vn -0.0365 0.9993 0.0017
vn 0.0365 0.9993 0.0017
vn -0.5888 -0.0925 0.8029
vn 0.5888 -0.0925 0.8029
vn -0.7631 -0.3339 0.5533
vn 0.7631 -0.3339 0.5533
vn -0.9559 -0.2868 0.0637
vn -0.7035 0.4363 -0.5610
vn 0.7035 0.4363 -0.5610
vn -0.9990 0.0448 -0.0069
vn -0.9990 -0.0448 0.0069
vn -0.9959 0.0893 -0.0137
vn 0.9959 0.0893 -0.0137
vn 0.9776 -0.0505 -0.2043
vn -0.9776 -0.0505 -0.2043
vn -0.9360 0.3516 0.0172
vn -0.9360 -0.3516 -0.0172
vn 0.3418 -0.9398 -0.0000
vn 0.3714 0.9285 -0.0000
vn 0.6861 -0.3743 -0.6238
vn 0.2700 -0.2583 -0.9276
vn -0.2700 -0.2583 -0.9276
vn -0.6861 -0.3743 -0.6238
vn 0.7571 0.5947 -0.2705
vn 0.7571 -0.5947 0.2705
vn -0.2830 0.2841 0.9161
vn -0.2830 -0.2841 -0.9161
vn 0.5436 -0.7666 -0.3419
vn 0.5436 0.7666 0.3419
vn 0.2570 -0.2701 0.9279
vn -0.2570 -0.2701 0.9279
vn -0.7093 0.3152 -0.6305
vn 0.7071 0.7071 -0.0000
vn 0.8595 -0.0268 -0.5104
vn -0.8595 -0.0268 -0.5104
vn -0.3537 0.2136 -0.9106
vn -0.3537 -0.2136 0.9106
vn -0.8830 0.4311 0.1855
vn -0.2539 -0.3809 -0.8891
vn 0.9930 0.1168 0.0183
vn 0.9747 -0.2228 -0.0186
vn 0.9747 0.2228 0.0186
vn 0.3421 0.8305 -0.4397
vn -0.2367 0.9467 -0.2184
vn 0.5240 0.7610 0.3826
vn -0.8561 0.4999 -0.1312
vn 0.8561 0.4999 -0.1312
vn 0.9753 -0.1701 -0.1407
vn -0.9753 -0.1701 -0.1407
vn 0.9156 -0.2014 0.3479
vn -0.6396 -0.6396 0.4263
vn 0.7553 -0.5035 0.4195
vn 0.1804 0.9543 0.2382
vn 0.2183 -0.8728 0.4364
vn 0.6038 -0.4831 -0.6341
vn 0.6930 0.4158 0.5890
vn 0.9064 0.0756 -0.4156
vn 0.9733 -0.0728 0.2176
vn 0.9064 -0.0756 0.4156
vn -0.5068 -0.2743 0.8173
vn -0.4657 -0.7116 -0.5261
vn 0.4657 -0.7116 -0.5261
vn -0.0000 0.3939 0.9191
vn -0.3016 0.3015 -0.9045
vn 0.3016 0.3015 -0.9045
vn -0.6140 -0.1116 0.7814
vn -0.8413 0.0764 -0.5352
vn 0.4282 0.8659 0.2585
vn -0.4282 0.8659 0.2585
vn 0.4497 -0.1304 -0.8836
vn 0.0061 -0.9558 0.2941
vn 0.4308 0.1561 0.8888
vn -0.2567 0.2824 -0.9243
vn 0.2567 0.2824 -0.9243
vn -0.0193 -0.2936 0.9557
vn -0.0211 0.2935 -0.9557
vn 0.4421 0.1474 -0.8847
vn 0.4421 -0.1474 0.8847
vn 0.7526 -0.6428 -0.1431
vn 0.7526 0.6428 0.1431
vn -0.2750 -0.7143 0.6436
vn -0.1622 0.1739 0.9713
vn 0.1622 0.1739 0.9713
vn -0.7060 0.6975 0.1229
vn -0.8651 0.4817 0.1399
vn -0.0000 0.3417 0.9398
vn -0.0000 -0.3417 -0.9398
vn 0.7583 -0.6052 -0.2422
vn -0.2453 -0.1364 0.9598
vn 0.2453 -0.1364 0.9598
vn -0.5326 0.0193 -0.8461
vn 0.6244 0.7321 0.2724
vn -0.9604 0.2029 0.1908
vn 0.5456 -0.0010 -0.8380
vn 0.0456 -0.3697 -0.9280
vn -0.0455 -0.3721 -0.9271
vn -0.1737 -0.7385 -0.6515
vn 0.1737 -0.7385 -0.6515
vn -0.9703 0.1433 0.1949
vn -0.9703 -0.1433 -0.1949
vn -0.1003 0.0780 0.9919
vn -0.9511 0.1958 0.2387
vn -0.9511 -0.1958 -0.2387
vn -0.4929 0.8363 0.2400
vn -0.5320 -0.0183 0.8466
vn -0.5263 0.0101 -0.8502
vn 0.8052 -0.4997 0.3193
vn 0.8052 0.4997 -0.3193
vn -0.0588 0.7058 0.7060
vn -0.0641 -0.7056 -0.7057
vn -0.0582 0.9828 0.1751
vn 0.9952 -0.0665 -0.0711
vn -0.9952 -0.0665 -0.0711
vn 0.9358 -0.2753 -0.2202
vn -0.5145 0.8575 -0.0000
vn 0.5000 -0.0525 -0.8645
vn -0.4937 -0.0439 -0.8685
vn 0.4768 0.3668 -0.7988
vn -0.4768 0.3668 -0.7988
vn 0.9856 0.0810 0.1485
vn -0.9856 0.0810 0.1485
vn 0.5913 -0.7897 -0.1636
vn -0.5913 -0.7897 -0.1636
vn -0.0327 -0.9801 -0.1960
vn -0.3840 -0.1832 -0.9050
vn -0.3345 0.5532 -0.7629
vn -0.4861 0.2398 -0.8404
vn -0.3345 0.1051 0.9365
vn 0.8393 0.2798 -0.4662
vn -0.9267 -0.2139 0.3089
vn 0.1579 0.9479 0.2765
vn 0.4240 -0.3180 -0.8480
vn -0.4725 -0.1681 -0.8652
vn -0.9990 -0.0432 0.0062
vn 0.9990 -0.0432 0.0062
vn -0.9990 0.0432 -0.0062
vn 0.4725 -0.1681 -0.8652
vn 0.7897 0.4262 0.4413
vn -0.5625 0.4500 -0.6937
vn 0.8956 0.4444 -0.0186
vn -0.8956 0.4444 -0.0186
vn -0.4189 -0.0687 0.9054
vn -0.0338 -0.9994 -0.0013
vn -0.0338 0.9994 0.0013
vn -0.9437 -0.2872 0.1641
vn -0.3600 0.2800 0.8900
vn -0.4216 0.9021 0.0923
vn 0.4216 0.9021 0.0923
vn 0.9059 0.0215 -0.4230
vn 0.9059 -0.0215 0.4230
vn -0.4156 -0.0260 0.9092
vn 0.4515 0.7337 -0.5078
vn 0.6310 0.5048 0.5890
vn -0.4251 -0.0354 -0.9045
vn 0.4358 -0.0245 0.8997
vn -0.4129 0.0477 0.9095
vn -0.3168 -0.4576 0.8308
vn 0.9560 0.0461 0.2899
vn 0.4645 -0.8374 -0.2882
vn -0.4645 -0.8374 -0.2882
vn 0.3814 0.8243 -0.4183
vn -0.3814 0.8243 -0.4183
vn -0.0059 0.8113 0.5846
vn -0.0262 -0.7356 0.6769
vn 0.1961 -0.5884 0.7845
vn -0.6741 0.1124 -0.7301
vn 0.2232 0.2245 0.9486
vn -0.2232 0.2245 0.9486
vn -0.0956 0.0837 0.9919
vn 0.1961 0.5884 -0.7845
vn 0.0815 -0.2618 -0.9617
vn 0.0816 0.2573 0.9629
vn 0.9106 0.2205 -0.3495
vn -0.9106 0.2205 -0.3495
vn -0.9296 0.1848 -0.3190
vn -0.3422 0.1339 -0.9300
vn 0.0340 -0.9994 -0.0013
vn -0.0340 -0.9994 -0.0013
vn 0.1399 -0.7305 -0.6684
vn -0.0720 0.0600 0.9956
vn -0.0000 0.1900 0.9818
vn 0.9456 -0.1455 0.2910
vn -0.9456 -0.1455 0.2910
vn 0.3638 0.0721 -0.9287
vn 0.2900 -0.1269 -0.9486
vn 0.2900 0.1269 0.9486
vn -0.0681 -0.5959 0.8002
vn 0.8899 -0.3376 -0.3069
vn 0.2995 -0.9534 -0.0357
vn -0.2995 -0.9534 -0.0357
vn 0.5345 -0.8018 -0.2672
vn 0.1527 0.8144 0.5598
vn 0.9706 0.0964 -0.2207
vn -0.9706 0.0964 -0.2207
vn -0.9539 0.1829 -0.2380
vn 0.9539 0.1829 -0.2380
vn 0.9718 -0.0972 0.2148
vn 0.9718 0.0972 -0.2148
vn -0.1350 0.3499 0.9270
vn 0.4257 0.0177 -0.9047
vn 0.8733 0.3742 -0.3120
vn 0.3898 0.8675 0.3091
vn 0.3898 -0.8675 -0.3091
vn -0.0317 -0.8219 -0.5688
vn -0.9517 -0.2624 -0.1595
vn -0.9505 -0.1829 0.2511
vn -0.1188 0.0770 0.9899
vn 0.1149 0.0772 0.9904
vn 0.3410 -0.2480 -0.9068
vn 0.2872 0.2154 -0.9334
vn 0.2746 -0.2345 0.9325
vn 0.9837 -0.1656 -0.0693
vn 0.9837 0.1656 0.0693
vn 0.8579 -0.4005 -0.3219
vn -0.8579 -0.4005 -0.3219
vn 0.6081 -0.5321 0.5891
vn 0.7010 0.5257 -0.4819
vn -0.9707 0.1000 0.2183
vn 0.1539 0.0179 0.9879
vn 0.1593 -0.0176 -0.9871
vn 0.9173 0.2663 0.2959
vn 0.8547 -0.4115 0.3165
vn -0.1325 0.0957 -0.9865
vn -0.0826 -0.9513 -0.2969
vn -0.0857 0.9510 0.2970
vn -0.9683 -0.0963 0.2306
vn 0.9683 -0.0963 0.2306
vn 0.2587 -0.1085 -0.9598
vn -0.2587 -0.1085 -0.9598
vn -0.9995 -0.0313 0.0039
vn -0.9995 0.0313 -0.0039
vn 0.1739 -0.9846 -0.0184
vn -0.1751 -0.9845 -0.0104
vn -0.4190 0.3492 0.8381
vn -0.6700 0.7387 -0.0735
vn -0.0109 -0.4961 0.8682
vn 0.2278 -0.0207 -0.9735
vn 0.2278 0.0207 0.9735
vn 0.3026 -0.1087 -0.9469
vn -0.3746 -0.6556 0.6557
vn 0.1607 -0.2732 -0.9484
vn -0.3844 -0.4543 -0.8037
vn -0.2117 -0.0885 -0.9733
vn -0.2192 0.0883 0.9717
vn -0.0085 0.6401 0.7682
vn -0.9587 0.2472 0.1403
vn -0.5270 -0.7379 -0.4217
vn -0.0000 -0.1104 -0.9939
vn -0.8375 -0.3000 0.4568
vn 0.4508 -0.6312 0.6312
vn -0.4030 0.0310 -0.9147
vn -0.9277 0.2553 -0.2724
vn 0.9277 0.2553 -0.2724
vn -0.3541 -0.1932 0.9150
vn -0.1469 0.5143 -0.8450
vn -0.5378 0.0672 -0.8404
vn -0.1656 0.1325 0.9772
vn -0.4129 -0.7664 -0.4921
vn 0.9414 -0.3371 0.0132
vn -0.7290 -0.6839 -0.0294
vn -0.0965 0.7725 0.6276
vn 0.9514 0.0106 0.3078
vn 0.2984 0.0725 0.9517
vn 0.2817 -0.1368 0.9497
vn -0.0365 -0.5460 0.8370
vn -0.2470 0.2038 -0.9474
vn 0.9719 -0.2328 0.0346
vn -0.4608 0.4864 -0.7424
vn -0.2583 0.1493 0.9545
vn 0.2500 0.1493 0.9567
vn -0.0000 0.2499 0.9683
vn -0.8465 0.5201 0.1139
vn 0.8465 0.5201 0.1139
vn -0.2182 -0.4364 0.8729
vn -0.5482 0.4569 0.7006
vn -0.4706 -0.2689 0.8403
vn -0.2152 0.0166 -0.9764
vn -0.9586 -0.0270 -0.2835
vn 0.9586 -0.0270 -0.2835
vn 0.1148 -0.4017 0.9086
vn 0.9993 0.0366 -0.0041
vn 0.9993 -0.0366 0.0041
vn -0.9993 0.0366 -0.0041
vn -0.9852 0.1353 -0.1057
vn 0.9852 0.1353 -0.1057
vn 0.2833 -0.0218 -0.9588
vn 0.2570 0.0203 -0.9662
vn -0.2492 0.0205 -0.9682
vn 0.6786 0.6281 0.3807
vn -0.8052 -0.5755 -0.1429
vn -0.2503 -0.0449 -0.9671
vn 0.9201 -0.3593 -0.1560
vn -0.0000 0.9939 -0.1104
vn 0.7960 0.3115 -0.5191
vn 0.8274 0.4896 -0.2750
vn -0.8274 0.4896 -0.2750
vn -0.3867 0.9040 0.1823
vn 0.3867 0.9040 0.1823
vn -0.0344 -0.9994 0.0048
vn 0.0344 -0.9994 0.0048
vn -0.3255 0.1126 -0.9388
vn 0.5273 -0.2481 0.8126
vn 0.7050 -0.5774 -0.4119
vn -0.7050 -0.5774 -0.4119
vn -0.7882 -0.4400 -0.4303
vn -0.5576 0.0892 -0.8253
vn -0.4540 0.2064 -0.8668
vn -0.8249 0.4593 0.3294
vn -0.0593 0.2540 -0.9654
vn 0.9177 -0.1841 0.3519
vn -0.0000 0.1104 0.9939
vn 0.6522 0.6784 0.3381
vn 0.8659 -0.3855 -0.3189
vn -0.3773 0.8257 0.4194
vn 0.2147 -0.7781 0.5903
vn 0.8177 0.1218 -0.5625
vn 0.5317 0.7802 0.3294
vn 0.0352 -0.9994 -0.0010
vn -0.0352 -0.9994 -0.0010
vn -0.9237 0.1556 0.3500
vn 0.9237 0.1556 0.3500
vn 0.2382 -0.2722 0.9323
vn -0.0194 0.7952 0.6060
vn 0.6696 0.7188 -0.1871
vn -0.6696 0.7188 -0.1871
vn 0.2749 0.9512 0.1401
vn -0.2749 0.9512 0.1401
vn -0.8463 0.1373 0.5147
vn 0.4013 -0.1615 0.9016
vn -0.9843 0.1523 -0.0887
vn 0.9843 0.1523 -0.0887
vn -0.9441 -0.1085 0.3113
vn 0.9441 -0.1085 0.3113
vn 0.8225 0.5557 0.1216
vn -0.8225 0.5557 0.1216
vn 0.9221 0.2229 -0.3162
vn -0.9221 0.2229 -0.3162
vn 0.4710 -0.2723 0.8390
vn 0.9775 -0.1777 -0.1137
vn 0.9854 0.0896 0.1450
vn 0.8451 -0.1690 -0.5071
vn -0.9364 0.0851 -0.3405
vn 0.9364 0.0851 -0.3405
vn -0.6939 0.5336 0.4835
vn 0.4680 0.8824 -0.0488
vn -0.4680 0.8824 -0.0488
vn 0.1102 -0.5894 0.8003
vn -0.4472 -0.8944 -0.0000
vn 0.7613 -0.2425 -0.6013
vn -0.3831 0.6529 0.6534
vn 0.9226 0.0994 -0.3726
vn -0.9226 0.0994 -0.3726
vn 0.8927 0.2558 -0.3711
vn -0.8927 0.2558 -0.3711
vn -0.5126 0.6269 -0.5867
vn -0.2728 -0.9620 -0.0117
vn 0.2863 -0.9579 -0.0220
vn -0.8333 0.3170 0.4529
vn -0.8333 -0.3170 -0.4529
vn 0.7872 -0.4897 -0.3750
vn -0.7872 -0.4897 -0.3750
vn 0.7366 -0.2829 -0.6143
vn 0.1436 -0.9894 -0.0220
vn -0.1368 -0.9906 -0.0099
vn 0.5370 -0.6803 -0.4988
vn -0.5370 -0.6803 -0.4988
vn 0.1122 0.7452 0.6574
vn 0.1478 -0.8330 -0.5332
vn 0.8220 0.1990 0.5335
vn -0.6288 -0.6125 0.4790
vn 0.8944 -0.0000 -0.4472
vn -0.8944 -0.0000 -0.4472
vn 0.9145 0.0471 -0.4018
vn -0.9145 0.0471 -0.4018
vn -0.3525 0.8591 0.3711
vn 0.3525 0.8591 0.3711
vn -0.8417 -0.3045 -0.4459
vn -0.8417 0.3045 0.4459
vn -0.1100 -0.8324 -0.5432
vn 0.9069 -0.0242 0.4206
vn 0.8618 -0.2721 -0.4281
vn -0.8199 -0.3925 0.4167
vn -0.8199 0.3925 -0.4167
vn -0.0943 0.8900 0.4461
vn 0.0943 0.8900 0.4461
vn -0.0815 -0.9763 0.2004
vn 0.0815 -0.9763 0.2004
vn 0.6964 -0.4974 -0.5173
vn -0.6964 -0.4974 -0.5173
vn -0.8785 0.0676 0.4730
vn 0.8785 0.0676 0.4730
vn 0.8691 -0.2391 0.4330
vn -0.8691 -0.2391 0.4330
vn 0.5411 0.8336 0.1108
vn 0.8751 -0.0795 0.4773
vn -0.8751 -0.0795 0.4773
vn -0.8692 0.0404 -0.4927
vn -0.8692 -0.0404 0.4927
vn 0.0407 -0.9782 0.2038
vn -0.0407 -0.9782 0.2038
vn 0.4544 -0.6963 -0.5557
vn 0.8091 0.0843 0.5816
vn -0.8604 0.0694 -0.5049
vn 0.8604 0.0694 -0.5049
vn -0.7406 -0.5419 0.3974
vn 0.7406 -0.5419 0.3974
vn -0.7294 0.4052 0.5511
vn 0.7294 0.4052 0.5511
vn 0.5920 0.8058 -0.0164
vn -0.2817 -0.6990 -0.6573
vn -0.8770 -0.1046 -0.4689
vn 0.8770 -0.1046 -0.4689
vn -0.6116 0.7701 0.1812
vn 0.7186 -0.3353 -0.6093
vn 0.8609 -0.2511 0.4424
vn -0.8609 -0.2511 0.4424
vn 0.8661 -0.0489 0.4974
vn 0.8661 0.0489 -0.4974
vn 0.8365 -0.1856 -0.5156
vn -0.6021 -0.5202 -0.6056
vn 0.8286 -0.0519 0.5575
vn -0.8286 -0.0519 0.5575
vn 0.4395 -0.5260 -0.7281
vn -0.4395 -0.5260 -0.7281
vn 0.4730 -0.5811 -0.6622
vn -0.6282 0.6096 -0.4835
vn -0.3381 0.7152 0.6118
vn 0.3381 0.7152 0.6118
vn -0.7061 -0.4298 -0.5628
vn -0.7061 0.4298 0.5628
vn -0.8285 0.0215 -0.5595
vn 0.8285 0.0215 -0.5595
vn -0.8631 -0.3443 0.3694
vn 0.6224 0.4164 0.6628
vn -0.1544 0.5205 0.8398
vn 0.1544 0.5205 0.8398
vn 0.8082 0.0540 -0.5864
vn 0.8082 -0.0540 0.5864
vn -0.3852 -0.6317 -0.6728
vn 0.8061 0.2242 0.5477
vn -0.8061 0.2242 0.5477
vn -0.5624 -0.7148 0.4157
vn 0.5758 -0.7127 0.4006
vn 0.4213 0.0117 -0.9069
vn -0.4213 0.0117 -0.9069
vn 0.8213 0.1017 -0.5613
vn 0.8213 -0.1017 0.5613
vn -0.2128 -0.7673 -0.6049
vn -0.6361 0.7419 -0.2120
vn -0.7909 -0.3461 0.5047
vn 0.7909 -0.3461 0.5047
vn -0.8093 -0.2150 -0.5466
vn 0.8093 -0.2150 -0.5466
vn -0.8111 0.1947 -0.5515
vn 0.8111 0.1947 -0.5515
vn -0.2098 0.0143 -0.9776
vn -0.2098 -0.0143 0.9776
vn -0.8412 -0.0765 0.5353
vn -0.8412 0.0765 -0.5353
vn 0.7926 -0.3344 0.5098
vn -0.7926 -0.3344 0.5098
vn 0.3366 0.8493 -0.4066
vn -0.3844 0.8427 -0.3770
vn 0.0983 -0.7446 -0.6603
vn 0.0939 0.7450 0.6604
vn -0.2515 0.9642 0.0838
vn -0.7753 0.0787 -0.6267
vn -0.7753 -0.0787 0.6267
vn 0.8144 0.0472 -0.5783
vn 0.8144 -0.0472 0.5783
vn 0.1659 -0.9261 0.3390
vn -0.1564 -0.9222 0.3536
vn 0.8142 0.0178 -0.5803
vn 0.8142 -0.0178 0.5803
vn -0.7305 0.0255 -0.6824
vn -0.7305 -0.0255 0.6824
vn -0.5579 0.4681 0.6853
vn -0.5579 -0.4681 -0.6853
vn -0.6425 -0.0192 -0.7661
vn -0.6425 0.0192 0.7661
vn 0.7002 0.3756 -0.6072
vn -0.7002 0.3756 -0.6072
vn -0.6857 -0.2929 -0.6664
vn -0.6857 0.2929 0.6664
vn 0.7181 0.0436 0.6946
vn 0.7181 -0.0436 -0.6946
vn -0.7071 -0.0000 0.7071
vn -0.6139 -0.1007 0.7829
vn -0.6139 0.1007 -0.7829
vn 0.0997 -0.9155 0.3898
vn -0.7444 0.4963 -0.4467
vn 0.6143 0.0455 0.7878
vn -0.6143 0.0455 0.7878
vn -0.7008 0.4132 -0.5816
vn 0.7008 0.4132 -0.5816
vn 0.1083 -0.9868 0.1203
vn 0.1942 -0.6441 -0.7399
vn 0.7298 0.2116 -0.6501
vn -0.7298 0.2116 -0.6501
vn -0.6227 -0.3492 -0.7002
vn 0.5782 -0.4723 -0.6653
vn -0.5782 -0.4723 -0.6653
vn -0.5970 -0.1878 0.7800
vn -0.5970 0.1878 -0.7800
vn -0.7181 -0.0436 -0.6946
vn -0.7181 0.0436 0.6946
vn -0.0534 0.6903 0.7215
vn -0.2738 0.6520 0.7070
vn -0.4834 -0.8728 0.0671
vn 0.5935 0.1224 -0.7955
vn 0.5935 -0.1224 0.7955
vn 0.1533 0.6289 0.7622
vn -0.6790 0.2907 0.6742
vn 0.6790 0.2907 0.6742
vn -0.5791 0.3950 0.7132
vn 0.7299 0.2485 -0.6367
vn -0.7299 0.2485 -0.6367
vn -0.6039 -0.1954 0.7727
vn 0.6039 -0.1954 0.7727
vn -0.5381 0.6964 -0.4748
vn 0.4828 0.4468 -0.7532
vn 0.5104 -0.4344 0.7421
vn 0.5727 0.1617 -0.8037
vn 0.5727 -0.1617 0.8037
vn 0.6473 0.0770 -0.7583
vn -0.6473 0.0770 -0.7583
vn -0.4241 0.0884 0.9013
vn 0.4241 0.0884 0.9013
vn -0.4228 0.1018 -0.9005
vn -0.4228 -0.1018 0.9005
vn 0.5193 0.0756 0.8512
vn -0.5193 0.0756 0.8512
vn 0.5944 0.0195 0.8039
vn -0.5944 0.0195 0.8039
vn -0.5051 -0.8212 0.2656
vn -0.5498 0.4608 -0.6967
vn -0.5186 -0.4765 0.7099
vn 0.1144 -0.9575 0.2649
vn -0.5140 0.2106 -0.8316
vn 0.5140 0.2106 -0.8316
vn 0.6247 0.0581 -0.7787
vn -0.6247 0.0581 -0.7787
vn -0.3728 -0.9140 -0.1601
vn -0.4738 -0.1033 -0.8746
vn 0.4738 -0.1033 -0.8746
vn -0.4863 0.1186 -0.8657
vn -0.4863 -0.1186 0.8657
vn 0.5761 0.2593 -0.7752
vn 0.5761 -0.2593 0.7752
vn 0.5178 0.0726 0.8524
vn -0.5178 0.0726 0.8524
vn -0.6898 0.3671 0.6240
vn -0.5944 -0.0195 -0.8039
vn 0.2494 -0.6749 0.6944
vn -0.3767 -0.4739 0.7959
vn -0.4168 0.4437 -0.7933
vn -0.5140 -0.2106 0.8316
vn -0.0202 -0.7287 -0.6845
vn 0.3119 0.1161 -0.9430
vn 0.3119 -0.1161 0.9430
vn 0.4749 -0.8005 -0.3655
vn 0.5981 -0.2518 0.7608
vn -0.5981 -0.2518 0.7608
vn 0.5294 -0.2625 -0.8068
vn -0.5294 -0.2625 -0.8068
vn -0.6249 -0.1771 -0.7603
vn -0.3496 0.4448 0.8246
vn 0.3496 0.4448 0.8246
vn 0.5495 0.8242 0.1373
vn -0.5027 -0.2244 -0.8348
vn 0.7968 0.2673 -0.5419
vn -0.2994 0.1813 0.9367
vn 0.2994 0.1813 0.9367
vn -0.3752 0.6821 -0.6276
vn -0.6361 0.2269 0.7374
vn -0.3334 -0.4846 0.8087
vn 0.3623 -0.4745 0.8022
vn 0.3088 0.1004 -0.9458
vn -0.3088 0.1004 -0.9458
vn 0.3484 0.2459 -0.9045
vn -0.3484 0.2459 -0.9045
vn 0.1364 -0.5044 0.8527
vn 0.1296 0.5168 -0.8462
vn -0.4587 -0.0736 0.8855
vn -0.4587 0.0736 -0.8855
vn 0.2485 0.0700 -0.9661
vn 0.2485 -0.0700 0.9661
vn -0.3070 0.1522 0.9395
vn 0.3070 0.1522 0.9395
vn -0.3873 -0.1255 -0.9134
vn 0.3873 -0.1255 -0.9134
vn 0.5328 -0.2501 -0.8084
vn 0.5328 0.2501 0.8084
vn -0.4090 -0.2825 0.8677
vn -0.4190 0.2662 -0.8681
vn 0.4553 0.0520 -0.8888
vn -0.4553 0.0520 -0.8888
vn 0.3100 -0.4585 -0.8328
vn -0.3100 -0.4585 -0.8328
vn -0.3577 0.2385 -0.9029
vn -0.3577 -0.2385 0.9029
vn 0.1529 0.4966 -0.8544
vn -0.1774 0.4901 -0.8534
vn 0.2468 -0.2259 -0.9424
vn -0.2468 -0.2259 -0.9424
vn 0.4527 -0.0704 0.8889
vn 0.2273 -0.0723 0.9711
vn -0.2273 -0.0723 0.9711
vn -0.4269 -0.4285 -0.7963
vn 0.2750 0.3031 -0.9124
vn -0.2750 0.3031 -0.9124
vn 0.3577 -0.2385 0.9029
vn 0.3577 0.2385 -0.9029
vn -0.0523 0.8941 -0.4449
vn 0.2975 0.6244 0.7223
vn 0.3846 0.2350 -0.8927
vn -0.3932 0.2184 -0.8931
vn 0.4573 0.0538 -0.8877
vn -0.4573 0.0538 -0.8877
vn 0.3447 -0.0758 0.9356
vn 0.3447 0.0758 -0.9356
vn 0.2284 -0.2155 -0.9494
vn -0.2284 -0.2155 -0.9494
vn 0.2609 -0.2943 0.9194
vn -0.2609 -0.2943 0.9194
vn -0.4573 -0.0538 0.8877
vn 0.4573 -0.0538 0.8877
vn 0.2814 0.2621 -0.9231
vn 0.2952 -0.2427 0.9241
vn -0.2795 0.1793 0.9433
vn 0.2795 0.1793 0.9433
vn -0.3320 0.3009 -0.8940
vn 0.3320 0.3009 -0.8940
vn 0.3453 0.0791 -0.9352
vn -0.3453 0.0791 -0.9352
vn -0.3668 -0.2072 -0.9069
vn 0.3668 -0.2072 -0.9069
vn -0.3785 0.1082 -0.9193
vn -0.3785 -0.1082 0.9193
vn 0.2996 0.2633 -0.9170
vn -0.2996 0.2633 -0.9170
vn -0.0855 0.4017 0.9118
vn -0.0805 -0.4023 -0.9120
vn 0.2080 -0.5005 -0.8404
vn 0.3370 -0.1744 -0.9252
vn 0.3370 0.1744 0.9252
vn 0.1848 0.4775 0.8590
vn -0.3544 -0.1667 0.9201
vn 0.3544 -0.1667 0.9201
vn -0.2489 -0.2552 0.9343
vn -0.2514 0.2322 -0.9396
vn 0.3470 0.2868 -0.8929
vn 0.3470 -0.2868 0.8929
vn -0.3071 -0.0966 0.9468
vn 0.3071 -0.0966 0.9468
vn 0.2760 -0.1890 -0.9424
vn -0.2760 -0.1890 -0.9424
vn -0.4793 0.1322 -0.8677
vn 0.4793 0.1322 -0.8677
vn -0.1297 -0.2537 0.9585
vn -0.1329 0.2426 -0.9610
vn -0.3848 -0.2138 -0.8979
vn 0.3848 -0.2138 -0.8979
vn 0.2836 -0.6513 0.7038
vn 0.3498 0.1725 -0.9208
vn -0.3498 0.1725 -0.9208
vn -0.3470 -0.2868 0.8929
vn -0.3470 0.2868 -0.8929
vn -0.4683 -0.1561 -0.8697
vn -0.4683 0.1561 0.8697
vn -0.0649 -0.8521 0.5194
vn 0.4463 -0.2339 0.8638
vn -0.4463 -0.2339 0.8638
vn 0.4030 -0.1313 0.9057
vn -0.4030 -0.1313 0.9057
vn 0.4905 -0.2308 -0.8403
vn -0.4905 -0.2308 -0.8403
vn -0.1342 0.3919 0.9102
vn 0.1261 0.3929 0.9109
vn 0.2760 0.1431 -0.9505
vn 0.2813 -0.1334 0.9503
vn 0.1492 0.2756 -0.9496
vn 0.1582 -0.2587 0.9529
vn -0.3400 0.1665 0.9256
vn 0.3400 0.1665 0.9256
vn 0.3215 0.2589 -0.9108
vn 0.3215 -0.2589 0.9108
vn -0.3498 -0.1725 0.9208
vn 0.3498 -0.1725 0.9208
vn -0.4564 -0.1798 -0.8714
vn 0.4564 -0.1798 -0.8714
vn 0.3919 0.2379 -0.8887
vn -0.3919 0.2379 -0.8887
vn 0.2373 -0.0770 -0.9684
vn -0.2373 -0.0770 -0.9684
vn -0.4813 0.2106 0.8509
vn 0.4813 0.2106 0.8509
vn -0.3285 -0.1294 0.9356
vn 0.3285 -0.1294 0.9356
vn 0.2572 -0.1059 0.9606
vn -0.2808 -0.1074 0.9538
vn 0.3215 0.2590 -0.9108
vn 0.3215 -0.2590 0.9108
vn 0.1590 0.2544 -0.9539
vn 0.1641 -0.2477 0.9548
vn 0.0929 0.9510 0.2949
vn -0.3759 0.1916 0.9066
vn -0.3397 -0.1998 -0.9191
vn 0.2673 0.8018 -0.5345
vn 0.3409 0.2153 -0.9151
vn -0.3409 0.2153 -0.9151
vn -0.1445 0.8882 0.4361
vn 0.6810 -0.4256 -0.5958
vn 0.6810 0.4256 0.5958
vn 0.5292 0.1841 -0.8283
vn -0.5292 0.1841 -0.8283
vn 0.1800 -0.1500 0.9722
vn 0.1939 0.1508 -0.9694
vn 0.4455 0.8240 -0.3502
vn -0.3158 0.0958 -0.9440
vn -0.3423 -0.0961 0.9346
vn 0.1507 0.2652 -0.9523
vn 0.1493 -0.2538 0.9557
vn 0.1006 0.0604 0.9931
vn -0.4438 -0.8320 0.3328
vn 0.1623 -0.9733 0.1623
vn -0.3479 -0.9277 0.1353
vn 0.3932 -0.2063 -0.8960
vn -0.3575 -0.2168 -0.9084
vn 0.2337 -0.0785 -0.9691
vn 0.2337 0.0785 0.9691
vn -0.0000 -0.8000 -0.6000
vn -0.0000 0.8000 0.6000
vn -0.0000 0.8000 -0.6000
vn -0.0000 -0.8000 0.6000
vn -0.5252 0.4989 0.6894
vn 0.5252 0.4989 0.6894
vn 0.5673 0.5403 0.6214
vn -0.5673 0.5403 0.6214
vn 0.5774 -0.5774 0.5773
vn 0.5381 0.5650 -0.6255
vn 0.5381 -0.5650 0.6255
vn 0.0927 -0.9736 0.2086
vn -0.0847 -0.9737 0.2117
vn -0.5298 -0.5298 -0.6623
vn 0.5298 -0.5298 -0.6623
vn -0.4310 0.5460 0.7184
vn -0.4310 -0.5460 -0.7184
vn 0.5368 0.5684 -0.6236
vn -0.5368 0.5684 -0.6236
vn 0.0088 0.7520 0.6591
vn -0.0088 0.7520 0.6591
vn -0.2925 0.5174 -0.8042
vn 0.2925 0.5174 -0.8042
vn 0.0253 0.7508 -0.6601
vn 0.0253 -0.7508 0.6601
vn 0.4702 0.2044 0.8586
vn -0.6355 0.4708 0.6120
vn 0.6355 0.4708 0.6120
vn 0.1906 0.3002 0.9346
vn -0.5738 0.1793 -0.7992
vn 0.5738 0.1793 -0.7992
vn -0.5866 -0.8078 0.0577
vn 0.2144 -0.3055 -0.9277
vn 0.2068 -0.1825 0.9612
vn 0.2225 0.1832 -0.9576
vn -0.1539 -0.8431 0.5152
vn -0.1299 0.5471 -0.8269
vn 0.4017 -0.6249 -0.6695
vn -0.3550 -0.6410 -0.6805
vn 0.0850 0.9572 -0.2766
vn 0.1762 0.4192 -0.8907
vn 0.1732 -0.4026 0.8988
vn 0.8111 -0.3244 -0.4867
vn 0.8111 0.3244 0.4867
vn 0.2215 -0.6316 -0.7430
vn 0.1155 -0.6945 -0.7101
vn -0.2225 -0.1832 0.9576
vn -0.2166 -0.9206 0.3249
vn 0.1100 0.8172 -0.5658
vn 0.1432 -0.0802 -0.9864
vn 0.1335 0.0801 0.9878
vn 0.3679 -0.5859 -0.7221
vn -0.3239 -0.5998 -0.7317
vn 0.1674 -0.4117 0.8958
vn -0.1827 -0.4098 0.8937
vn 0.1250 -0.7707 0.6249
vn -0.6061 -0.7935 0.0550
vn 0.6040 0.4106 -0.6831
vn -0.8752 -0.2841 0.3916
vn 0.8752 -0.2841 0.3916
vn -0.2570 -0.8995 0.3534
vn -0.2630 -0.9638 0.0438
vn 0.9354 0.2435 0.2563
vn 0.5317 -0.2407 -0.8120
vn -0.8120 -0.5537 -0.1846
vn -0.8120 0.5537 0.1846
vn 0.1168 0.8763 -0.4673
vn 0.0745 0.5997 0.7968
vn -0.3395 -0.3812 -0.8599
vn -0.2540 -0.8890 -0.3810
vn -0.2975 0.8758 0.3801
vn 0.3370 0.8578 -0.3881
vn 0.5252 0.8497 0.0463
vn 0.0076 -0.4623 0.8867
vn 0.3034 0.8015 -0.5153
vn 0.2781 -0.8080 0.5194
vn -0.1108 -0.7760 0.6209
vn -0.6667 -0.6666 -0.3333
vn 0.6667 -0.6666 -0.3333
vn 0.0226 0.4000 -0.9162
vn 0.0043 0.1853 -0.9827
vn -0.8971 -0.0440 0.4397
vn 0.8971 -0.0440 0.4397
vn 0.0995 0.3157 -0.9436
vn -0.1551 -0.7176 0.6789
vn 0.6400 0.6656 0.3839
vn -0.4765 -0.4061 -0.7798
vn -0.3020 -0.6240 0.7207
vn -0.3369 0.8421 0.4211
vn -0.2857 -0.8571 -0.4286
vn -0.2946 -0.3502 -0.8892
vn 0.4263 0.6587 -0.6200
vn 0.3903 -0.6742 0.6269
vn -0.7877 0.3581 0.5012
vn 0.7877 0.3581 0.5012
vn -0.3424 0.5615 0.7533
vn 0.2956 0.5675 0.7685
vn 0.4416 0.2557 -0.8600
vn 0.3967 -0.2714 0.8769
vn -0.1421 0.3553 -0.9239
vn -0.2652 -0.4266 0.8647
vn 0.6285 -0.7762 -0.0503
vn -0.2035 -0.9244 0.3226
vn -0.0511 0.0766 0.9958
vn -0.0619 0.8666 -0.4952
vn -0.4921 0.5905 -0.6397
vn 0.0458 0.9381 -0.3432
vn 0.7420 0.6360 0.2120
vn 0.9129 -0.1826 0.3652
vn -0.8944 -0.0000 0.4473
vn -0.5971 -0.6964 -0.3981
vn -0.7872 -0.2530 -0.5624
vn -0.8018 -0.5346 0.2672
vn 0.1420 -0.3554 -0.9239
vn -0.6984 0.6014 0.3880
vn -0.2423 0.8700 0.4294
vn 0.4651 0.7704 -0.4361
vn -0.9923 -0.0000 -0.1240
vn 0.4082 0.4083 0.8165
vn -0.4082 0.4083 0.8165
vn 0.9501 0.1267 0.2850
vn -0.9501 0.1267 0.2850
vn -0.9666 -0.2196 -0.1318
vn -0.0000 1.0000 -0.0000
vn 0.4082 -0.8166 -0.4082
vn 0.7420 0.2121 0.6360
vn 0.5122 -0.3841 0.7682
vn -0.5834 -0.3889 -0.7131
vn -0.0106 -0.0940 0.9955
vn -0.1961 -0.0000 0.9806
vn 0.8320 -0.0000 0.5547
vn -0.8320 -0.0000 0.5547
vn -0.0302 -0.4227 -0.9058
vn 0.4414 -0.8828 0.1605
vn -0.5374 0.8305 -0.1466
vn 0.9731 -0.2013 0.1119
vn -0.4346 0.8948 -0.1022
vn -0.4527 -0.0704 0.8889
vn 0.3906 0.1302 0.9113
vn -0.3906 0.1302 0.9113
vn 0.5717 -0.0549 0.8186
vn 0.6301 -0.0813 0.7723
vn 0.6301 0.0813 -0.7723
vn -0.1241 -0.2351 -0.9640
vn 0.6099 -0.1162 0.7839
vn -0.4364 -0.8729 -0.2181
vn -0.6163 -0.7043 0.3523
vn -0.3862 0.0964 -0.9173
vn 0.2423 0.8700 0.4294
vn -0.9923 -0.0000 0.1240
vn 0.7071 -0.7071 -0.0000
vn -0.8254 -0.3624 0.4328
vn -0.8254 0.3624 -0.4328
vn -0.1469 -0.9552 0.2571
vn -0.9154 0.2683 -0.2999
vn 0.2726 -0.3749 -0.8861
vn -0.2294 0.2622 -0.9373
vn 0.1846 0.1616 0.9694
vn -0.6286 -0.7752 0.0629
vn -0.7220 0.3539 -0.5946
vn -0.3324 0.2996 -0.8943
vn -0.7818 -0.5277 -0.3323
vn -0.7818 0.5277 0.3323
vn 0.1789 -0.0000 -0.9839
vn 0.7844 0.5603 0.2661
vn -0.1501 0.1544 0.9765
vn -0.1501 -0.1544 -0.9765
vn -0.4123 -0.8505 -0.3265
vn -0.3097 -0.8701 0.3834
vn -0.9344 0.3353 -0.1202
vn 0.3411 -0.7417 -0.5775
vn -0.3411 -0.7417 -0.5775
vn 0.8018 -0.2673 0.5345
vn -0.9126 0.4076 -0.0310
vn 0.1789 -0.2386 -0.9545
vn 0.9478 0.3002 -0.1072
vn 0.0791 -0.9151 -0.3954
vn -0.0840 -0.9161 -0.3920
vn 0.4933 -0.4434 0.7483
vn 0.9872 -0.0752 0.1410
vn -0.9872 -0.0752 0.1410
vn 0.1957 0.3968 -0.8968
vn 0.8181 -0.5092 -0.2672
vn -0.9487 0.2607 -0.1789
vn -0.9435 0.1048 -0.3145
vn -0.7728 0.0509 0.6327
vn 0.9657 -0.0033 0.2597
vn -0.8948 -0.1663 0.4144
vn 0.8948 -0.1663 0.4144
vn 0.9435 0.0745 0.3228
vn -0.7926 -0.2502 -0.5561
vn -0.0364 -0.9159 0.3998
vn -0.9620 0.0614 0.2661
vn 0.9620 0.0614 0.2661
vn -0.5934 0.4181 0.6878
vn 0.0159 0.1077 -0.9941
vn 0.4664 -0.3132 -0.8273
vn -0.3272 -0.8942 -0.3054
vn -0.9773 0.1629 -0.1357
vn 0.8543 0.0854 -0.5126
vn -0.7643 0.2229 -0.6052
vn -0.7643 -0.2229 0.6052
vn 0.6751 -0.1447 -0.7234
vn 0.6318 -0.2192 0.7435
vn 0.7602 0.4413 0.4767
vn 0.0993 -0.1572 -0.9826
vn 0.0993 0.1572 0.9826
vn -0.1164 -0.0090 0.9932
vn 0.3075 0.2614 0.9149
vn -0.0251 -0.3153 -0.9487
vn -0.1312 -0.9429 -0.3062
vn -0.1509 0.9484 0.2788
vn -0.8507 0.3856 0.3573
vn -0.8611 -0.3673 -0.3517
vn 0.5742 0.4859 0.6589
vn -0.3159 -0.9342 0.1657
vn -0.0208 -0.9675 0.2520
vn -0.0251 0.9406 -0.3386
vn 0.4790 0.7498 0.4565
vn 0.4831 0.6792 0.5526
vn 0.9344 0.3353 -0.1202
vn 0.2108 -0.9775 -0.0005
vn 0.2384 -0.8157 -0.5271
vn -0.2384 -0.8157 -0.5271
vn 0.0703 0.6972 -0.7134
vn -0.9943 -0.0106 0.1058
vn 0.6167 -0.2883 -0.7325
vn -0.9405 0.2986 0.1622
vn -0.8372 -0.0138 0.5466
vn -0.2557 0.2847 0.9239
vn 0.2557 0.2847 0.9239
vn 0.5934 0.4181 0.6878
vn 0.5704 0.2333 -0.7875
vn -0.2177 0.4123 0.8846
vn -0.4664 -0.3132 -0.8273
vn 0.7993 0.1142 -0.5900
vn -0.8675 -0.2892 -0.4048
vn -0.6834 0.2563 -0.6836
vn 0.6053 0.2494 -0.7559
vn -0.2757 0.9150 -0.2945
vn -0.5503 0.2679 0.7908
vn 0.5503 0.2679 0.7908
vn 0.5045 0.1859 -0.8431
vn 0.9706 -0.1161 -0.2110
vn 0.1164 -0.0090 0.9932
vn -0.2541 -0.4276 -0.8675
vn 0.2621 -0.0874 0.9611
vn -0.5774 -0.5773 -0.5774
vn -0.4703 -0.7947 -0.3838
vn 0.0302 0.1361 0.9902
vn 0.0838 -0.1954 -0.9771
vn -0.1674 -0.1522 -0.9741
vn 0.0886 -0.2067 -0.9744
vn -0.2487 -0.2261 -0.9418
vn -0.0708 0.2834 0.9564
vn -0.1570 -0.5234 -0.8375
vn -0.2461 -0.2137 -0.9454
vn -0.2358 -0.4776 -0.8464
vn 0.0360 -0.5106 -0.8591
vn 0.3524 0.2173 0.9103
vn -0.0439 -0.8539 0.5186
vn 0.0805 0.4023 0.9119
vn 0.0493 -0.7567 0.6519
vn -0.1754 0.3977 0.9006
vn 0.3349 0.1401 0.9318
vn 0.2189 -0.1703 -0.9608
vn 0.2066 0.0243 0.9781
vn 0.1823 -0.0972 -0.9784
vn -0.0000 -0.0000 -1.0000
vn -0.1234 0.7735 -0.6217
vn 0.8148 -0.4935 -0.3041
vn -0.0495 -0.8457 0.5313
vn 0.0187 0.8051 -0.5928
vn 0.0077 -0.8232 0.5677
vn 0.3102 -0.6722 0.6722
vn -0.7266 -0.1614 -0.6679
vn 0.2359 -0.6314 0.7387
vn -0.3121 0.0534 -0.9486
vn 0.2844 0.1113 -0.9522
vn -0.3503 0.3105 -0.8837
vn -0.3070 -0.2825 0.9088
vn -0.5786 -0.8075 -0.1145
vn 0.6569 -0.0190 0.7538
vn -0.2084 0.4676 -0.8590
vn 0.0246 0.1730 -0.9846
vn -0.1543 0.6172 -0.7715
vn -0.1851 -0.5226 0.8322
vn 0.4098 0.1478 0.9001
vn -0.7326 0.2289 -0.6410
vn 0.5345 0.2673 0.8018
vn -0.8060 0.2828 -0.5200
vn 0.6493 -0.0906 -0.7551
vn -0.6493 -0.0906 -0.7551
vn -0.3963 -0.2160 0.8923
vn 0.0092 -0.9613 0.2755
vn -0.9564 0.2916 0.0172
vn 0.8695 -0.4938 -0.0107
vn 0.5631 -0.2041 0.8008
vn 0.8703 0.4924 0.0114
vn 0.2217 0.9472 -0.2317
vn -0.4078 0.5190 -0.7512
vn -0.8772 -0.4505 0.1660
vn 0.0702 -0.1754 -0.9820
vn -0.0702 -0.1754 -0.9820
vn 0.7159 0.3021 -0.6294
vn 0.5016 -0.8643 0.0386
vn -0.4471 -0.8764 0.1789
vn -0.1925 0.1924 0.9622
vn -0.1925 -0.1924 -0.9622
vn -0.6170 -0.5923 0.5182
vn -0.1468 0.8981 -0.4146
vn 0.0674 -0.6200 0.7817
vn -0.4042 -0.3883 0.8282
vn 0.0878 0.4974 -0.8631
vn 0.8901 -0.3461 0.2966
vn -0.9824 -0.0655 -0.1746
vn 0.9238 -0.0177 -0.3825
vn -0.9712 0.1999 -0.1297
vn 0.1485 -0.5971 0.7883
vn 0.9573 0.2840 -0.0542
vn -0.7627 -0.5508 0.3390
vn -0.7627 0.5508 -0.3390
vn 0.5774 -0.5773 0.5774
vn -0.5773 -0.5773 0.5774
vn 0.0598 -0.1496 -0.9869
vn 0.0598 0.1496 0.9869
vn 0.8483 0.1400 -0.5107
vn 0.9156 0.3985 -0.0538
vn -0.0976 0.1951 0.9759
vn 0.1037 0.1850 0.9772
vn 0.3528 0.6726 0.6505
vn 0.7969 0.1070 -0.5946
vn -0.0582 -0.9315 -0.3590
vn -0.1373 -0.8725 0.4688
vn 0.1925 -0.1924 -0.9622
vn 0.7435 0.1168 0.6585
vn 0.2217 -0.8968 -0.3829
vn -0.2876 0.8468 -0.4474
vn -0.3365 -0.1278 -0.9330
vn 0.0474 -0.0947 -0.9944
vn 0.0474 0.0947 0.9944
vn -0.6469 0.0125 -0.7624
vn 0.9429 0.3232 0.0808
vn -0.1024 -0.1024 0.9895
vn -0.1091 0.0982 -0.9892
vn 0.0287 -0.2873 0.9574
vn 0.0285 0.2846 -0.9582
vn -0.0293 -0.8956 0.4440
vn -0.6964 -0.5793 0.4236
vn 0.0101 -0.1005 -0.9949
vn 0.7211 -0.0684 0.6895
vn -0.2370 0.2896 -0.9274
vn 0.9871 -0.0159 0.1592
vn 0.5747 0.1575 -0.8031
vn -0.7584 0.0107 -0.6517
vn -0.0822 -0.4343 0.8970
vn 0.7383 0.4512 0.5013
vn -0.1731 0.2117 0.9619
vn 0.7383 -0.4512 -0.5013
vn 0.3747 -0.6509 0.6602
vn 0.2873 -0.1966 -0.9375
vn -0.8846 0.4424 0.1475
vn -0.2116 0.2520 -0.9443
vn 0.1130 0.1556 -0.9813
vn 0.0552 -0.1187 -0.9914
vn -0.3128 -0.2227 -0.9233
vn 0.1811 0.9571 0.2263
vn -0.0403 -0.8334 0.5511
vn -0.0090 -0.6749 -0.7379
vn 0.2580 0.8169 -0.5159
vn 0.2231 -0.2029 -0.9534
vn 0.2231 0.2029 0.9534
vn -0.3123 -0.1291 0.9412
vn 0.1444 -0.8249 -0.5465
vn 0.3079 0.1837 -0.9335
vn 0.0672 -0.8404 0.5378
vn 0.1996 -0.1426 -0.9694
vn 0.1996 0.1426 0.9694
vn 0.6926 0.6793 0.2426
vn 0.4377 0.8106 0.3890
vn 0.2810 0.4086 -0.8684
vn 0.2810 -0.4086 0.8684
vn 0.3294 -0.3581 0.8737
vn -0.2618 -0.5983 0.7573
vn 0.6926 -0.6793 -0.2426
vn -0.2792 -0.8220 0.4963
vn 0.3361 0.9282 -0.1600
vn 0.3361 -0.9281 0.1600
vn 0.1938 0.8883 -0.4165
vn -0.0432 -0.9940 0.1008
vn -0.0432 0.9940 -0.1008
vn 0.5091 -0.8512 0.1278
vn 0.0413 0.4823 -0.8750
vn -0.4691 -0.0782 -0.8797
vn -0.6597 -0.7037 0.2639
vn 0.1562 -0.9370 0.3123
vn 0.5088 0.8501 -0.1361
vn 0.3827 -0.0479 0.9226
vn -0.3827 -0.0479 0.9226
vn -0.0587 -0.9982 -0.0098
vn 0.2006 0.8971 -0.3937
vn 0.6693 -0.3620 0.6488
vn 0.3166 0.8888 -0.3313
vn 0.1520 -0.9458 0.2871
vn -0.2357 -0.9428 0.2357
vn 0.0473 0.9944 -0.0947
vn 0.3236 0.8942 -0.3093
vn -0.0169 0.9947 -0.1011
vn 0.6597 0.7272 -0.1894
vn -0.0133 -0.9792 -0.2026
vn -0.0138 0.9792 0.2026
vn -0.6624 0.7278 -0.1778
vn -0.9269 0.2181 -0.3054
vn -0.4883 0.8390 0.2403
vn -0.4953 -0.8477 -0.1899
vn 0.3255 -0.9316 0.1619
vn -0.4552 -0.8674 0.2013
vn 0.0511 0.9137 -0.4032
vn -0.1489 0.8877 -0.4356
vn 0.9013 -0.3466 0.2600
vn -0.0532 0.9841 0.1697
vn -0.0536 -0.9839 -0.1705
vn -0.8363 0.3041 0.4562
vn -0.9233 0.2078 -0.3231
vn -0.6169 0.4551 -0.6422
vn 0.1864 0.9210 -0.3420
vn 0.4685 -0.6247 0.6247
vn -0.9446 0.2569 -0.2041
vn 0.4472 0.8943 -0.0135
vn 0.6631 0.5157 -0.5425
vn 0.7428 0.5570 0.3715
vn -0.6706 0.4797 -0.5658
vn 0.5866 -0.8066 -0.0732
vn 0.1956 0.0652 0.9785
vn -0.9450 0.2554 -0.2043
vn -0.6240 -0.2902 -0.7256
vn -0.6240 0.2902 0.7256
vn 0.3690 0.9046 -0.2134
vn 0.7252 0.6216 0.2960
vn 0.9115 -0.3130 0.2670
vn -0.5218 0.8161 -0.2482
vn -0.0058 0.9712 0.2382
vn -0.0057 -0.9712 -0.2382
vn -0.3219 0.9344 -0.1524
vn 0.4534 0.8912 -0.0156
vn 0.7122 0.6031 0.3593
vn 0.7122 -0.6031 -0.3593
vn -0.7576 -0.5893 -0.2806
vn -0.7576 0.5893 0.2806
vn 0.1116 0.1562 -0.9814
vn 0.1116 -0.1562 0.9814
vn -0.7114 -0.6791 0.1808
vn -0.8897 -0.4146 0.1911
vn -0.0812 0.1137 -0.9902
vn -0.0812 -0.1137 0.9902
vn 0.9771 0.1503 0.1503
vn -0.9771 0.1503 0.1503
vn -0.9424 0.2570 -0.2142
vn -0.5945 -0.7881 0.1595
vn 0.1999 0.8969 -0.3944
vn 0.6690 0.5256 0.5256
vn -0.6690 0.5256 0.5256
vn -0.2212 -0.6179 -0.7545
vn -0.1543 0.6172 0.7715
vn 0.0182 -0.9618 -0.2731
vn 0.0179 0.9618 0.2731
vn -0.4130 -0.9012 0.1314
vn -0.9863 -0.0344 -0.1615
vn -0.9839 0.0337 0.1758
vn -0.2633 0.7979 -0.5422
vn 0.0778 0.6228 0.7785
vn 0.0778 -0.6228 -0.7785
vn -0.9991 -0.0000 0.0434
vn 0.9523 0.2232 0.2083
vn -0.3707 -0.8839 0.2851
vn -0.9776 -0.0564 0.2030
vn 0.9808 0.0112 0.1947
vn 0.9942 -0.0942 -0.0524
vn -0.9564 -0.0973 -0.2756
vn -0.9564 0.0973 0.2756
vn 0.9943 0.0870 0.0622
vn -0.9212 -0.2335 0.3114
vn -0.9212 0.2335 -0.3114
vn -0.7016 -0.3034 0.6447
vn -0.7016 0.3034 -0.6447
vn 0.4689 0.8736 -0.1301
vn -0.5607 0.7998 -0.2144
vn 0.5607 0.7998 -0.2144
vn 0.7563 0.5466 -0.3594
vn 0.3812 0.9008 0.2079
vn 0.3812 -0.9008 -0.2079
vn 0.1426 -0.2241 -0.9641
vn -0.1426 -0.2241 -0.9641
vn -0.9956 -0.0620 0.0705
vn 0.9956 -0.0620 0.0705
vn -0.1921 0.7942 -0.5765
vn -0.1921 -0.7942 0.5765
vn -0.0421 0.9823 0.1824
vn -0.9923 -0.0000 0.1241
vn 0.9815 -0.0924 0.1674
vn 0.9815 0.0924 -0.1674
vn -0.7357 -0.5171 -0.4374
vn -0.1833 0.7535 0.6314
vn -0.1833 -0.7535 -0.6314
vn -0.7764 0.0044 -0.6303
vn -0.1325 0.9772 0.1656
vn -0.8178 -0.0172 0.5753
vn 0.0189 -0.9356 -0.3526
vn -0.0187 -0.9356 -0.3525
vn 0.1218 0.6280 -0.7686
vn 0.1218 -0.6280 0.7686
vn 0.5269 -0.4715 0.7072
vn 0.5501 0.4633 -0.6948
vn 0.8239 0.4627 0.3273
vn 0.7132 -0.7005 -0.0250
vn 0.2664 -0.7548 0.5994
vn 0.2664 0.7548 -0.5994
vn 0.7071 -0.0001 0.7071
vn 0.7071 0.0002 -0.7071
vn -0.4688 0.8742 -0.1263
vn -0.6963 0.1740 -0.6963
vn 0.6963 0.1739 -0.6963
vn -0.9460 -0.3116 0.0890
vn 0.9460 -0.3116 0.0890
vn -0.2387 -0.7956 0.5569
vn -0.5782 -0.8030 -0.1445
vn 0.5782 -0.8030 -0.1445
vn -0.6048 -0.0931 0.7909
vn -0.9879 -0.0292 0.1520
vn 0.9744 -0.0058 0.2248
vn -0.6048 0.0931 -0.7909
vn 0.8728 -0.4365 0.2181
vn -0.8728 -0.4365 0.2181
vn 0.4462 0.8909 0.0850
vn -0.2951 0.9295 0.2213
vn -0.2951 -0.9295 -0.2213
vn 0.6412 0.7124 -0.2850
vn 0.6412 -0.7124 0.2850
vn -0.2183 0.8728 0.4365
vn 0.2183 0.8728 0.4365
vn 0.8247 -0.2910 0.4850
vn -0.8246 -0.2909 0.4852
vn 0.2850 -0.7125 0.6412
vn 0.0068 -0.9995 -0.0297
vn 0.0381 0.8598 0.5092
vn -0.0376 0.8596 0.5096
vn 0.0434 -0.9988 -0.0217
vn -0.8612 0.2122 0.4618
vn -0.8612 -0.2122 -0.4618
vn -0.4916 -0.8563 0.1586
vn 0.3951 -0.4896 -0.7773
vn -0.3951 -0.4896 -0.7773
vn -0.9113 -0.1303 0.3906
vn -0.7825 0.6218 -0.0322
vn -0.7825 -0.6218 0.0322
vn 0.7211 -0.5074 -0.4718
vn 0.6842 0.6589 0.3125
vn -0.3587 -0.8968 0.2590
vn 0.8279 -0.2760 -0.4883
vn -0.8279 -0.2760 -0.4883
vn -0.6823 -0.6823 0.2624
vn 0.6823 -0.6823 0.2624
vn -0.6684 0.0095 0.7437
vn 0.6684 0.0095 0.7437
vn 0.5937 0.2545 -0.7634
vn -0.8997 -0.0947 -0.4262
vn 0.1316 -0.8578 0.4968
vn 0.1316 0.8578 -0.4968
vn 0.0004 0.7071 0.7071
vn -0.5450 0.7410 -0.3923
vn -0.9875 0.0705 -0.1411
vn 0.2913 -0.3885 -0.8742
vn -0.8430 0.0145 -0.5378
vn -0.4995 -0.8417 -0.2049
vn -0.0711 0.8360 0.5441
vn 0.0717 0.8366 0.5430
vn 0.8751 -0.2599 -0.4083
vn 0.8751 0.2599 0.4083
vn 0.3308 -0.1103 -0.9372
vn 0.3308 0.1103 0.9372
vn 0.3036 -0.3396 -0.8902
vn 0.3036 0.3396 0.8902
vn -0.8585 -0.4996 -0.1154
vn 0.0149 0.8659 0.5000
vn -0.0150 0.8658 0.5002
vn -0.7399 -0.4036 -0.5382
vn 0.1301 0.8808 0.4553
vn 0.1307 -0.8796 -0.4575
vn -0.3590 -0.3590 0.8615
vn -0.3590 0.3590 -0.8615
vn 0.0718 -0.8623 -0.5013
vn -0.0783 -0.8619 -0.5011
vn -0.3187 0.3101 0.8957
vn -0.3187 -0.3101 -0.8957
vn -0.5397 0.7440 -0.3939
vn -0.1828 -0.3422 -0.9217
vn -0.4713 0.7515 0.4617
vn -1.0000 -0.0000 -0.0000
vn 0.7402 -0.0065 0.6723
vn 0.7319 0.0980 0.6743
vn 0.9539 -0.1590 0.2543
vn -0.9806 -0.0000 0.1961
vn 0.2762 -0.2762 0.9206
vn 0.2762 0.2762 -0.9206
vn -0.8615 0.3590 -0.3590
vn -0.8922 -0.1274 -0.4333
vn -0.4980 0.3112 0.8094
vn 0.4980 0.3112 0.8094
vn 0.9354 -0.3508 0.0438
vn 0.7070 0.0001 0.7072
vn -0.8650 -0.4653 -0.1879
vn 0.8609 0.5026 -0.0796
vn -0.8609 0.5026 -0.0796
vn 0.9507 -0.0238 -0.3091
vn 0.9507 0.0238 0.3091
vn -0.9572 0.0359 0.2872
vn 0.9572 0.0359 0.2872
vn 0.2747 -0.9615 -0.0000
vn -0.9622 0.1925 -0.1925
vn -0.9622 -0.1925 0.1925
vn 0.2803 -0.8383 -0.4677
vn -0.5569 0.2387 -0.7956
vn -0.7673 -0.2441 0.5930
vn -0.7673 0.2441 -0.5930
vn 0.6834 0.2563 -0.6836
vn -0.8622 -0.4939 0.1130
vn -0.8622 0.4939 -0.1130
vn 0.2631 -0.0219 0.9645
vn 0.4861 0.8046 0.3411
vn 0.3184 0.8986 0.3019
vn 0.3184 -0.8986 -0.3019
vn -0.7758 0.5419 0.3231
vn -0.9047 0.3010 0.3016
vn -0.5498 -0.6645 -0.5061
vn -0.1277 -0.6062 -0.7850
vn -0.9428 0.2358 0.2358
vn 0.9040 -0.1554 0.3983
vn 0.3163 -0.9487 -0.0000
vn -0.4471 -0.8945 -0.0000
vn 0.7048 -0.5840 0.4028
vn -0.1669 0.7164 0.6774
vn 0.7010 -0.2378 0.6723
vn -0.1633 0.4082 0.8981
vn -0.1633 -0.4082 -0.8981
vn 0.4138 -0.9104 -0.0000
vn 0.3846 0.9231 -0.0000
vn 0.7428 0.3714 0.5571
vn 0.7428 -0.3714 -0.5571
vn 0.9802 0.0544 0.1905
vn 0.9802 -0.0544 -0.1905
vn -0.7808 -0.3904 0.4879
vn -0.7808 0.3904 -0.4879
vn -0.5726 -0.3436 -0.7443
vn 0.5726 -0.3436 -0.7443
vn 0.6401 -0.4481 -0.6241
vn 0.6401 0.4481 0.6241
vn 0.3679 -0.9196 0.1380
vn -0.3077 -0.9231 0.2308
vn -0.7807 -0.3904 0.4880
vn 0.7807 -0.3904 0.4880
vn -0.7396 0.1849 0.6472
vn 0.5547 -0.0000 -0.8320
vn 0.5547 -0.0000 0.8320
vn -0.7845 -0.5884 -0.1957
vn 0.4904 -0.5519 -0.6745
vn 0.5774 0.5773 0.5774
vn -0.1297 0.6553 0.7441
vn -0.0070 -0.5819 0.8132
vn -0.2579 -0.8169 -0.5159
vn 0.0232 0.6667 0.7450
vn 0.7176 0.6697 -0.1913
vn 0.7176 -0.6697 0.1913
vn 0.5781 -0.4346 -0.6906
vn -0.5781 -0.4346 -0.6906
vn 0.4713 0.7515 0.4617
vn -0.5105 0.0464 -0.8586
vn 0.7449 -0.2674 0.6113
vn -0.1965 -0.9544 0.2246
vn 0.2024 -0.9543 0.2198
vn 0.5918 0.7939 0.1398
vn 0.9532 0.2648 -0.1456
vn -0.8280 0.2173 -0.5170
vn -0.6612 0.2688 -0.7004
vn -0.2494 -0.1687 -0.9536
vn 0.8815 -0.4501 -0.1428
vn 0.5918 -0.7939 -0.1398
vn 0.8709 0.3428 -0.3521
vn 0.0803 0.0489 -0.9956
vn 0.8815 0.4501 0.1428
vn -0.8709 0.3428 -0.3521
vn -0.6053 0.2494 -0.7559
vn 0.6167 0.2883 0.7325
vn -0.2787 0.5643 -0.7771
vn -0.1638 -0.9831 0.0819
vn 0.3030 -0.5051 0.8081
vn -0.3097 0.0996 -0.9456
vn 0.1800 0.7267 -0.6630
vn -0.3800 -0.3296 0.8643
vn -0.7107 -0.5649 0.4192
vn 0.0069 -0.5607 0.8280
s 0
f 3//1 1//1 2//1 5//1
f 9//2 10//2 7//2 8//2
f 12//3 11//3 7//3 8//3
f 13//4 8//4 9//4 17//4
f 11//5 14//5 10//5 7//5
f 13//6 8//6 12//6 15//6
f 12//7 15//7 27//7 11//7
f 16//8 24//8 14//8 10//8
f 17//9 25//9 15//9 13//9
f 27//10 11//10 14//10 24//10
f 19//11 18//11 23//11 20//11
f 17//12 22//12 28//12 25//12
f 25//13 15//13 27//13 28//13
f 22//14 21//14 26//14 28//14
f 18//15 34//15 33//15 23//15
f 40//16 19//16 20//16 31//16
f 42//17 35//17 18//17 19//17
f 32//18 36//18 30//18 29//18
f 20//19 23//19 55//19 54//19
f 35//20 18//20 34//20 57//20
f 41//21 30//21 29//21 38//21
f 46//22 38//22 29//22 32//22
f 96//23 94//23 5//23 3//23
f 37//24 43//24 44//24 39//24
f 31//25 71//25 54//25 20//25
f 49//26 32//26 36//26 52//26
f 45//27 37//27 43//27 50//27
f 64//28 36//28 30//28 41//28
f 40//29 86//29 42//29 19//29
f 39//30 44//30 51//30 47//30
f 23//31 33//31 84//31 55//31
f 53//32 60//32 41//32 38//32
f 46//33 32//33 49//33 65//33
f 34//34 74//34 62//34 33//34
f 46//35 68//35 53//35 38//35
f 61//36 50//36 45//36 56//36
f 77//37 63//37 31//37 40//37
f 51//38 47//38 59//38 66//38
f 52//39 75//39 64//39 36//39
f 75//40 52//40 49//40 65//40
f 60//41 41//41 64//41 78//41
f 34//42 57//42 82//42 74//42
f 69//43 73//43 55//43 54//43
f 76//44 65//44 46//44 68//44
f 78//45 60//45 53//45 68//45
f 56//46 61//46 79//46 67//46
f 63//47 95//47 71//47 31//47
f 72//48 83//48 66//48 59//48
f 92//49 71//49 54//49 69//49
f 84//50 100//50 62//50 33//50
f 85//51 76//51 65//51 75//51
f 55//52 84//52 88//52 73//52
f 85//53 78//53 64//53 75//53
f 97//54 86//54 40//54 77//54
f 68//55 78//55 85//55 76//55
f 79//56 67//56 80//56 87//56
f 89//57 81//57 72//57 83//57
f 91//58 69//58 73//58 93//58
f 106//59 42//59 35//59 103//59
f 80//60 81//60 89//60 87//60
f 103//61 107//61 57//61 35//61
f 92//62 69//62 91//62 98//62
f 73//63 93//63 99//63 88//63
f 102//64 95//64 71//64 92//64
f 84//65 100//65 101//65 88//65
f 88//66 99//66 105//66 101//66
f 104//67 98//67 92//67 102//67
f 107//68 57//68 82//68 108//68
f 86//69 113//69 106//69 42//69
f 1//70 3//70 216//70 185//70
f 82//71 74//71 119//71 108//71
f 58//72 70//72 135//72 112//72
f 109//73 110//73 93//73 91//73
f 74//74 62//74 127//74 119//74
f 77//75 63//75 122//75 134//75
f 98//76 91//76 109//76 117//76
f 97//77 86//77 113//77 131//77
f 110//78 93//78 99//78 141//78
f 2//79 5//79 245//79 200//79
f 134//80 131//80 97//80 77//80
f 114//81 111//81 103//81 106//81
f 143//82 122//82 95//82 102//82
f 100//83 127//83 128//83 101//83
f 104//84 98//84 117//84 130//84
f 111//85 126//85 107//85 103//85
f 105//86 101//86 128//86 140//86
f 141//87 140//87 105//87 99//87
f 143//88 102//88 104//88 130//88
f 165//89 94//89 96//89 182//89
f 126//90 107//90 108//90 154//90
f 113//91 157//91 114//91 106//91
f 123//92 116//92 115//92 121//92
f 116//93 124//93 120//93 115//93
f 121//94 125//94 118//94 115//94
f 109//95 110//95 149//95 146//95
f 120//96 129//96 118//96 115//96
f 124//97 116//97 123//97 133//97
f 129//98 118//98 125//98 139//98
f 148//99 125//99 121//99 123//99
f 136//100 124//100 120//100 144//100
f 117//101 109//101 146//101 158//101
f 120//7 144//7 142//7 129//7
f 136//102 147//102 133//102 124//102
f 3//103 96//103 314//103 216//103
f 133//104 147//104 148//104 123//104
f 150//105 139//105 129//105 142//105
f 108//106 119//106 162//106 154//106
f 148//107 150//107 139//107 125//107
f 145//108 152//108 137//108 132//108
f 138//109 153//109 145//109 132//109
f 136//110 144//110 151//110 147//110
f 114//111 164//111 159//111 111//111
f 149//112 172//112 141//112 110//112
f 151//113 144//113 142//113 150//113
f 151//114 150//114 148//114 147//114
f 5//115 94//115 321//115 245//115
f 130//116 161//116 158//116 117//116
f 159//117 111//117 126//117 184//117
f 131//118 113//118 157//118 181//118
f 127//119 119//119 162//119 175//119
f 170//120 174//120 134//120 122//120
f 168//121 143//121 122//121 170//121
f 161//122 168//122 143//122 130//122
f 127//123 175//123 171//123 128//123
f 174//124 134//124 131//124 181//124
f 140//125 186//125 171//125 128//125
f 167//126 173//126 152//126 145//126
f 172//127 186//127 140//127 141//127
f 153//128 145//128 167//128 176//128
f 196//129 157//129 114//129 164//129
f 132//130 192//130 187//130 137//130
f 188//131 192//131 132//131 138//131
f 155//132 178//132 166//132 152//132
f 169//133 180//133 156//133 153//133
f 137//134 155//134 191//134 187//134
f 190//135 156//135 138//135 188//135
f 126//136 154//136 210//136 184//136
f 179//137 177//137 160//137 163//137
f 197//138 208//138 149//138 146//138
f 163//139 160//139 183//139 189//139
f 158//140 212//140 197//140 146//140
f 191//141 155//141 178//141 201//141
f 180//142 156//142 190//142 202//142
f 161//143 211//143 212//143 158//143
f 193//144 205//144 177//144 179//144
f 160//145 199//145 206//145 183//145
f 223//146 181//146 157//146 196//146
f 208//147 230//147 172//147 149//147
f 214//148 179//148 163//148 198//148
f 177//149 219//149 199//149 160//149
f 166//150 178//150 203//150 207//150
f 204//151 209//151 169//151 180//151
f 162//152 227//152 222//152 154//152
f 164//153 159//153 215//153 221//153
f 168//154 161//154 211//154 217//154
f 198//155 213//155 189//155 163//155
f 193//156 205//156 194//156 185//156
f 217//157 220//157 170//157 168//157
f 159//158 184//158 231//158 215//158
f 175//159 224//159 227//159 162//159
f 220//160 229//160 174//160 170//160
f 175//161 224//161 226//161 171//161
f 225//162 214//162 179//162 193//162
f 225//163 193//163 185//163 216//163
f 201//164 234//164 203//164 178//164
f 204//165 180//165 202//165 233//165
f 186//166 171//166 226//166 239//166
f 240//167 221//167 164//167 196//167
f 229//168 174//168 181//168 242//168
f 230//169 239//169 186//169 172//169
f 210//170 154//170 222//170 265//170
f 246//171 167//171 173//171 255//171
f 176//172 260//172 246//172 167//172
f 205//173 177//173 219//173 254//173
f 184//174 231//174 237//174 210//174
f 189//175 183//175 249//175 256//175
f 135//176 195//176 287//176 282//176
f 261//177 244//177 191//177 187//177
f 244//178 191//178 201//178 236//178
f 190//179 188//179 272//179 248//179
f 263//180 192//180 187//180 261//180
f 188//181 272//181 263//181 192//181
f 207//182 251//182 234//182 203//182
f 233//183 204//183 209//183 252//183
f 165//184 687//184 321//184 94//184
f 242//185 280//185 223//185 181//185
f 259//186 240//186 196//186 223//186
f 182//187 747//187 314//187 96//187
f 262//188 198//188 213//188 276//188
f 232//189 218//189 228//189 264//189
f 286//190 262//190 198//190 214//190
f 243//191 218//191 232//191 241//191
f 236//192 289//192 234//192 201//192
f 221//193 269//193 271//193 215//193
f 233//194 291//194 238//194 202//194
f 327//195 349//195 182//195 165//195
f 199//196 206//196 299//196 300//196
f 255//197 207//197 251//197 274//197
f 252//198 209//198 260//198 275//198
f 212//199 305//199 304//199 197//199
f 215//200 231//200 285//200 271//200
f 304//201 326//201 208//201 197//201
f 296//202 240//202 221//202 269//202
f 217//203 211//203 316//203 297//203
f 211//204 212//204 305//204 316//204
f 250//205 268//205 255//205 246//205
f 283//206 267//206 232//206 241//206
f 318//207 286//207 214//207 225//207
f 260//208 270//208 250//208 246//208
f 219//209 345//209 300//209 199//209
f 231//210 285//210 290//210 237//210
f 220//211 217//211 297//211 334//211
f 245//212 363//212 253//212 200//212
f 314//213 318//213 225//213 216//213
f 232//214 267//214 298//214 264//214
f 280//215 308//215 259//215 223//215
f 266//216 250//216 268//216 278//216
f 273//217 294//217 257//217 235//217
f 258//218 235//218 273//218 295//218
f 270//219 250//219 266//219 277//219
f 253//220 356//220 287//220 195//220
f 235//221 257//221 302//221 279//221
f 301//222 279//222 235//222 258//222
f 343//223 276//223 213//223 256//223
f 268//224 255//224 274//224 284//224
f 275//225 281//225 270//225 260//225
f 303//226 292//226 241//226 243//226
f 251//227 309//227 289//227 234//227
f 224//228 339//228 315//228 226//228
f 252//229 233//229 291//229 312//229
f 326//230 347//230 230//230 208//230
f 329//231 338//231 227//231 222//231
f 325//232 289//232 236//232 244//232
f 308//233 296//233 240//233 259//233
f 264//234 228//234 293//234 324//234
f 238//235 291//235 333//235 248//235
f 229//236 220//236 334//236 346//236
f 338//237 339//237 224//237 227//237
f 239//238 226//238 315//238 350//238
f 330//239 370//239 228//239 218//239
f 281//240 270//240 277//240 306//240
f 351//241 330//241 218//241 243//241
f 249//242 206//242 299//242 424//242
f 278//243 307//243 284//243 268//243
f 277//244 310//244 288//244 266//244
f 288//245 311//245 278//245 266//245
f 292//246 241//246 283//246 332//246
f 265//247 222//247 329//247 357//247
f 274//248 251//248 309//248 322//248
f 313//249 269//249 271//249 317//249
f 312//250 252//250 275//250 323//250
f 347//251 350//251 239//251 230//251
f 242//252 229//252 346//252 361//252
f 348//253 325//253 244//253 261//253
f 254//254 219//254 345//254 397//254
f 317//255 271//255 285//255 331//255
f 296//256 269//256 313//256 335//256
f 248//257 333//257 371//257 272//257
f 306//258 277//258 310//258 336//258
f 294//259 257//259 319//259 365//259
f 320//260 258//260 295//260 366//260
f 257//261 319//261 360//261 302//261
f 359//262 301//262 258//262 320//262
f 375//263 263//263 261//263 348//263
f 311//264 278//264 307//264 341//264
f 323//265 281//265 306//265 337//265
f 307//266 340//266 322//266 284//266
f 280//267 242//267 361//267 378//267
f 272//268 263//268 375//268 371//268
f 331//269 285//269 290//269 369//269
f 290//270 265//270 357//270 369//270
f 288//271 311//271 353//271 328//271
f 354//272 328//272 288//272 310//272
f 416//273 433//273 249//273 256//273
f 435//274 303//274 243//274 351//274
f 264//275 298//275 504//275 324//275
f 370//276 228//276 293//276 521//276
f 267//277 298//277 376//277 394//277
f 283//278 267//278 394//278 457//278
f 282//279 499//279 397//279 254//279
f 289//280 309//280 474//280 325//280
f 378//281 280//281 308//281 395//281
f 362//282 337//282 306//282 336//282
f 389//283 383//283 292//283 303//283
f 307//284 341//284 368//284 340//284
f 487//285 500//285 276//285 262//285
f 381//286 354//286 310//286 336//286
f 311//287 341//287 386//287 353//287
f 467//288 429//288 279//288 301//288
f 279//289 429//289 468//289 302//289
f 383//290 425//290 332//290 292//290
f 344//291 342//291 352//291 355//291
f 643//292 286//292 262//292 487//292
f 407//293 317//293 331//293 396//293
f 282//294 499//294 526//294 287//294
f 372//295 342//295 344//295 374//295
f 343//296 579//296 416//296 256//296
f 514//297 273//297 294//297 586//297
f 295//298 273//298 514//298 585//298
f 335//299 313//299 417//299 419//299
f 367//300 342//300 352//300 377//300
f 297//301 464//301 503//301 316//301
f 473//302 528//302 304//302 305//302
f 373//303 344//303 355//303 393//303
f 491//304 473//304 305//304 316//304
f 322//305 450//305 474//305 309//305
f 323//306 451//306 483//306 312//306
f 406//307 372//307 342//307 367//307
f 300//308 299//308 490//308 583//308
f 324//309 293//309 489//309 522//309
f 332//310 615//310 457//310 283//310
f 374//311 420//311 373//311 344//311
f 291//312 483//312 566//312 333//312
f 331//313 396//313 454//313 369//313
f 412//314 358//314 364//314 430//314
f 352//315 447//315 441//315 355//315
f 528//316 304//316 326//316 618//316
f 334//317 297//317 520//317 622//317
f 433//318 726//318 424//318 249//318
f 548//319 494//319 315//319 350//319
f 379//320 404//320 400//320 384//320
f 401//321 385//321 380//321 405//321
f 446//322 382//322 358//322 412//322
f 387//323 379//323 404//323 408//323
f 405//324 380//324 388//324 409//324
f 362//325 337//325 451//325 509//325
f 359//326 641//326 467//326 301//326
f 468//327 302//327 360//327 642//327
f 500//328 276//328 343//328 785//328
f 390//329 317//329 407//329 613//329
f 417//330 313//330 390//330 613//330
f 368//331 511//331 450//331 340//331
f 648//332 435//332 303//332 389//332
f 298//333 504//333 593//333 376//333
f 421//334 408//334 391//334 398//334
f 392//335 399//335 422//335 409//335
f 434//336 458//336 377//336 367//336
f 436//337 426//337 384//337 379//337
f 385//338 380//338 437//338 427//338
f 319//339 360//339 603//339 497//339
f 604//340 359//340 320//340 498//340
f 355//341 393//341 477//341 441//341
f 506//342 590//342 353//342 328//342
f 354//343 328//343 506//343 592//343
f 432//344 460//344 393//344 373//344
f 377//345 352//345 447//345 508//345
f 365//346 616//346 497//346 319//346
f 498//347 320//347 366//347 617//347
f 387//348 444//348 436//348 379//348
f 437//349 380//349 388//349 445//349
f 384//350 426//350 455//350 400//350
f 456//351 427//351 385//351 401//351
f 469//352 406//352 367//352 434//352
f 448//353 444//353 387//353 391//353
f 388//354 445//354 449//354 392//354
f 442//355 410//355 402//355 421//355
f 403//356 411//356 443//356 422//356
f 836//357 643//357 286//357 318//357
f 398//358 391//358 448//358 461//358
f 449//359 462//359 399//359 392//359
f 569//360 329//360 338//360 660//360
f 420//361 478//361 432//361 373//361
f 364//362 423//362 515//362 430//362
f 326//363 618//363 624//363 347//363
f 402//364 398//364 461//364 465//364
f 462//365 399//365 403//365 466//365
f 623//366 357//366 329//366 569//366
f 452//367 442//367 410//367 414//367
f 411//368 415//368 453//368 443//368
f 345//369 796//369 583//369 300//369
f 348//370 325//370 527//370 753//370
f 485//371 455//371 400//371 404//371
f 401//371 456//371 486//371 405//371
f 470//372 465//372 402//372 410//372
f 403//373 466//373 471//373 411//373
f 586//374 774//374 365//374 294//374
f 366//375 773//375 585//375 295//375
f 347//376 624//376 597//376 350//376
f 338//377 660//377 647//377 339//377
f 346//378 334//378 622//378 705//378
f 479//379 470//379 410//379 414//379
f 411//380 471//380 480//380 415//380
f 327//381 165//381 687//381 1599//381
f 475//382 438//382 414//382 452//382
f 415//383 453//383 476//383 439//383
f 501//384 408//384 404//384 485//384
f 405//385 486//385 502//385 409//385
f 503//386 644//386 491//386 316//386
f 413//387 362//387 509//387 572//387
f 606//388 358//388 364//388 594//388
f 418//389 573//389 511//389 368//389
f 517//390 421//390 408//390 501//390
f 409//391 502//391 518//391 422//391
f 570//392 589//392 374//392 372//392
f 602//393 623//393 357//393 369//393
f 532//394 438//394 414//394 479//394
f 415//395 439//395 533//395 480//395
f 393//396 477//396 553//396 460//396
f 396//397 492//397 543//397 454//397
f 516//398 440//398 431//398 488//398
f 566//399 809//399 371//399 333//399
f 606//400 358//400 382//400 632//400
f 436//401 523//401 495//401 426//401
f 496//402 524//402 437//402 427//402
f 423//403 515//403 516//403 440//403
f 426//404 495//404 512//404 455//404
f 427//405 496//405 513//405 456//405
f 361//406 346//406 705//406 718//406
f 627//407 406//407 372//407 570//407
f 458//408 377//408 508//408 612//408
f 534//409 517//409 421//409 442//409
f 422//410 518//410 535//410 443//410
f 459//411 542//411 510//411 428//411
f 431//412 463//412 549//412 488//412
f 544//413 493//413 419//413 484//413
f 536//414 444//414 436//414 523//414
f 524//415 437//415 445//415 537//415
f 540//416 481//416 438//416 475//416
f 439//417 476//417 541//417 482//417
f 428//418 510//418 550//418 472//418
f 589//419 672//419 420//419 374//419
f 448//420 545//420 536//420 444//420
f 445//421 537//421 546//421 449//421
f 594//422 364//422 423//422 695//422
f 696//423 718//423 361//423 378//423
f 797//424 425//424 332//424 615//424
f 560//425 534//425 442//425 452//425
f 443//426 535//426 561//426 453//426
f 521//427 293//427 489//427 960//427
f 485//428 551//428 512//428 455//428
f 513//429 456//429 486//429 552//429
f 558//430 461//430 448//430 545//430
f 449//431 462//431 559//431 546//431
f 670//432 696//432 378//432 395//432
f 349//433 182//433 747//433 1722//433
f 767//434 753//434 348//434 375//434
f 577//435 465//435 461//435 558//435
f 462//436 466//436 578//436 559//436
f 505//437 728//437 592//437 354//437
f 590//438 729//438 507//438 353//438
f 481//439 639//439 532//439 438//439
f 533//440 640//440 482//440 439//440
f 551//441 512//441 495//441 523//441
f 496//442 513//442 552//442 524//442
f 610//443 475//443 452//443 560//443
f 453//444 476//444 611//444 561//444
f 597//445 725//445 548//445 350//445
f 501//446 562//446 551//446 485//446
f 552//447 563//447 502//447 486//447
f 608//448 470//448 465//448 577//448
f 466//449 471//449 609//449 578//449
f 407//450 564//450 702//450 492//450
f 645//451 434//451 458//451 637//451
f 627//452 406//452 469//452 707//452
f 371//453 375//453 767//453 809//453
f 703//454 493//454 417//454 587//454
f 382//455 446//455 733//455 690//455
f 504//456 324//456 522//456 1028//456
f 666//457 469//457 434//457 645//457
f 595//458 517//458 501//458 562//458
f 502//459 563//459 596//459 518//459
f 536//460 562//460 551//460 523//460
f 552//461 563//461 537//461 524//461
f 519//462 565//462 574//462 525//462
f 673//463 557//463 459//463 542//463
f 695//464 746//464 440//464 423//464
f 719//465 543//465 454//465 538//465
f 653//466 413//466 505//466 728//466
f 440//467 746//467 717//467 431//467
f 507//468 729//468 654//468 418//468
f 672//469 745//469 478//469 420//469
f 549//470 463//470 600//470 665//470
f 554//471 580//471 568//471 531//471
f 567//472 531//472 554//472 582//472
f 717//473 750//473 463//473 431//473
f 595//474 562//474 545//474 558//474
f 634//475 534//475 517//475 595//475
f 546//476 563//476 596//476 559//476
f 518//477 535//477 635//477 596//477
f 682//478 540//478 481//478 598//478
f 482//479 541//479 683//479 599//479
f 459//480 428//480 732//480 754//480
f 636//481 625//481 519//481 525//481
f 607//482 601//482 539//482 547//482
f 732//483 428//483 472//483 761//483
f 657//484 571//484 555//484 529//484
f 1013//485 983//485 330//485 351//485
f 484//486 605//486 727//486 544//486
f 397//487 345//487 796//487 1051//487
f 741//488 667//488 479//488 532//488
f 480//489 533//489 742//489 668//489
f 973//490 394//490 376//490 788//490
f 680//491 671//491 539//491 547//491
f 684//492 731//492 543//492 492//492
f 544//493 730//493 685//493 493//493
f 540//494 475//494 610//494 810//494
f 611//495 476//495 541//495 811//495
f 899//496 389//496 383//496 881//496
f 631//497 591//497 556//497 633//497
f 947//498 604//498 359//498 641//498
f 360//499 642//499 948//499 603//499
f 626//500 663//500 567//500 582//500
f 568//501 580//501 628//501 664//501
f 633//502 556//502 576//502 677//502
f 723//503 634//503 534//503 560//503
f 535//504 635//504 724//504 561//504
f 638//505 554//505 580//505 697//505
f 582//506 699//506 638//506 554//506
f 632//507 847//507 690//507 382//507
f 619//508 529//508 657//508 681//508
f 637//509 791//509 612//509 458//509
f 576//510 677//510 673//510 557//510
f 598//511 771//511 639//511 481//511
f 640//512 482//512 599//512 772//512
f 571//513 555//513 688//513 691//513
f 881//514 909//514 425//514 383//514
f 862//515 880//515 430//515 412//515
f 790//516 464//516 503//516 789//516
f 412//517 446//517 866//517 862//517
f 786//518 734//518 472//518 550//518
f 656//519 581//519 658//519 646//519
f 785//520 343//520 579//520 981//520
f 376//521 593//521 844//521 788//521
f 600//522 665//522 681//522 619//522
f 661//523 620//523 629//523 649//523
f 630//524 621//524 662//524 650//524
f 658//525 581//525 720//525 614//525
f 782//526 833//526 473//526 491//526
f 983//527 330//527 370//527 1207//527
f 692//528 659//528 655//528 584//528
f 655//529 584//529 669//529 706//529
f 557//530 848//530 754//530 459//530
f 707//531 469//531 666//531 812//531
f 723//532 634//532 608//532 667//532
f 609//533 668//533 724//533 635//533
f 651//534 620//534 661//534 713//534
f 662//535 714//535 652//535 621//535
f 750//536 463//536 600//536 840//536
f 365//537 616//537 970//537 774//537
f 971//538 773//538 366//538 617//538
f 689//539 712//539 674//539 588//539
f 494//540 530//540 818//540 806//540
f 686//541 739//541 631//541 591//541
f 588//542 674//542 708//542 709//542
f 693//543 694//543 646//543 656//543
f 757//544 663//544 575//544 704//544
f 575//545 704//545 758//545 664//545
f 698//546 538//546 602//546 846//546
f 697//547 580//547 628//547 778//547
f 626//548 582//548 699//548 779//548
f 770//549 830//549 565//549 519//549
f 783//550 782//550 491//550 644//550
f 835//551 450//551 511//551 923//551
f 688//552 691//552 692//552 659//552
f 509//553 451//553 837//553 925//553
f 430//554 880//554 928//554 515//554
f 492//555 702//555 876//555 684//555
f 877//556 703//556 493//556 685//556
f 743//557 620//557 629//557 735//557
f 630//558 621//558 744//558 736//558
f 720//559 614//559 686//559 739//559
f 625//560 519//560 770//560 832//560
f 709//561 693//561 694//561 708//561
f 721//562 775//562 682//562 598//562
f 683//563 599//563 722//563 776//563
f 768//564 651//564 620//564 743//564
f 621//565 744//565 769//565 652//565
f 649//566 629//566 735//566 765//566
f 736//567 630//567 650//567 766//567
f 813//568 858//568 574//568 525//568
f 833//569 473//569 528//569 939//569
f 529//570 829//570 851//570 555//570
f 737//571 713//571 675//571 700//571
f 676//572 714//572 738//572 701//572
f 1166//573 435//573 351//573 1013//573
f 601//574 853//574 787//574 539//574
f 667//575 715//575 751//575 723//575
f 752//576 716//576 668//576 724//576
f 516//577 488//577 891//577 920//577
f 679//578 626//578 663//578 859//578
f 664//579 857//579 678//579 628//579
f 706//580 803//580 679//580 669//580
f 639//581 532//581 741//581 900//581
f 742//582 901//582 640//582 533//582
f 441//583 984//583 1022//583 447//583
f 467//584 1020//584 965//584 429//584
f 965//585 1021//585 468//585 429//585
f 734//586 892//586 761//586 472//586
f 678//587 805//587 712//587 689//587
f 488//588 891//588 911//588 549//588
f 813//589 875//589 636//589 525//589
f 784//590 702//590 719//590 698//590
f 780//591 768//591 651//591 675//591
f 652//592 676//592 781//592 769//592
f 619//593 865//593 829//593 529//593
f 787//594 539//594 671//594 860//594
f 794//595 765//595 649//595 661//595
f 650//596 766//596 795//596 662//596
f 441//597 984//597 993//597 477//597
f 751//598 715//598 710//598 737//598
f 711//599 716//599 752//599 738//599
f 889//600 719//600 543//600 731//600
f 854//601 591//601 556//601 843//601
f 515//602 516//602 920//602 928//602
f 457//603 394//603 973//603 1151//603
f 803//604 679//604 626//604 779//604
f 628//605 678//605 805//605 778//605
f 888//606 730//606 544//606 727//606
f 884//607 607//607 547//607 834//607
f 843//608 887//608 576//608 556//608
f 576//609 557//609 848//609 887//609
f 670//610 605//610 759//610 893//610
f 792//611 780//611 675//611 700//611
f 676//612 701//612 793//612 781//612
f 613//613 564//613 764//613 982//613
f 840//614 865//614 619//614 600//614
f 622//615 520//615 814//615 999//615
f 721//616 598//616 771//616 878//616
f 772//617 879//617 722//617 599//617
f 936//618 682//618 540//618 810//618
f 541//619 683//619 937//619 811//619
f 835//620 1270//620 474//620 450//620
f 834//621 547//621 680//621 898//621
f 727//622 759//622 822//622 703//622
f 777//623 587//623 613//623 982//623
f 584//624 669//624 861//624 852//624
f 1112//625 899//625 389//625 648//625
f 614//626 686//626 874//626 815//626
f 710//627 807//627 792//627 700//627
f 793//628 808//628 711//628 701//628
f 658//629 902//629 815//629 614//629
f 841//56 713//56 661//56 794//56
f 795//630 662//630 714//630 842//630
f 837//631 1275//631 483//631 451//631
f 446//632 733//632 961//632 866//632
f 831//633 969//633 647//633 530//633
f 510//634 550//634 966//634 954//634
f 542//635 979//635 954//635 510//635
f 846//636 924//636 623//636 602//636
f 800//637 638//637 697//637 870//637
f 699//638 638//638 800//638 871//638
f 508//639 1082//639 1022//639 447//639
f 624//640 896//640 873//640 597//640
f 573//641 511//641 923//641 997//641
f 874//642 686//642 591//642 854//642
f 572//643 998//643 925//643 509//643
f 715//644 823//644 807//644 710//644
f 808//645 711//645 716//645 824//645
f 776//646 799//646 748//646 722//646
f 749//647 798//647 775//647 721//647
f 667//648 715//648 823//648 849//648
f 824//649 716//649 668//649 850//649
f 597//650 725//650 845//650 873//650
f 851//651 940//651 688//651 555//651
f 869//652 890//652 588//652 689//652
f 692//653 914//653 852//653 584//653
f 669//654 679//654 859//654 861//654
f 499//655 1210//655 1051//655 397//655
f 924//656 926//656 569//656 623//656
f 477//657 993//657 1044//657 553//657
f 939//658 964//658 618//658 528//658
f 911//659 941//659 665//659 549//659
f 903//660 506//660 590//660 1080//660
f 592//661 1081//661 903//661 506//661
f 857//662 869//662 689//662 678//662
f 927//663 910//663 581//663 656//663
f 801//664 740//664 760//664 816//664
f 740//665 802//665 817//665 760//665
f 657//666 934//666 912//666 571//666
f 571//667 912//667 906//667 691//667
f 864//668 804//668 704//668 757//668
f 704//669 804//669 863//669 758//669
f 890//670 915//670 709//670 588//670
f 944//671 926//671 569//671 660//671
f 897//672 902//672 658//672 646//672
f 618//673 964//673 896//673 624//673
f 755//674 827//674 821//674 760//674
f 821//675 828//675 756//675 760//675
f 763//676 819//676 827//676 755//676
f 741//677 667//677 849//677 885//677
f 850//678 668//678 742//678 886//678
f 828//679 756//679 762//679 820//679
f 645//680 637//680 931//680 908//680
f 497//681 1002//681 1047//681 616//681
f 1046//682 617//682 498//682 1001//682
f 882//683 737//683 713//683 841//683
f 714//684 842//684 883//684 738//684
f 933//685 666//685 645//685 908//685
f 876//686 702//686 719//686 889//686
f 790//687 520//687 814//687 1056//687
f 727//688 703//688 877//688 888//688
f 743//689 735//689 838//689 867//689
f 839//690 736//690 744//690 868//690
f 907//691 927//691 656//691 693//691
f 838//55 855//55 765//55 735//55
f 839//692 856//692 766//692 736//692
f 691//693 906//693 914//693 692//693
f 694//694 646//694 897//694 953//694
f 825//695 819//695 763//695 816//695
f 363//696 1786//696 1422//696 253//696
f 762//697 817//697 826//697 820//697
f 497//698 603//698 1120//698 1002//698
f 1121//699 1001//699 498//699 604//699
f 1242//700 1245//700 526//700 356//700
f 910//701 581//701 720//701 991//701
f 681//702 657//702 934//702 935//702
f 915//703 907//703 693//703 709//703
f 665//704 941//704 935//704 681//704
f 909//705 425//705 797//705 1125//705
f 673//706 1035//706 979//706 542//706
f 696//707 670//707 893//707 978//707
f 969//708 944//708 660//708 647//708
f 831//709 530//709 818//709 1060//709
f 1232//710 487//710 500//710 1076//710
f 789//711 1029//711 783//711 644//711
f 749//712 918//712 878//712 721//712
f 879//713 722//713 748//713 919//713
f 641//714 1156//714 1020//714 467//714
f 1021//715 1155//715 642//715 468//715
f 1003//716 977//716 633//716 631//716
f 1226//717 424//717 490//717 1217//717
f 894//718 768//718 743//718 867//718
f 744//719 868//719 895//719 769//719
f 1017//720 859//720 663//720 757//720
f 664//721 758//721 1016//721 857//721
f 921//722 882//722 737//722 751//722
f 738//723 883//723 922//723 752//723
f 998//724 1072//724 653//724 572//724
f 654//725 573//725 997//725 1071//725
f 975//726 846//726 698//726 784//726
f 940//727 688//727 659//727 1023//727
f 522//728 489//728 1168//728 1157//728
f 977//729 1025//729 677//729 633//729
f 794//730 904//730 855//730 765//730
f 856//731 905//731 795//731 766//731
f 771//732 639//732 900//732 1008//732
f 901//733 640//733 772//733 1010//733
f 612//734 1175//734 1082//734 508//734
f 723//735 962//735 921//735 751//735
f 922//736 963//736 724//736 752//736
f 930//737 801//737 740//737 872//737
f 740//738 872//738 932//738 802//738
f 705//739 1036//739 999//739 622//739
f 1024//740 953//740 694//740 708//740
f 786//741 550//741 966//741 1049//741
f 1023//742 659//742 655//742 1048//742
f 916//743 894//743 768//743 780//743
f 769//744 781//744 917//744 895//744
f 1207//745 1419//745 521//745 370//745
f 739//746 631//746 1003//746 1015//746
f 1025//747 1035//747 673//747 677//747
f 718//748 1041//748 978//748 696//748
f 725//749 845//749 1050//749 806//749
f 1181//750 1270//750 474//750 527//750
f 674//751 708//751 1024//751 1040//751
f 775//752 682//752 936//752 1038//752
f 937//753 683//753 776//753 1039//753
f 499//754 526//754 1245//754 1210//754
f 991//755 1015//755 739//755 720//755
f 942//756 792//756 780//756 916//756
f 781//757 793//757 943//757 917//757
f 637//758 791//758 1090//758 931//758
f 718//759 1041//759 1036//759 705//759
f 870//760 1144//760 778//760 697//760
f 779//761 699//761 871//761 1143//761
f 1080//762 1106//762 729//762 590//762
f 728//763 592//763 1081//763 1107//763
f 1087//764 812//764 666//764 933//764
f 867//765 904//765 855//765 838//765
f 856//766 905//766 868//766 839//766
f 759//767 822//767 1026//767 893//767
f 483//768 566//768 1221//768 1275//768
f 764//769 784//769 975//769 982//769
f 841//770 950//770 904//770 794//770
f 905//771 951//771 842//771 795//771
f 958//772 885//772 741//772 900//772
f 742//773 901//773 959//773 886//773
f 955//774 942//774 792//774 807//774
f 793//775 943//775 956//775 808//775
f 1072//776 1107//776 728//776 653//776
f 729//777 1106//777 1071//777 654//777
f 1048//778 655//778 706//778 1171//778
f 615//779 457//779 1151//779 1391//779
f 712//780 674//780 1040//780 1178//780
f 593//781 844//781 1202//781 938//781
f 804//782 863//782 974//782 913//782
f 980//783 913//783 804//783 864//783
f 810//784 1100//784 962//784 723//784
f 963//785 1101//785 811//785 724//785
f 1411//786 648//786 435//786 1166//786
f 823//787 994//787 955//787 807//787
f 956//788 995//788 824//788 808//788
f 1026//789 982//789 777//789 822//789
f 490//790 1217//790 1362//790 583//790
f 894//791 950//791 904//791 867//791
f 905//792 951//792 895//792 868//792
f 929//793 800//793 870//793 1032//793
f 871//794 800//794 929//794 1031//794
f 945//795 1079//795 819//795 825//795
f 820//796 1073//796 949//796 826//796
f 1056//797 1029//797 783//797 814//797
f 606//798 594//798 1237//798 1269//798
f 1069//799 798//799 775//799 1038//799
f 1039//800 776//800 799//800 1070//800
f 882//801 1007//801 950//801 841//801
f 951//802 842//802 883//802 1009//802
f 632//803 1234//803 1269//803 606//803
f 726//804 424//804 1226//804 1443//804
f 684//805 1139//805 1223//805 731//805
f 1222//806 1140//806 685//806 730//806
f 849//807 823//807 994//807 1062//807
f 995//808 1063//808 850//808 824//808
f 1237//809 594//809 695//809 1246//809
f 1061//810 1186//810 753//810 767//810
f 753//811 1322//811 1181//811 527//811
f 1149//812 864//812 757//812 1017//812
f 758//813 863//813 1150//813 1016//813
f 782//814 833//814 1188//814 999//814
f 1319//815 570//815 589//815 1353//815
f 809//816 767//816 1061//816 1201//816
f 1320//817 1319//817 570//817 627//817
f 706//818 803//818 1172//818 1171//818
f 612//819 791//819 1258//819 1175//819
f 487//820 643//820 1496//820 1232//820
f 616//821 970//821 1196//821 1047//821
f 826//822 1064//822 1135//822 817//822
f 1197//823 1046//823 617//823 971//823
f 1137//824 1065//824 825//824 816//824
f 1176//825 805//825 712//825 1178//825
f 878//826 771//826 1008//826 1194//826
f 1010//827 772//827 879//827 1195//827
f 1000//828 1065//828 825//828 945//828
f 1007//829 950//829 916//829 942//829
f 917//830 951//830 1009//830 943//830
f 826//831 1064//831 1006//831 949//831
f 828//832 1160//832 1073//832 820//832
f 1079//833 1161//833 827//833 819//833
f 817//834 1135//834 1131//834 802//834
f 1132//835 801//835 816//835 1137//835
f 1234//836 632//836 847//836 1187//836
f 803//837 1172//837 1143//837 779//837
f 1144//838 778//838 805//838 1176//838
f 885//839 849//839 1062//839 1094//839
f 1063//840 850//840 886//840 1095//840
f 921//841 882//841 1007//841 1077//841
f 1009//842 883//842 922//842 1078//842
f 1138//843 969//843 873//843 896//843
f 1221//844 566//844 809//844 1357//844
f 1246//845 695//845 746//845 1295//845
f 1326//846 1320//846 627//846 707//846
f 1353//847 589//847 672//847 1382//847
f 987//848 957//848 985//848 1012//848
f 827//849 821//849 1189//849 1161//849
f 1189//850 821//850 828//850 1160//850
f 1139//851 1303//851 876//851 684//851
f 1140//852 685//852 877//852 1305//852
f 832//853 770//853 1208//853 1206//853
f 717//854 1299//854 1281//854 750//854
f 746//855 717//855 1299//855 1295//855
f 992//856 952//856 1014//856 1018//856
f 952//857 1014//857 1058//857 968//857
f 603//858 1120//858 1373//858 948//858
f 1374//859 1121//859 604//859 947//859
f 1057//860 967//860 976//860 1019//860
f 913//861 1033//861 1102//861 974//861
f 980//862 1103//862 1033//862 913//862
f 908//863 1093//863 1115//863 931//863
f 1114//864 1093//864 908//864 933//864
f 754//865 1292//865 1314//865 732//865
f 732//866 1314//866 1291//866 761//866
f 1077//867 1007//867 955//867 994//867
f 956//868 995//868 1078//868 1009//868
f 958//869 885//869 1094//869 1110//869
f 1095//870 886//870 959//870 1111//870
f 893//871 1026//871 1148//871 978//871
f 1208//872 1286//872 830//872 770//872
f 522//873 1157//873 1385//873 1028//873
f 1167//874 1283//874 844//874 788//874
f 1019//875 1027//875 1034//875 976//875
f 1130//876 1086//876 924//876 926//876
f 788//877 1167//877 1145//877 972//877
f 1085//878 1045//878 957//878 987//878
f 1300//879 1326//879 707//879 812//879
f 1233//880 787//880 860//880 1231//880
f 936//881 810//881 1100//881 1265//881
f 1101//882 811//882 937//882 1266//882
f 947//883 1378//883 1156//883 641//883
f 1155//884 642//884 948//884 1377//884
f 1254//885 790//885 789//885 1294//885
f 1031//886 929//886 1011//886 1124//886
f 1011//887 1126//887 1032//887 929//887
f 1113//888 992//888 1018//888 996//888
f 962//889 921//889 1077//889 1173//889
f 1078//890 922//890 963//890 1174//890
f 1057//891 1122//891 988//891 967//891
f 1290//892 1132//892 801//892 930//892
f 802//893 1131//893 1289//893 932//893
f 1382//894 672//894 745//894 1404//894
f 806//895 818//895 1267//895 1301//895
f 750//896 840//896 1321//896 1281//896
f 1222//897 1354//897 888//897 730//897
f 1223//898 1355//898 889//898 731//898
f 848//899 754//899 1292//899 1304//899
f 1388//900 1391//900 615//900 797//900
f 1154//901 1130//901 926//901 944//901
f 892//902 761//902 1291//902 1250//902
f 960//903 1558//903 1168//903 489//903
f 853//904 1311//904 1233//904 787//904
f 1154//905 944//905 969//905 1138//905
f 918//906 1235//906 1194//906 878//906
f 1195//907 879//907 919//907 1236//907
f 903//908 1061//908 1186//908 1080//908
f 900//909 1248//909 1110//909 958//909
f 1111//910 959//910 901//910 1249//910
f 1201//911 1061//911 903//911 1081//911
f 939//912 964//912 1138//912 1188//912
f 1148//913 1086//913 982//913 1026//913
f 985//914 1012//914 1136//914 1108//914
f 1027//915 1030//915 1164//915 1034//915
f 875//916 1293//916 1298//916 813//916
f 974//917 1276//917 1150//917 863//917
f 1149//918 864//918 980//918 1277//918
f 1599//919 687//919 363//919 1786//919
f 585//920 1622//920 1585//920 514//920
f 1585//921 514//921 586//921 1623//921
f 1053//922 1042//922 1088//922 1104//922
f 1089//923 1043//923 1054//923 1105//923
f 1298//924 813//924 858//924 1347//924
f 1062//925 994//925 1077//925 1173//925
f 1078//926 1174//926 1063//926 995//926
f 1042//927 1083//927 1098//927 1088//927
f 1099//928 1084//928 1043//928 1089//928
f 1142//929 1179//929 989//929 1005//929
f 990//930 1180//930 1141//930 1004//930
f 1339//931 1315//931 874//931 815//931
f 1124//932 1147//932 1037//932 1011//932
f 1037//933 1146//933 1126//933 1011//933
f 1005//934 1153//934 1198//934 989//934
f 1199//935 1152//935 1004//935 990//935
f 583//936 1362//936 1634//936 796//936
f 1143//937 1312//937 1031//937 871//937
f 1032//938 1313//938 1144//938 870//938
f 1243//939 1087//939 933//939 1114//939
f 1356//940 854//940 843//940 1328//940
f 931//941 1090//941 1244//941 1115//941
f 852//942 1331//942 1330//942 861//942
f 887//943 848//943 1304//943 1341//943
f 978//944 1148//944 1216//944 1041//944
f 1329//945 1325//945 898//945 834//945
f 1133//946 1104//946 1067//946 1092//946
f 1068//947 1105//947 1134//947 1091//947
f 1315//948 1356//948 854//948 874//948
f 1328//949 1341//949 887//949 843//949
f 1055//950 1037//950 1146//950 1169//950
f 1147//951 1170//951 1055//951 1037//951
f 1372//952 1329//952 834//952 884//952
f 876//953 1303//953 1355//953 889//953
f 1354//954 1305//954 877//954 888//954
f 914//955 852//955 1331//955 1335//955
f 1271//956 1008//956 900//956 1248//956
f 901//957 1010//957 1272//957 1249//957
f 1321//958 840//958 865//958 1414//958
f 1264//959 1066//959 996//959 1113//959
f 1343//960 869//960 890//960 1334//960
f 999//961 1036//961 1220//961 1188//961
f 902//962 815//962 1339//962 1401//962
f 972//963 1109//963 1227//963 1145//963
f 1103//964 1033//964 1128//964 1190//964
f 1128//965 1191//965 1102//965 1033//965
f 989//966 1074//966 1224//966 1198//966
f 1225//967 1199//967 990//967 1075//967
f 1053//968 1042//968 1182//968 1203//968
f 1183//969 1204//969 1054//969 1043//969
f 1334//970 1336//970 915//970 890//970
f 861//971 859//971 1438//971 1330//971
f 1179//972 989//972 1074//972 1253//972
f 1075//973 1252//973 1180//973 990//973
f 1182//974 1192//974 1083//974 1042//974
f 1084//975 1193//975 1183//975 1043//975
f 906//976 1340//976 1335//976 914//976
f 1262//977 1173//977 962//977 1100//977
f 963//978 1174//978 1263//978 1101//978
f 1041//979 1216//979 1220//979 1036//979
f 1440//980 1343//980 869//980 857//980
f 1336//981 915//981 907//981 1342//981
f 1190//982 1128//982 1093//982 1114//982
f 1093//983 1128//983 1191//983 1115//983
f 1184//984 1116//984 1096//984 1133//984
f 1097//985 1134//985 1185//985 1117//985
f 1067//986 1053//986 1203//986 1214//986
f 1204//987 1054//987 1068//987 1215//987
f 1212//988 1225//988 1118//988 988//988
f 1173//989 1184//989 1116//989 1062//989
f 1117//990 1063//990 1174//990 1185//990
f 912//991 1371//991 1340//991 906//991
f 865//992 1414//992 1446//992 829//992
f 829//993 1446//993 1441//993 851//993
f 1200//994 1045//994 1085//994 1247//994
f 1254//995 790//995 1056//995 1472//995
f 1216//996 1148//996 1086//996 1130//996
f 1098//997 1083//997 1192//997 1218//997
f 1193//998 1084//998 1099//998 1219//998
f 1342//999 1392//999 927//999 907//999
f 1030//1000 1127//1000 1257//1000 1164//1000
f 1092//1001 1229//1001 1214//1001 1067//1001
f 1215//1002 1228//1002 1091//1002 1068//1002
f 1627//1003 1622//1003 585//1003 773//1003
f 586//1004 774//1004 1626//1004 1623//1004
f 1386//1005 1401//1005 902//1005 897//1005
f 791//1006 1090//1006 1465//1006 1258//1006
f 1006//1007 1052//1007 1158//1007 1380//1007
f 1419//1008 1718//1008 960//1008 521//1008
f 1294//1009 1486//1009 1029//1009 789//1009
f 1379//1010 1000//1010 1059//1010 1163//1010
f 1060//1011 818//1011 1267//1011 1476//1011
f 934//1012 912//1012 1371//1012 1381//1012
f 866//1013 961//1013 1346//1013 1432//1013
f 1432//1014 866//1014 862//1014 1460//1014
f 1238//1015 1218//1015 1098//1015 1088//1015
f 1099//1016 1219//1016 1239//1016 1089//1016
f 1460//1017 1431//1017 880//1017 862//1017
f 1211//1018 1402//1018 1079//1018 945//1018
f 1073//1019 1406//1019 1209//1019 949//1019
f 891//1020 1418//1020 1405//1020 911//1020
f 1096//1021 1092//1021 1229//1021 1240//1021
f 1228//1022 1091//1022 1097//1022 1241//1022
f 1165//1023 1055//1023 1169//1023 1261//1023
f 1260//1024 1165//1024 1055//1024 1170//1024
f 1392//1025 1412//1025 910//1025 927//1025
f 1468//1026 1087//1026 812//1026 1300//1026
f 935//1027 934//1027 1381//1027 1389//1027
f 1050//1028 806//1028 1301//1028 1499//1028
f 880//1029 1431//1029 1415//1029 928//1029
f 920//1030 891//1030 1418//1030 1433//1030
f 911//1031 941//1031 1397//1031 1405//1031
f 1441//1032 1439//1032 940//1032 851//1032
f 1428//1033 1038//1033 936//1033 1265//1033
f 937//1034 1039//1034 1427//1034 1266//1034
f 941//1035 935//1035 1389//1035 1397//1035
f 1188//1036 1220//1036 1154//1036 1138//1036
f 953//1037 897//1037 1386//1037 1442//1037
f 1284//1038 1104//1038 1088//1038 1238//1038
f 1089//1039 1239//1039 1285//1039 1105//1039
f 1220//1040 1154//1040 1130//1040 1216//1040
f 1116//1041 1096//1041 1240//1041 1273//1041
f 1241//1042 1274//1042 1117//1042 1097//1042
f 928//1043 1415//1043 1433//1043 920//1043
f 1375//1044 1282//1044 1030//1044 1027//1044
f 1458//1045 835//1045 923//1045 1494//1045
f 996//1046 1302//1046 1351//1046 1066//1046
f 1062//1047 1287//1047 1273//1047 1116//1047
f 1274//1048 1288//1048 1063//1048 1117//1048
f 1102//1049 974//1049 1276//1049 1368//1049
f 925//1050 837//1050 1461//1050 1495//1050
f 1277//1051 980//1051 1103//1051 1365//1051
f 1094//1052 1062//1052 1287//1052 1296//1052
f 1288//1053 1063//1053 1095//1053 1297//1053
f 1110//1054 1248//1054 1296//1054 1094//1054
f 1297//1055 1249//1055 1111//1055 1095//1055
f 996//1056 1018//1056 1403//1056 1302//1056
f 1412//1057 1423//1057 991//1057 910//1057
f 1496//1058 1813//1058 836//1058 643//1058
f 844//1059 1202//1059 1469//1059 1283//1059
f 1186//1060 753//1060 1322//1060 1544//1060
f 1256//1061 1108//1061 1136//1061 1309//1061
f 1028//1062 938//1062 1448//1062 1385//1062
f 1492//1063 1017//1063 859//1063 1438//1063
f 857//1064 1016//1064 1491//1064 1440//1064
f 1390//1065 1019//1065 1027//1065 1375//1065
f 1387//1066 1127//1066 1030//1066 1282//1066
f 1323//1067 1284//1067 1104//1067 1133//1067
f 1105//1068 1134//1068 1324//1068 1285//1068
f 1018//1069 1014//1069 1395//1069 1403//1069
f 1423//1070 1435//1070 1015//1070 991//1070
f 1420//1071 1456//1071 1021//1071 965//1071
f 1020//1072 965//1072 1420//1072 1457//1072
f 1312//1073 1031//1073 1124//1073 1393//1073
f 1126//1074 1394//1074 1313//1074 1032//1074
f 1349//1075 1243//1075 1114//1075 1190//1075
f 1115//1076 1244//1076 1350//1076 1191//1076
f 648//1077 1112//1077 1750//1077 1411//1077
f 1455//1078 1449//1078 977//1078 1003//1078
f 1357//1079 809//1079 1201//1079 1546//1079
f 1327//1080 1227//1080 1109//1080 1251//1080
f 1439//1081 1488//1081 1023//1081 940//1081
f 1435//1082 1455//1082 1003//1082 1015//1082
f 1449//1083 977//1083 1025//1083 1462//1083
f 1493//1084 1442//1084 953//1084 1024//1084
f 1463//1085 1057//1085 1019//1085 1390//1085
f 1014//1086 1058//1086 1464//1086 1395//1086
f 1209//1087 1052//1087 1158//1087 1518//1087
f 1426//1088 1482//1088 966//1088 1049//1088
f 1163//1089 1511//1089 1211//1089 1059//1089
f 1482//1090 1501//1090 954//1090 966//1090
f 1408//1091 1428//1091 1038//1091 1069//1091
f 1039//1092 1070//1092 1407//1092 1427//1092
f 1487//1093 979//1093 954//1093 1501//1093
f 997//1094 923//1094 1494//1094 1523//1094
f 1251//1095 1361//1095 1268//1095 1109//1095
f 998//1096 1526//1096 1495//1096 925//1096
f 1035//1097 979//1097 1487//1097 1467//1097
f 1365//1098 1349//1098 1190//1098 1103//1098
f 1462//1099 1025//1099 1035//1099 1467//1099
f 1191//1100 1102//1100 1368//1100 1350//1100
f 1184//1101 1366//1101 1323//1101 1133//1101
f 1324//1102 1367//1102 1185//1102 1134//1102
f 1192//1103 1218//1103 1316//1103 1306//1103
f 1193//1104 1307//1104 1317//1104 1219//1104
f 1182//1105 1344//1105 1306//1105 1192//1105
f 1307//1106 1193//1106 1183//1106 1345//1106
f 1508//1107 1522//1107 992//1107 952//1107
f 1748//1108 785//1108 981//1108 1502//1108
f 774//1109 970//1109 1656//1109 1626//1109
f 1655//1110 971//1110 773//1110 1627//1110
f 1379//1111 1000//1111 1065//1111 1570//1111
f 1064//1112 1006//1112 1380//1112 1568//1112
f 1563//1113 968//1113 952//1113 1508//1113
f 1358//1114 1260//1114 1165//1114 1280//1114
f 1472//1115 1486//1115 1029//1115 1056//1115
f 1165//1116 1261//1116 1359//1116 1280//1116
f 976//1117 967//1117 1560//1117 1515//1117
f 1722//1118 747//1118 836//1118 1813//1118
f 1388//1119 1783//1119 1125//1119 797//1119
f 1369//1120 1344//1120 1182//1120 1203//1120
f 1183//1121 1345//1121 1370//1121 1204//1121
f 1393//1122 1424//1122 1147//1122 1124//1122
f 1146//1123 1425//1123 1394//1123 1126//1123
f 1023//1124 1488//1124 1520//1124 1048//1124
f 1050//1125 1060//1125 1476//1125 1499//1125
f 1034//1126 976//1126 1515//1126 1545//1126
f 1530//1127 1040//1127 1024//1127 1493//1127
f 1480//1128 1122//1128 1057//1128 1463//1128
f 1058//1129 1123//1129 1479//1129 1464//1129
f 1173//1130 1398//1130 1366//1130 1184//1130
f 1367//1131 1399//1131 1174//1131 1185//1131
f 1238//1132 1218//1132 1316//1132 1363//1132
f 1317//1133 1219//1133 1239//1133 1364//1133
f 1402//1134 1079//1134 1161//1134 1497//1134
f 1160//1135 1073//1135 1406//1135 1498//1135
f 1214//1136 1383//1136 1369//1136 1203//1136
f 1370//1137 1384//1137 1215//1137 1204//1137
f 938//1138 1202//1138 1556//1138 1448//1138
f 1456//1139 1021//1139 1155//1139 1527//1139
f 1156//1140 1020//1140 1457//1140 1528//1140
f 1169//1141 1445//1141 1425//1141 1146//1141
f 1424//1142 1147//1142 1170//1142 1444//1142
f 1348//1143 1200//1143 1247//1143 1413//1143
f 881//1144 1692//1144 1716//1144 899//1144
f 909//1145 1715//1145 1692//1145 881//1145
f 1523//1146 997//1146 1071//1146 1584//1146
f 1072//1147 998//1147 1526//1147 1583//1147
f 1384//1148 1215//1148 1228//1148 1409//1148
f 1410//1149 1229//1149 1214//1149 1383//1149
f 1150//1150 1016//1150 1491//1150 1552//1150
f 1492//1151 1017//1151 1149//1151 1553//1151
f 1332//1152 1278//1152 1280//1152 1358//1152
f 1280//1153 1278//1153 1333//1153 1359//1153
f 1262//1154 1173//1154 1398//1154 1450//1154
f 1399//1155 1174//1155 1263//1155 1451//1155
f 1522//1156 1638//1156 1113//1156 992//1156
f 1521//1157 1434//1157 1066//1157 1264//1157
f 1284//1158 1416//1158 1363//1158 1238//1158
f 1364//1159 1239//1159 1285//1159 1417//1159
f 1436//1160 1240//1160 1229//1160 1410//1160
f 1228//1161 1409//1161 1437//1161 1241//1161
f 1396//1162 1127//1162 1257//1162 1519//1162
f 1123//1163 1479//1163 1503//1163 1213//1163
f 1504//1164 1212//1164 1122//1164 1480//1164
f 1046//1165 1613//1165 1648//1165 1001//1165
f 1047//1166 1002//1166 1649//1166 1612//1166
f 1158//1167 1310//1167 1477//1167 1380//1167
f 1363//1168 1316//1168 1306//1168 1344//1168
f 1307//1169 1345//1169 1364//1169 1317//1169
f 1478//1170 1308//1170 1163//1170 1379//1170
f 1532//1171 1243//1171 1087//1171 1468//1171
f 1660//1172 1013//1172 983//1172 1686//1172
f 1090//1173 1244//1173 1540//1173 1465//1173
f 1076//1174 785//1174 1748//1174 1752//1174
f 1566//1175 1080//1175 1106//1175 1582//1175
f 1421//1176 1327//1176 1251//1176 1360//1176
f 1107//1177 1581//1177 1569//1177 1081//1177
f 1583//1178 1072//1178 1107//1178 1581//1178
f 1106//1179 1071//1179 1584//1179 1582//1179
f 1489//1180 1260//1180 1170//1180 1444//1180
f 1169//1181 1261//1181 1490//1181 1445//1181
f 1520//1182 1048//1182 1171//1182 1605//1182
f 948//1183 1377//1183 1668//1183 1373//1183
f 1669//1184 1378//1184 947//1184 1374//1184
f 1636//1185 1564//1185 1177//1185 973//1185
f 1230//1186 2010//1186 1443//1186 726//1186
f 1178//1187 1040//1187 1530//1187 1625//1187
f 1497//1188 1161//1188 1189//1188 1531//1188
f 1189//1189 1160//1189 1498//1189 1531//1189
f 1544//1190 1186//1190 1080//1190 1566//1190
f 1474//1191 1273//1191 1240//1191 1436//1191
f 1241//1192 1437//1192 1475//1192 1274//1192
f 1081//1193 1201//1193 1546//1193 1569//1193
f 1001//1194 1648//1194 1650//1194 1121//1194
f 1002//1195 1649//1195 1651//1195 1120//1195
f 1429//1196 1376//1196 1279//1196 1337//1196
f 1279//1197 1376//1197 1430//1197 1338//1197
f 1360//1198 1251//1198 1361//1198 1447//1198
f 1634//1199 1966//1199 1051//1199 796//1199
f 1400//1200 1466//1200 1309//1200 1256//1200
f 1164//1201 1034//1201 1545//1201 1685//1201
f 1162//1202 967//1202 1560//1202 1749//1202
f 1563//1203 1753//1203 1159//1203 968//1203
f 1066//1204 1434//1204 1631//1204 1351//1204
f 1064//1205 1568//1205 1701//1205 1135//1205
f 1702//1206 1570//1206 1065//1206 1137//1206
f 1323//1207 1470//1207 1416//1207 1284//1207
f 1417//1208 1471//1208 1324//1208 1285//1208
f 1369//534 1344//534 1363//534 1416//534
f 1364//1209 1345//1209 1370//1209 1417//1209
f 1512//1210 1265//1210 1262//1210 1450//1210
f 1263//1211 1451//1211 1513//1211 1266//1211
f 1656//1212 970//1212 1196//1212 1675//1212
f 1197//1213 1676//1213 1655//1213 971//1213
f 1516//1214 1227//1214 1145//1214 1614//1214
f 899//1215 1716//1215 1806//1215 1112//1215
f 1125//1216 1783//1216 1715//1216 909//1216
f 1196//1217 1047//1217 1612//1217 1675//1217
f 1197//1218 1676//1218 1613//1218 1046//1218
f 1617//1219 1396//1219 1127//1219 1387//1219
f 1549//1220 1554//1220 1194//1220 1235//1220
f 1195//1221 1236//1221 1550//1221 1555//1221
f 1711//1222 1004//1222 1141//1222 1697//1222
f 1142//1223 1005//1223 1712//1223 1698//1223
f 1610//1224 1504//1224 1212//1224 1225//1224
f 1213//1225 1224//1225 1611//1225 1503//1225
f 1177//1226 1564//1226 1535//1226 1268//1226
f 1166//1227 1013//1227 1660//1227 1734//1227
f 1287//1228 1273//1228 1474//1228 1536//1228
f 1475//1229 1274//1229 1288//1229 1537//1229
f 1500//1230 1327//1230 1227//1230 1516//1230
f 1554//1231 1194//1231 1271//1231 1575//1231
f 1272//1232 1576//1232 1555//1232 1195//1232
f 1152//1233 1004//1233 1711//1233 1761//1233
f 1712//1234 1005//1234 1153//1234 1762//1234
f 1308//1235 1163//1235 1511//1235 1633//1235
f 1172//1236 1645//1236 1670//1236 1143//1236
f 1518//1237 1632//1237 1310//1237 1158//1237
f 1671//1238 1647//1238 1176//1238 1144//1238
f 984//1239 1854//1239 1828//1239 993//1239
f 1171//1240 1172//1240 1645//1240 1652//1240
f 1276//1241 1657//1241 1552//1241 1150//1241
f 1553//1242 1149//1242 1277//1242 1658//1242
f 993//1243 1828//1243 1800//1243 1044//1243
f 1524//1244 1358//1244 1260//1244 1489//1244
f 1261//1245 1359//1245 1525//1245 1490//1245
f 1647//1246 1659//1246 1178//1246 1176//1246
f 1248//1247 1296//1247 1541//1247 1561//1247
f 1542//1248 1562//1248 1249//1248 1297//1248
f 1543//1249 1469//1249 1202//1249 1459//1249
f 984//1250 1854//1250 1847//1250 1022//1250
f 1135//1251 1701//1251 1705//1251 1131//1251
f 1707//1252 1702//1252 1137//1252 1132//1252
f 1366//1253 1323//1253 1470//1253 1505//1253
f 1471//1254 1324//1254 1367//1254 1506//1254
f 1470//534 1410//534 1383//534 1416//534
f 1384//535 1417//535 1471//535 1409//535
f 1541//1255 1536//1255 1287//1255 1296//1255
f 1288//1256 1537//1256 1542//1256 1297//1256
f 1575//1257 1271//1257 1248//1257 1561//1257
f 1249//1258 1562//1258 1576//1258 1272//1258
f 1151//1259 1937//1259 1636//1259 973//1259
f 1598//1260 1699//1260 1208//1260 1206//1260
f 1483//1261 1524//1261 1358//1261 1332//1261
f 1359//1262 1333//1262 1484//1262 1525//1262
f 1361//1263 1529//1263 1535//1263 1268//1263
f 1698//1264 1713//1264 1179//1264 1142//1264
f 1180//1265 1714//1265 1697//1265 1141//1265
f 1413//1266 1348//1266 1454//1266 1517//1266
f 1686//1267 983//1267 1207//1267 1905//1267
f 1022//1268 1847//1268 1846//1268 1082//1268
f 1610//1269 1755//1269 1199//1269 1225//1269
f 1198//1270 1754//1270 1611//1270 1224//1270
f 1514//1271 1481//1271 1360//1271 1421//1271
f 1234//1272 1848//1272 1547//1272 1187//1272
f 1674//1273 1532//1273 1243//1273 1349//1273
f 1244//1274 1350//1274 1678//1274 1540//1274
f 1511//1275 1211//1275 1402//1275 1691//1275
f 1406//1276 1209//1276 1518//1276 1690//1276
f 1376//1277 1485//1277 1509//1277 1430//1277
f 1510//1278 1485//1278 1376//1278 1429//1278
f 1551//1279 1421//1279 1327//1279 1500//1279
f 1639//1280 1231//1280 1233//1280 1731//1280
f 1572//1281 1478//1281 1308//1281 1453//1281
f 1310//1282 1477//1282 1571//1282 1452//1282
f 1533//1283 1447//1283 1360//1283 1481//1283
f 1724//1284 1670//1284 1143//1284 1312//1284
f 1144//1285 1313//1285 1726//1285 1671//1285
f 1754//1286 1762//1286 1153//1286 1198//1286
f 1755//1287 1199//1287 1152//1287 1761//1287
f 1638//1288 1113//1288 1264//1288 1875//1288
f 1378//1289 1156//1289 1528//1289 1801//1289
f 1527//1290 1155//1290 1377//1290 1802//1290
f 1680//1291 1512//1291 1265//1291 1428//1291
f 1681//1292 1513//1292 1266//1292 1427//1292
f 1473//1293 1534//1293 1466//1293 1400//1293
f 1485//1294 1509//1294 1456//1294 1420//1294
f 1457//1295 1420//1295 1485//1295 1510//1295
f 1588//1296 1398//1296 1366//1296 1505//1296
f 1367//1297 1506//1297 1589//1297 1399//1297
f 1505//1298 1474//1298 1436//1298 1470//1298
f 1437//1299 1475//1299 1506//1299 1471//1299
f 1559//1300 1529//1300 1361//1300 1447//1300
f 1131//1301 1705//1301 1824//1301 1289//1301
f 1825//1302 1290//1302 1132//1302 1707//1302
f 1614//1303 1145//1303 1167//1303 2001//1303
f 1699//1304 1208//1304 1286//1304 1772//1304
f 1597//1305 1819//1305 1291//1305 1250//1305
f 1538//1306 1641//1306 1429//1306 1337//1306
f 1430//1307 1642//1307 1539//1307 1338//1307
f 1257//1308 1164//1308 1685//1308 1903//1308
f 1851//1309 1650//1309 1121//1309 1374//1309
f 1120//1310 1651//1310 1852//1310 1373//1310
f 1368//1311 1694//1311 1657//1311 1276//1311
f 1658//1312 1695//1312 1365//1312 1277//1312
f 1175//1313 1941//1313 1846//1313 1082//1313
f 1517//1314 1534//1314 1473//1314 1454//1314
f 1252//1315 1180//1315 1714//1315 1924//1315
f 1713//1316 1925//1316 1253//1316 1179//1316
f 1298//1317 1789//1317 1696//1317 1293//1317
f 1752//1318 1076//1318 1232//1318 2007//1318
f 1311//1319 1233//1319 1731//1319 1804//1319
f 1695//1320 1365//1320 1349//1320 1674//1320
f 1350//1321 1368//1321 1694//1321 1678//1321
f 1543//1322 1557//1322 1507//1322 1459//1322
f 1237//1323 1246//1323 1792//1323 1879//1323
f 1590//1324 1514//1324 1421//1324 1551//1324
f 1792//1325 1246//1325 1295//1325 1809//1325
f 1453//1326 1308//1326 1633//1326 1727//1326
f 1632//1327 1310//1327 1452//1327 1728//1327
f 1738//1328 1814//1328 1292//1328 1304//1328
f 1672//1329 1588//1329 1398//1329 1450//1329
f 1399//1330 1589//1330 1673//1330 1451//1330
f 1341//1331 1304//1331 1738//1331 1756//1331
f 1588//1332 1505//1332 1474//1332 1536//1332
f 1475//1333 1537//1333 1589//1333 1506//1333
f 1565//1334 1567//1334 1514//1334 1481//1334
f 1904//1335 1411//1335 1166//1335 1734//1335
f 1920//1336 1139//1336 1223//1336 1963//1336
f 1329//1337 1325//1337 1730//1337 1835//1337
f 1222//1338 1140//1338 1921//1338 1964//1338
f 1602//1339 1533//1339 1447//1339 1559//1339
f 1507//1340 1606//1340 1577//1340 1459//1340
f 1769//1341 1393//1341 1312//1341 1724//1341
f 1313//1342 1394//1342 1770//1342 1726//1342
f 1322//1343 1886//1343 1876//1343 1181//1343
f 1848//1344 1917//1344 1269//1344 1234//1344
f 1255//1345 1823//1345 1924//1345 1252//1345
f 1925//1346 1821//1346 1259//1346 1253//1346
f 1509//1347 1708//1347 1527//1347 1456//1347
f 1528//1348 1709//1348 1510//1348 1457//1348
f 1829//1349 1756//1349 1341//1349 1328//1349
f 1295//1350 1299//1350 1874//1350 1809//1350
f 1269//1351 1237//1351 1879//1351 1917//1351
f 1822//1352 1339//1352 1315//1352 1788//1352
f 1789//1353 1298//1353 1347//1353 1840//1353
f 1771//1354 2039//1354 1217//1354 1226//1354
f 1814//1355 1882//1355 1314//1355 1292//1355
f 1314//1356 1291//1356 1819//1356 1882//1356
f 1876//1357 1181//1357 1270//1357 1979//1357
f 1877//1358 1889//1358 1357//1358 1221//1358
f 1340//1359 1812//1359 1818//1359 1335//1359
f 1817//1360 1816//1360 1342//1360 1336//1360
f 1281//1361 1321//1361 1837//1361 1897//1361
f 1788//1362 1315//1362 1356//1362 1859//1362
f 1299//1363 1874//1363 1897//1363 1281//1363
f 1275//1364 1981//1364 1877//1364 1221//1364
f 1509//1365 1430//1365 1642//1365 1708//1365
f 1641//1366 1429//1366 1510//1366 1709//1366
f 1873//1367 1254//1367 1294//1367 1938//1367
f 1966//1368 1051//1368 1210//1368 2102//1368
f 1356//1369 1328//1369 1829//1369 1859//1369
f 1720//1370 1408//1370 1428//1370 1780//1370
f 1427//1371 1407//1371 1721//1371 1781//1371
f 1301//1372 1939//1372 1880//1372 1267//1372
f 1691//1373 1402//1373 1497//1373 1736//1373
f 1498//1374 1406//1374 1690//1374 1737//1374
f 1643//1375 1760//1375 1519//1375 1396//1375
f 1740//1376 1630//1376 1434//1376 1521//1376
f 1557//1377 1548//1377 1596//1377 1578//1377
f 1371//1378 1340//1378 1812//1378 1850//1378
f 1718//1379 2076//1379 1558//1379 960//1379
f 1548//1380 1507//1380 1606//1380 1654//1380
f 1784//1381 1424//1381 1393//1381 1769//1381
f 1665//1382 1346//1382 1432//1382 1944//1382
f 1394//1383 1770//1383 1785//1383 1425//1383
f 1567//1384 1644//1384 1590//1384 1514//1384
f 1372//1385 1329//1385 1835//1385 1872//1385
f 1927//1386 1817//1386 1336//1386 1334//1386
f 1175//1387 1941//1387 2012//1387 1258//1387
f 1818//1388 1335//1388 1331//1388 1930//1388
f 1816//1389 1342//1389 1392//1389 1866//1389
f 1637//1390 1565//1390 1533//1390 1602//1390
f 1536//1391 1588//1391 1628//1391 1615//1391
f 1629//1392 1589//1392 1537//1392 1616//1392
f 1579//1393 1573//1393 1600//1393 1592//1393
f 1601//1394 1574//1394 1580//1394 1593//1394
f 1551//1395 1682//1395 1661//1395 1500//1395
f 1381//1396 1371//1396 1850//1396 1860//1396
f 1401//1397 1911//1397 1822//1397 1339//1397
f 1790//1398 1672//1398 1450//1398 1512//1398
f 1451//1399 1513//1399 1791//1399 1673//1399
f 2001//1400 1167//1400 1283//1400 1996//1400
f 1797//1401 1784//1401 1424//1401 1444//1401
f 1425//1402 1785//1402 1796//1402 1445//1402
f 1849//1403 1389//1403 1381//1403 1860//1403
f 1573//1404 1594//1404 1618//1404 1600//1404
f 1619//1405 1595//1405 1574//1405 1601//1405
f 1609//1406 1603//1406 1592//1406 1586//1406
f 1593//1407 1587//1407 1608//1407 1604//1407
f 1500//1408 1661//1408 1747//1408 1516//1408
f 1837//1409 1321//1409 1414//1409 1933//1409
f 1565//1410 1637//1410 1644//1410 1567//1410
f 1907//1411 1351//1411 1302//1411 1951//1411
f 1664//1412 1758//1412 1571//1412 1452//1412
f 1572//1413 1759//1413 1663//1413 1453//1413
f 1397//1414 1389//1414 1849//1414 1881//1414
f 1684//1415 1679//1415 1529//1415 1559//1415
f 1963//1416 1223//1416 1355//1416 1975//1416
f 1964//1417 1222//1417 1354//1417 1976//1417
f 1905//1418 1207//1418 1419//1418 1992//1418
f 1617//1419 1396//1419 1643//1419 1842//1419
f 1591//1420 1624//1420 1640//1420 1607//1420
f 1628//1421 1615//1421 1620//1421 1603//1421
f 1621//1421 1616//1421 1629//1421 1604//1421
f 1843//1422 1861//1422 1433//1422 1415//1422
f 1865//1423 1911//1423 1401//1423 1386//1423
f 1866//1424 1899//1424 1412//1424 1392//1424
f 1630//1425 1434//1425 1631//1425 1836//1425
f 1683//1426 1682//1426 1551//1426 1590//1426
f 1405//1414 1397//1414 1881//1414 1900//1414
f 1387//1427 1940//1427 1965//1427 1282//1427
f 1810//1428 1489//1428 1444//1428 1797//1428
f 1445//1429 1490//1429 1811//1429 1796//1429
f 1736//1430 1497//1430 1531//1430 1757//1430
f 1531//1431 1498//1431 1737//1431 1757//1431
f 1677//1432 1684//1432 1559//1432 1602//1432
f 1965//1433 1971//1433 1375//1433 1282//1433
f 1462//1434 1841//1434 1834//1434 1467//1434
f 1961//1435 1303//1435 1355//1435 1975//1435
f 1354//1436 1976//1436 1962//1436 1305//1436
f 1899//1437 1901//1437 1423//1437 1412//1437
f 1742//1438 1426//1438 1482//1438 1936//1438
f 1442//1439 1929//1439 1865//1439 1386//1439
f 1901//1440 1870//1440 1435//1440 1423//1440
f 1388//1441 1391//1441 1969//1441 1864//1441
f 1869//1442 1841//1442 1462//1442 1449//1442
f 1578//1443 1700//1443 1706//1443 1557//1443
f 1433//1444 1861//1444 1912//1444 1418//1444
f 1870//1445 1878//1445 1455//1445 1435//1445
f 1418//1446 1405//1446 1900//1446 1912//1446
f 1635//1447 1596//1447 1653//1447 1688//1447
f 1951//1448 1302//1448 1403//1448 1968//1448
f 1331//1449 1330//1449 2027//1449 1930//1449
f 1455//1450 1878//1450 1869//1450 1449//1450
f 1873//1451 2024//1451 1472//1451 1254//1451
f 1596//1452 1653//1452 1689//1452 1654//1452
f 1245//1453 1210//1453 2102//1453 2046//1453
f 1343//1454 1334//1454 1927//1454 2028//1454
f 1476//1455 1267//1455 1880//1455 2025//1455
f 2205//1456 2097//1456 1157//1456 1168//1456
f 1662//1457 1607//1457 1640//1457 1704//1457
f 1710//1458 1606//1458 1577//1458 1719//1458
f 1830//1459 1524//1459 1489//1459 1810//1459
f 1490//1460 1525//1460 1831//1460 1811//1460
f 1653//1461 1646//1461 1662//1461 1689//1461
f 1688//1462 1653//1462 1646//1462 1667//1462
f 1875//1463 2014//1463 1521//1463 1264//1463
f 1834//1464 1918//1464 1487//1464 1467//1464
f 1573//1465 1594//1465 1732//1465 1745//1465
f 1733//1466 1595//1466 1574//1466 1746//1466
f 1519//1467 2019//1467 1903//1467 1257//1467
f 1579//1468 1763//1468 1745//1468 1573//1468
f 1746//1469 1574//1469 1580//1469 1764//1469
f 1682//1470 1661//1470 1679//1470 1684//1470
f 2241//1471 1391//1471 1151//1471 1937//1471
f 1683//1421 1682//1421 1684//1421 1677//1421
f 1971//1472 1375//1472 1390//1472 1993//1472
f 1414//1473 1933//1473 1957//1473 1446//1473
f 1618//1474 1594//1474 1732//1474 1743//1474
f 1733//1475 1744//1475 1619//1475 1595//1475
f 1663//1476 1453//1476 1727//1476 1898//1476
f 1728//1477 1452//1477 1664//1477 1902//1477
f 1729//1478 1654//1478 1606//1478 1710//1478
f 1441//1479 1439//1479 1928//1479 1958//1479
f 1776//1480 1763//1480 1579//1480 1586//1480
f 1580//1481 1587//1481 1775//1481 1764//1481
f 1908//1482 1830//1482 1524//1482 1483//1482
f 1525//1483 1831//1483 1906//1483 1484//1483
f 1968//1484 1403//1484 1395//1484 1991//1484
f 1385//1485 2103//1485 2097//1485 1157//1485
f 1765//1486 1600//1486 1618//1486 1743//1486
f 1619//1487 1744//1487 1766//1487 1601//1487
f 1592//1488 1773//1488 1765//1488 1600//1488
f 1766//1489 1774//1489 1593//1489 1601//1489
f 1544//1490 2017//1490 1886//1490 1322//1490
f 1541//1491 1857//1491 1844//1491 1536//1491
f 1845//1492 1858//1492 1542//1492 1537//1492
f 1798//1493 1867//1493 1554//1493 1549//1493
f 1460//1494 1431//1494 1926//1494 1986//1494
f 1555//1495 1868//1495 1799//1495 1550//1495
f 1446//1496 1441//1496 1958//1496 1957//1496
f 1938//1497 2059//1497 1486//1497 1294//1497
f 1439//1498 1928//1498 1959//1498 1488//1498
f 1458//1499 1270//1499 1979//1499 2082//1499
f 1723//1500 1635//1500 1688//1500 1741//1500
f 1603//1501 1794//1501 1773//1501 1592//1501
f 1774//1502 1795//1502 1604//1502 1593//1502
f 1432//1503 1460//1503 1986//1503 1944//1503
f 1493//1504 1960//1504 1929//1504 1442//1504
f 1996//1505 2034//1505 1469//1505 1283//1505
f 1780//1506 1934//1506 1680//1506 1428//1506
f 1681//1507 1427//1507 1781//1507 1935//1507
f 1667//1508 1717//1508 1735//1508 1666//1508
f 1461//1509 2083//1509 1981//1509 1275//1509
f 1689//1510 1662//1510 1704//1510 1739//1510
f 1587//1511 1608//1511 1807//1511 1775//1511
f 1808//1512 1776//1512 1586//1512 1609//1512
f 1546//1513 2020//1513 1889//1513 1357//1513
f 1499//1514 1301//1514 1939//1514 2060//1514
f 1654//1515 1689//1515 1739//1515 1729//1515
f 1112//1516 1750//1516 2166//1516 1806//1516
f 1377//1517 1802//1517 1982//1517 1668//1517
f 1983//1518 1801//1518 1378//1518 1669//1518
f 1844//1519 1838//1519 1615//1519 1536//1519
f 1616//1520 1537//1520 1845//1520 1839//1520
f 1561//1521 1887//1521 1857//1521 1541//1521
f 1858//1522 1542//1522 1562//1522 1888//1522
f 1628//1523 1603//1523 1794//1523 1826//1523
f 1795//1524 1827//1524 1629//1524 1604//1524
f 2034//1525 1787//1525 1543//1525 1469//1525
f 1661//1526 1679//1526 1778//1526 1747//1526
f 1608//1527 1621//1527 1833//1527 1807//1527
f 1832//1528 1620//1528 1609//1528 1808//1528
f 1918//1529 1972//1529 1501//1529 1487//1529
f 2095//1530 2156//1530 1326//1530 1300//1530
f 1909//1531 1790//1531 1512//1531 1680//1531
f 1910//1532 1791//1532 1513//1532 1681//1532
f 1867//1533 1554//1533 1575//1533 1893//1533
f 1576//1534 1555//1534 1868//1534 1894//1534
f 1516//1535 1747//1535 1987//1535 1614//1535
f 1258//1536 2012//1536 2131//1536 1465//1536
f 1972//1537 1936//1537 1482//1537 1501//1537
f 1838//1538 1615//1538 1620//1538 1832//1538
f 1621//1539 1616//1539 1839//1539 1833//1539
f 1588//1540 1628//1540 1826//1540 1855//1540
f 1827//1541 1856//1541 1589//1541 1629//1541
f 1993//1542 2032//1542 1463//1542 1390//1542
f 1643//1543 1693//1543 1805//1543 1760//1543
f 1803//1544 1725//1544 1630//1544 1740//1544
f 1991//1545 1395//1545 1464//1545 2033//1545
f 1893//1546 1887//1546 1561//1546 1575//1546
f 1562//1547 1888//1547 1894//1547 1576//1547
f 1706//1548 1782//1548 1751//1548 1700//1548
f 1700//1549 1723//1549 1767//1549 1751//1549
f 1768//1550 1739//1550 1704//1550 1735//1550
f 1631//1551 1351//1551 1907//1551 2061//1551
f 1488//1552 1520//1552 1980//1552 1959//1552
f 1741//1553 1768//1553 1735//1553 1717//1553
f 1782//1554 1710//1554 1729//1554 1751//1554
f 1990//1555 1960//1555 1493//1555 1530//1555
f 2156//1556 1326//1556 1320//1556 2184//1556
f 1767//1557 1723//1557 1741//1557 1768//1557
f 1767//1558 1768//1558 1739//1558 1729//1558
f 2106//1559 1851//1559 1374//1559 1669//1559
f 1373//1560 1852//1560 2107//1560 1668//1560
f 2140//1561 2095//1561 1300//1561 1468//1561
f 1617//1562 1387//1562 1940//1562 2063//1562
f 1842//1563 1643//1563 1693//1563 1871//1563
f 1672//1564 1914//1564 1855//1564 1588//1564
f 1856//1565 1915//1565 1673//1565 1589//1565
f 1448//1566 1385//1566 2103//1566 2065//1566
f 2051//1567 2085//1567 1477//1567 1380//1567
f 2052//1568 2089//1568 1478//1568 1379//1568
f 2039//1569 2358//1569 1362//1569 1217//1569
f 1777//1570 1664//1570 1758//1570 1862//1570
f 1725//1571 1892//1571 1836//1571 1630//1571
f 1759//1572 1863//1572 1779//1572 1663//1572
f 2027//1573 1330//1573 1438//1573 2250//1573
f 2007//1574 2286//1574 1496//1574 1232//1574
f 2024//1575 2059//1575 1486//1575 1472//1575
f 1440//1576 1343//1576 2028//1576 2252//1576
f 1499//1577 2060//1577 2025//1577 1476//1577
f 1693//1578 1777//1578 1862//1578 1805//1578
f 1464//1579 2033//1579 2132//1579 1479//1579
f 1863//1580 1803//1580 1725//1580 1779//1580
f 1463//1581 1480//1581 2133//1581 2032//1581
f 1864//1582 2145//1582 1783//1582 1388//1582
f 1980//1583 2018//1583 1605//1583 1520//1583
f 1458//1584 1494//1584 2116//1584 2082//1584
f 2117//1585 1495//1585 1461//1585 2083//1585
f 1913//1586 1782//1586 1719//1586 1793//1586
f 1625//1587 1530//1587 1990//1587 2029//1587
f 2157//1588 1904//1588 1411//1588 1750//1588
f 1743//1589 1732//1589 1890//1589 1895//1589
f 1891//1590 1896//1590 1744//1590 1733//1590
f 1568//1591 2181//1591 2051//1591 1380//1591
f 2237//1592 1319//1592 1353//1592 2285//1592
f 1570//1593 1379//1593 2052//1593 2182//1593
f 2038//1594 1988//1594 1538//1594 1641//1594
f 2037//1595 1989//1595 1539//1595 1642//1595
f 1954//1596 1902//1596 1664//1596 1777//1596
f 1663//1597 1779//1597 1953//1597 1898//1597
f 1919//1598 2026//1598 1699//1598 1598//1598
f 1745//1599 1931//1599 1890//1599 1732//1599
f 1871//1600 1693//1600 1777//1600 1954//1600
f 1891//1601 1932//1601 1746//1601 1733//1601
f 2070//1602 2017//1602 1544//1602 1566//1602
f 1992//1603 1419//1603 1718//1603 2134//1603
f 2071//1604 2020//1604 1546//1604 1569//1604
f 1765//1605 1922//1605 1895//1605 1743//1605
f 1896//1606 1744//1606 1766//1606 1923//1606
f 1883//1607 1942//1607 1780//1607 1720//1607
f 1781//1608 1943//1608 1884//1608 1721//1608
f 1503//1609 1479//1609 2132//1609 2138//1609
f 2133//1610 1480//1610 1504//1610 2137//1610
f 2128//1611 1523//1611 1494//1611 2116//1611
f 2127//1612 1526//1612 1495//1612 2117//1612
f 1779//1613 1953//1613 1892//1613 1725//1613
f 1438//1614 1492//1614 2100//1614 2250//1614
f 2099//1615 1491//1615 1440//1615 2252//1615
f 2085//1616 2153//1616 1571//1616 1477//1616
f 2089//1617 1478//1617 1572//1617 2154//1617
f 1465//1618 1540//1618 2180//1618 2131//1618
f 1984//1619 1790//1619 1672//1619 1914//1619
f 1673//1620 1791//1620 1985//1620 1915//1620
f 2099//1621 1491//1621 1552//1621 2170//1621
f 2100//1622 2171//1622 1553//1622 1492//1622
f 1763//1623 1945//1623 1931//1623 1745//1623
f 1932//1624 1746//1624 1764//1624 1946//1624
f 1633//1625 1511//1625 2075//1625 2079//1625
f 2285//1626 1353//1626 1382//1626 2282//1626
f 2072//1627 2081//1627 1632//1627 1518//1627
f 2014//1628 2031//1628 1740//1628 1521//1628
f 2257//1629 2282//1629 1382//1629 1404//1629
f 1773//1630 1765//1630 1922//1630 1947//1630
f 1923//1631 1948//1631 1774//1631 1766//1631
f 1605//1632 2018//1632 2044//1632 1652//1632
f 1760//1633 2030//1633 2019//1633 1519//1633
f 1949//1634 1639//1634 1731//1634 2045//1634
f 1848//1635 2187//1635 1820//1635 1547//1635
f 1558//1636 2383//1636 2205//1636 1168//1636
f 2231//1637 2140//1637 1468//1637 1532//1637
f 1511//1638 1691//1638 2073//1638 2075//1638
f 2074//1639 2072//1639 1518//1639 1690//1639
f 1776//1640 1956//1640 1945//1640 1763//1640
f 1946//1641 1955//1641 1775//1641 1764//1641
f 2050//1642 2029//1642 1625//1642 1659//1642
f 1885//1643 1597//1643 1819//1643 2118//1643
f 1566//1644 1582//1644 2126//1644 2070//1644
f 2124//1645 1581//1645 1569//1645 2071//1645
f 1798//1646 1867//1646 1942//1646 1883//1646
f 1943//1647 1884//1647 1799//1647 1868//1647
f 1583//1648 2158//1648 2127//1648 1526//1648
f 2128//1649 1523//1649 1584//1649 2159//1649
f 1967//1650 1778//1650 1747//1650 1987//1650
f 1794//1651 1973//1651 1947//1651 1773//1651
f 1948//1652 1974//1652 1795//1652 1774//1652
f 1652//1653 2044//1653 2080//1653 1645//1653
f 2086//1654 2050//1654 1659//1654 1647//1654
f 1789//1655 2049//1655 1950//1655 1696//1655
f 2158//1656 2124//1656 1581//1656 1583//1656
f 1582//1657 2126//1657 2159//1657 1584//1657
f 1955//1658 1977//1658 1807//1658 1775//1658
f 1808//1659 1978//1659 1956//1659 1776//1659
f 1230//1660 1952//1660 2297//1660 2010//1660
f 1756//1661 2011//1661 2004//1661 1738//1661
f 1931//1662 1890//1662 1895//1662 1922//1662
f 1896//1663 1891//1663 1932//1663 1923//1663
f 1934//1664 2055//1664 1909//1664 1680//1664
f 1910//1665 1681//1665 1935//1665 2056//1665
f 1636//1666 1564//1666 1967//1666 2336//1666
f 1826//1667 1994//1667 1973//1667 1794//1667
f 1974//1668 1995//1668 1827//1668 1795//1668
f 1645//1669 2080//1669 2150//1669 1670//1669
f 2151//1670 2086//1670 1647//1670 1671//1670
f 2164//1671 2037//1671 1642//1671 1708//1671
f 2165//1672 1709//1672 1641//1672 2038//1672
f 2026//1673 1699//1673 1772//1673 2066//1673
f 1977//1674 1998//1674 1833//1674 1807//1674
f 1832//1675 1808//1675 1978//1675 1997//1675
f 2279//1676 2232//1676 1522//1676 1508//1676
f 1835//1677 1730//1677 1970//1677 2090//1677
f 1540//1678 2180//1678 2200//1678 1678//1678
f 2092//1679 1737//1679 1690//1679 2074//1679
f 1691//1680 1736//1680 2091//1680 2073//1680
f 2167//1681 2231//1681 1532//1681 1674//1681
f 1545//1682 2238//1682 2277//1682 1515//1682
f 2170//1683 2233//1683 1657//1683 1552//1683
f 2171//1684 1553//1684 1658//1684 2236//1684
f 1855//1685 1826//1685 1994//1685 1999//1685
f 1995//1686 2000//1686 1856//1686 1827//1686
f 2002//1687 1838//1687 1832//1687 1997//1687
f 1833//1688 1839//1688 2003//1688 1998//1688
f 2063//1689 1617//1689 1842//1689 2110//1689
f 1836//1690 1631//1690 2061//1690 2104//1690
f 1853//1691 1665//1691 1944//1691 2222//1691
f 2220//1692 1649//1692 1651//1692 2129//1692
f 2221//1693 2130//1693 1650//1693 1648//1693
f 1945//1694 1947//1694 1922//1694 1931//1694
f 1923//1695 1932//1695 1946//1695 1948//1695
f 2004//1696 1738//1696 1814//1696 2113//1696
f 1942//1697 2040//1697 1934//1697 1780//1697
f 1935//1698 1781//1698 1943//1698 2041//1698
f 2008//1699 2002//1699 1838//1699 1844//1699
f 1839//1700 1845//1700 2009//1700 2003//1700
f 2069//1701 2011//1701 1756//1701 1829//1701
f 2013//1702 1841//1702 1834//1702 2021//1702
f 2031//1703 1740//1703 1803//1703 2109//1703
f 1804//1704 1731//1704 2045//1704 2105//1704
f 1857//1705 2015//1705 2008//1705 1844//1705
f 2009//1706 2016//1706 1858//1706 1845//1706
f 1916//1707 1742//1707 1936//1707 2160//1707
f 1727//1708 1633//1708 2079//1708 2251//1708
f 1736//1709 1757//1709 2122//1709 2091//1709
f 2122//1710 2092//1710 1737//1710 1757//1710
f 2081//1711 2255//1711 1728//1711 1632//1711
f 1805//1712 1760//1712 2030//1712 2115//1712
f 1758//1713 2226//1713 2153//1713 1571//1713
f 2154//1714 2227//1714 1759//1714 1572//1714
f 1670//1715 1724//1715 2188//1715 2150//1715
f 1638//1716 1522//1716 2232//1716 2290//1716
f 2189//1717 1726//1717 1671//1717 2151//1717
f 2260//1718 2181//1718 1568//1718 1701//1718
f 2261//1719 1702//1719 1570//1719 2182//1719
f 2022//1720 1999//1720 1855//1720 1914//1720
f 1856//1721 1915//1721 2023//1721 2000//1721
f 1790//1722 1909//1722 2058//1722 2005//1722
f 2057//1723 1910//1723 1791//1723 2006//1723
f 1515//1724 2277//1724 2324//1724 1560//1724
f 2049//1725 1789//1725 1840//1725 2093//1725
f 1508//1726 2279//1726 2325//1726 1563//1726
f 2064//1727 1869//1727 1841//1727 2013//1727
f 1810//1728 2088//1728 2043//1728 1830//1728
f 2042//1729 2087//1729 1811//1729 1831//1729
f 1685//1730 2281//1730 2238//1730 1545//1730
f 2244//1731 2167//1731 1674//1731 1695//1731
f 2094//1732 1792//1732 1809//1732 2078//1732
f 1887//1733 1857//1733 2015//1733 2035//1733
f 2016//1734 2036//1734 1888//1734 1858//1734
f 1711//1735 1697//1735 2190//1735 2193//1735
f 2191//1736 1698//1736 1712//1736 2194//1736
f 2098//1737 1822//1737 1788//1737 2084//1737
f 2518//1738 1952//1738 1502//1738 1748//1738
f 1948//1739 1974//1739 1977//1739 1955//1739
f 1978//1740 1973//1740 1947//1740 1956//1740
f 1797//1741 2119//1741 2088//1741 1810//1741
f 2087//1742 2120//1742 1796//1742 1811//1742
f 2245//1743 2200//1743 1678//1743 1694//1743
f 1852//1744 1651//1744 2129//1744 2206//1744
f 2130//1745 2207//1745 1851//1745 1650//1745
f 1843//1746 1861//1746 2062//1746 2077//1746
f 2233//1747 2245//1747 1694//1747 1657//1747
f 2236//1748 2244//1748 1695//1748 1658//1748
f 1784//1749 1797//1749 2119//1749 2147//1749
f 2120//1750 1796//1750 1785//1750 2146//1750
f 2047//1751 2053//1751 1893//1751 1867//1751
f 1894//1752 2054//1752 2048//1752 1868//1752
f 1724//1753 2188//1753 2177//1753 1769//1753
f 2176//1754 2189//1754 1726//1754 1770//1754
f 2053//1755 2035//1755 1887//1755 1893//1755
f 1888//1756 2036//1756 2054//1756 1894//1756
f 2084//1757 1788//1757 1859//1757 2136//1757
f 2005//1758 2068//1758 1984//1758 1790//1758
f 1985//1759 2067//1759 2006//1759 1791//1759
f 1769//1760 1784//1760 2147//1760 2177//1760
f 2146//1761 2176//1761 1770//1761 1785//1761
f 2201//1762 2193//1762 1711//1762 1761//1762
f 1712//1763 1762//1763 2202//1763 2194//1763
f 1613//1764 1648//1764 2210//1764 2344//1764
f 1612//1765 2345//1765 2211//1765 1649//1765
f 2136//1766 1859//1766 1829//1766 2069//1766
f 2101//1767 2096//1767 1860//1767 1849//1767
f 2021//1768 1834//1768 1918//1768 2141//1768
f 1872//1769 1835//1769 2090//1769 2125//1769
f 2096//1770 1860//1770 1850//1770 2114//1770
f 1942//1771 2040//1771 2047//1771 1867//1771
f 2048//1772 1868//1772 1943//1772 2041//1772
f 1809//1773 2078//1773 2161//1773 1874//1773
f 2135//1774 1878//1774 1869//1774 2064//1774
f 1850//1775 1812//1775 2168//1775 2114//1775
f 1950//1776 2049//1776 2026//1776 1919//1776
f 2139//1777 1881//1777 1849//1777 2101//1777
f 1879//1778 1792//1778 2094//1778 2199//1778
f 2270//1779 1801//1779 1709//1779 2165//1779
f 1708//1780 2164//1780 2269//1780 1802//1780
f 2110//1781 2173//1781 1871//1781 1842//1781
f 1861//1782 1912//1782 2142//1782 2062//1782
f 1892//1783 2172//1783 2104//1783 1836//1783
f 1901//1784 1870//1784 2108//1784 2123//1784
f 1994//1785 1973//1785 1997//1785 2002//1785
f 1998//1786 2003//1786 1995//1786 1974//1786
f 1714//1787 1697//1787 2190//1787 2322//1787
f 1713//1788 2323//1788 2191//1788 1698//1788
f 2169//1789 2152//1789 1866//1789 1816//1789
f 1701//1790 1705//1790 2274//1790 2260//1790
f 2113//1791 1814//1791 1882//1791 2195//1791
f 2275//1792 2261//1792 1702//1792 1707//1792
f 2034//1793 1787//1793 1913//1793 2243//1793
f 2109//1794 2228//1794 1863//1794 1803//1794
f 2118//1795 2195//1795 1882//1795 1819//1795
f 1862//1796 1805//1796 2115//1796 2229//1796
f 2185//1797 2098//1797 1822//1797 1911//1797
f 2243//1798 2065//1798 1793//1798 1913//1798
f 1899//1799 2143//1799 2123//1799 1901//1799
f 1866//1800 2152//1800 2143//1800 1899//1800
f 1837//1801 2121//1801 2155//1801 1933//1801
f 1999//1802 1994//1802 2002//1802 2008//1802
f 2003//1803 2009//1803 2000//1803 1995//1803
f 1984//1804 1914//1804 2022//1804 2111//1804
f 2023//1805 1915//1805 1985//1805 2112//1805
f 1926//1806 1843//1806 2077//1806 2212//1806
f 1987//1807 1614//1807 2001//1807 2369//1807
f 1897//1808 1837//1808 2121//1808 2223//1808
f 1916//1809 2160//1809 2118//1809 1885//1809
f 2214//1810 2400//1810 1754//1810 1611//1810
f 2215//1811 1610//1811 1755//1811 2401//1811
f 1812//1812 2168//1812 2264//1812 1818//1812
f 2187//1813 2222//1813 1853//1813 1820//1813
f 1758//1814 1862//1814 2229//1814 2226//1814
f 2228//1815 1863//1815 1759//1815 2227//1815
f 1970//1816 1949//1816 2045//1816 2090//1816
f 2271//1817 1817//1817 1816//1817 2169//1817
f 2144//1818 2185//1818 1911//1818 1865//1818
f 2015//1819 2008//1819 1999//1819 2022//1819
f 2000//1820 2023//1820 2016//1820 2009//1820
f 1900//1821 1881//1821 2139//1821 2213//1821
f 2013//1421 2011//1421 2004//1421 2021//1421
f 2196//1822 1929//1822 1865//1822 2144//1822
f 1874//1823 2161//1823 2223//1823 1897//1823
f 1912//1824 1900//1824 2213//1824 2142//1824
f 1898//1825 2258//1825 2251//1825 1727//1825
f 2255//1826 2259//1826 1902//1826 1728//1826
f 1675//1827 2391//1827 2345//1827 1612//1827
f 1676//1828 2390//1828 2344//1828 1613//1828
f 1969//1829 1391//1829 2241//1829 2455//1829
f 1560//1830 1749//1830 2402//1830 2324//1830
f 1563//1831 2325//1831 2403//1831 1753//1831
f 1754//1832 2400//1832 2202//1832 1762//1832
f 1755//1833 1761//1833 2201//1833 2401//1833
f 2187//1834 2256//1834 1917//1834 1848//1834
f 1692//1835 1716//1835 2311//1835 2373//1835
f 2326//1836 1824//1836 1705//1836 2274//1836
f 2327//1837 2275//1837 1707//1837 1825//1837
f 1933//1838 2155//1838 2183//1838 1957//1838
f 2358//1839 2658//1839 1634//1839 1362//1839
f 2069//1840 2064//1840 2013//1840 2011//1840
f 2173//1841 1871//1841 1954//1841 2249//1841
f 1917//1842 1879//1842 2199//1842 2256//1842
f 1953//1843 2248//1843 2172//1843 1892//1843
f 1958//1844 1928//1844 2192//1844 2186//1844
f 2035//1845 2111//1845 2022//1845 2015//1845
f 2023//1846 2016//1846 2036//1846 2112//1846
f 2141//1847 2230//1847 1972//1847 1918//1847
f 1957//1848 1958//1848 2186//1848 2183//1848
f 1934//1849 2040//1849 2216//1849 2055//1849
f 2217//1850 2056//1850 1935//1850 2041//1850
f 2055//1851 2225//1851 2058//1851 1909//1851
f 2057//1852 2224//1852 2056//1852 1910//1852
f 2230//1853 1972//1853 1936//1853 2160//1853
f 1716//1854 1806//1854 2355//1854 2311//1854
f 2134//1855 1718//1855 2076//1855 2289//1855
f 2286//1856 2539//1856 1813//1856 1496//1856
f 2049//1857 2026//1857 2066//1857 2093//1857
f 1928//1858 1959//1858 2246//1858 2192//1858
f 2247//1859 2196//1859 1929//1859 1960//1859
f 2004//1860 2113//1860 2141//1860 2021//1860
f 1656//1861 1675//1861 2391//1861 2466//1861
f 2390//1862 1676//1862 1655//1862 2467//1862
f 1898//1863 2258//1863 2248//1863 1953//1863
f 2264//1864 2307//1864 1930//1864 1818//1864
f 2249//1865 1954//1865 1902//1865 2259//1865
f 1927//1866 1817//1866 2271//1866 2308//1866
f 2077//1867 2062//1867 2078//1867 2094//1867
f 1864//1868 2242//1868 2291//1868 1969//1868
f 1984//1869 2068//1869 2198//1869 2111//1869
f 2197//1870 2067//1870 1985//1870 2112//1870
f 1715//1871 1692//1871 2373//1871 2456//1871
f 1875//1872 1638//1872 2290//1872 2478//1872
f 2366//1873 1753//1873 1821//1873 2363//1873
f 1986//1874 2280//1874 2212//1874 1926//1874
f 1886//1875 1876//1875 2316//1875 2298//1875
f 2317//1876 2299//1876 1889//1876 1877//1876
f 2105//1877 2045//1877 2090//1877 2125//1877
f 1703//1878 2384//1878 2407//1878 1815//1878
f 1944//1879 2222//1879 2280//1879 1986//1879
f 2174//1880 2162//1880 2006//1880 2067//1880
f 2005//1881 2068//1881 2175//1881 2163//1881
f 1802//1882 1982//1882 2337//1882 2269//1882
f 2338//1883 2270//1883 1801//1883 1983//1883
f 2098//1884 2123//1884 2108//1884 2084//1884
f 2135//1885 2136//1885 2069//1885 2064//1885
f 1959//1886 2246//1886 2265//1886 1980//1886
f 2053//1887 2208//1887 2111//1887 2035//1887
f 2112//1888 2036//1888 2054//1888 2209//1888
f 1903//1889 1685//1889 2281//1889 2507//1889
f 2210//1890 1648//1890 2221//1890 2340//1890
f 2211//1891 2339//1891 2220//1891 1649//1891
f 1750//1892 2166//1892 2343//1892 2157//1892
f 2218//1893 2162//1893 2006//1893 2057//1893
f 2005//1894 2058//1894 2219//1894 2163//1894
f 2268//1895 1990//1895 1960//1895 2247//1895
f 2078//1896 2062//1896 2142//1896 2161//1896
f 2108//1897 2084//1897 2136//1897 2135//1897
f 2370//1898 2422//1898 1828//1898 1800//1898
f 1852//1899 2206//1899 2328//1899 2107//1899
f 1851//1900 2207//1900 2329//1900 2106//1900
f 2121//1901 2139//1901 2101//1901 2155//1901
f 2155//1902 2183//1902 2096//1902 2101//1902
f 2143//1903 2123//1903 2098//1903 2185//1903
f 2010//1904 1443//1904 2302//1904 2649//1904
f 1626//1905 2616//1905 2466//1905 1656//1905
f 2467//1906 1655//1906 1627//1906 2615//1906
f 2040//1907 2216//1907 2239//1907 2047//1907
f 2240//1908 2217//1908 2041//1908 2048//1908
f 2183//1909 2096//1909 2114//1909 2186//1909
f 2239//1910 2208//1910 2053//1910 2047//1910
f 2054//1911 2209//1911 2240//1911 2048//1911
f 2212//1912 2077//1912 2094//1912 2199//1912
f 1980//1913 2018//1913 2296//1913 2265//1913
f 2421//1914 2362//1914 1823//1914 1924//1914
f 1821//1915 2363//1915 2423//1915 1925//1915
f 2351//1916 2017//1916 1886//1916 2298//1916
f 2352//1917 2299//1917 1889//1917 2020//1917
f 2152//1918 2144//1918 2185//1918 2143//1918
f 2316//1919 1876//1919 1979//1919 2408//1919
f 1981//1920 1877//1920 2317//1920 2409//1920
f 2305//1921 2268//1921 1990//1921 2029//1921
f 2169//1922 2196//1922 2144//1922 2152//1922
f 2186//1923 2114//1923 2168//1923 2192//1923
f 2292//1924 2043//1924 1908//1924 2348//1924
f 1906//1925 2042//1925 2293//1925 2349//1925
f 2242//1926 2387//1926 2145//1926 1864//1926
f 1828//1927 2422//1927 2457//1927 1854//1927
f 2113//1928 2195//1928 2230//1928 2141//1928
f 2425//1929 2452//1929 1847//1929 1846//1929
f 2223//1930 2213//1930 2139//1930 2121//1930
f 2195//1931 2230//1931 2160//1931 2118//1931
f 2204//1932 2174//1932 2162//1932 2179//1932
f 2163//1933 2175//1933 2203//1933 2178//1933
f 2307//1934 1930//1934 2027//1934 2385//1934
f 1937//1935 2671//1935 2336//1935 1636//1935
f 2028//1936 2386//1936 2308//1936 1927//1936
f 2336//1937 2369//1937 1987//1937 1967//1937
f 2161//1938 2223//1938 2213//1938 2142//1938
f 2474//1939 2539//1939 1813//1939 1722//1939
f 2266//1940 2197//1940 2067//1940 2174//1940
f 2068//1941 2198//1941 2267//1941 2175//1941
f 2452//1942 1847//1942 1854//1942 2457//1942
f 2456//1943 2624//1943 1783//1943 1715//1943
f 2076//1944 2567//1944 2383//1944 1558//1944
f 1941//1945 2468//1945 2425//1945 1846//1945
f 2111//1946 2198//1946 2278//1946 2208//1946
f 2112//1947 2197//1947 2276//1947 2209//1947
f 2216//1948 2055//1948 2225//1948 2301//1948
f 2224//1949 2056//1949 2217//1949 2300//1949
f 2088//1950 2320//1950 2292//1950 2043//1950
f 2293//1951 2321//1951 2087//1951 2042//1951
f 2218//1952 2057//1952 2224//1952 2309//1952
f 2225//1953 2058//1953 2219//1953 2310//1953
f 2406//1954 1907//1954 1951//1954 2482//1954
f 1938//1955 1873//1955 2431//1955 2506//1955
f 2179//1956 2263//1956 2253//1956 2162//1956
f 2254//1957 2262//1957 2178//1957 2163//1957
f 2430//1958 1880//1958 1939//1958 2505//1958
f 2306//1959 2652//1959 2007//1959 1752//1959
f 2192//1960 2246//1960 2264//1960 2168//1960
f 2178//1961 2234//1961 2272//1961 2203//1961
f 2273//1962 2204//1962 2179//1962 2235//1962
f 2271//1963 2247//1963 2196//1963 2169//1963
f 1806//1964 2166//1964 2465//1964 2355//1964
f 2296//1965 2044//1965 2080//1965 2377//1965
f 2381//1966 2086//1966 2050//1966 2305//1966
f 2424//1967 2481//1967 1965//1967 1940//1967
f 1982//1968 2337//1968 2378//1968 2148//1968
f 2379//1969 2338//1969 1983//1969 2149//1969
f 2031//1970 2382//1970 2380//1970 2014//1970
f 2030//1971 2019//1971 2374//1971 2399//1971
f 2222//1972 2187//1972 2256//1972 2280//1972
f 2463//1973 2406//1973 1907//1973 2061//1973
f 2280//1974 2256//1974 2199//1974 2212//1974
f 2295//1975 2204//1975 2174//1975 2266//1975
f 2175//1976 2203//1976 2294//1976 2267//1976
f 2413//1977 2351//1977 2017//1977 2070//1977
f 2412//1978 2071//1978 2020//1978 2352//1978
f 2119//1979 2367//1979 2320//1979 2088//1979
f 2321//1980 2368//1980 2120//1980 2087//1980
f 2262//1981 2178//1981 2234//1981 2318//1981
f 2235//1982 2179//1982 2263//1982 2319//1982
f 2464//1983 2063//1983 1940//1983 2424//1983
f 2194//1984 2202//1984 2303//1984 2283//1984
f 2304//1985 2201//1985 2193//1985 2284//1985
f 2302//1986 2773//1986 2039//1986 1771//1986
f 2284//1987 2193//1987 2190//1987 2314//1987
f 2191//1988 2194//1988 2283//1988 2315//1988
f 2498//1989 2014//1989 1875//1989 2478//1989
f 2431//1990 1873//1990 2024//1990 2574//1990
f 2025//1991 2573//1991 2430//1991 1880//1991
f 2461//1992 2408//1992 1979//1992 2082//1992
f 2462//1993 2083//1993 1981//1993 2409//1993
f 2482//1994 1951//1994 1968//1994 2517//1994
f 2313//1995 2278//1995 2208//1995 2239//1995
f 2209//1996 2276//1996 2312//1996 2240//1996
f 2495//1997 2019//1997 1903//1997 2507//1997
f 2109//1998 2031//1998 2382//1998 2432//1998
f 2216//1999 2301//1999 2313//1999 2239//1999
f 2312//2000 2240//2000 2217//2000 2300//2000
f 2481//2001 2533//2001 1971//2001 1965//2001
f 2115//2002 2442//2002 2399//2002 2030//2002
f 2246//2003 2265//2003 2307//2003 2264//2003
f 2330//2004 2266//2004 2197//2004 2276//2004
f 2198//2005 2278//2005 2331//2005 2267//2005
f 2147//2006 2410//2006 2367//2006 2119//2006
f 2368//2007 2411//2007 2146//2007 2120//2007
f 2308//2008 2268//2008 2247//2008 2271//2008
f 2615//2009 1627//2009 1622//2009 3000//2009
f 1623//2010 2999//2010 2616//2010 1626//2010
f 2220//2011 2375//2011 2347//2011 2129//2011
f 2346//2012 2376//2012 2221//2012 2130//2012
f 2450//2013 2512//2013 1989//2013 2037//2013
f 2451//2014 2038//2014 1988//2014 2513//2014
f 2172//2015 2428//2015 2364//2015 2104//2015
f 2173//2016 2110//2016 2359//2016 2429//2016
f 2203//2017 2272//2017 2332//2017 2294//2017
f 2333//2018 2295//2018 2204//2018 2273//2018
f 2414//2019 2346//2019 2130//2019 2207//2019
f 2129//2020 2206//2020 2415//2020 2347//2020
f 2012//2021 2590//2021 2468//2021 1941//2021
f 2148//2022 2107//2022 2444//2022 2378//2022
f 2445//2023 2379//2023 2149//2023 2106//2023
f 2253//2024 2353//2024 2309//2024 2218//2024
f 2310//2025 2219//2025 2254//2025 2354//2025
f 2517//2026 1968//2026 1991//2026 2572//2026
f 2491//2027 2124//2027 2071//2027 2412//2027
f 2533//2028 2580//2028 1993//2028 1971//2028
f 2070//2029 2126//2029 2492//2029 2413//2029
f 2377//2030 2536//2030 2150//2030 2080//2030
f 2151//2031 2086//2031 2381//2031 2537//2031
f 2234//2032 2318//2032 2404//2032 2272//2032
f 2405//2033 2319//2033 2235//2033 2273//2033
f 2411//2034 2146//2034 2176//2034 2453//2034
f 2177//2035 2454//2035 2410//2035 2147//2035
f 2385//2036 2027//2036 2250//2036 2508//2036
f 2657//2037 3063//2037 2046//2037 1242//2037
f 2309//2038 2388//2038 2300//2038 2224//2038
f 2301//2039 2389//2039 2310//2039 2225//2039
f 2252//2040 2028//2040 2386//2040 2509//2040
f 1938//2041 2059//2041 2636//2041 2506//2041
f 2635//2042 2060//2042 1939//2042 2505//2042
f 2082//2043 2116//2043 2499//2043 2461//2043
f 2083//2044 2462//2044 2500//2044 2117//2044
f 2556//2045 2441//2045 2079//2045 2075//2045
f 2557//2046 2443//2046 2081//2046 2072//2046
f 2354//2047 2254//2047 2262//2047 2393//2047
f 2263//2048 2394//2048 2353//2048 2253//2048
f 2265//2049 2296//2049 2385//2049 2307//2049
f 2386//2050 2308//2050 2268//2050 2305//2050
f 2558//2051 2165//2051 2038//2051 2451//2051
f 2559//2052 2450//2052 2037//2052 2164//2052
f 2650//2053 1961//2053 1975//2053 2641//2053
f 1976//2054 2642//2054 2651//2054 1962//2054
f 2580//2055 1993//2055 2032//2055 2595//2055
f 1961//2056 2650//2056 2724//2056 1920//2056
f 1962//2057 2651//2057 2723//2057 1921//2057
f 2572//2058 2620//2058 2033//2058 1991//2058
f 2521//2059 2499//2059 2116//2059 2128//2059
f 2330//2060 2276//2060 2312//2060 2397//2060
f 2313//2061 2398//2061 2331//2061 2278//2061
f 2522//2062 2127//2062 2117//2062 2500//2062
f 1622//2063 3000//2063 2927//2063 1585//2063
f 2927//2064 1585//2064 1623//2064 2999//2064
f 2658//2065 1634//2065 1966//2065 2973//2065
f 1975//2066 1963//2066 2735//2066 2641//2066
f 1976//2067 1964//2067 2736//2067 2642//2067
f 2295//2068 2420//2068 2372//2068 2266//2068
f 2371//2069 2267//2069 2294//2069 2419//2069
f 2158//2070 2124//2070 2491//2070 2542//2070
f 2492//2071 2538//2071 2159//2071 2126//2071
f 2724//2072 1920//2072 1963//2072 2735//2072
f 1964//2073 2736//2073 2723//2073 1921//2073
f 2075//2074 2073//2074 2581//2074 2556//2074
f 2072//2075 2074//2075 2582//2075 2557//2075
f 2287//2076 2346//2076 2376//2076 2357//2076
f 2375//2077 2356//2077 2288//2077 2347//2077
f 2544//2078 2606//2078 2085//2078 2051//2078
f 2421//2079 2663//2079 2322//2079 1924//2079
f 2423//2080 1925//2080 2323//2080 2664//2080
f 2089//2081 2609//2081 2543//2081 2052//2081
f 2573//2082 2635//2082 2060//2082 2025//2082
f 2059//2083 2636//2083 2574//2083 2024//2083
f 2291//2084 2600//2084 2455//2084 1969//2084
f 2538//2085 2521//2085 2128//2085 2159//2085
f 2158//2086 2542//2086 2522//2086 2127//2086
f 2288//2087 2360//2087 2395//2087 2341//2087
f 2396//2088 2342//2088 2287//2088 2361//2088
f 2262//2089 2318//2089 2417//2089 2393//2089
f 2418//2090 2319//2090 2263//2090 2394//2090
f 2561//2091 2544//2091 2051//2091 2181//2091
f 2052//2092 2543//2092 2562//2092 2182//2092
f 2397//2093 2312//2093 2300//2093 2388//2093
f 2301//2094 2313//2094 2398//2094 2389//2094
f 2073//2095 2091//2095 2576//2095 2581//2095
f 2577//2096 2092//2096 2074//2096 2582//2096
f 2339//2097 2459//2097 2375//2097 2220//2097
f 2340//2098 2460//2098 2376//2098 2221//2098
f 2242//2099 2416//2099 2458//2099 2291//2099
f 2188//2100 2578//2100 2454//2100 2177//2100
f 2453//2101 2176//2101 2189//2101 2579//2101
f 2496//2102 2445//2102 2106//2102 2329//2102
f 2107//2103 2328//2103 2497//2103 2444//2103
f 2528//2104 2589//2104 2132//2104 2138//2104
f 2133//2105 2588//2105 2529//2105 2137//2105
f 2032//2106 2133//2106 2588//2106 2595//2106
f 2033//2107 2132//2107 2589//2107 2620//2107
f 2361//2108 2439//2108 2357//2108 2287//2108
f 2356//2109 2288//2109 2360//2109 2440//2109
f 2332//2110 2446//2110 2404//2110 2272//2110
f 2333//2111 2273//2111 2405//2111 2447//2111
f 2576//2112 2610//2112 2122//2112 2091//2112
f 2122//2113 2092//2113 2577//2113 2610//2113
f 2494//2114 2414//2114 2207//2114 2329//2114
f 2206//2115 2328//2115 2493//2115 2415//2115
f 2248//2116 2622//2116 2428//2116 2172//2116
f 2249//2117 2623//2117 2429//2117 2173//2117
f 1748//2118 2306//2118 2843//2118 2518//2118
f 2150//2119 2188//2119 2578//2119 2536//2119
f 2579//2120 2537//2120 2151//2120 2189//2120
f 2353//2121 2309//2121 2388//2121 2436//2121
f 2389//2122 2310//2122 2354//2122 2435//2122
f 2419//2123 2294//2123 2332//2123 2446//2123
f 2333//2124 2295//2124 2420//2124 2447//2124
f 2131//2125 2012//2125 2590//2125 2766//2125
f 2335//2126 2061//2126 2463//2126 2627//2126
f 2334//2127 2626//2127 2464//2127 2063//2127
f 2372//2128 2330//2128 2397//2128 2434//2128
f 2398//2129 2331//2129 2371//2129 2433//2129
f 2347//2130 2415//2130 2437//2130 2341//2130
f 2438//2131 2414//2131 2346//2131 2342//2131
f 2606//2132 2681//2132 2153//2132 2085//2132
f 2609//2133 2682//2133 2154//2133 2089//2133
f 2416//2134 2516//2134 2387//2134 2242//2134
f 2166//2135 2465//2135 2583//2135 2343//2135
f 2296//2136 2377//2136 2508//2136 2385//2136
f 2509//2137 2381//2137 2305//2137 2386//2137
f 2639//2138 2690//2138 2170//2138 2099//2138
f 2320//2139 2367//2139 2472//2139 2426//2139
f 2471//2140 2368//2140 2321//2140 2427//2140
f 2640//2141 2100//2141 2171//2141 2694//2141
f 2601//2142 2260//2142 2181//2142 2561//2142
f 2182//2143 2261//2143 2602//2143 2562//2143
f 2374//2144 2019//2144 2495//2144 2689//2144
f 2380//2145 2688//2145 2498//2145 2014//2145
f 2679//2146 2695//2146 2156//2146 2095//2146
f 2501//2147 2563//2147 2340//2147 2210//2147
f 2502//2148 2564//2148 2339//2148 2211//2148
f 2417//2149 2485//2149 2404//2149 2318//2149
f 2405//2150 2486//2150 2418//2150 2319//2150
f 2298//2151 2316//2151 2549//2151 2473//2151
f 2548//2152 2317//2152 2299//2152 2475//2152
f 2140//2153 2768//2153 2679//2153 2095//2153
f 2434//2154 2397//2154 2388//2154 2436//2154
f 2389//2155 2435//2155 2433//2155 2398//2155
f 2487//2156 2395//2156 2341//2156 2437//2156
f 2342//2157 2396//2157 2488//2157 2438//2157
f 2435//2158 2354//2158 2393//2158 2479//2158
f 2394//2159 2480//2159 2436//2159 2353//2159
f 1952//2160 2518//2160 2912//2160 2297//2160
f 2550//2161 2473//2161 2298//2161 2351//2161
f 2299//2162 2352//2162 2551//2162 2475//2162
f 2469//2163 2395//2163 2360//2163 2449//2163
f 2361//2164 2396//2164 2470//2164 2448//2164
f 2244//2165 2167//2165 2645//2165 2678//2165
f 2270//2166 2776//2166 2558//2166 2165//2166
f 2559//2167 2164//2167 2269//2167 2777//2167
f 2459//2168 2375//2168 2356//2168 2519//2168
f 2357//2169 2520//2169 2460//2169 2376//2169
f 2433//2170 2371//2170 2419//2170 2489//2170
f 2420//2171 2372//2171 2434//2171 2490//2171
f 2645//2172 2167//2172 2231//2172 2739//2172
f 2681//2173 2732//2173 2226//2173 2153//2173
f 2682//2174 2727//2174 2227//2174 2154//2174
f 2180//2175 2733//2175 2766//2175 2131//2175
f 2625//2176 2634//2176 2281//2176 2238//2176
f 2637//2177 2274//2177 2260//2177 2601//2177
f 2261//2178 2275//2178 2638//2178 2602//2178
f 2200//2179 2706//2179 2733//2179 2180//2179
f 2184//2180 2156//2180 2695//2180 2782//2180
f 2677//2181 2258//2181 2248//2181 2622//2181
f 2680//2182 2259//2182 2249//2182 2623//2182
f 2439//2183 2510//2183 2448//2183 2361//2183
f 2449//2184 2360//2184 2440//2184 2511//2184
f 2690//2185 2748//2185 2233//2185 2170//2185
f 2694//2186 2746//2186 2236//2186 2171//2186
f 2290//2187 2617//2187 2659//2187 2232//2187
f 2705//2188 2625//2188 2238//2188 2277//2188
f 2479//2189 2393//2189 2417//2189 2485//2189
f 2418//2190 2394//2190 2480//2190 2486//2190
f 2739//2191 2231//2191 2140//2191 2768//2191
f 1996//2192 2034//2192 2823//2192 2951//2192
f 2245//2193 2741//2193 2706//2193 2200//2193
f 2746//2194 2678//2194 2244//2194 2236//2194
f 2226//2195 2229//2195 2730//2195 2732//2195
f 2227//2196 2228//2196 2737//2196 2727//2196
f 2232//2197 2659//2197 2728//2197 2279//2197
f 2010//2198 2297//2198 2883//2198 2649//2198
f 2241//2199 3034//2199 2671//2199 1937//2199
f 2514//2200 2446//2200 2404//2200 2485//2200
f 2405//2201 2447//2201 2515//2201 2486//2201
f 2435//2202 2433//2202 2489//2202 2479//2202
f 2490//2203 2434//2203 2436//2203 2480//2203
f 2748//2204 2233//2204 2245//2204 2741//2204
f 2652//2205 2939//2205 2286//2205 2007//2205
f 2489//2206 2419//2206 2446//2206 2514//2206
f 2447//2207 2515//2207 2490//2207 2420//2207
f 2823//2208 2848//2208 2243//2208 2034//2208
f 2214//2209 2596//2209 2725//2209 2400//2209
f 2215//2210 2401//2210 2726//2210 2597//2210
f 2947//2211 2951//2211 1996//2211 2001//2211
f 2802//2212 2677//2212 2258//2212 2251//2212
f 2803//2213 2255//2213 2259//2213 2680//2213
f 2535//2214 2368//2214 2411//2214 2593//2214
f 2410//2215 2367//2215 2534//2215 2594//2215
f 2570//2216 2496//2216 2329//2216 2494//2216
f 2328//2217 2497//2217 2571//2217 2493//2217
f 2487//2218 2395//2218 2469//2218 2554//2218
f 2470//2219 2555//2219 2488//2219 2396//2219
f 2568//2220 2438//2220 2414//2220 2494//2220
f 2415//2221 2437//2221 2569//2221 2493//2221
f 2439//2222 2357//2222 2520//2222 2603//2222
f 2519//2223 2356//2223 2440//2223 2604//2223
f 2477//2224 2449//2224 2469//2224 2504//2224
f 2470//2225 2448//2225 2476//2225 2503//2225
f 2708//2226 2284//2226 2314//2226 2669//2226
f 2315//2227 2283//2227 2709//2227 2670//2227
f 2549//2228 2316//2228 2408//2228 2702//2228
f 2409//2229 2701//2229 2548//2229 2317//2229
f 2103//2230 2909//2230 2870//2230 2097//2230
f 2771//2231 2637//2231 2274//2231 2326//2231
f 2772//2232 2327//2232 2275//2232 2638//2232
f 2888//2233 2909//2233 2103//2233 2065//2233
f 2852//2234 2205//2234 2097//2234 2870//2234
f 2237//2235 2860//2235 2782//2235 2184//2235
f 2710//2236 2269//2236 2337//2236 2692//2236
f 2338//2237 2693//2237 2711//2237 2270//2237
f 2721//2238 2324//2238 2277//2238 2705//2238
f 2483//2239 2427//2239 2471//2239 2565//2239
f 2472//2240 2566//2240 2484//2240 2426//2240
f 2279//2241 2325//2241 2707//2241 2728//2241
f 2448//2242 2510//2242 2525//2242 2476//2242
f 2524//2243 2477//2243 2449//2243 2511//2243
f 2696//2244 2412//2244 2352//2244 2551//2244
f 2698//2245 2550//2245 2351//2245 2413//2245
f 2848//2246 2888//2246 2065//2246 2243//2246
f 2575//1156 2458//1156 2416//1156 2532//1156
f 2479//2247 2489//2247 2514//2247 2485//2247
f 2515//2248 2490//2248 2480//2248 2486//2248
f 2564//2249 2633//2249 2459//2249 2339//2249
f 2563//2250 2632//2250 2460//2250 2340//2250
f 2283//2251 2303//2251 2790//2251 2709//2251
f 2791//2252 2304//2252 2284//2252 2708//2252
f 2359//2253 2334//2253 2626//2253 2734//2253
f 2364//2254 2738//2254 2627//2254 2335//2254
f 2458//2255 2687//2255 2600//2255 2291//2255
f 2377//2256 2508//2256 2631//2256 2536//2256
f 2322//2257 2812//2257 2669//2257 2314//2257
f 2323//2258 2315//2258 2670//2258 2813//2258
f 2630//2259 2509//2259 2381//2259 2537//2259
f 2532//2260 2605//2260 2516//2260 2416//2260
f 2337//2261 2378//2261 2713//2261 2692//2261
f 2714//2262 2379//2262 2338//2262 2693//2262
f 2553//2263 2504//2263 2469//2263 2554//2263
f 2470//2264 2555//2264 2552//2264 2503//2264
f 2737//2265 2810//2265 2432//2265 2228//2265
f 2282//2266 2866//2266 2806//2266 2257//2266
f 2973//2267 1966//2267 2102//2267 3083//2267
f 2325//2268 2403//2268 2753//2268 2707//2268
f 2742//2269 2721//2269 2324//2269 2402//2269
f 2730//2270 2229//2270 2442//2270 2833//2270
f 2593//2271 2700//2271 2453//2271 2411//2271
f 2454//2272 2699//2272 2594//2272 2410//2272
f 2488//2273 2665//2273 2568//2273 2438//2273
f 2569//2274 2666//2274 2487//2274 2437//2274
f 2787//2275 2688//2275 2380//2275 2382//2275
f 3193//2276 2805//2276 1786//2276 2392//2276
f 2860//2277 2237//2277 2285//2277 2893//2277
f 2383//2278 2859//2278 2852//2278 2205//2278
f 2429//2279 2757//2279 2734//2279 2359//2279
f 2503//2280 2591//2280 2613//2280 2476//2280
f 2614//2281 2592//2281 2504//2281 2477//2281
f 2428//2282 2364//2282 2738//2282 2756//2282
f 2750//2283 2445//2283 2379//2283 2714//2283
f 2378//2284 2713//2284 2751//2284 2444//2284
f 2399//2285 2374//2285 2689//2285 2837//2285
f 2546//2286 2618//2286 2565//2286 2483//2286
f 2566//2287 2618//2287 2546//2287 2484//2287
f 2565//2288 2471//2288 2535//2288 2655//2288
f 2534//2289 2472//2289 2566//2289 2656//2289
f 2311//2290 2355//2290 2820//2290 2858//2290
f 2282//2291 2866//2291 2893//2291 2285//2291
f 2476//2292 2613//2292 2643//2292 2525//2292
f 2644//2293 2614//2293 2477//2293 2524//2293
f 2409//2294 2462//2294 2754//2294 2701//2294
f 2755//2295 2702//2295 2408//2295 2461//2295
f 2633//2296 2459//2296 2519//2296 2674//2296
f 2520//2297 2460//2297 2632//2297 2673//2297
f 2552//2298 2629//2298 2591//2298 2503//2298
f 2592//2299 2628//2299 2553//2299 2504//2299
f 2660//2300 2672//2300 2512//2300 2450//2300
f 2513//2301 2672//2301 2660//2301 2451//2301
f 2807//2302 2684//2302 2406//2302 2463//2302
f 2884//2303 2790//2303 2303//2303 2400//2303
f 2885//2304 2401//2304 2304//2304 2791//2304
f 2844//2305 2422//2305 2370//2305 2749//2305
f 2046//2306 3063//2306 3083//2306 2102//2306
f 2441//2307 2251//2307 2802//2307 2907//2307
f 2369//2308 3031//2308 2947//2308 2001//2308
f 2443//2309 2255//2309 2803//2309 2908//2309
f 2432//2310 2810//2310 2787//2310 2382//2310
f 2516//2311 2740//2311 2747//2311 2387//2311
f 2568//2312 2703//2312 2570//2312 2494//2312
f 2571//2313 2704//2313 2569//2313 2493//2313
f 2773//2314 2039//2314 2358//2314 3187//2314
f 2684//2315 2406//2315 2482//2315 2828//2315
f 2488//2316 2555//2316 2667//2316 2665//2316
f 2668//2317 2666//2317 2487//2317 2554//2317
f 2743//2318 2750//2318 2445//2318 2496//2318
f 2444//2319 2751//2319 2744//2319 2497//2319
f 2424//2320 2781//2320 2786//2320 2464//2320
f 2355//2321 2820//2321 2817//2321 2465//2321
f 2826//2322 2696//2322 2412//2322 2491//2322
f 2413//2323 2698//2323 2829//2323 2492//2323
f 2586//2324 2647//2324 2643//2324 2525//2324
f 2644//2325 2646//2325 2587//2325 2524//2325
f 2442//2326 2399//2326 2837//2326 2833//2326
f 2478//2327 2498//2327 2807//2327 2684//2327
f 2575//2328 2745//2328 2687//2328 2458//2328
f 2648//2329 2532//2329 2575//2329 2683//2329
f 2796//2330 2755//2330 2461//2330 2499//2330
f 2462//2331 2754//2331 2797//2331 2500//2331
f 2481//2332 2424//2332 2781//2332 2824//2332
f 2558//2333 2815//2333 2660//2333 2451//2333
f 2660//2334 2815//2334 2559//2334 2450//2334
f 2686//2335 2789//2335 2549//2335 2473//2335
f 2548//2336 2475//2336 2685//2336 2788//2336
f 2648//2337 2697//2337 2605//2337 2532//2337
f 2570//2338 2703//2338 2743//2338 2496//2338
f 2744//2339 2704//2339 2571//2339 2497//2339
f 2818//2340 2550//2340 2473//2340 2686//2340
f 2475//2341 2551//2341 2819//2341 2685//2341
f 2786//2342 2781//2342 2507//2342 2495//2342
f 2373//2343 3038//2343 2858//2343 2311//2343
f 2655//2344 2535//2344 2593//2344 2763//2344
f 2594//2345 2534//2345 2656//2345 2764//2345
f 2578//2346 2454//2346 2699//2346 2831//2346
f 2700//2347 2830//2347 2579//2347 2453//2347
f 2618//2348 2719//2348 2655//2348 2565//2348
f 2656//2349 2566//2349 2618//2349 2719//2349
f 2752//2350 2740//2350 2516//2350 2605//2350
f 2821//2351 2796//2351 2499//2351 2521//2351
f 2533//2352 2785//2352 2824//2352 2481//2352
f 2646//2353 2759//2353 2611//2353 2587//2353
f 2612//2354 2586//2354 2647//2354 2760//2354
f 2617//2355 2478//2355 2684//2355 2828//2355
f 2500//2356 2797//2356 2822//2356 2522//2356
f 2859//1090 2849//1090 2567//1090 2383//1090
f 2465//2357 2583//2357 2801//2357 2817//2357
f 2930//2358 2457//2358 2422//2358 2844//2358
f 2828//2359 2841//2359 2517//2359 2482//2359
f 2832//2360 2619//2360 2530//2360 2675//2360
f 2531//2361 2621//2361 2834//2361 2676//2361
f 2829//2362 2863//2362 2538//2362 2492//2362
f 2455//2363 3001//2363 3034//2363 2241//2363
f 2542//2364 2864//2364 2826//2364 2491//2364
f 2781//2365 2507//2365 2634//2365 2824//2365
f 2863//2366 2821//2366 2521//2366 2538//2366
f 2613//2367 2774//2367 2769//2367 2591//2367
f 2614//2368 2775//2368 2770//2368 2592//2368
f 2522//2369 2822//2369 2864//2369 2542//2369
f 2672//2370 2512//2370 2799//2370 2800//2370
f 2798//2371 2513//2371 2672//2371 2800//2371
f 2991//2372 2901//2372 2501//2372 2344//2372
f 2683//2373 2767//2373 2745//2373 2575//2373
f 2992//2374 2900//2374 2502//2374 2345//2374
f 2911//2375 2425//2375 2468//2375 2933//2375
f 2663//2376 2322//2376 2812//2376 2977//2376
f 2664//2377 2978//2377 2813//2377 2323//2377
f 2770//2378 2783//2378 2628//2378 2592//2378
f 2769//2379 2784//2379 2629//2379 2591//2379
f 2957//2380 2452//2380 2425//2380 2911//2380
f 2580//2381 2865//2381 2785//2381 2533//2381
f 2712//2382 2648//2382 2697//2382 2720//2382
f 2588//2383 2840//2383 2836//2383 2529//2383
f 2697//2384 2761//2384 2752//2384 2605//2384
f 2643//2385 2613//2385 2774//2385 2795//2385
f 2644//2386 2794//2386 2775//2386 2614//2386
f 2841//2387 2867//2387 2572//2387 2517//2387
f 2825//2388 2849//2388 2567//2388 2560//2388
f 2464//2389 2786//2389 2934//2389 2626//2389
f 2644//2390 2646//2390 2759//2390 2794//2390
f 2760//2391 2795//2391 2643//2391 2647//2391
f 2928//2392 2627//2392 2463//2392 2807//2392
f 2930//2393 2957//2393 2452//2393 2457//2393
f 2889//2394 2993//2394 2505//2394 2430//2394
f 2506//2395 2994//2395 2890//2395 2431//2395
f 2665//2396 2879//2396 2703//2396 2568//2396
f 2704//2397 2569//2397 2666//2397 2878//2397
f 2390//2398 3098//2398 2991//2398 2344//2398
f 2391//2399 3097//2399 2992//2399 2345//2399
f 2785//2400 2824//2400 2634//2400 2625//2400
f 2901//2401 2501//2401 2563//2401 2869//2401
f 2900//2402 2868//2402 2564//2402 2502//2402
f 2595//2403 2857//2403 2840//2403 2588//2403
f 2763//2404 2845//2404 2700//2404 2593//2404
f 2699//2405 2846//2405 2764//2405 2594//2405
f 2765//2406 2722//2406 2683//2406 2767//2406
f 2720//2407 2697//2407 2761//2407 2762//2407
f 2786//2408 2934//2408 2689//2408 2495//2408
f 2719//2409 2655//2409 2763//2409 2809//2409
f 2764//2410 2656//2410 2719//2410 2809//2410
f 2548//2411 2701//2411 2876//2411 2788//2411
f 2875//2412 2702//2412 2549//2412 2789//2412
f 2595//2413 2580//2413 2865//2413 2857//2413
f 2688//2414 2928//2414 2807//2414 2498//2414
f 2842//2415 2589//2415 2620//2415 2862//2415
f 2869//2416 2850//2416 2632//2416 2563//2416
f 2868//2417 2564//2417 2633//2417 2851//2417
f 2617//2418 2659//2418 2841//2418 2828//2418
f 2894//2419 2880//2419 2537//2419 2579//2419
f 2536//2420 2881//2420 2895//2420 2578//2420
f 2862//2421 2620//2421 2572//2421 2867//2421
f 3025//2422 2573//2422 2430//2422 2889//2422
f 2431//2423 2574//2423 3027//2423 2890//2423
f 2556//2424 2441//2424 2907//2424 3026//2424
f 2557//2425 3028//2425 2908//2425 2443//2425
f 2865//2426 2705//2426 2625//2426 2785//2426
f 2649//2427 2302//2427 2773//2427 3227//2427
f 2336//2428 2369//2428 3031//2428 3221//2428
f 2673//2429 2632//2429 2850//2429 2839//2429
f 2851//2430 2838//2430 2674//2430 2633//2430
f 2665//2431 2667//2431 2779//2431 2879//2431
f 2778//2432 2878//2432 2666//2432 2668//2432
f 2939//2433 2286//2433 2539//2433 3176//2433
f 2931//2434 2818//2434 2550//2434 2698//2434
f 2932//2435 2819//2435 2551//2435 2696//2435
f 2906//2436 2955//2436 2544//2436 2561//2436
f 2543//2437 2966//2437 2904//2437 2562//2437
f 2906//2438 2935//2438 2601//2438 2561//2438
f 2562//2439 2602//2439 2936//2439 2904//2439
f 2836//2440 2675//2440 2742//2440 2840//2440
f 2652//2441 2306//2441 2843//2441 3231//2441
f 2753//2442 2676//2442 2835//2442 2842//2442
f 2600//2443 2958//2443 3001//2443 2455//2443
f 2725//2444 3045//2444 2884//2444 2400//2444
f 2726//2445 3046//2445 2885//2445 2401//2445
f 2659//2446 2841//2446 2867//2446 2728//2446
f 2547//2447 3012//2447 2898//2447 2596//2447
f 2545//2448 2597//2448 2899//2448 3013//2448
f 2717//2449 2854//2449 2853//2449 2716//2449
f 2856//2450 2715//2450 2718//2450 2855//2450
f 2840//2451 2857//2451 2721//2451 2742//2451
f 2456//2452 2373//2452 3038//2452 3188//2452
f 2776//2453 2987//2453 2815//2453 2558//2453
f 2707//2454 2862//2454 2842//2454 2753//2454
f 2815//2455 2987//2455 2777//2455 2559//2455
f 2857//2456 2721//2456 2705//2456 2865//2456
f 2767//2457 2745//2457 2861//2457 2816//2457
f 2811//2458 2873//2458 2789//2458 2686//2458
f 2788//2459 2685//2459 2814//2459 2874//2459
f 2707//2460 2728//2460 2867//2460 2862//2460
f 2955//2461 2544//2461 2606//2461 3009//2461
f 2609//2462 2543//2462 2966//2462 3010//2462
f 2933//2463 3113//2463 2590//2463 2468//2463
f 2861//2464 2745//2464 2687//2464 2905//2464
f 2871//2465 2661//2465 2729//2465 2915//2465
f 2731//2466 2662//2466 2872//2466 2916//2466
f 2687//2467 2905//2467 2958//2467 2600//2467
f 2975//2468 2637//2468 2601//2468 2935//2468
f 2602//2469 2936//2469 2976//2469 2638//2469
f 2902//2470 2811//2470 2686//2470 2818//2470
f 2685//2471 2814//2471 2903//2471 2819//2471
f 2918//2472 2915//2472 2729//2472 2619//2472
f 2731//2473 2916//2473 2917//2473 2621//2473
f 2880//2474 2630//2474 2598//2474 3055//2474
f 2599//2475 2631//2475 2881//2475 3054//2475
f 2847//2476 2919//2476 2740//2476 2752//2476
f 2701//2477 2876//2477 2913//2477 2754//2477
f 2914//2478 2875//2478 2702//2478 2755//2478
f 2809//2479 2763//2479 2845//2479 2877//2479
f 2846//2480 2877//2480 2809//2480 2764//2480
f 2680//2481 2623//2481 2969//2481 2954//2481
f 2974//2482 2738//2482 2627//2482 2928//2482
f 2950//2483 2988//2483 2622//2483 2677//2483
f 3087//2484 2635//2484 2505//2484 2993//2484
f 2506//2485 2994//2485 3088//2485 2636//2485
f 3026//2486 2556//2486 2581//2486 3071//2486
f 2879//2487 2964//2487 2743//2487 2703//2487
f 2744//2488 2965//2488 2878//2488 2704//2488
f 2626//2489 2734//2489 2990//2489 2934//2489
f 3028//2490 2557//2490 2582//2490 3072//2490
f 2845//2491 2945//2491 2830//2491 2700//2491
f 2831//2492 2699//2492 2846//2492 2946//2492
f 2466//2493 2391//2493 3097//2493 3254//2493
f 3098//2494 3255//2494 2467//2494 2390//2494
f 2827//2495 2804//2495 2847//2495 2882//2495
f 3009//2496 2606//2496 2681//2496 2995//2496
f 3049//2497 2576//2497 2610//2497 3035//2497
f 2682//2498 2609//2498 3010//2498 2998//2498
f 2610//2499 2577//2499 3053//2499 3035//2499
f 3011//2500 2836//2500 2675//2500 2832//2500
f 2676//2501 2834//2501 3014//2501 2835//2501
f 2392//2502 2384//2502 3282//2502 3193//2502
f 2827//2503 2816//2503 2861//2503 2882//2503
f 3071//2504 2581//2504 2576//2504 3049//2504
f 2577//2505 2582//2505 3072//2505 3053//2505
f 2787//2506 2974//2506 2928//2506 2688//2506
f 2727//2507 2950//2507 2998//2507 2682//2507
f 2995//2508 2954//2508 2732//2508 2681//2508
f 2969//2509 2954//2509 2732//2509 2730//2509
f 3087//2510 2635//2510 2573//2510 3025//2510
f 2574//2511 2636//2511 3088//2511 3027//2511
f 2754//2512 2913//2512 2953//2512 2797//2512
f 2952//2513 2914//2513 2755//2513 2796//2513
f 2727//2514 2737//2514 2988//2514 2950//2514
f 3020//2515 2708//2515 2669//2515 2983//2515
f 2670//2516 2982//2516 3019//2516 2709//2516
f 2757//2517 2623//2517 2969//2517 3041//2517
f 2925//2518 2774//2518 2769//2518 2963//2518
f 2926//2519 2962//2519 2770//2519 2775//2519
f 2988//2520 2622//2520 2756//2520 3032//2520
f 2950//2521 2677//2521 2802//2521 2998//2521
f 2803//2522 2680//2522 2954//2522 2995//2522
f 2962//2523 2770//2523 2783//2523 2941//2523
f 2963//2524 2942//2524 2784//2524 2769//2524
f 2934//2525 2689//2525 2837//2525 2990//2525
f 3059//2526 2771//2526 2637//2526 2975//2526
f 2638//2527 2772//2527 3060//2527 2976//2527
f 3006//2528 2715//2528 2718//2528 3005//2528
f 3008//2528 2717//2528 2716//2528 3007//2528
f 3055//2529 3093//2529 2639//2529 2598//2529
f 2640//2530 3094//2530 3054//2530 2599//2530
f 2645//2531 2678//2531 2940//2531 3140//2531
f 2964//2532 3021//2532 2750//2532 2743//2532
f 2751//2533 3022//2533 2965//2533 2744//2533
f 2696//2534 2932//2534 3023//2534 2826//2534
f 3024//2535 2829//2535 2698//2535 2931//2535
f 2788//2536 2876//2536 2948//2536 2874//2536
f 2949//2537 2873//2537 2789//2537 2875//2537
f 3032//2538 2756//2538 2738//2538 2974//2538
f 3036//2539 2812//2539 2669//2539 2983//2539
f 3037//2540 2982//2540 2670//2540 2813//2540
f 2746//2541 2678//2541 2940//2541 3114//2541
f 2734//2542 2757//2542 3041//2542 2990//2542
f 2996//2543 2821//2543 2796//2543 2952//2543
f 2797//2544 2953//2544 2997//2544 2822//2544
f 2810//2545 3032//2545 2988//2545 2737//2545
f 3021//2546 3068//2546 2714//2546 2750//2546
f 2713//2547 3069//2547 3022//2547 2751//2547
f 3041//2548 2969//2548 2730//2548 2833//2548
f 2791//2549 3051//2549 3020//2549 2708//2549
f 3019//2550 3052//2550 2790//2550 2709//2550
f 2921//2551 2979//2551 2873//2551 2811//2551
f 2874//2552 2814//2552 2922//2552 2980//2552
f 2810//2553 2787//2553 2974//2553 3032//2553
f 3093//2554 3111//2554 2690//2554 2639//2554
f 2694//2555 2640//2555 3094//2555 3112//2555
f 2692//2556 3095//2556 3069//2556 2713//2556
f 3068//2557 3096//2557 2693//2557 2714//2557
f 3078//2558 2844//2558 2749//2558 2956//2558
f 2882//2559 2985//2559 2919//2559 2847//2559
f 2882//2560 2985//2560 2905//2560 2861//2560
f 2817//2561 3061//2561 2981//2561 2801//2561
f 2877//2562 2845//2562 2945//2562 2989//2562
f 2946//2563 2846//2563 2877//2563 2989//2563
f 2990//2564 3041//2564 2833//2564 2837//2564
f 2943//2565 2967//2565 2886//2565 2871//2565
f 2887//2566 2968//2566 2944//2566 2872//2566
f 2710//2567 2692//2567 3095//2567 3134//2567
f 3096//2568 3133//2568 2711//2568 2693//2568
f 3048//2569 2902//2569 2818//2569 2931//2569
f 2819//2570 2903//2570 3050//2570 2932//2570
f 2998//2571 3010//2571 2907//2571 2802//2571
f 2908//2572 3009//2572 2995//2572 2803//2572
f 3039//2573 2996//2573 2821//2573 2863//2573
f 2695//2574 3092//2574 3170//2574 2679//2574
f 2718//2575 3005//2575 3115//2575 2855//2575
f 2717//2576 3008//2576 3116//2576 2854//2576
f 2715//2577 2856//2577 3117//2577 3006//2577
f 2716//2578 2853//2578 3118//2578 3007//2578
f 2822//2579 2997//2579 3040//2579 2864//2579
f 2746//2580 3114//2580 3112//2580 2694//2580
f 3202//2581 2650//2581 2641//2581 3135//2581
f 2642//2582 3136//2582 3203//2582 2651//2582
f 2849//2583 2972//2583 3056//2583 2859//2583
f 3111//2584 2690//2584 2748//2584 3129//2584
f 2945//2585 3064//2585 2894//2585 2830//2585
f 3039//2586 2863//2586 2829//2586 3024//2586
f 2895//2587 3065//2587 2946//2587 2831//2587
f 2826//2588 3023//2588 3040//2588 2864//2588
f 2671//2589 3376//2589 3221//2589 2336//2589
f 3188//2590 2456//2590 2624//2590 3332//2590
f 2876//2591 2948//2591 3003//2591 2913//2591
f 3004//2592 2914//2592 2875//2592 2949//2592
f 3113//2593 2590//2593 2766//2593 3225//2593
f 2645//2594 2739//2594 3174//2594 3140//2594
f 2899//2595 2897//2595 2938//2595 3015//2595
f 2937//2596 2896//2596 2898//2596 3016//2596
f 2961//2597 2910//2597 2920//2597 2984//2597
f 3143//2598 3139//2598 2741//2598 2706//2598
f 3129//2599 2748//2599 2741//2599 3139//2599
f 2782//2600 2695//2600 3092//2600 3206//2600
f 3181//2601 2733//2601 2706//2601 3143//2601
f 3073//2602 2943//2602 2871//2602 2915//2602
f 2872//2603 2944//2603 3074//2603 2916//2603
f 2959//2604 2938//2604 2943//2604 2967//2604
f 2944//2605 2968//2605 2960//2605 2937//2605
f 2641//2606 3135//2606 3245//2606 2735//2606
f 2642//2607 3136//2607 3244//2607 2736//2607
f 2874//2608 2948//2608 3029//2608 2980//2608
f 3030//2609 2979//2609 2873//2609 2949//2609
f 2820//2610 2817//2610 3061//2610 3144//2610
f 2768//2611 2679//2611 3170//2611 3201//2611
f 3187//2612 3463//2612 2658//2612 2358//2612
f 2777//2613 2710//2613 3134//2613 3210//2613
f 3133//2614 2711//2614 2776//2614 3211//2614
f 3011//2615 3106//2615 2918//2615 2832//2615
f 2917//2616 3103//2616 3014//2616 2834//2616
f 3125//2617 2884//2617 2790//2617 3052//2617
f 3124//2618 3051//2618 2791//2618 2885//2618
f 2739//2619 3174//2619 3201//2619 2768//2619
f 2913//2620 3003//2620 3042//2620 2953//2620
f 2806//2621 3075//2621 3173//2621 2866//2621
f 3225//2622 2766//2622 2733//2622 3181//2622
f 2616//2623 3399//2623 3254//2623 2466//2623
f 3255//2624 2467//2624 2615//2624 3398//2624
f 2859//2625 2852//2625 3162//2625 3056//2625
f 3287//2626 2723//2626 2651//2626 3203//2626
f 2650//2627 2724//2627 3288//2627 3202//2627
f 2854//2628 3116//2628 3118//2628 2853//2628
f 2856//2628 3117//2628 3115//2628 2855//2628
f 3332//2629 3186//2629 2691//2629 2624//2629
f 3072//2630 2906//2630 2955//2630 3028//2630
f 2966//2631 3026//2631 3071//2631 2904//2631
f 2938//2632 3015//2632 3073//2632 2943//2632
f 3074//2632 3016//2632 2937//2632 2944//2632
f 2905//2633 2958//2633 3126//2633 2985//2633
f 3158//2634 3036//2634 2812//2634 2977//2634
f 3159//2635 2978//2635 2813//2635 3037//2635
f 2904//2636 3071//2636 3079//2636 2936//2636
f 3080//2637 3072//2637 2906//2637 2935//2637
f 3033//2638 3044//2638 2984//2638 2961//2638
f 2902//2639 2971//2639 3085//2639 3048//2639
f 2903//2640 2970//2640 3084//2640 3050//2640
f 2981//2641 3107//2641 3110//2641 2929//2641
f 2948//2642 3003//2642 3057//2642 3029//2642
f 2916//2643 3074//2643 3103//2643 2917//2643
f 3106//2644 3073//2644 2915//2644 2918//2644
f 3058//2645 3004//2645 2949//2645 3030//2645
f 3204//2646 2967//2646 2886//2646 2977//2646
f 2887//2647 2978//2647 3205//2647 2968//2647
f 2736//2648 3244//2648 3287//2648 2723//2648
f 3288//2649 2724//2649 2735//2649 3245//2649
f 2923//2650 3013//2650 3106//2650 3011//2650
f 3103//2651 3012//2651 2924//2651 3014//2651
f 3218//2652 2930//2652 2844//2652 3078//2652
f 3044//1979 3047//1979 3002//1979 2984//1979
f 3062//2653 3047//2653 3002//2653 2972//2653
f 3067//2654 2921//2654 2979//2654 3104//2654
f 2980//2655 3105//2655 3066//2655 2922//2655
f 3089//2656 3043//2656 2952//2656 2996//2656
f 2953//2657 3042//2657 3090//2657 2997//2657
f 2936//2658 3079//2658 3099//2658 2976//2658
f 3100//2659 2975//2659 2935//2659 3080//2659
f 2989//2660 3091//2660 3064//2660 2945//2660
f 3065//2661 2946//2661 2989//2661 3091//2661
f 2985//2662 3126//2662 3070//2662 2919//2662
f 2782//2663 2860//2663 3272//2663 3206//2663
f 3130//2664 3048//2664 2931//2664 3024//2664
f 3131//2665 3050//2665 2932//2665 3023//2665
f 2858//2666 2820//2666 3144//2666 3307//2666
f 3003//2667 3057//2667 3081//2667 3042//2667
f 3082//2668 3058//2668 3004//2668 3043//2668
f 3279//2669 3162//2669 2852//2669 2870//2669
f 3074//2670 3016//2670 3012//2670 3103//2670
f 3013//2671 3015//2671 3073//2671 3106//2671
f 3101//2672 2890//2672 2994//2672 3212//2672
f 3102//2673 2889//2673 2993//2673 3213//2673
f 2866//2674 2893//2674 3257//2674 3173//2674
f 3195//2675 3102//2675 2889//2675 3025//2675
f 2890//2676 3027//2676 3196//2676 3101//2676
f 2980//2677 3029//2677 3123//2677 3105//2677
f 3122//2678 3104//2678 2979//2678 3030//2678
f 3056//2679 3157//2679 3062//2679 2972//2679
f 2987//2680 3285//2680 3210//2680 2777//2680
f 3211//2681 3285//2681 2987//2681 2776//2681
f 3137//2682 3089//2682 2996//2682 3039//2682
f 2997//2683 3040//2683 3138//2683 3090//2683
f 3296//2684 2900//2684 2868//2684 3199//2684
f 3295//2685 3200//2685 2869//2685 2901//2685
f 2970//2686 3084//2686 3150//2686 3076//2686
f 2971//2687 3085//2687 3151//2687 3077//2687
f 2893//2688 3257//2688 3272//2688 2860//2688
f 3226//2689 3472//2689 2912//2689 2518//2689
f 3180//2690 3064//2690 3017//2690 3055//2690
f 3018//2691 3065//2691 3179//2691 3054//2691
f 3049//2692 3119//2692 3109//2692 3035//2692
f 3035//2693 3109//2693 3120//2693 3053//2693
f 3071//2694 3079//2694 3119//2694 3049//2694
f 3120//2695 3053//2695 3072//2695 3080//2695
f 3233//2696 2942//2696 2879//2696 3251//2696
f 2976//2697 3099//2697 3189//2697 3060//2697
f 3190//2698 3100//2698 2975//2698 3059//2698
f 3044//2699 3127//2699 3108//2699 3047//2699
f 3200//2700 3242//2700 2963//2700 2925//2700
f 3199//2701 2926//2701 2962//2701 3243//2701
f 3128//2702 3033//2702 3044//2702 3127//2702
f 3130//2703 3024//2703 3039//2703 3137//2703
f 3040//2704 3138//2704 3131//2704 3023//2704
f 3269//2705 3045//2705 2884//2705 3125//2705
f 3268//2706 3046//2706 2885//2706 3124//2706
f 3166//2707 3006//2707 3005//2707 3168//2707
f 3008//2708 3169//2708 3167//2708 3007//2708
f 2958//2709 3126//2709 3265//2709 3001//2709
f 3029//2710 3057//2710 3148//2710 3123//2710
f 3149//2711 3058//2711 3030//2711 3122//2711
f 2883//2712 3466//2712 3227//2712 2649//2712
f 3042//2713 3090//2713 3142//2713 3081//2713
f 3141//2714 3089//2714 3043//2714 3082//2714
f 3192//2715 3036//2715 2983//2715 3171//2715
f 3191//2716 3172//2716 2982//2716 3037//2716
f 3243//2717 2962//2717 2941//2717 3234//2717
f 3242//2718 2963//2718 2942//2718 3233//2718
f 3218//2719 3290//2719 2957//2719 2930//2719
f 3229//2720 3171//2720 2983//2720 3020//2720
f 2982//2721 3172//2721 3230//2721 3019//2721
f 2909//2722 2870//2722 3279//2722 3313//2722
f 3231//2723 3457//2723 2939//2723 2652//2723
f 3266//2724 3297//2724 2933//2724 2911//2724
f 3256//2725 3132//2725 2956//2725 3078//2725
f 3165//2726 3085//2726 3048//2726 3130//2726
f 3050//2727 3084//2727 3164//2727 3131//2727
f 3290//2728 2957//2728 2911//2728 3266//2728
f 3066//2729 3076//2729 3163//2729 3161//2729
f 3163//2730 3160//2730 3067//2730 3077//2730
f 3099//2731 3154//2731 3119//2731 3079//2731
f 3120//2732 3153//2732 3100//2732 3080//2732
f 2848//2733 2888//2733 3325//2733 3343//2733
f 2823//2734 2848//2734 3343//2734 3387//2734
f 3081//2735 3215//2735 3148//2735 3057//2735
f 3149//2736 3216//2736 3082//2736 3058//2736
f 3323//2737 2888//2737 2909//2737 3313//2737
f 1422//2738 3364//2738 3565//2738 3454//2738
f 3154//2739 3119//2739 3109//2739 3121//2739
f 3105//2740 3066//2740 3161//2740 3208//2740
f 3160//2741 3209//2741 3104//2741 3067//2741
f 3091//2742 3214//2742 3180//2742 3064//2742
f 3179//2743 3214//2743 3091//2743 3065//2743
f 3051//2744 3020//2744 3229//2744 3261//2744
f 3230//2745 3019//2745 3052//2745 3262//2745
f 3275//2746 3213//2746 2993//2746 3087//2746
f 2994//2747 3212//2747 3274//2747 3088//2747
f 3183//2748 3137//2748 3089//2748 3141//2748
f 3090//2749 3138//2749 3182//2749 3142//2749
f 3157//2750 3062//2750 3108//2750 3241//2750
f 3275//2751 3195//2751 3025//2751 3087//2751
f 3027//2752 3196//2752 3274//2752 3088//2752
f 3117//2753 3006//2753 3166//2753 3291//2753
f 3118//2754 3007//2754 3167//2754 3292//2754
f 3115//2755 3005//2755 3168//2755 3293//2755
f 3116//2756 3294//2756 3169//2756 3008//2756
f 3356//2757 3296//2757 2900//2757 2992//2757
f 3355//2758 2991//2758 2901//2758 3295//2758
f 3251//2759 2964//2759 3021//2759 3345//2759
f 3250//2760 2965//2760 3022//2760 3346//2760
f 3154//2761 3177//2761 3147//2761 3121//2761
f 3147//2762 3121//2762 3153//2762 3178//2762
f 3219//2763 3150//2763 3084//2763 3164//2763
f 3138//2764 3182//2764 3164//2764 3131//2764
f 3165//2765 3183//2765 3137//2765 3130//2765
f 3085//2766 3151//2766 3220//2766 3165//2766
f 3198//2767 3209//2767 3104//2767 3122//2767
f 3105//2768 3123//2768 3197//2768 3208//2768
f 3180//2769 3055//2769 3093//2769 3300//2769
f 3094//2770 3301//2770 3179//2770 3054//2770
f 3204//2771 3311//2771 3158//2771 2977//2771
f 3159//2772 2978//2772 3205//2772 3312//2772
f 3189//2773 3228//2773 3155//2773 3099//2773
f 3156//2774 3232//2774 3190//2774 3100//2774
f 3107//2775 3110//2775 3258//2775 3222//2775
f 3184//1339 3155//1339 3154//1339 3177//1339
f 3178//2776 3153//2776 3156//2776 3185//2776
f 3198//2777 3122//2777 3149//2777 3223//2777
f 3148//2778 3123//2778 3197//2778 3224//2778
f 3101//2779 3196//2779 3247//2779 3146//2779
f 3246//2780 3145//2780 3102//2780 3195//2780
f 2951//2781 2823//2781 3387//2781 3436//2781
f 3175//2782 3217//2782 3151//2782 3150//2782
f 3324//2783 3157//2783 3056//2783 3162//2783
f 3146//2784 3278//2784 3212//2784 3101//2784
f 3145//2785 3277//2785 3213//2785 3102//2785
f 3127//2786 3108//2786 3241//2786 3270//2786
f 3075//2787 3194//2787 3302//2787 3173//2787
f 3405//2788 3265//2788 3001//2788 3034//2788
f 3338//2789 3158//2789 3036//2789 3192//2789
f 3037//2790 3159//2790 3339//2790 3191//2790
f 3124//2791 3315//2791 3261//2791 3051//2791
f 3125//2792 3052//2792 3262//2792 3314//2792
f 3144//2793 3335//2793 3222//2793 3061//2793
f 3237//2794 3214//2794 3161//2794 3208//2794
f 3160//2795 3207//2795 3238//2795 3209//2795
f 3034//2796 2671//2796 3376//2796 3503//2796
f 3128//2797 3276//2797 3270//2797 3127//2797
f 3240//2798 3217//2798 3150//2798 3219//2798
f 3217//2799 3151//2799 3220//2799 3239//2799
f 3184//2800 3155//2800 3228//2800 3248//2800
f 3038//2801 3491//2801 3307//2801 2858//2801
f 3185//2802 3156//2802 3232//2802 3249//2802
f 3410//2803 3113//2803 2933//2803 3297//2803
f 3268//2804 3311//2804 3204//2804 3046//2804
f 3205//2805 3312//2805 3269//2805 3045//2805
f 3291//2806 3117//2806 3115//2806 3293//2806
f 3294//2806 3116//2806 3118//2806 3292//2806
f 3197//2807 3208//2807 3237//2807 3224//2807
f 3238//2808 3209//2808 3198//2808 3223//2808
f 3240//2809 3217//2809 3207//2809 3237//2809
f 3207//2810 3238//2810 3239//2810 3217//2810
f 3398//2811 2615//2811 3000//2811 3537//2811
f 2999//2812 2616//2812 3399//2812 3538//2812
f 3300//2813 3340//2813 3111//2813 3093//2813
f 3194//2814 3302//2814 3256//2814 3132//2814
f 3112//2815 3094//2815 3301//2815 3341//2815
f 3184//2816 3177//2816 3283//2816 3248//2816
f 3284//2817 3178//2817 3185//2817 3249//2817
f 3177//2818 3283//2818 3280//2818 3147//2818
f 3280//2819 3147//2819 3178//2819 3284//2819
f 3239//2820 3238//2820 3223//2820 3235//2820
f 3224//2821 3236//2821 3240//2821 3237//2821
f 3345//2822 3408//2822 3068//2822 3021//2822
f 3069//2823 3022//2823 3346//2823 3407//2823
f 3256//2824 3353//2824 3218//2824 3078//2824
f 3321//2825 3202//2825 3135//2825 3259//2825
f 3136//2826 3203//2826 3320//2826 3260//2826
f 3227//2827 2773//2827 3187//2827 3539//2827
f 2657//2828 3063//2828 3545//2828 3364//2828
f 3303//2829 3166//2829 3168//2829 3305//2829
f 3169//2830 3306//2830 3304//2830 3167//2830
f 3476//2831 3436//2831 2951//2831 2947//2831
f 3246//2832 3321//2832 3259//2832 3145//2832
f 3260//2833 3320//2833 3247//2833 3146//2833
f 3114//2834 3358//2834 3341//2834 3112//2834
f 3231//2835 2843//2835 3226//2835 3529//2835
f 3463//2836 2658//2836 2973//2836 3547//2836
f 3340//2837 3357//2837 3129//2837 3111//2837
f 3310//2838 3300//2838 3180//2838 3214//2838
f 3179//2839 3301//2839 3310//2839 3207//2839
f 3228//2840 3248//2840 3283//2840 3263//2840
f 3284//2841 3249//2841 3232//2841 3264//2841
f 3135//2842 3259//2842 3359//2842 3245//2842
f 3136//2843 3260//2843 3360//2843 3244//2843
f 3273//2844 3271//2844 3252//2844 3267//2844
f 3097//2845 2992//2845 3356//2845 3477//2845
f 3098//2846 2991//2846 3355//2846 3478//2846
f 3453//2847 3031//2847 2947//2847 3476//2847
f 3357//2848 3129//2848 3139//2848 3354//2848
f 3152//2849 3352//2849 3358//2849 3114//2849
f 3246//2850 3336//2850 3275//2850 3195//2850
f 3274//2851 3196//2851 3247//2851 3337//2851
f 3283//2852 3263//2852 3253//2852 3280//2852
f 3253//2853 3280//2853 3284//2853 3264//2853
f 2986//2854 2883//2854 3466//2854 3513//2854
f 3259//2855 3359//2855 3277//2855 3145//2855
f 3260//2856 3146//2856 3278//2856 3360//2856
f 3252//2857 3281//2857 3286//2857 3267//2857
f 3289//2858 3271//2858 3252//2858 3281//2858
f 3372//2859 3143//2859 3139//2859 3354//2859
f 3152//2860 3140//2860 3371//2860 3352//2860
f 3336//2861 3275//2861 3213//2861 3277//2861
f 3212//2862 3274//2862 3337//2862 3278//2862
f 3331//2863 3366//2863 3171//2863 3192//2863
f 3330//2864 3191//2864 3172//2864 3367//2864
f 3408//2865 3446//2865 3096//2865 3068//2865
f 3095//2866 3447//2866 3407//2866 3069//2866
f 3472//2867 3513//2867 2986//2867 2912//2867
f 3206//2868 3392//2868 3361//2868 3092//2868
f 3173//2869 3302//2869 3394//2869 3257//2869
f 3092//2870 3361//2870 3449//2870 3170//2870
f 3299//2871 3271//2871 3273//2871 3317//2871
f 3308//2872 3298//2872 3267//2872 3286//2872
f 3324//2873 3157//2873 3241//2873 3396//2873
f 3299//2874 3271//2874 3289//2874 3309//2874
f 3322//2875 3286//2875 3281//2875 3289//2875
f 3140//2876 3174//2876 3434//2876 3371//2876
f 3291//2877 3166//2877 3303//2877 3400//2877
f 3292//2878 3401//2878 3304//2878 3167//2878
f 3293//2879 3168//2879 3305//2879 3403//2879
f 3294//2877 3169//2877 3306//2877 3404//2877
f 3433//2880 3181//2880 3143//2880 3372//2880
f 3332//2881 3186//2881 3265//2881 3405//2881
f 3335//2882 3222//2882 3258//2882 3381//2882
f 3315//2883 3124//2883 3268//2883 3460//2883
f 3269//2884 3125//2884 3314//2884 3461//2884
f 3410//2885 3412//2885 3225//2885 3113//2885
f 3229//2886 3413//2886 3366//2886 3171//2886
f 3367//2887 3172//2887 3230//2887 3414//2887
f 3437//2888 3279//2888 3162//2888 3324//2888
f 3326//2889 3317//2889 3273//2889 3316//2889
f 3446//2890 3096//2890 3133//2890 3474//2890
f 3134//2891 3095//2891 3447//2891 3473//2891
f 3203//2892 3287//2892 3428//2892 3320//2892
f 3202//2893 3288//2893 3429//2893 3321//2893
f 3322//2894 3286//2894 3308//2894 3327//2894
f 3327//2895 3316//2895 3298//2895 3308//2895
f 3317//2896 3299//2896 3309//2896 3329//2896
f 3174//2897 3201//2897 3415//2897 3434//2897
f 3170//2898 3201//2898 3415//2898 3449//2898
f 3412//2899 3433//2899 3181//2899 3225//2899
f 3353//2900 3426//2900 3290//2900 3218//2900
f 3457//2901 3534//2901 3176//2901 2939//2901
f 3458//2902 3338//2902 3158//2902 3311//2902
f 3159//2903 3339//2903 3459//2903 3312//2903
f 3336//2904 3277//2904 3318//2904 3368//2904
f 3319//2905 3278//2905 3337//2905 3369//2905
f 3206//2906 3392//2906 3438//2906 3272//2906
f 3302//2907 3394//2907 3353//2907 3256//2907
f 3342//2908 3327//2908 3316//2908 3326//2908
f 3329//2909 3317//2909 3326//2909 3342//2909
f 3244//2910 3287//2910 3428//2910 3360//2910
f 3429//2911 3288//2911 3245//2911 3359//2911
f 3342//2912 3329//2912 3322//2912 3327//2912
f 3270//2913 3241//2913 3396//2913 3427//2913
f 3385//2914 3340//2914 3300//2914 3310//2914
f 3301//2915 3310//2915 3385//2915 3341//2915
f 3320//2916 3428//2916 3337//2916 3247//2916
f 3321//2917 3246//2917 3336//2917 3429//2917
f 3307//2918 3144//2918 3335//2918 3502//2918
f 3272//2919 3257//2919 3394//2919 3438//2919
f 3261//2920 3455//2920 3413//2920 3229//2920
f 3414//2921 3456//2921 3262//2921 3230//2921
f 3426//2922 3290//2922 3266//2922 3395//2922
f 3348//2923 3347//2923 3328//2923 3344//2923
f 3291//2830 3400//2830 3403//2830 3293//2830
f 3294//2830 3404//2830 3401//2830 3292//2830
f 3389//2924 3303//2924 3305//2924 3388//2924
f 3391//2924 3306//2924 3304//2924 3390//2924
f 3378//2925 3349//2925 3333//2925 3318//2925
f 3379//2926 3319//2926 3334//2926 3350//2926
f 3395//2927 3266//2927 3297//2927 3444//2927
f 3368//2928 3362//2928 3333//2928 3318//2928
f 3334//2929 3319//2929 3369//2929 3363//2929
f 3276//2930 3445//2930 3427//2930 3270//2930
f 3351//2931 3365//2931 3344//2931 3328//2931
f 3474//2932 3506//2932 3211//2932 3133//2932
f 3210//2933 3507//2933 3473//2933 3134//2933
f 3370//2934 3351//2934 3328//2934 3347//2934
f 3373//2935 3362//2935 3333//2935 3349//2935
f 3479//2936 3464//2936 3234//2936 3243//2936
f 3480//2937 3242//2937 3233//2937 3465//2937
f 3465//2938 3233//2938 3251//2938 3485//2938
f 3464//2939 3486//2939 3250//2939 3234//2939
f 3496//2940 3480//2940 3242//2940 3200//2940
f 3497//2941 3479//2941 3243//2941 3199//2941
f 3348//2942 3344//2942 3377//2942 3411//2942
f 3380//2943 3416//2943 3348//2943 3347//2943
f 3377//2944 3344//2944 3365//2944 3397//2944
f 3268//2945 3311//2945 3458//2945 3460//2945
f 3459//2946 3461//2946 3269//2946 3312//2946
f 3402//2947 3370//2947 3347//2947 3380//2947
f 3188//2948 3038//2948 3491//2948 3558//2948
f 3475//2949 3313//2949 3279//2949 3437//2949
f 3385//2950 3340//2950 3357//2950 3419//2950
f 3358//2951 3341//2951 3385//2951 3419//2951
f 3420//2952 3365//2952 3351//2952 3370//2952
f 3373//2953 3349//2953 3378//2953 3422//2953
f 3379//2954 3421//2954 3374//2954 3350//2954
f 3315//2955 3482//2955 3455//2955 3261//2955
f 3314//2956 3483//2956 3456//2956 3262//2956
f 3254//2957 3544//2957 3477//2957 3097//2957
f 3478//2958 3543//2958 3255//2958 3098//2958
f 3422//2959 3373//2959 3362//2959 3368//2959
f 3374//2960 3363//2960 3369//2960 3421//2960
f 3547//2961 2973//2961 3083//2961 3575//2961
f 3352//2962 3358//2962 3419//2962 3430//2962
f 3419//2963 3430//2963 3354//2963 3357//2963
f 3409//2964 3406//2964 3375//2964 3382//2964
f 3406//2965 3417//2965 3393//2965 3375//2965
f 3392//2966 3395//2966 3444//2966 3361//2966
f 3580//2967 3595//2967 2927//2967 3000//2967
f 2927//2968 2999//2968 3581//2968 3595//2968
f 3296//2969 3199//2969 3497//2969 3525//2969
f 3295//2970 3526//2970 3496//2970 3200//2970
f 3425//2971 3383//2971 3359//2971 3429//2971
f 3360//2972 3384//2972 3424//2972 3428//2972
f 3303//1420 3400//1420 3493//1420 3389//1420
f 3304//1420 3401//1420 3494//1420 3390//1420
f 3403//2973 3305//2973 3388//2973 3492//2973
f 3404//2974 3306//2974 3391//2974 3495//2974
f 3506//2975 3522//2975 3285//2975 3211//2975
f 3285//2976 3522//2976 3507//2976 3210//2976
f 3431//2977 3416//2977 3348//2977 3411//2977
f 3575//2978 3545//2978 3063//2978 3083//2978
f 3394//2979 3438//2979 3426//2979 3353//2979
f 3422//2980 3378//2980 3383//2980 3425//2980
f 3384//2981 3424//2981 3421//2981 3379//2981
f 3420//2982 3432//2982 3397//2982 3365//2982
f 3411//2983 3432//2983 3397//2983 3377//2983
f 3402//2984 3435//2984 3420//2984 3370//2984
f 3416//2985 3435//2985 3402//2985 3380//2985
f 3352//2986 3371//2986 3470//2986 3430//2986
f 3470//2987 3430//2987 3354//2987 3372//2987
f 3438//2988 3392//2988 3395//2988 3426//2988
f 3501//2989 3323//2989 3313//2989 3475//2989
f 3382//2990 3409//2990 3443//2990 3418//2990
f 3389//2991 3440//2991 3439//2991 3388//2991
f 3391//2991 3442//2991 3441//2991 3390//2991
f 3396//2992 3489//2992 3437//2992 3324//2992
f 3417//2993 3450//2993 3423//2993 3393//2993
f 3406//2994 3417//2994 3462//2994 3409//2994
f 3485//2995 3251//2995 3345//2995 3531//2995
f 3486//2996 3530//2996 3346//2996 3250//2996
f 3444//2997 3510//2997 3410//2997 3297//2997
f 3431//2998 3411//2998 3432//2998 3448//2998
f 3416//2999 3431//2999 3448//2999 3435//2999
f 3448//3000 3435//3000 3420//3000 3432//3000
f 3405//3001 3566//3001 3503//3001 3034//3001
f 3512//3002 3501//3002 3323//3002 3325//3002
f 3282//3003 3557//3003 3528//3003 3193//3003
f 3443//3004 3418//3004 3451//3004 3468//3004
f 3534//3005 3557//3005 3282//3005 3176//3005
f 3443//3006 3468//3006 3462//3006 3409//3006
f 3462//3007 3469//3007 3450//3007 3417//3007
f 3450//3008 3469//3008 3452//3008 3423//3008
f 3361//3009 3444//3009 3510//3009 3449//3009
f 3527//3010 3512//3010 3325//3010 3343//3010
f 3502//3011 3335//3011 3381//3011 3521//3011
f 3509//3012 3470//3012 3372//3012 3433//3012
f 3371//3013 3470//3013 3509//3013 3434//3013
f 3493//3014 3400//3014 3403//3014 3492//3014
f 3495//3014 3404//3014 3401//3014 3494//3014
f 3338//3015 3331//3015 3524//3015 3532//3015
f 3523//3016 3330//3016 3339//3016 3533//3016
f 3427//3017 3500//3017 3489//3017 3396//3017
f 3451//3018 3467//3018 3471//3018 3468//3018
f 3469//3019 3471//3019 3467//3019 3452//3019
f 3462//3020 3469//3020 3471//3020 3468//3020
f 3548//3021 3355//3021 3295//3021 3526//3021
f 3549//3022 3525//3022 3296//3022 3356//3022
f 3445//3023 3490//3023 3500//3023 3427//3023
f 3492//3024 3514//3024 3439//3024 3388//3024
f 3389//3024 3493//3024 3515//3024 3440//3024
f 3390//3025 3494//3025 3516//3025 3441//3025
f 3495//3026 3391//3026 3442//3026 3517//3026
f 3523//3027 3330//3027 3367//3027 3540//3027
f 3524//3028 3541//3028 3366//3028 3331//3028
f 3504//3029 3510//3029 3410//3029 3412//3029
f 3504//3030 3412//3030 3433//3030 3509//3030
f 3434//3031 3415//3031 3504//3031 3509//3031
f 3528//3032 2805//3032 3454//3032 3666//3032
f 3558//3033 3572//3033 3332//3033 3188//3033
f 3449//3034 3510//3034 3504//3034 3415//3034
f 3343//3035 3387//3035 3542//3035 3527//3035
f 3515//3036 3440//3036 3439//3036 3514//3036
f 3517//3036 3442//3036 3441//3036 3516//3036
f 3489//3037 3437//3037 3475//3037 3520//3037
f 3407//3038 3346//3038 3530//3038 3561//3038
f 3531//3039 3345//3039 3408//3039 3562//3039
f 3458//3040 3338//3040 3532//3040 3554//3040
f 3533//3041 3339//3041 3459//3041 3553//3041
f 3413//3042 3551//3042 3541//3042 3366//3042
f 3540//3043 3552//3043 3414//3043 3367//3043
f 3490//3044 3500//3044 3508//3044 3488//3044
f 3484//3045 3481//3045 3511//3045 3518//3045
f 3399//3046 3608//3046 3544//3046 3254//3046
f 3543//3047 3609//3047 3398//3047 3255//3047
f 3457//3048 3613//3048 3529//3048 3231//3048
f 3487//3049 3519//3049 3518//3049 3484//3049
f 3488//3050 3508//3050 3519//3050 3487//3050
f 3560//3051 3436//3051 3387//3051 3542//3051
f 3508//3052 3500//3052 3489//3052 3520//3052
f 3491//3053 3603//3053 3502//3053 3307//3053
f 3515//3054 3493//3054 3492//3054 3514//3054
f 3495//2991 3517//2991 3516//2991 3494//2991
f 3572//3055 3332//3055 3405//3055 3566//3055
f 3539//3056 3635//3056 3463//3056 3187//3056
f 3466//3057 3227//3057 3539//3057 3626//3057
f 3505//3058 3535//3058 3511//3058 3481//3058
f 3536//3059 3520//3059 3475//3059 3501//3059
f 3226//3060 3472//3060 3649//3060 3529//3060
f 3455//3061 3567//3061 3551//3061 3413//3061
f 3552//3062 3568//3062 3456//3062 3414//3062
f 3477//3063 3356//3063 3549//3063 3589//3063
f 3478//3064 3590//3064 3548//3064 3355//3064
f 3519//3065 3536//3065 3520//3065 3508//3065
f 3376//3066 3221//3066 3596//3066 3646//3066
f 3447//3067 3407//3067 3561//3067 3593//3067
f 3562//3068 3408//3068 3446//3068 3594//3068
f 3460//3069 3458//3069 3554//3069 3573//3069
f 3553//3070 3459//3070 3461//3070 3574//3070
f 3546//3071 3512//3071 3501//3071 3536//3071
f 3518//3072 3546//3072 3536//3072 3519//3072
f 3482//3073 3455//3073 3567//3073 3577//3073
f 3483//3074 3576//3074 3568//3074 3456//3074
f 3579//3075 3479//3075 3464//3075 3569//3075
f 3578//3076 3570//3076 3465//3076 3480//3076
f 3577//3077 3482//3077 3460//3077 3573//3077
f 3461//3078 3483//3078 3576//3078 3574//3078
f 3569//3079 3582//3079 3486//3079 3464//3079
f 3570//3080 3465//3080 3485//3080 3583//3080
f 3511//3081 3550//3081 3546//3081 3518//3081
f 2526//3082 4054//3082 4049//3082 2540//3082
f 2527//3083 4055//3083 4050//3083 2541//3083
f 3550//3084 3546//3084 3512//3084 3527//3084
f 3585//3085 3496//3085 3480//3085 3578//3085
f 3584//3086 3579//3086 3479//3086 3497//3086
f 3642//3087 3476//3087 3436//3087 3560//3087
f 3473//3088 3447//3088 3593//3088 3614//3088
f 3594//3089 3446//3089 3474//3089 3615//3089
f 3535//3090 3571//3090 3550//3090 3511//3090
f 3559//3091 3588//3091 3535//3091 3505//3091
f 3571//3092 3550//3092 3527//3092 3542//3092
f 3596//3093 3453//3093 3476//3093 3642//3093
f 3599//3094 3584//3094 3497//3094 3525//3094
f 3600//3095 3526//3095 3496//3095 3585//3095
f 3530//3096 3486//3096 3582//3096 3611//3096
f 3583//3097 3485//3097 3531//3097 3612//3097
f 3603//3098 3502//3098 3521//3098 3604//3098
f 3507//3099 3628//3099 3614//3099 3473//3099
f 3615//3100 3627//3100 3506//3100 3474//3100
f 3544//3101 3477//3101 3589//3101 3638//3101
f 3590//3102 3637//3102 3543//3102 3478//3102
f 3598//3103 3616//3103 3524//3103 3532//3103
f 3523//3104 3617//3104 3597//3104 3533//3104
f 3605//3105 3571//3105 3542//3105 3560//3105
f 3627//3106 3632//3106 3522//3106 3506//3106
f 3522//3107 3632//3107 3628//3107 3507//3107
f 3538//3108 3713//3108 3608//3108 3399//3108
f 3609//3109 3714//3109 3537//3109 3398//3109
f 3503//3110 3376//3110 3646//3110 3718//3110
f 3513//3111 3687//3111 3626//3111 3466//3111
f 3534//3112 3457//3112 3613//3112 3681//3112
f 3588//3113 3605//3113 3571//3113 3535//3113
f 3630//3114 3599//3114 3525//3114 3549//3114
f 3526//3115 3600//3115 3631//3115 3548//3115
f 3616//3116 3633//3116 3541//3116 3524//3116
f 3617//3117 3523//3117 3540//3117 3634//3117
f 3554//3118 3532//3118 3598//3118 3624//3118
f 3597//3119 3533//3119 3553//3119 3625//3119
f 3602//3120 3658//3120 3555//3120 3499//3120
f 3556//3121 3498//3121 3601//3121 3657//3121
f 3472//3122 3649//3122 3687//3122 3513//3122
f 3558//3123 3668//3123 3603//3123 3491//3123
f 3635//3124 3711//3124 3547//3124 3463//3124
f 3561//3125 3650//3125 3611//3125 3530//3125
f 3612//3126 3531//3126 3562//3126 3651//3126
f 3553//3127 3574//3127 3622//3127 3625//3127
f 3623//3128 3573//3128 3554//3128 3624//3128
f 3551//3129 3688//3129 3633//3129 3541//3129
f 3634//3130 3689//3130 3552//3130 3540//3130
f 3622//3131 3655//3131 3576//3131 3574//3131
f 3577//3132 3654//3132 3623//3132 3573//3132
f 3630//3133 3673//3133 3589//3133 3549//3133
f 3590//3134 3672//3134 3631//3134 3548//3134
f 3583//3135 3570//3135 3652//3135 3644//3135
f 3653//3136 3569//3136 3582//3136 3645//3136
f 3557//3137 3528//3137 3666//3137 3728//3137
f 3570//3138 3578//3138 3659//3138 3652//3138
f 3660//3139 3579//3139 3569//3139 3653//3139
f 3577//3140 3567//3140 3663//3140 3654//3140
f 3664//3141 3655//3141 3576//3141 3568//3141
f 3663//3142 3688//3142 3551//3142 3567//3142
f 3552//3143 3689//3143 3664//3143 3568//3143
f 3565//3144 3893//3144 3686//3144 3364//3144
f 3557//3145 3534//3145 3681//3145 3728//3145
f 3578//3146 3659//3146 3675//3146 3585//3146
f 3676//3147 3660//3147 3579//3147 3584//3147
f 3593//3148 3698//3148 3650//3148 3561//3148
f 3651//3149 3699//3149 3594//3149 3562//3149
f 3608//3150 3544//3150 3638//3150 3724//3150
f 3637//3151 3543//3151 3609//3151 3725//3151
f 3665//3152 3559//3152 3588//3152 3700//3152
f 3566//3153 3785//3153 3718//3153 3503//3153
f 3602//3154 3563//3154 3647//3154 3696//3154
f 3648//3155 3564//3155 3601//3155 3697//3155
f 3686//3156 3545//3156 3575//3156 3743//3156
f 3642//3157 3719//3157 3605//3157 3560//3157
f 3644//3158 3684//3158 3612//3158 3583//3158
f 3611//3159 3685//3159 3645//3159 3582//3159
f 3586//3160 3592//3160 3694//3160 3670//3160
f 3693//3161 3671//3161 3587//3161 3591//3161
f 3711//3162 3743//3162 3575//3162 3547//3162
f 3529//3163 3613//3163 3795//3163 3649//3163
f 3585//3164 3600//3164 3682//3164 3675//3164
f 3683//3165 3599//3165 3584//3165 3676//3165
f 3702//3166 3616//3166 3598//3166 3624//3166
f 3597//3167 3617//3167 3701//3167 3625//3167
f 3626//3168 3786//3168 3635//3168 3539//3168
f 3603//3169 3604//3169 3679//3169 3668//3169
f 3581//3170 3538//3170 3713//3170 3815//3170
f 3714//3171 3537//3171 3580//3171 3816//3171
f 3658//3172 3760//3172 3620//3172 3555//3172
f 3621//3173 3556//3173 3657//3173 3759//3173
f 3592//3174 3694//3174 3707//3174 3607//3174
f 3708//3175 3693//3175 3591//3175 3606//3175
f 3719//3176 3605//3176 3588//3176 3700//3176
f 3558//3177 3572//3177 3771//3177 3752//3177
f 3701//3178 3625//3178 3622//3178 3655//3178
f 3623//3179 3624//3179 3702//3179 3654//3179
f 3709//3180 3683//3180 3599//3180 3630//3180
f 3600//3181 3631//3181 3710//3181 3682//3181
f 3771//3182 3785//3182 3566//3182 3572//3182
f 3672//3183 3590//3183 3637//3183 3732//3183
f 3638//3184 3589//3184 3673//3184 3733//3184
f 3614//3185 3746//3185 3698//3185 3593//3185
f 3699//3186 3747//3186 3615//3186 3594//3186
f 3688//3187 3633//3187 3616//3187 3702//3187
f 3617//3188 3634//3188 3689//3188 3701//3188
f 3720//3189 3708//3189 3606//3189 3640//3189
f 3607//3190 3639//3190 3721//3190 3707//3190
f 3853//3191 3989//3191 3565//3191 3454//3191
f 3636//3192 3629//3192 3704//3192 3695//3192
f 3650//3193 3736//3193 3685//3193 3611//3193
f 3684//3194 3737//3194 3651//3194 3612//3194
f 3696//3195 3764//3195 3658//3195 3602//3195
f 3657//3196 3765//3196 3697//3196 3601//3196
f 3644//3197 3684//3197 3727//3197 3652//3197
f 3726//3198 3685//3198 3645//3198 3653//3198
f 3654//3199 3663//3199 3688//3199 3702//3199
f 3689//3200 3701//3200 3655//3200 3664//3200
f 3722//3201 3673//3201 3630//3201 3709//3201
f 3631//3202 3710//3202 3723//3202 3672//3202
f 3619//3203 3706//3203 3762//3203 3661//3203
f 3761//3204 3705//3204 3618//3204 3662//3204
f 3628//3205 3614//3205 3746//3205 3782//3205
f 3747//3206 3615//3206 3627//3206 3781//3206
f 3595//3207 3839//3207 3815//3207 3581//3207
f 3816//3208 3580//3208 3595//3208 3839//3208
f 3712//3209 3678//3209 3667//3209 3692//3209
f 3652//3210 3727//3210 3753//3210 3659//3210
f 3754//3211 3660//3211 3653//3211 3726//3211
f 3739//3212 3720//3212 3640//3212 3691//3212
f 3639//3213 3690//3213 3740//3213 3721//3213
f 3627//3214 3781//3214 3788//3214 3632//3214
f 3632//3215 3788//3215 3782//3215 3628//3215
f 3755//3216 3730//3216 3648//3216 3697//3216
f 3647//3217 3696//3217 3756//3217 3731//3217
f 3659//3218 3753//3218 3757//3218 3675//3218
f 3758//3219 3676//3219 3660//3219 3754//3219
f 3713//3220 3608//3220 3724//3220 3837//3220
f 3725//3221 3838//3221 3714//3221 3609//3221
f 3675//3222 3757//3222 3749//3222 3682//3222
f 3748//3223 3683//3223 3676//3223 3758//3223
f 3796//3224 3698//3224 3650//3224 3736//3224
f 3651//3225 3699//3225 3797//3225 3737//3225
f 3732//3226 3814//3226 3725//3226 3637//3226
f 3724//3227 3638//3227 3733//3227 3813//3227
f 3723//3228 3672//3228 3732//3228 3778//3228
f 3733//3229 3779//3229 3722//3229 3673//3229
f 3670//914 3774//914 3776//914 3694//914
f 3777//3230 3693//3230 3671//3230 3775//3230
f 3768//3231 3709//3231 3683//3231 3748//3231
f 3682//3232 3749//3232 3767//3232 3710//3232
f 3704//3233 3787//3233 3766//3233 3677//3233
f 3738//3234 3695//3234 3704//3234 3787//3234
f 3694//3235 3707//3235 3773//3235 3776//3235
f 3772//3236 3708//3236 3693//3236 3777//3236
f 3661//3237 3716//3237 3817//3237 3762//3237
f 3818//3238 3717//3238 3662//3238 3761//3238
f 3735//3239 3780//3239 3729//3239 3692//3239
f 3687//3240 3887//3240 3786//3240 3626//3240
f 3798//3241 3736//3241 3685//3241 3726//3241
f 3684//3242 3737//3242 3799//3242 3727//3242
f 3681//3243 3936//3243 3795//3243 3613//3243
f 3744//3244 3876//3244 3759//3244 3621//3244
f 3760//3245 3877//3245 3745//3245 3620//3245
f 3779//3246 3722//3246 3709//3246 3768//3246
f 3710//3247 3767//3247 3778//3247 3723//3247
f 3740//3248 3790//3248 3750//3248 3690//3248
f 3751//3249 3691//3249 3739//3249 3792//3249
f 3646//3250 3596//3250 3892//3250 3962//3250
f 3892//3251 3596//3251 3642//3251 3965//3251
f 3734//3252 3800//3252 3763//3252 3680//3252
f 3784//3253 3772//3253 3708//3253 3720//3253
f 3707//3254 3721//3254 3783//3254 3773//3254
f 3795//3255 3649//3255 3687//3255 3887//3255
f 3759//3256 3657//3256 3765//3256 3849//3256
f 3764//3257 3658//3257 3760//3257 3850//3257
f 3786//3258 3635//3258 3711//3258 3940//3258
f 3756//3248 3806//3248 3764//3248 3696//3248
f 3765//3229 3807//3229 3755//3229 3697//3229
f 3819//3259 3761//3259 3705//3259 3741//3259
f 3706//3260 3762//3260 3820//3260 3742//3260
f 3784//3261 3792//3261 3739//3261 3720//3261
f 3740//3262 3790//3262 3783//3262 3721//3262
f 3735//3263 3780//3263 3800//3263 3734//3263
f 3851//3264 3746//3264 3698//3264 3796//3264
f 3699//3265 3797//3265 3852//3265 3747//3265
f 3794//3266 3730//3266 3755//3266 3807//3266
f 3756//3267 3806//3267 3793//3267 3731//3267
f 3824//3268 3798//3268 3726//3268 3754//3268
f 3727//3269 3799//3269 3823//3269 3753//3269
f 3789//3270 3748//3270 3758//3270 3812//3270
f 3757//3271 3749//3271 3791//3271 3811//3271
f 3749//3272 3791//3272 3804//3272 3767//3272
f 3805//3273 3768//3273 3748//3273 3789//3273
f 3753//3274 3757//3274 3811//3274 3823//3274
f 3812//3275 3758//3275 3754//3275 3824//3275
f 3778//3276 3732//3276 3814//3276 3830//3276
f 3813//3277 3733//3277 3779//3277 3829//3277
f 3895//3278 3958//3278 3700//3278 3665//3278
f 3716//3279 3770//3279 3873//3279 3817//3279
f 3872//3280 3818//3280 3717//3280 3769//3280
f 3780//3281 3859//3281 3803//3281 3729//3281
f 3767//3282 3804//3282 3830//3282 3778//3282
f 3829//3283 3805//3283 3768//3283 3779//3283
f 3844//3284 3819//3284 3741//3284 3775//3284
f 3742//3285 3820//3285 3843//3285 3774//3285
f 3728//3286 3995//3286 3853//3286 3666//3286
f 3776//3287 3831//3287 3809//3287 3773//3287
f 3810//3288 3832//3288 3777//3288 3772//3288
f 3773//3289 3809//3289 3821//3289 3783//3289
f 3822//3290 3784//3290 3772//3290 3810//3290
f 3860//3291 3796//3291 3736//3291 3798//3291
f 3737//3292 3799//3292 3861//3292 3797//3292
f 3774//3293 3776//3293 3831//3293 3845//3293
f 3832//3294 3777//3294 3775//3294 3844//3294
f 3965//3295 3642//3295 3719//3295 3990//3295
f 3790//3296 3857//3296 3836//3296 3750//3296
f 3835//3277 3751//3277 3792//3277 3856//3277
f 3766//3297 3787//3297 3858//3297 3842//3297
f 3886//3298 3851//3298 3746//3298 3782//3298
f 3747//3299 3781//3299 3885//3299 3852//3299
f 3783//3282 3821//3282 3857//3282 3790//3282
f 3856//3300 3792//3300 3784//3300 3822//3300
f 3718//3301 4053//3301 3962//3301 3646//3301
f 3827//3302 3825//3302 3789//3302 3805//3302
f 3791//3303 3804//3303 3828//3303 3826//3303
f 3893//3304 4016//3304 3743//3304 3686//3304
f 3762//3305 3820//3305 3878//3305 3817//3305
f 3879//3306 3819//3306 3761//3306 3818//3306
f 3837//3307 3907//3307 3813//3307 3724//3307
f 3814//3308 3908//3308 3838//3308 3725//3308
f 3728//3309 3995//3309 3936//3309 3681//3309
f 3806//3296 3871//3296 3850//3296 3764//3296
f 3849//3277 3765//3277 3807//3277 3870//3277
f 3815//3310 3713//3310 3837//3310 3944//3310
f 3838//3311 3714//3311 3816//3311 3943//3311
f 3800//3312 3763//3312 3842//3312 3896//3312
f 3771//3313 3752//3313 3858//3313 3939//3313
f 3990//3314 3958//3314 3700//3314 3719//3314
f 3825//3315 3789//3315 3812//3315 3866//3315
f 3811//3316 3791//3316 3826//3316 3867//3316
f 3793//3282 3833//3282 3871//3282 3806//3282
f 3870//3300 3807//3300 3794//3300 3834//3300
f 3780//3317 3859//3317 3896//3317 3800//3317
f 4016//3318 3940//3318 3711//3318 3743//3318
f 3910//3319 3872//3319 3769//3319 3801//3319
f 3770//3320 3873//3320 3911//3320 3802//3320
f 3855//3321 3847//3321 3810//3321 3822//3321
f 3809//3322 3848//3322 3854//3322 3821//3322
f 3874//3323 3827//3323 3805//3323 3829//3323
f 3804//3324 3828//3324 3875//3324 3830//3324
f 3781//3325 3885//3325 3909//3325 3788//3325
f 3909//3326 3788//3326 3782//3326 3886//3326
f 3888//3327 3824//3327 3798//3327 3860//3327
f 3799//3328 3861//3328 3889//3328 3823//3328
f 3865//3329 3862//3329 3825//3329 3827//3329
f 3826//3330 3828//3330 3864//3330 3863//3330
f 3847//3331 3810//3331 3832//3331 3890//3331
f 3831//3332 3809//3332 3848//3332 3891//3332
f 3823//3333 3889//3333 3867//3333 3811//3333
f 3866//3334 3888//3334 3824//3334 3812//3334
f 3876//3335 3945//3335 3849//3335 3759//3335
f 3850//3336 3760//3336 3877//3336 3946//3336
f 3918//3337 3860//3337 3796//3337 3851//3337
f 3797//3338 3852//3338 3919//3338 3861//3338
f 3907//3339 3874//3339 3829//3339 3813//3339
f 3830//3340 3875//3340 3908//3340 3814//3340
f 3841//3341 3986//3341 3876//3341 3744//3341
f 3877//3342 3985//3342 3840//3342 3745//3342
f 3821//3343 3854//3343 3904//3343 3857//3343
f 3903//3344 3856//3344 3822//3344 3855//3344
f 3931//3345 3808//3345 3801//3345 3910//3345
f 3802//3346 3808//3346 3931//3346 3911//3346
f 3862//3347 3905//3347 3866//3347 3825//3347
f 3867//3348 3906//3348 3863//3348 3826//3348
f 3820//3349 3843//3349 3917//3349 3878//3349
f 3848//3350 3854//3350 3883//3350 3880//3350
f 3882//3351 3855//3351 3847//3351 3881//3351
f 3939//3352 4043//3352 3785//3352 3771//3352
f 3912//3353 3865//3353 3827//3353 3874//3353
f 3828//3354 3864//3354 3913//3354 3875//3354
f 3833//3355 3871//3355 3921//3355 3868//3355
f 3920//3356 3869//3356 3834//3356 3870//3356
f 3803//3357 3884//3357 3961//3357 3859//3357
f 3785//3358 3718//3358 4053//3358 4043//3358
f 3934//3359 3872//3359 3818//3359 3879//3359
f 3817//3360 3873//3360 3935//3360 3878//3360
f 3929//3361 3903//3361 3856//3361 3835//3361
f 3857//3362 3904//3362 3930//3362 3836//3362
f 3863//3363 3864//3363 3899//3363 3897//3363
f 3900//3364 3898//3364 3862//3364 3865//3364
f 3881//3365 3927//3365 3890//3365 3847//3365
f 3891//3366 3928//3366 3880//3366 3848//3366
f 3854//3367 3904//3367 3938//3367 3883//3367
f 3937//3368 3903//3368 3855//3368 3882//3368
f 3945//3369 3849//3369 3870//3369 3920//3369
f 3871//3370 3850//3370 3946//3370 3921//3370
f 3947//3371 3886//3371 3851//3371 3918//3371
f 3852//3372 3919//3372 3948//3372 3885//3372
f 3905//3373 3866//3373 3888//3373 3952//3373
f 3889//3374 3867//3374 3906//3374 3951//3374
f 3864//3375 3899//3375 3933//3375 3913//3375
f 3932//3376 3900//3376 3865//3376 3912//3376
f 3918//3377 3860//3377 3888//3377 3952//3377
f 3889//3378 3861//3378 3919//3378 3951//3378
f 3906//3379 3957//3379 3897//3379 3863//3379
f 3898//3380 3956//3380 3905//3380 3862//3380
f 3880//3381 3922//3381 3925//3381 3883//3381
f 3926//3382 3882//3382 3881//3382 3923//3382
f 3954//3383 3901//3383 3869//3383 3920//3383
f 3868//3384 3902//3384 3955//3384 3921//3384
f 3839//3385 3815//3385 3992//3385 4029//3385
f 3993//3386 4029//3386 3839//3386 3816//3386
f 3887//3387 4131//3387 3940//3387 3786//3387
f 3944//3388 3966//3388 3907//3388 3837//3388
f 3908//3389 3838//3389 3943//3389 3967//3389
f 3936//3390 3795//3390 3887//3390 4131//3390
f 3966//3391 3907//3391 3874//3391 3912//3391
f 3875//3392 3908//3392 3967//3392 3913//3392
f 3970//3393 3934//3393 3872//3393 3910//3393
f 3873//3394 3911//3394 3971//3394 3935//3394
f 3959//3395 3926//3395 3882//3395 3937//3395
f 3883//3396 3938//3396 3960//3396 3925//3396
f 3934//3397 3979//3397 3914//3397 3879//3397
f 3917//3398 3978//3398 3935//3398 3878//3398
f 3927//3399 3979//3399 3916//3399 3890//3399
f 3915//3400 3978//3400 3928//3400 3891//3400
f 3899//3401 3897//3401 3950//3401 3963//3401
f 3949//3402 3898//3402 3900//3402 3964//3402
f 3968//3403 3947//3403 3886//3403 3909//3403
f 3885//3404 3909//3404 3968//3404 3948//3404
f 3928//3405 3982//3405 3922//3405 3880//3405
f 3923//3406 3981//3406 3927//3406 3881//3406
f 3896//3407 4036//3407 3961//3407 3859//3407
f 3996//3408 3937//3408 3903//3408 3929//3408
f 3904//3409 3938//3409 3997//3409 3930//3409
f 3974//3410 3954//3410 3901//3410 3942//3410
f 3902//3411 3941//3411 3975//3411 3955//3411
f 3897//3412 3957//3412 3988//3412 3950//3412
f 3987//3413 3949//3413 3898//3413 3956//3413
f 3961//3414 4051//3414 3924//3414 3884//3414
f 3933//3415 4028//3415 3963//3415 3899//3415
f 3964//3416 4027//3416 3932//3416 3900//3416
f 3925//3417 3983//3417 3972//3417 3922//3417
f 3973//3418 3984//3418 3926//3418 3923//3418
f 4026//3419 3952//3419 3905//3419 3956//3419
f 3906//3420 3951//3420 4025//3420 3957//3420
f 3894//3421 3841//3421 4058//3421 4124//3421
f 4059//3422 3840//3422 3894//3422 4124//3422
f 4021//3423 3947//3423 3918//3423 3952//3423
f 3919//3424 3951//3424 4022//3424 3948//3424
f 4018//3425 3931//3425 3910//3425 3970//3425
f 3971//3426 4018//3426 3931//3426 3911//3426
f 3986//3427 3876//3427 3945//3427 4034//3427
f 3946//3428 3877//3428 3985//3428 4035//3428
f 4027//3429 3932//3429 3912//3429 3966//3429
f 3913//3430 3967//3430 4028//3430 3933//3430
f 4034//3431 3945//3431 3920//3431 3954//3431
f 3921//3432 3946//3432 4035//3432 3955//3432
f 3922//3433 3982//3433 4032//3433 3972//3433
f 4031//3434 3981//3434 3923//3434 3973//3434
f 3984//3435 3926//3435 3959//3435 4057//3435
f 3960//3436 3925//3436 3983//3436 4056//3436
f 3992//3437 4027//3437 3966//3437 3944//3437
f 3967//3438 4028//3438 3993//3438 3943//3438
f 4042//3439 3981//3439 3927//3439 3979//3439
f 3928//3440 3982//3440 4041//3440 3978//3440
f 4045//3441 3979//3441 3934//3441 3970//3441
f 3935//3442 3978//3442 4046//3442 3971//3442
f 3950//3443 3963//3443 4030//3443 4019//3443
f 4019//3444 4030//3444 3964//3444 3949//3444
f 4057//3445 3959//3445 3937//3445 3996//3445
f 3938//3446 3997//3446 4056//3446 3960//3446
f 4033//3447 3968//3447 3947//3447 4021//3447
f 3948//3448 4022//3448 4033//3448 3968//3448
f 3853//3449 3989//3449 4159//3449 3995//3449
f 4019//3450 3949//3450 3987//3450 4047//3450
f 3988//3451 4047//3451 4019//3451 3950//3451
f 4051//3452 3924//3452 3953//3452 4144//3452
f 4008//1421 4011//1421 4009//1421 4006//1421
f 4010//1421 4011//1421 4008//1421 4007//1421
f 4122//3453 3974//3453 3954//3453 4034//3453
f 3955//3454 3975//3454 4121//3454 4035//3454
f 3989//3455 3893//3455 4016//3455 4159//3455
f 3987//3456 4065//3456 4039//3456 3956//3456
f 4040//3457 3957//3457 3988//3457 4066//3457
f 4127//3458 4021//3458 3952//3458 4026//3458
f 3951//3459 4022//3459 4128//3459 4025//3459
f 3963//3460 4028//3460 4062//3460 4030//3460
f 4062//3461 4030//3461 3964//3461 4027//3461
f 4163//3462 4123//3462 3895//3462 3958//3462
f 3983//3463 3972//3463 4044//3463 4060//3463
f 4044//3464 4060//3464 3984//3464 3973//3464
f 4061//3465 4018//3465 3970//3465 4045//3465
f 4046//3466 4061//3466 4018//3466 3971//3466
f 4028//3467 3993//3467 4029//3467 4062//3467
f 4052//3468 4126//3468 3976//3468 3980//3468
f 4052//3469 4133//3469 3991//3469 3980//3469
f 3976//3470 4126//3470 4132//3470 3969//3470
f 4044//3471 4130//3471 4031//3471 3973//3471
f 4032//3472 4130//3472 4044//3472 3972//3472
f 4058//3473 4122//3473 4034//3473 3986//3473
f 4035//3474 3985//3474 4059//3474 4121//3474
f 4000//3475 4067//3475 4069//3475 4002//3475
f 4070//3476 4003//3476 4001//3476 4068//3476
f 4071//3477 4000//3477 4002//3477 4073//3477
f 4003//3478 4074//3478 4072//3478 4001//3478
f 4075//3479 4006//3479 4000//3479 4067//3479
f 4001//3480 4007//3480 4076//3480 4068//3480
f 4002//3481 4004//3481 4077//3481 4069//3481
f 4078//3482 4005//3482 4003//3482 4070//3482
f 4079//3483 4071//3483 4000//3483 4006//3483
f 4001//2121 4007//2121 4080//2121 4072//2121
f 4073//3484 4002//3484 4004//3484 4081//3484
f 4005//3485 4082//3485 4074//3485 4003//3485
f 4011//3486 4104//3486 4105//3486 4009//3486
f 4106//3487 4104//3487 4011//3487 4010//3487
f 4096//3488 4109//3488 4012//3488 4009//3488
f 4013//3489 4110//3489 4097//3489 4010//3489
f 4014//3490 3998//3490 4098//3490 4107//3490
f 4099//3491 4108//3491 4015//3491 3999//3491
f 4105//3492 4009//3492 4012//3492 4117//3492
f 4013//3493 4010//3493 4106//3493 4118//3493
f 4109//3494 4012//3494 4014//3494 4107//3494
f 4015//3495 4013//3495 4110//3495 4108//3495
f 4014//3496 3998//3496 4115//3496 4119//3496
f 4116//3497 3999//3497 4015//3497 4120//3497
f 4012//3498 4014//3498 4119//3498 4117//3498
f 4120//3499 4118//3499 4013//3499 4015//3499
f 4036//3500 3939//3500 4043//3500 4161//3500
f 4031//3501 3981//3501 4063//3501 4135//3501
f 4064//3502 3982//3502 4032//3502 4136//3502
f 3995//3503 3936//3503 4131//3503 4159//3503
f 3978//3504 4046//3504 4141//3504 4041//3504
f 4142//3505 4045//3505 3979//3505 4042//3505
f 4132//3506 4146//3506 3994//3506 3969//3506
f 4159//3507 4016//3507 3940//3507 4131//3507
f 4056//3508 4134//3508 4060//3508 3983//3508
f 4060//3509 3984//3509 4057//3509 4134//3509
f 4144//3510 4156//3510 3977//3510 3953//3510
f 4036//3511 3961//3511 4051//3511 4161//3511
f 4047//3512 4138//3512 4065//3512 3987//3512
f 4066//3513 4138//3513 4047//3513 3988//3513
f 3991//3514 4017//3514 4143//3514 4133//3514
f 4137//3515 4033//3515 4021//3515 4127//3515
f 4022//3516 4128//3516 4137//3516 4033//3516
f 4063//3517 4151//3517 4042//3517 3981//3517
f 4041//3518 3982//3518 4064//3518 4150//3518
f 3892//3519 4173//3519 4171//3519 3965//3519
f 3962//3520 4177//3520 4173//3520 3892//3520
f 4121//3508 4145//3508 4125//3508 4023//3508
f 4125//3521 4145//3521 4122//3521 4024//3521
f 4067//1421 4071//1421 4073//1421 4069//1421
f 4070//1421 4074//1421 4072//1421 4068//1421
f 4079//1421 4071//1421 4067//1421 4075//1421
f 4068//1421 4072//1421 4080//1421 4076//1421
f 4073//1421 4081//1421 4077//1421 4069//1421
f 4078//1421 4082//1421 4074//1421 4070//1421
f 4083//1421 4085//1421 4079//1421 4075//1421
f 4080//1421 4086//1421 4084//1421 4076//1421
f 4081//1421 4090//1421 4088//1421 4077//1421
f 4089//1421 4091//1421 4082//1421 4078//1421
f 4105//1421 4096//1421 4085//1421 4083//1421
f 4086//1421 4097//1421 4106//1421 4084//1421
f 4088//1421 4090//1421 4094//1421 4092//1421
f 4095//1421 4091//1421 4089//1421 4093//1421
f 4087//1421 4104//1421 4105//1421 4083//1421
f 4106//1421 4104//1421 4087//1421 4084//1421
f 4090//1421 4098//1421 4102//1421 4094//1421
f 4095//1421 4103//1421 4099//1421 4091//1421
f 4094//1421 4102//1421 4100//1421 4092//1421
f 4101//1421 4103//1421 4095//1421 4093//1421
f 4107//1421 4111//1421 4102//1421 4098//1421
f 4103//1421 4112//1421 4108//1421 4099//1421
f 4105//1421 4117//1421 4109//1421 4096//1421
f 4110//1421 4118//1421 4106//1421 4097//1421
f 4111//1421 4115//1421 4113//1421 4102//1421
f 4114//1421 4116//1421 4112//1421 4103//1421
f 4119//1421 4115//1421 4111//1421 4107//1421
f 4112//1421 4116//1421 4120//1421 4108//1421
f 4109//1421 4117//1421 4119//1421 4107//1421
f 4120//1421 4118//1421 4110//1421 4108//1421
f 4143//3522 4154//3522 4038//3522 4017//3522
f 4156//3523 3977//3523 4020//3523 4162//3523
f 4124//3524 4145//3524 4122//3524 4058//3524
f 4121//3525 4059//3525 4124//3525 4145//3525
f 4130//3526 4153//3526 4135//3526 4031//3526
f 4136//3527 4153//3527 4130//3527 4032//3527
f 4046//3528 4141//3528 4149//3528 4061//3528
f 4149//3529 4142//3529 4045//3529 4061//3529
f 4162//3530 4160//3530 4037//3530 4020//3530
f 4146//3531 4172//3531 4048//3531 3994//3531
f 4178//3532 4163//3532 3958//3532 3990//3532
f 4165//3533 4140//3533 4026//3533 4127//3533
f 4025//3534 4139//3534 4164//3534 4128//3534
f 4154//3535 4166//3535 4129//3535 4038//3535
f 4152//3536 4155//3536 4132//3536 4126//3536
f 4172//3537 4048//3537 4037//3537 4160//3537
f 4176//3538 4178//3538 3990//3538 3965//3538
f 4139//3539 4170//3539 4147//3539 4040//3539
f 4148//3540 4039//3540 4140//3540 4169//3540
f 4152//3541 4133//3541 4143//3541 4155//3541
f 4053//3542 3962//3542 4177//3542 4175//3542
f 4043//3543 4161//3543 4175//3543 4053//3543
f 4157//3544 4167//3544 4138//3544 4066//3544
f 4138//3545 4065//3545 4158//3545 4167//3545
f 4166//3546 4129//3546 4123//3546 4163//3546
f 4155//3547 4132//3547 4146//3547 4168//3547
f 4161//3548 4175//3548 4144//3548 4051//3548
f 4137//3549 4127//3549 4165//3549 4174//3549
f 4164//3550 4174//3550 4137//3550 4128//3550
f 4155//3551 4168//3551 4154//3551 4143//3551
f 4147//3552 4170//3552 4180//3552 4157//3552
f 4179//3553 4169//3553 4148//3553 4158//3553
f 4175//3554 4144//3554 4156//3554 4177//3554
f 4160//3555 4171//3555 4173//3555 4162//3555
f 4165//3556 4182//3556 4169//3556 4140//3556
f 4170//3557 4183//3557 4164//3557 4139//3557
f 4177//3558 4156//3558 4162//3558 4173//3558
f 4168//3559 4181//3559 4166//3559 4154//3559
f 4146//3560 4172//3560 4181//3560 4168//3560
f 4160//3561 4172//3561 4176//3561 4171//3561
f 4181//3562 4178//3562 4163//3562 4166//3562
f 4167//3563 4158//3563 4179//3563 4184//3563
f 4180//3564 4184//3564 4167//3564 4157//3564
f 4172//3565 4181//3565 4178//3565 4176//3565
f 4174//3566 4165//3566 4182//3566 4187//3566
f 4183//3567 4187//3567 4174//3567 4164//3567
f 4185//3568 4179//3568 4169//3568 4182//3568
f 4170//3569 4180//3569 4186//3569 4183//3569
f 4184//3570 4179//3570 4185//3570 4188//3570
f 4186//3571 4180//3571 4184//3571 4188//3571
f 4187//3572 4182//3572 4185//3572 4188//3572
f 4186//3573 4188//3573 4187//3573 4183//3573
f 9//3574 10//3574 24//3574 21//3574
f 28//3575 21//3575 9//3575 17//3575
f 202//3576 238//3576 248//3576 190//3576
f 386//3577 729//3577 418//3577 341//3577
f 986//3578 1159//3578 968//3578 1058//3578
f 1108//3579 1205//3579 985//3579
f 1635//3580 1578//3580 1596//3580 1653//3580
f 1926//3581 1460//3581 1415//3581 1861//3581
f 1662//3582 1591//3582 1624//3582 1704//3582
f 1644//3583 1677//3583 1602//3583 1533//3583
f 1687//3584 1666//3584 1624//3584 1607//3584
f 1700//3585 1723//3585 1635//3585 1557//3585
f 1535//3586 1564//3586 1778//3586 1661//3586
f 1704//3587 1735//3587 1640//3587 1607//3587
f 1717//3588 1735//3588 1687//3588 1666//3588
f 1787//3589 1706//3589 1751//3589 1913//3589
f 2292//3590 2348//3590 2472//3590 2320//3590
f 2546//3591 2523//3591 2349//3591 2427//3591
f 2729//3592 2530//3592 2362//3592 2365//3592
f 2555//3593 2552//3593 2653//3593 2667//3593
f 2654//3594 2553//3594 2554//3594 2668//3594
f 2784//3595 2779//3595 2667//3595 2607//3595
f 2783//3596 2608//3596 2668//3596 2778//3596
f 2567//3597 2560//3597 2910//3597 2849//3597
f 2765//3598 2722//3598 2712//3598 2758//3598
f 2765//3599 2792//3599 2762//3599 2758//3599
f 2765//3600 2767//3600 2816//3600 2792//3600
f 2762//371 2780//371 2804//371 2761//371
f 2780//3601 2793//3601 2816//3601 2827//3601
f 2961//3602 3002//3602 2972//3602 2920//3602
f 2908//3603 3072//3603 2955//3603 2995//3603
f 3175//3604 3151//3604 3149//3604 3163//3604
f 3148//3605 3215//3605 3224//3605 3197//3605
f 3223//3606 3216//3606 3149//3606 3198//3606
f 3299//3607 3329//3607 3322//3607 3289//3607
f 3636//3608 3704//3608 3641//3608 3629//3608
f 3610//3609 3641//3609 3677//3609 3695//3609
f 3679//3610 3738//3610 3704//3610 3669//3610
f 3703//3611 3692//3611 3735//3611 3734//3611
f 3914//3612 3846//3612 3819//3612 3879//3612
f 3843//3613 3831//3613 3891//3613 3917//3613
f 3890//3614 3832//3614 3844//3614 3916//3614
f 3896//3615 3858//3615 3939//3615 4036//3615
f 4054//3616 4113//3616 4100//3616 3998//3616
f 4101//3617 3999//3617 4055//3617 4114//3617
f 4094//1421 4115//1421 4113//1421 4100//1421
f 4101//1421 4114//1421 4116//1421 4095//1421
f 81//3618 83//3618 59//3618 67//3618
f 1557//3619 1578//3619 1654//3619 1606//3619
f 1646//3620 1687//3620 1640//3620 1607//3620
f 1646//3621 1667//3621 1624//3621 1591//3621
f 1688//3622 1653//3622 1735//3622 1717//3622
f 1751//1420 1913//1420 1719//1420 1606//1420
f 2471//3623 2349//3623 2293//3623 2321//3623
f 2731//3624 2531//3624 2363//3624 2366//3624
f 2683//1420 2767//1420 2758//1420 2712//1420
f 2758//3625 2793//3625 2780//3625 2762//3625
f 3016//3626 2924//3626 2589//3626 2547//3626
f 2588//3627 2545//3627 3015//3627 2923//3627
f 2761//3628 2827//3628 2847//3628 2752//3628
f 3061//3629 2981//3629 3110//3629 3222//3629
f 3273//3630 3327//3630 3298//3630 3267//3630
f 3382//3631 3375//3631 3386//3631 3443//3631
f 3393//3632 3384//3632 3386//3632 3423//3632
f 3712//3633 3734//3633 3680//3633 3656//3633
f 3752//3634 3715//3634 3695//3634 3704//3634
f 3975//3635 3941//3635 4010//3635 4126//3635
f 4040//3636 4170//3636 4157//3636 3988//3636
f 4158//3637 3987//3637 4039//3637 4169//3637
f 27//3638 16//3638 26//3638 28//3638
f 100//3639 62//3639 127//3639
f 634//3640 608//3640 545//3640 562//3640
f 546//3641 563//3641 635//3641 609//3641
f 634//3642 751//3642 577//3642 465//3642
f 810//3598 452//3598 534//3598 962//3598
f 1205//3643 1200//3643 1348//3643
f 925//3644 451//3644 1275//3644 2083//3644
f 1603//3645 1383//3645 1229//3645 1474//3645
f 1228//3646 1384//3646 1604//3646 1475//3646
f 1507//3647 1543//3647 1578//3647 1606//3647
f 1507//3648 1782//3648 1787//3648 1469//3648
f 1667//3649 1717//3649 1704//3649 1687//3649
f 2567//3650 2571//3650 2076//3650 2383//3650
f 2292//3651 2320//3651 2566//3651 2546//3651
f 2565//3652 2321//3652 2293//3652 2546//3652
f 2510//3653 2603//3653 2647//3653 2476//3653
f 2784//3654 2779//3654 2607//3654 2591//3654
f 2608//3655 2778//3655 2783//3655 2592//3655
f 2835//3656 2547//3656 2589//3656 2842//3656
f 2910//3657 2941//3657 2668//3657 2654//3657
f 2942//3658 2769//3658 2653//3658 2879//3658
f 2839//3659 2820//3659 2795//3659 2925//3659
f 2851//3660 2759//3660 2775//3660 2962//3660
f 2673//3661 3200//3661 2925//3661 2647//3661
f 2941//3662 2783//3662 2668//3662 2965//3662
f 2667//3663 2784//3663 2942//3663 2964//3663
f 2825//3664 2849//3664 2972//3664 2941//3664
f 2910//3665 2972//3665 2962//3665 2849//3665
f 2985//3666 3186//3666 2747//3666 2740//3666
f 2868//3667 2838//3667 2926//3667 3199//3667
f 2869//3668 3200//3668 2925//3668 2839//3668
f 2937//3669 2596//3669 3045//3669 3205//3669
f 2966//3670 2998//3670 2907//3670 3071//3670
f 3057//3671 3105//3671 2921//3671 2970//3671
f 3147//3672 3153//3672 3120//3672 3109//3672
f 3076//3673 3163//3673 3175//3673 3150//3673
f 3237//3674 3161//3674 3163//3674 3175//3674
f 3142//3675 3148//3675 3215//3675 3182//3675
f 3216//3676 3183//3676 3141//3676 3149//3676
f 3678//3677 3667//3677 3656//3677 3677//3677
f 3712//2776 3643//2776 3656//2776 3734//2776
f 3871//3678 3850//3678 4036//3678 3921//3678
f 3957//3679 4066//3679 4139//3679 3951//3679
f 4009//3680 4083//3680 4075//3680 4071//3680
f 4010//3681 4084//3681 4076//3681 4072//3681
f 4090//3682 4102//3682 4049//3682 4088//3682
f 4085//3683 4083//3683 4009//3683 4109//3683
f 56//3684 79//3684 80//3684 72//3684
f 767//3685 702//3685 407//3685 390//3685
f 417//3686 390//3686 767//3686 703//3686
f 582//3687 375//3687 704//3687 809//3687
f 704//3688 753//3688 580//3688 375//3688
f 466//3689 609//3689 752//3689 596//3689
f 621//3690 1105//3690 701//3690 380//3690
f 1422//3691 416//3691 579//3691
f 1360//3692 981//3692 579//3692
f 769//3693 943//3693 1105//3693 905//3693
f 808//3694 995//3694 1134//3694 951//3694
f 923//3695 2082//3695 1270//3695 450//3695
f 1174//3696 1681//3696 1206//3696 724//3696
f 1592//3697 1344//3697 1203//3697 1470//3697
f 1204//3698 1345//3698 1593//3698 1471//3698
f 1832//3699 1628//3699 1470//3699 1586//3699
f 1654//3700 1710//3700 1913//3700 1723//3700
f 2630//3701 2537//3701 2880//3701
f 3107//3702 3061//3702 2465//3702 2570//3702
f 2921//3703 3077//3703 2902//3703 2686//3703
f 2903//3704 2818//3704 2979//3704 3067//3704
f 2980//3705 2819//3705 2902//3705 3066//3705
f 3046//3706 2597//3706 2938//3706 3204//3706
f 3043//3707 3004//3707 2875//3707 2996//3707
f 3064//3708 2830//3708 2880//3708 3168//3708
f 2922//3709 3104//3709 3058//3709 2971//3709
f 3220//3710 3149//3710 3082//3710 3165//3710
f 3070//3711 3332//3711 3265//3711 2958//3711
f 3163//1420 3217//1420 3214//1420 3160//1420
f 3425//3712 3429//3712 3368//3712
f 2509//3713 2630//3713 2598//3713 2252//3713
f 3723//3714 3678//3714 3692//3714 3800//3714
f 3992//3715 3841//3715 3815//3715 3966//3715
f 3816//3716 3840//3716 3993//3716 3967//3716
f 4024//3717 3942//3717 3959//3717 4122//3717
f 3981//3718 4140//3718 4026//3718 3956//3718
f 4050//3719 4103//3719 4091//3719 4089//3719
f 1//3720 2//3720 4//3720
f 1//3721 6//3721 4//3721
f 4//3722 70//3722 6//3722
f 21//2858 16//2858 26//2858
f 58//3723 6//3723 70//3723
f 48//3724 37//3724 39//3724
f 48//3725 37//3725 45//3725
f 47//3726 39//3726 48//3726
f 45//3727 56//3727 48//3727
f 47//3728 48//3728 59//3728
f 67//3729 56//3729 48//3729
f 43//3730 90//3730 44//3730
f 72//3731 59//3731 48//3731
f 43//3732 50//3732 90//3732
f 90//3733 51//3733 44//3733
f 50//3734 90//3734 61//3734
f 4//3735 2//3735 195//3735
f 80//3736 48//3736 81//3736
f 6//3737 1//3737 194//3737
f 90//3738 51//3738 66//3738
f 90//3739 79//3739 61//3739
f 90//3740 83//3740 66//3740
f 87//3741 79//3741 90//3741
f 83//3742 90//3742 89//3742
f 89//3743 90//3743 87//3743
f 195//3744 4//3744 70//3744
f 122//3745 95//3745 63//3745
f 58//3746 6//3746 247//3746
f 185//3747 1//3747 194//3747
f 200//3748 195//3748 2//3748
f 195//3749 135//3749 70//3749
f 112//3750 247//3750 58//3750
f 194//3751 247//3751 6//3751
f 155//3752 152//3752 137//3752
f 156//3753 138//3753 153//3753
f 173//3754 152//3754 166//3754
f 176//3755 153//3755 169//3755
f 135//3756 282//3756 112//3756
f 247//3757 282//3757 112//3757
f 249//3758 183//3758 206//3758
f 253//3759 200//3759 195//3759
f 205//3760 194//3760 254//3760
f 213//3761 256//3761 189//3761
f 247//3762 194//3762 254//3762
f 210//3763 265//3763 237//3763
f 254//3764 282//3764 247//3764
f 290//3765 237//3765 265//3765
f 275//3766 281//3766 323//3766
f 274//3767 322//3767 284//3767
f 245//3768 321//3768 363//3768
f 313//3769 390//3769 317//3769
f 312//3770 291//3770 483//3770
f 451//3771 323//3771 337//3771
f 356//3772 526//3772 287//3772
f 340//3773 450//3773 322//3773
f 341//3774 418//3774 386//3774
f 424//3775 299//3775 490//3775
f 297//3776 464//3776 520//3776
f 408//3777 387//3777 391//3777
f 409//3778 392//3778 388//3778
f 321//3779 363//3779 687//3779
f 354//3780 381//3780 505//3780
f 386//3781 353//3781 507//3781
f 421//3782 402//3782 398//3782
f 422//3783 403//3783 399//3783
f 527//3784 474//3784 325//3784
f 381//3785 505//3785 413//3785
f 396//3786 407//3786 492//3786
f 484//3787 419//3787 395//3787
f 419//3788 417//3788 493//3788
f 369//3789 454//3789 538//3789
f 327//3790 946//3790 349//3790
f 647//3791 530//3791 339//3791
f 602//3792 538//3792 369//3792
f 356//3793 253//3793 1422//3793
f 670//3794 395//3794 484//3794
f 653//3795 413//3795 572//3795
f 654//3796 418//3796 573//3796
f 667//3797 608//3797 479//3797
f 609//3798 668//3798 480//3798
f 562//3799 536//3799 545//3799
f 563//3800 537//3800 546//3800
f 670//3801 484//3801 605//3801
f 520//3802 790//3802 464//3802
f 567//3803 531//3803 663//3803
f 531//3804 568//3804 664//3804
f 548//3805 494//3805 806//3805
f 719//3806 698//3806 538//3806
f 644//3807 503//3807 789//3807
f 433//3808 416//3808 1230//3808
f 610//371 810//371 560//371
f 611//3598 811//3598 561//3598
f 713//3809 651//3809 675//3809
f 605//3810 727//3810 759//3810
f 548//3811 725//3811 806//3811
f 811//3812 724//3812 561//3812
f 784//3813 702//3813 564//3813
f 737//3814 700//3814 710//3814
f 738//3815 701//3815 711//3815
f 504//3816 1028//3816 593//3816
f 946//3817 349//3817 1129//3817
f 755//3818 816//3818 760//3818
f 756//3819 817//3819 760//3819
f 762//3820 756//3820 817//3820
f 763//3821 755//3821 816//3821
f 726//3822 433//3822 1230//3822
f 1076//3823 785//3823 500//3823
f 873//3824 845//3824 831//3824
f 938//3825 1028//3825 593//3825
f 782//3826 999//3826 783//3826
f 999//3827 783//3827 814//3827
f 969//3828 873//3828 831//3828
f 845//3829 1050//3829 831//3829
f 972//3830 788//3830 973//3830
f 1318//3831 832//3831 625//3831
f 894//3832 950//3832 916//3832
f 860//3833 671//3833 1352//3833
f 1422//3834 1242//3834 356//3834
f 942//3835 955//3835 1007//3835
f 1060//3836 831//3836 1050//3836
f 939//3837 1188//3837 833//3837
f 964//3838 896//3838 1138//3838
f 1086//3839 975//3839 982//3839
f 988//3840 1162//3840 967//3840
f 1177//3841 973//3841 972//3841
f 985//3842 957//3842 1205//3842
f 949//3843 1209//3843 1006//3843
f 1045//3844 957//3844 1205//3844
f 1104//3845 1053//3845 1067//3845
f 1105//3846 1054//3846 1068//3846
f 972//3847 1177//3847 1109//3847
f 986//3848 1159//3848 1119//3848
f 1052//3849 1006//3849 1209//3849
f 1122//3850 1212//3850 988//3850
f 1133//3851 1092//3851 1096//3851
f 1134//3852 1091//3852 1097//3852
f 1318//3853 1206//3853 832//3853
f 1118//3854 988//3854 1255//3854
f 1118//3855 1075//3855 1225//3855
f 1074//3856 1224//3856 1119//3856
f 1162//3857 988//3857 1255//3857
f 1213//3858 1123//3858 1119//3858
f 860//3859 1352//3859 1231//3859
f 1045//3860 1200//3860 1205//3860
f 1255//3861 1118//3861 1075//3861
f 1074//3862 1259//3862 1119//3862
f 946//3863 327//3863 2392//3863
f 1271//3864 1008//3864 1194//3864
f 1272//3865 1010//3865 1195//3865
f 875//3866 1293//3866 1318//3866
f 1259//3867 1159//3867 1119//3867
f 1224//3868 1213//3868 1119//3868
f 1268//3869 1109//3869 1177//3869
f 1256//3870 1108//3870 1205//3870
f 898//3871 1325//3871 1352//3871
f 1252//3872 1075//3872 1255//3872
f 1259//3873 1074//3873 1253//3873
f 1265//3874 1262//3874 1100//3874
f 1230//3875 1502//3875 981//3875
f 1703//3876 946//3876 1129//3876
f 1129//3877 349//3877 2474//3877
f 1205//3878 1400//3878 1256//3878
f 1348//3879 1454//3879 1205//3879
f 1400//3880 1473//3880 1205//3880
f 1599//3881 2392//3881 327//3881
f 1205//3882 1473//3882 1454//3882
f 1598//3883 1206//3883 1318//3883
f 2350//3884 872//3884 930//3884
f 2350//3885 872//3885 932//3885
f 1231//3886 1639//3886 1352//3886
f 1459//3887 1202//3887 1556//3887
f 1293//3888 1318//3888 1696//3888
f 1325//3889 1352//3889 1730//3889
f 1771//3890 1226//3890 1443//3890
f 1722//3891 349//3891 2474//3891
f 1652//3892 1605//3892 1171//3892
f 1625//3893 1659//3893 1178//3893
f 1245//3894 1242//3894 2046//3894
f 930//3895 2350//3895 1290//3895
f 1289//3896 932//3896 2350//3896
f 1533//3897 1565//3897 1481//3897
f 1556//3898 1577//3898 1459//3898
f 1815//3899 1129//3899 1703//3899
f 1952//3900 1502//3900 1230//3900
f 1679//3901 1535//3901 1529//3901
f 1556//3902 1448//3902 1793//3902
f 1579//3743 1586//3743 1592//3743
f 1580//1421 1587//1421 1593//1421
f 1319//3903 1320//3903 2184//3903
f 1598//3904 1318//3904 1919//3904
f 1608//1421 1621//1421 1604//1421
f 1564//3905 1535//3905 1778//3905
f 1352//3906 1639//3906 1949//3906
f 1683//3907 1590//3907 1644//3907
f 1644//3908 1683//3908 1637//3908
f 1719//3909 1556//3909 1793//3909
f 1802//3910 1527//3910 1708//3910
f 1801//3911 1528//3911 1709//3911
f 2392//3912 1703//3912 946//3912
f 1564//3913 1778//3913 1967//3913
f 1793//3914 2065//3914 1448//3914
f 1242//3915 2657//3915 1422//3915
f 1289//3916 1824//3916 2350//3916
f 1290//3917 1825//3917 2350//3917
f 1771//3918 2302//3918 1443//3918
f 2184//3919 2237//3919 1319//3919
f 1668//3920 2107//3920 1982//3920
f 1669//3921 2106//3921 1983//3921
f 2042//3922 1831//3922 1906//3922
f 1908//3923 2043//3923 1830//3923
f 1956//3924 1947//3924 1945//3924
f 1946//3925 1955//3925 1948//3925
f 1752//3926 2306//3926 1748//3926
f 1599//3927 2392//3927 1786//3927
f 1977//3928 1974//3928 1998//3928
f 1978//3929 1973//3929 1997//3929
f 1714//3930 1924//3930 2322//3930
f 1713//3931 2323//3931 1925//3931
f 1749//3932 2402//3932 1823//3932
f 1786//3933 2805//3933 1422//3933
f 1815//3934 1129//3934 3086//3934
f 2148//3935 1982//3935 2107//3935
f 2149//3936 2106//3936 1983//3936
f 2018//3937 2296//3937 2044//3937
f 2029//3938 2305//3938 2050//3938
f 2350//3939 2326//3939 1824//3939
f 1825//3940 2350//3940 2327//3940
f 2392//3941 1703//3941 2384//3941
f 2104//3942 2061//3942 2364//3942
f 2110//3943 2063//3943 2359//3943
f 2403//3944 1753//3944 2366//3944
f 2253//3945 2162//3945 2218//3945
f 2254//3946 2163//3946 2219//3946
f 2362//3947 1823//3947 2365//3947
f 1783//3948 2145//3948 2624//3948
f 2365//3949 2402//3949 1823//3949
f 2228//3950 2109//3950 2432//3950
f 2115//3951 2229//3951 2442//3951
f 2334//3952 2063//3952 2359//3952
f 2441//3953 2079//3953 2251//3953
f 2443//3954 2081//3954 2255//3954
f 2335//3955 2061//3955 2364//3955
f 2314//3956 2322//3956 2190//3956
f 2315//3957 2323//3957 2191//3957
f 2303//3958 2400//3958 2202//3958
f 2304//3959 2401//3959 2201//3959
f 2474//3960 3086//3960 1129//3960
f 2138//3961 2214//3961 2596//3961
f 2215//3962 2137//3962 2597//3962
f 2289//3963 2076//3963 2560//3963
f 2330//3964 2372//3964 2266//3964
f 2331//3965 2371//3965 2267//3965
f 2288//3966 2347//3966 2341//3966
f 2346//3967 2287//3967 2342//3967
f 2344//3968 2210//3968 2501//3968
f 2502//3969 2211//3969 2345//3969
f 2528//3970 2138//3970 2547//3970
f 2529//3971 2137//3971 2545//3971
f 2387//3972 2145//3972 2747//3972
f 2530//3592 2362//3592 2365//3592
f 2531//3973 2363//3973 2366//3973
f 2545//3974 2597//3974 2137//3974
f 2138//3975 2547//3975 2596//3975
f 2407//3976 3086//3976 1815//3976
f 2368//3977 2535//3977 2471//3977
f 2367//3978 2534//3978 2472//3978
f 2617//3979 2478//3979 2290//3979
f 2484//3980 2348//3980 2546//3980
f 2634//3981 2507//3981 2281//3981
f 2350//3982 2771//3982 2326//3982
f 2350//3983 2327//3983 2772//3983
f 2675//3984 2365//3984 2402//3984
f 2366//3985 2403//3985 2676//3985
f 2546//3986 2523//3986 2348//3986
f 2546//3987 2523//3987 2349//3987
f 2145//3988 2691//3988 2624//3988
f 2747//3989 2691//3989 2145//3989
f 2675//3990 2530//3990 2365//3990
f 2676//3991 2531//3991 2366//3991
f 2510//3992 2439//3992 2612//3992
f 2511//3993 2440//3993 2611//3993
f 2657//3994 3364//3994 1422//3994
f 2603//3995 2439//3995 2612//3995
f 2611//3996 2440//3996 2604//3996
f 2584//3997 2421//3997 2663//3997
f 2423//3998 2585//3998 2664//3998
f 2587//3999 2611//3999 2511//3999
f 2777//4000 2710//4000 2269//4000
f 2711//4001 2776//4001 2270//4001
f 2675//4002 2742//4002 2402//4002
f 2756//4003 2622//4003 2428//4003
f 2757//4004 2429//4004 2623//4004
f 2676//4005 2753//4005 2403//4005
f 2607//4006 2552//4006 2653//4006
f 2608//4007 2654//4007 2553//4007
f 3454//4008 2805//4008 1422//4008
f 2661//3230 2584//3230 2663//3230
f 2662//914 2585//914 2664//914
f 2603//4009 2520//4009 2839//4009
f 2604//4010 2519//4010 2838//4010
f 2729//4011 2661//4011 2584//4011
f 2662//4012 2585//4012 2731//4012
f 2838//4013 2674//4013 2519//4013
f 2839//4014 2520//4014 2673//4014
f 2603//4015 2760//4015 2612//4015
f 2611//4016 2759//4016 2604//4016
f 2384//4017 2407//4017 3282//4017
f 2986//4018 2883//4018 2297//4018
f 3059//4019 2350//4019 2771//4019
f 2350//4020 3060//4020 2772//4020
f 2912//4021 2986//4021 2297//4021
f 2725//4022 2891//4022 2596//4022
f 2726//4023 2892//4023 2597//4023
f 2539//4024 2474//4024 3176//4024
f 2894//4025 2579//4025 2830//4025
f 2895//4026 2831//4026 2578//4026
f 2801//4027 2583//4027 2981//4027
f 2918//4028 2832//4028 2619//4028
f 2917//4029 2834//4029 2621//4029
f 2835//4030 3014//4030 2528//4030
f 2836//4031 3011//4031 2529//4031
f 2740//4032 2919//4032 2747//4032
f 2896//4033 2891//4033 2596//4033
f 2897//4034 2597//4034 2892//4034
f 2898//4035 2596//4035 2896//4035
f 2597//4036 2899//4036 2897//4036
f 2886//4037 2871//4037 2661//4037
f 2872//4038 2887//4038 2662//4038
f 2759//4039 2838//4039 2794//4039
f 2925//4040 2795//4040 2774//4040
f 2924//4041 2528//4041 3014//4041
f 3011//4042 2923//4042 2529//4042
f 2910//4043 2808//4043 2825//4043
f 2747//4044 2691//4044 3070//4044
f 2849//4045 2825//4045 2920//4045
f 2838//4046 2851//4046 2926//4046
f 2814//4047 2922//4047 2903//4047
f 2518//4048 2843//4048 3226//4048
f 2350//4049 3189//4049 3060//4049
f 3059//4050 3190//4050 2350//4050
f 2725//4051 2891//4051 3045//4051
f 2726//4052 2892//4052 3046//4052
f 2896//4053 2937//4053 2891//4053
f 2897//4054 2938//4054 2892//4054
f 3017//4055 2880//4055 2894//4055
f 2895//4056 3018//4056 2881//4056
f 3086//4057 3176//4057 2474//4057
f 2350//4058 3228//4058 3189//4058
f 3232//4059 2350//4059 3190//4059
f 3282//4060 3086//4060 2407//4060
f 3263//4061 3228//4061 2350//4061
f 3264//4062 3232//4062 2350//4062
f 2898//4063 3016//4063 3012//4063
f 2899//4064 3015//4064 3013//4064
f 3263//4065 3253//4065 2350//4065
f 3253//4066 3264//4066 2350//4066
f 2880//4067 3055//4067 3017//4067
f 2881//4068 3054//4068 3018//4068
f 3186//4069 3070//4069 2691//4069
f 2895//4070 3018//4070 3065//4070
f 3205//4071 2968//4071 3045//4071
f 3047//4072 3108//4072 3062//4072
f 2940//4073 3114//4073 3152//4073
f 3152//4074 3140//4074 2940//4074
f 3076//4075 3150//4075 3163//4075
f 3077//4076 3163//4076 3151//4076
f 3099//4077 3155//4077 3154//4077
f 3100//4078 3156//4078 3153//4078
f 3142//4079 3081//4079 3215//4079
f 3086//4080 3282//4080 3176//4080
f 3164//4081 3219//4081 3182//4081
f 3220//4082 3165//4082 3183//4082
f 3325//4083 3323//4083 2888//4083
f 3219//4084 3240//4084 3236//4084
f 3239//44 3216//44 3220//44
f 3193//4085 3528//4085 2805//4085
f 3330//4086 3191//4086 3339//4086
f 3331//4087 3338//4087 3192//4087
f 3318//4088 3277//4088 3383//4088
f 3384//4089 3319//4089 3278//4089
f 3383//4090 3359//4090 3277//4090
f 3384//4091 3278//4091 3360//4091
f 3350//4092 3374//4092 3363//4092
f 3378//4093 3383//4093 3318//4093
f 3379//4094 3384//4094 3319//4094
f 3221//4095 3596//4095 3031//4095
f 3336//4096 3368//4096 3429//4096
f 3424//4097 3369//4097 3421//4097
f 3368//4098 3422//4098 3425//4098
f 3428//4099 3424//4099 3369//4099
f 3482//4100 3460//4100 3315//4100
f 3483//4101 3461//4101 3314//4101
f 3452//4102 3423//4102 3467//4102
f 3453//4103 3596//4103 3031//4103
f 3537//4104 3000//4104 3580//4104
f 3538//4105 2999//4105 3581//4105
f 3545//4106 3686//4106 3364//4106
f 3629//4107 3636//4107 3610//4107
f 3454//4108 3666//4108 3853//4108
f 3668//4109 3715//4109 3558//4109
f 3641//4110 3643//4110 3674//4110
f 3715//4111 3558//4111 3752//4111
f 3667//4112 3674//4112 3678//4112
f 3695//4113 3669//4113 3636//4113
f 3715//4114 3679//4114 3668//4114
f 3565//4115 3893//4115 3989//4115
f 3858//4116 3787//4116 3752//4116
f 3986//4117 4058//4117 3841//4117
f 4059//4118 3840//4118 3985//4118
f 4006//4119 4008//4119 4087//4119
f 4007//4120 4008//4120 4087//4120
f 4004//4121 3998//4121 4077//4121
f 4005//4122 3999//4122 4078//4122
f 4006//4123 4009//4123 4085//4123
f 4007//4124 4010//4124 4086//4124
f 3998//4125 4004//4125 4090//4125
f 3999//4126 4005//4126 4091//4126
f 4088//4127 3998//4127 4077//4127
f 4089//4128 4078//4128 3999//4128
f 4083//4129 4075//4129 4006//4129
f 4076//4130 4007//4130 4084//4130
f 4083//4131 4006//4131 4087//4131
f 4087//4132 4007//4132 4084//4132
f 4081//4133 4090//4133 4004//4133
f 4082//4134 4005//4134 4091//4134
f 4097//4135 4010//4135 4086//4135
f 4098//4136 4090//4136 3998//4136
f 4099//4137 4091//4137 3999//4137
f 4049//4138 4092//4138 4100//4138
f 4050//4139 4093//4139 3999//4139
f 4133//4140 4052//4140 4126//4140
f 4133//4072 4152//4072 4126//4072
f 4171//4141 3965//4141 4176//4141
f 413//4142 381//4142 362//4142
f 777//4143 587//4143 822//4143
f 945//4144 1211//4144 1000//4144
f 2729//4145 2584//4145 2421//4145
f 2731//4146 2585//4146 2423//4146
f 2886//4147 2977//4147 2661//4147
f 2887//4148 2662//4148 2978//4148
f 3204//4149 3046//4149 2967//4149
f 3451//4150 3386//4150 3467//4150
f 3738//4151 3752//4151 3787//4151
f 207//4152 167//4152 251//4152
f 209//4153 252//4153 167//4153
f 2214//4154 1213//4154 2132//4154
f 339//4155 530//4155 494//4155 315//4155
f 636//4156 625//4156 1236//4156
f 860//4157 1325//4157 607//4157
f 1123//4158 1058//4158 986//4158 1119//4158
f 1961//4159 1139//4159 1582//4159
f 2215//4160 1212//4160 2133//4160
f 2099//4161 2252//4161 2598//4161 2639//4161
f 3992//4162 4029//4162 3964//4162
f 1962//4163 1140//4163 1581//4163
f 2100//4164 2640//4164 2599//4164 2250//4164
f 2508//4165 2250//4165 2599//4165 2631//4165
f 2631//4166 2536//4166 2881//4166
f 255//4167 173//4167 166//4167 207//4167
f 362//4168 381//4168 336//4168
f 341//4169 418//4169 368//4169
f 1059//4170 1211//4170 1000//4170
f 260//4171 209//4171 176//4171
f 209//4172 176//4172 169//4172
f 395//4173 419//4173 296//4173 308//4173
f 2135//4174 1878//4174 1870//4174 2108//4174
