# Mixed quad/tri mesh generated by tri_to_quad_converter.py
# Vertices: 4014
# Quad faces: 1467
# Tri faces: 597

v 44.06117258 7.11775830 64.14785559
v 53.63187060 -4.56398883 51.82814604
v 54.82722214 -5.39885953 33.38766205
v 55.02596237 -2.32022538 -8.72089101
v 54.81768601 4.80162742 -16.82492270
v 48.46907775 23.79783204 -22.69267807
v 40.48611162 39.17433400 -22.18849326
v 37.01295496 44.61728630 -18.70602112
v 35.64208585 42.54747839 35.00250957
v 34.39152924 43.29870252 -18.88063336
v 37.94068931 37.68717604 -22.39322274
v 45.88705144 22.71823989 -22.73584738
v 52.14407279 4.43628872 -16.83355808
v 52.33794485 -2.43001358 -8.72705315
v 52.11640677 -5.74890154 33.21413656
v 50.98324273 -5.17297510 51.32724746
v 41.63297439 6.16204606 64.33351443
v 33.02058689 41.89269331 34.98123250
v 43.88374582 7.07890034 60.31493610
v 43.88374582 7.07890034 60.31493610
v 52.29310599 -1.48337873 49.28109659
v 52.29310599 -1.48337873 49.28109659
v 53.39237354 -1.73791626 33.14705052
v 53.39237354 -1.73791626 33.14705052
v 53.80960009 1.37143223 -6.95681831
v 53.80960009 1.37143223 -6.95681831
v 53.62716357 7.10559760 -13.51927534
v 53.62716357 7.10559760 -13.51927534
v 47.26211489 23.69645615 -18.58306310
v 47.26211489 23.69645615 -18.58306310
v 36.37333339 38.93776488 33.72946163
v 36.37333339 38.93776488 33.72946163
v 37.50921227 41.41125064 -16.11420976
v 37.50921227 41.41125064 -16.11420976
v 40.11987140 37.00367372 -18.18743244
v 40.11987140 37.00367372 -18.18743244
v -43.11981180 7.08741578 64.47107820
v -52.56436237 -4.45418153 52.19431303
v -53.70736039 -5.28663432 33.76189056
v -53.63972368 -2.20786468 -8.34620962
v -53.31153033 4.49817901 -16.03767192
v -50.38426477 18.22201568 -21.66328066
v -45.32941625 29.57284614 -23.05780792
v -39.52915270 39.12914849 -22.28768272
v -36.32840815 44.86980553 -17.90656434
v -34.59292723 43.08951435 35.30775142
v -33.71098145 43.54580672 -18.09924055
v -36.98828606 37.63673419 -22.50994882
v -42.78960185 28.25792690 -23.17737134
v -47.76521697 17.36707438 -21.66565155
v -50.62783898 4.15371739 -16.06888907
v -50.95204307 -2.32321134 -8.37090753
v -50.99853721 -5.64227997 33.56967855
v -49.92051478 -5.06864051 51.67516249
v -40.69295151 6.11051282 64.47646361
v -31.97299565 42.42930937 35.26840062
v -51.23681846 -1.37632824 49.63806925
v -51.23681846 -1.37632824 49.63806925
v -52.26663777 -1.62866438 33.51136448
v -52.26663777 -1.62866438 33.51136448
v -52.40359578 1.48125715 -6.59059273
v -52.40359578 1.48125715 -6.59059273
v -52.08860555 6.92904527 -12.85858089
v -52.08860555 6.92904527 -12.85858089
v -48.96474820 18.73781990 -17.54131197
v -48.96474820 18.73781990 -17.54131197
v -44.27882057 28.84924133 -18.97738993
v -44.27882057 28.84924133 -18.97738993
v -36.81341546 41.66478549 -15.31136919
v -36.81341546 41.66478549 -15.31136919
v -39.13982654 36.95770940 -18.28922810
v -39.13982654 36.95770940 -18.28922810
v -42.96806864 7.69292908 60.68497532
v -42.96806864 7.69292908 60.68497532
v -35.34039791 39.48133161 34.03980357
v -35.34039791 39.48133161 34.03980357
v -35.45908688 45.59937522 -16.31592219
v -35.45908688 45.59937522 -16.31592219
v -35.10750974 54.52869057 -16.23891479
v -27.37925063 49.43321266 -16.30061939
v -39.11626209 47.01629695 76.30383932
v -39.11626209 47.01629695 76.30383932
v -38.85615467 50.18263447 76.32741460
v -35.49432613 48.18849897 76.30697936
v -38.22858144 45.68151437 98.08387542
v 36.62066737 46.07839868 -16.55800574
v 36.62066737 46.07839868 -16.55800574
v 35.38986174 54.54270432 -16.48097897
v 27.65083603 49.46321761 -16.48935104
v 40.91924638 47.48709289 76.03432291
v 40.91924638 47.48709289 76.03432291
v 40.19067950 50.10089629 76.05486090
v 36.82467371 48.11371878 76.05762390
v 40.17899249 46.15398999 97.81996936
v -56.07809765 66.83932470 -62.01193881
v -56.07809765 66.83932470 -62.01193881
v -56.07809765 66.83932470 -62.01193881
v -60.57781923 64.56422143 -59.06295065
v -60.57781923 64.56422143 -59.06295065
v -73.55667636 73.81992952 -76.97253531
v 77.85429682 6.18005516 -42.66660505
v 77.85429682 6.18005516 -42.66660505
v 77.85429682 6.18005516 -42.66660505
v 96.02082474 10.65227850 -58.16008319
v 36.52949550 -40.45106139 149.53304942
v 34.62341400 -37.08828208 152.69577480
v 39.79244464 -37.69071590 152.11722974
v 40.16993487 -15.96769480 90.79516407
v 38.25718345 -11.38035652 90.96228473
v 43.42739818 -12.20043697 90.91593681
v 69.35010268 -32.15555339 -5.92294973
v 69.35010268 -32.15555339 -5.92294973
v 62.49555205 -50.75605401 0.84168490
v 62.49555205 -50.75605401 0.84168490
v 60.89453158 -36.88491666 -2.86811647
v 59.22502966 -51.80014132 2.38730071
v 59.22502966 -51.80014132 2.38730071
v 62.77374540 -19.88263947 -6.80449822
v 62.77374540 -19.88263947 -6.80449822
v 62.69015165 -51.11824005 11.11372465
v 69.40108412 -32.29677797 5.63733453
v 59.26876013 -52.50958814 12.88832847
v 62.81140653 -19.68165116 1.73256354
v 0.00625375 3.00575341 -185.49810818
v 0.00117352 2.22373258 -186.73724892
v -0.00099151 2.39092243 -187.41543238
v 0.00108193 4.66053813 -187.49466989
v 0.00333268 4.85988849 -186.90156442
v 0.00627358 4.68600942 -185.99631068
v 0.00775838 4.00407203 -185.36107661
v -0.03550197 3.73321506 -197.82890729
v -0.03671435 4.60235274 -198.44127021
v -0.03405757 5.51401110 -197.94400433
v -0.56406683 3.00634331 -185.49615505
v -0.56914701 2.22432233 -186.73527627
v -0.57131208 2.39151218 -187.41345973
v -0.56923864 4.66112803 -187.49269723
v -0.56698789 4.86047809 -186.89959176
v -0.56404699 4.68659902 -185.99433802
v -0.56256224 4.00466163 -185.35910395
v -0.60582258 3.73380466 -197.82693463
v -0.60703497 4.60294264 -198.43929755
v -0.60437811 5.51460070 -197.94203168
v -68.75010908 -32.01275571 -5.44677725
v -68.75010908 -32.01275571 -5.44677725
v -61.88756041 -50.62744088 1.27056044
v -61.88756041 -50.62744088 1.27056044
v -60.28347353 -36.75961897 -2.45029208
v -58.60862493 -51.67830065 2.79359374
v -58.60862493 -51.67830065 2.79359374
v -62.15462095 -19.75346238 -6.37374262
v -62.15462095 -19.75346238 -6.37374262
v -62.01208189 -50.98929978 11.54370023
v -68.72168135 -32.15395832 6.11358452
v -58.58142279 -52.38772794 13.29467856
v -62.13300962 -19.55245820 2.16337454
v -96.12267683 -47.00379529 -95.81736391
v -100.04035252 -46.97037435 -90.15601690
v -95.56470809 -40.60110083 -95.47720554
v -100.48375095 -40.55104386 -90.67005764
v -95.47828231 -19.51226474 -79.26358702
v -99.42491308 -15.47379097 -83.20247192
v -94.94886826 -23.50039138 -83.87285541
v -99.89255956 -20.08750491 -87.22249255
v -95.70150496 -27.48574335 -110.26324433
v -99.64448339 -33.12951957 -110.23804116
v -95.12661240 -27.84654154 -103.33989565
v -100.06706151 -32.63170214 -103.29297344
v -96.15450300 -40.13331132 -107.11067084
v -100.08187596 -44.08484298 -103.06578006
v -95.58367293 -35.84834758 -102.38162697
v -100.51088962 -39.18391965 -98.93134529
v -95.53493270 -32.26972164 -75.99338174
v -99.46621191 -26.61781557 -75.96066988
v -95.00616318 -31.87358680 -82.15716507
v -99.93682713 -27.07813325 -82.14397010
v -95.57898544 -15.99392081 -103.44244047
v -99.53415136 -19.94276543 -107.46281243
v -95.10792099 -20.64104569 -99.29127064
v -100.05875096 -24.00298508 -102.68165224
v -95.68539168 -43.71828738 -82.75488384
v -99.60466894 -39.72466370 -78.74359878
v -95.14504990 -39.04092324 -86.89437398
v -100.06549901 -35.63784128 -83.50082830
v -101.10313570 -32.40032782 -81.09492416
v -101.10313570 -32.40032782 -81.09492416
v -101.12916109 -40.07515426 -86.34375915
v -101.12916109 -40.07515426 -86.34375915
v -101.16244234 -41.79057335 -95.48212782
v -101.16244234 -41.79057335 -95.48212782
v -101.18346773 -36.54171638 -103.15693961
v -101.18346773 -36.54171638 -103.15693961
v -101.18346773 -36.54171638 -103.15693961
v -101.17993258 -27.40328424 -104.87237579
v -101.17993258 -27.40328424 -104.87237579
v -101.15390719 -19.72846268 -99.62357498
v -101.15390719 -19.72846268 -99.62357498
v -101.12063570 -18.01303627 -90.48521608
v -101.12063570 -18.01303627 -90.48521608
v -101.09960055 -23.26190056 -82.81039452
v -101.09960055 -23.26190056 -82.81039452
v -83.75398570 -32.56385478 -98.09280800
v -82.29911269 -32.68483783 -93.28378516
v -87.79401491 -32.96327051 -78.52757113
v -87.79401491 -32.96327051 -78.52757113
v -87.82577272 -42.32506903 -84.93011750
v -87.82577272 -42.32506903 -84.93011750
v -87.86636842 -44.41755038 -96.07717746
v -87.86636842 -44.41755038 -96.07717746
v -87.89202272 -38.01496251 -105.43894180
v -87.89202272 -38.01496251 -105.43894180
v -87.89202272 -38.01496251 -105.43894180
v -87.88770631 -26.86785372 -107.53144757
v -87.88770631 -26.86785372 -107.53144757
v -87.85595826 -17.50605887 -101.12893538
v -87.85595826 -17.50605887 -101.12893538
v -87.81536256 -15.41357141 -89.98189495
v -87.81536256 -15.41357141 -89.98189495
v -87.78970827 -21.81616660 -80.62010131
v -87.78970827 -21.81616660 -80.62010131
v -95.53136825 -12.74187351 -90.61738226
v -99.48795996 -12.67986478 -96.25135619
v -94.98837021 -19.88816770 -91.06663266
v -99.94045018 -19.85398640 -95.83985475
v -95.32959091 -53.55054853 139.06336848
v -99.03584083 -53.51892925 144.41916865
v -94.80054795 -47.13419196 139.38266748
v -99.45410254 -47.08683998 143.93036228
v -95.24796005 -27.86356714 155.03976201
v -98.98160255 -24.04304874 151.31345513
v -94.74750108 -31.94660952 150.36377485
v -99.42436621 -28.71791742 147.19492864
v -95.35723739 -34.72294600 125.39822992
v -99.08741309 -40.06212752 125.42207577
v -94.81248155 -35.06369285 132.10043606
v -99.48629980 -39.59059664 132.14482906
v -95.35970810 -47.05086306 128.37956331
v -99.07511817 -50.78913052 132.20615340
v -94.81627061 -42.55314063 133.28753301
v -99.47755957 -45.70869312 136.55159407
v -95.25756943 -40.00924092 159.05591956
v -98.97785255 -34.66060593 158.00941758
v -94.74976670 -39.64329649 152.87214110
v -99.41548926 -35.10489578 151.80718182
v -95.32276474 -23.90176300 132.15143591
v -99.06448340 -27.63748639 128.34804642
v -94.78939561 -29.16466436 136.81142383
v -99.47302832 -32.34515851 133.60403055
v -95.28476669 -50.66263304 151.20056531
v -98.99252052 -46.88454881 154.99537084
v -94.77331162 -45.92810579 146.97443458
v -99.42820410 -42.70868830 150.18483569
v -100.03792088 -31.09001328 151.36835510
v -100.03792088 -31.09001328 151.36835510
v -100.06588963 -46.99585016 148.02567434
v -100.06588963 -46.99585016 148.02567434
v -100.09736424 -48.61868397 139.38051854
v -100.09736424 -48.61868397 139.38051854
v -100.11726658 -43.65311081 132.11990582
v -100.11726658 -43.65311081 132.11990582
v -100.11726658 -43.65311081 132.11990582
v -100.11391697 -35.00788177 130.49705736
v -100.11391697 -35.00788177 130.49705736
v -100.08929783 -27.74727393 135.46257681
v -100.08929783 -27.74727393 135.46257681
v -100.05781346 -26.12442791 144.10772284
v -100.05781346 -26.12442791 144.10772284
v -100.04126073 -39.73523500 152.99123285
v -100.04126073 -39.73523500 152.99123285
v -83.59821422 -38.54263976 145.27659547
v -87.45045046 -40.26779191 155.42003122
v -87.45045046 -40.26779191 155.42003122
v -87.48048952 -49.12433669 149.36304651
v -87.48048952 -49.12433669 149.36304651
v -87.51888796 -51.10388369 138.81757831
v -87.51888796 -51.10388369 138.81757831
v -87.54315554 -45.04684039 129.96106771
v -87.54315554 -45.04684039 129.96106771
v -87.54315554 -45.04684039 129.96106771
v -87.53908327 -34.50134533 127.98149141
v -87.53908327 -34.50134533 127.98149141
v -87.50904421 -25.64481031 134.03845659
v -87.50904421 -25.64481031 134.03845659
v -87.47064577 -23.66525843 144.58389549
v -87.47064577 -23.66525843 144.58389549
v -87.44637819 -29.72230418 153.44043540
v -87.44637819 -29.72230418 153.44043540
v -95.27762802 -21.14210437 144.41703113
v -99.02068458 -21.08344047 139.08712942
v -94.76412217 -27.76761372 143.99316176
v -99.44893652 -27.73527821 139.47756658
v 96.88068800 -53.74929340 138.40062434
v 100.62383245 -53.72537919 143.73074092
v 96.36712356 -47.33186261 138.72351710
v 101.05201603 -47.29416394 143.23901463
v 96.96231886 -28.06231201 154.37701788
v 100.67807073 -24.24949624 150.62502741
v 96.42119582 -32.14428018 149.70462446
v 101.08276798 -28.92524383 146.50357123
v 96.85305128 -34.92169331 124.73548579
v 100.57225041 -40.26857746 124.73363828
v 96.35381301 -35.26135862 131.44128568
v 101.01845158 -39.79792060 131.45348141
v 96.85058058 -47.24961282 127.71681918
v 100.58455510 -50.99558046 131.51772568
v 96.35028762 -42.75081128 132.62838263
v 101.02744572 -45.91601220 135.86024642
v 96.97450635 -40.20800776 158.39309730
v 100.69852971 -34.86707296 157.32093126
v 96.42483840 -39.84097203 152.21297119
v 101.09247501 -35.31222218 151.11582440
v 96.88751417 -24.10051032 131.48869178
v 100.59518987 -27.84393633 127.65961869
v 96.37540481 -29.36233013 136.15228322
v 101.03021915 -32.55248003 132.91268291
v 96.92551222 -50.86137791 150.53782118
v 100.66715276 -47.09099875 154.30694311
v 96.39472121 -46.12577156 146.31528420
v 101.07828556 -42.91601226 149.49347828
v 101.64417422 -35.21650212 129.80139330
v 101.64417422 -35.21650212 129.80139330
v 101.69220156 -47.20446807 147.33001029
v 101.69220156 -47.20446807 147.33001029
v 101.66072695 -48.82730188 138.68485449
v 101.66072695 -48.82730188 138.68485449
v 101.64082461 -43.86172871 131.42424176
v 101.64082461 -43.86172871 131.42424176
v 101.64082461 -43.86172871 131.42424176
v 101.66879336 -27.95589184 134.76691276
v 101.66879336 -27.95589184 134.76691276
v 101.70027773 -26.33304582 143.41205879
v 101.70027773 -26.33304582 143.41205879
v 101.72017031 -31.29863363 150.67269104
v 101.72017031 -31.29863363 150.67269104
v 101.71683047 -39.94385290 152.29556880
v 101.71683047 -39.94385290 152.29556880
v 85.22349099 -38.71720253 144.69449587
v 89.14198700 -40.45038934 154.81113475
v 89.14198700 -40.45038934 154.81113475
v 89.11194794 -49.30693412 148.75415004
v 89.11194794 -49.30693412 148.75415004
v 89.07354950 -51.28648112 138.20869160
v 89.07354950 -51.28648112 138.20869160
v 89.04928192 -45.22943782 129.35217123
v 89.04928192 -45.22943782 129.35217123
v 89.04928192 -45.22943782 129.35217123
v 89.05336395 -34.68394276 127.37259494
v 89.05336395 -34.68394276 127.37259494
v 89.08340302 -25.82740774 133.42956988
v 89.08340302 -25.82740774 133.42956988
v 89.12180145 -23.84785586 143.97500878
v 89.12180145 -23.84785586 143.97500878
v 89.14606903 -29.90490161 152.83153892
v 89.14606903 -29.90490161 152.83153892
v 96.93265089 -21.34084924 143.75428700
v 100.63898869 -21.28989041 138.39870170
v 96.40253371 -27.96528193 143.33402114
v 101.05615665 -27.94259973 138.78621894
v 96.06789505 -47.20252063 -96.48003968
v 100.02457465 -47.17724421 -90.84584111
v 95.52554154 -40.79868847 -96.13609225
v 100.47769964 -40.75884146 -91.36297755
v 95.59449662 -19.70983407 -79.92241025
v 99.52222114 -15.67950239 -83.88844848
v 95.02508257 -23.69682669 -84.52788470
v 99.95260199 -20.29414772 -87.91156480
v 95.58750443 -27.68353608 -110.92280487
v 99.51888130 -33.33545437 -110.92476967
v 95.05961382 -28.04319657 -103.99565735
v 99.99035590 -32.83856468 -103.98276835
v 96.03606888 -40.33203910 -107.77334661
v 99.98305121 -44.29170796 -103.75560427
v 95.50671342 -36.04593767 -103.04050391
v 100.45069768 -39.39171480 -99.62426520
v 95.64731888 -32.46740694 -76.65258095
v 99.59040473 -26.82364051 -76.64701752
v 95.07688921 -32.07013440 -82.81257522
v 100.01742621 -27.28488593 -82.83341345
v 96.07511184 -15.86229473 -103.78629780
v 99.99430121 -19.81928143 -107.83381820
v 95.53526811 -19.85906543 -100.39585032
v 100.45564886 -23.23121233 -103.82026513
v 95.72748490 -43.91620705 -83.41488383
v 99.68257270 -39.93072790 -79.43074721
v 95.16828569 -39.23770766 -87.55057514
v 100.11903753 -35.84483321 -84.19107243
v 101.12916447 -19.93762502 -100.32105544
v 101.12916447 -19.93762502 -100.32105544
v 101.15390079 -40.28431660 -87.04122985
v 101.15390079 -40.28431660 -87.04122985
v 101.12062931 -41.99973324 -96.17960828
v 101.12062931 -41.99973324 -96.17960828
v 101.09959415 -36.75087628 -103.85442007
v 101.09959415 -36.75087628 -103.85442007
v 101.09959415 -36.75087628 -103.85442007
v 101.10312931 -27.61244658 -105.56985625
v 101.10312931 -27.61244658 -105.56985625
v 101.16243595 -18.22219739 -91.18269654
v 101.16243595 -18.22219739 -91.18269654
v 101.18347110 -23.47106290 -83.50787498
v 101.18347110 -23.47106290 -83.50787498
v 101.17993595 -32.60949015 -81.79239974
v 101.17993595 -32.60949015 -81.79239974
v 83.00272932 -32.79601846 -96.26076727
v 87.88769992 -33.14492556 -79.13332308
v 87.88769992 -33.14492556 -79.13332308
v 87.85595187 -42.50672408 -85.53587921
v 87.85595187 -42.50672408 -85.53587921
v 87.81536593 -44.59920543 -96.68292941
v 87.81536593 -44.59920543 -96.68292941
v 87.78971164 -38.19661756 -106.04469374
v 87.78971164 -38.19661756 -106.04469374
v 87.78971164 -38.19661756 -106.04469374
v 87.79401828 -27.04950877 -108.13720928
v 87.79401828 -27.04950877 -108.13720928
v 87.82576632 -17.68771391 -101.73469709
v 87.82576632 -17.68771391 -101.73469709
v 87.86636203 -15.59522768 -90.58765666
v 87.86636203 -15.59522768 -90.58765666
v 87.89201632 -21.99782409 -81.22585326
v 87.89201632 -21.99782409 -81.22585326
v 95.58330521 -12.93948801 -91.27634709
v 99.50107856 -12.88562014 -96.93746947
v 95.02244585 -20.08463962 -91.72178890
v 99.94156684 -20.06066583 -96.52905396
v 12.69470111 -15.63153516 181.27641350
v 0.61248186 -1.62416182 166.55417382
v 0.61248186 -1.62416182 166.55417382
v -10.08956718 -15.60797562 181.35498771
v 1.31176489 -26.09253638 196.44638868
v 1.31176489 -26.09253638 196.44638868
v 1.07426947 21.24483136 203.20769293
v 1.07426947 21.24483136 203.20769293
v 1.01334990 8.05989433 187.49122545
v 1.01334990 8.05989433 187.49122545
v -5.21565005 2.07902269 195.60626156
v 1.04886938 -3.62915990 203.17401267
v 1.04886938 -3.62915990 203.17401267
v 7.27242584 2.06208865 195.56387875
v -6.46171326 15.61495963 78.15040567
v 7.73816741 15.60027703 78.10144082
v 32.37021092 2.08666707 77.85939040
v -31.12273199 2.15231914 78.07831617
v 5.74205234 4.09623430 -177.53318685
v 5.74205234 4.09623430 -177.53318685
v 5.28336949 -1.03444807 -174.42486863
v 5.26450871 -1.38590161 -179.79066891
v 5.26450871 -1.38590161 -179.79066891
v 5.25693058 2.74856700 -183.22894837
v 5.26688298 7.96035825 -181.90507958
v 5.28616063 9.95273671 -176.91052870
v 5.29887059 7.08311881 -172.36291301
v 5.29771275 3.03888375 -171.48580510
v -5.95768861 4.10833206 -177.49285482
v -5.95768861 4.10833206 -177.49285482
v -5.46995119 -1.05159530 -174.37098192
v -5.48891665 -1.40499844 -179.76656736
v -5.48891665 -1.40499844 -179.76656736
v -5.49653689 2.75242213 -183.22392884
v -5.48652895 7.99317502 -181.89273582
v -5.46714419 9.99661425 -176.87045057
v -5.45436404 7.11105274 -172.29758097
v -5.45552798 3.04435980 -171.41559026
v -77.59062158 13.52984891 -41.71532338
v -77.59062158 13.52984891 -41.71532338
v -95.69176864 10.85051006 -57.49905293
v -33.45710450 -39.34780020 150.74248324
v -33.84335449 -35.71847072 154.15177118
v -38.11505361 -37.61015936 152.38585278
v -37.45639884 -14.47737515 90.79401222
v -37.85500479 -9.52529204 90.96875020
v -42.12025128 -12.10827633 90.89287043
v -15.96053140 16.43119056 -151.58734585
v -15.92973795 25.58417447 -145.39986301
v -15.96101846 16.55092205 -151.76444540
v -15.93022501 25.70388399 -145.57697232
v -14.54504682 26.72671803 -144.63128849
v 14.52589858 26.69665703 -144.73152287
v -14.54553388 26.84644220 -144.80838804
v 14.52541274 26.81638120 -144.90862241
v 15.90289440 25.55125948 -145.50961886
v 15.87210094 16.39827556 -151.69711147
v 15.90240734 25.67096899 -145.68673794
v 15.87161388 16.51800705 -151.87421102
v -14.58353803 15.28579178 -152.36543208
v 14.48740859 15.25573323 -152.46566645
v -14.58402509 15.40550130 -152.54254140
v 14.48692153 15.37544152 -152.64277577
v 5.86771518 8.15542504 -177.30283395
v 5.87714877 6.48851557 -174.06635051
v 6.07223544 0.37288569 -176.43853980
v 6.06320346 0.62515906 -179.13424253
v 6.05921603 2.67328333 -180.90504241
v 6.06382784 6.17978490 -180.61892798
v 6.07282809 7.96437628 -178.54338075
v 6.07729952 8.15520836 -177.30355661
v 6.08673312 6.48829889 -174.06707317
v 6.08752169 5.36811298 -173.50244470
v 6.08384982 2.64206831 -173.75002372
v -0.22449580 16.69452900 -172.86726518
v -0.30062552 17.07609505 -172.66962835
v -0.30062552 17.07609505 -172.66962835
v -0.29120863 15.40324748 -169.43623085
v -0.29120863 15.40324748 -169.43623085
v 5.42722538 16.10951575 -173.18638643
v 5.43663944 14.43666817 -169.95298893
v 5.40362950 14.27373975 -170.03712960
v 5.39422154 15.94592082 -173.27089819
v -6.36478150 8.16807334 -177.26066598
v -6.35534790 6.50116387 -174.02416301
v -6.57943054 0.38596758 -176.39490699
v -6.58846252 0.63824095 -179.09060972
v -6.59244934 2.68636528 -180.86140960
v -6.58783752 6.19286716 -180.57529517
v -6.57883728 7.97745793 -178.49976746
v -6.57436645 8.16829001 -177.25994333
v -6.56493225 6.50138054 -174.02344035
v -6.56414429 5.38119494 -173.45881189
v -6.56781616 2.65515026 -173.70639091
v -0.21507090 15.02234060 -169.63347705
v -6.03388429 16.12136754 -173.14687471
v -6.02446351 14.44851996 -169.91347721
v -5.83796266 14.28536327 -169.99837960
v -5.84739137 15.95754435 -173.23214820
v 72.45956550 -35.97823145 139.73229034
v 72.45956550 -35.97823145 139.73229034
v 67.37473651 -38.83517710 133.01892101
v 67.37473651 -38.83517710 133.01892101
v 61.68816925 -40.39995211 139.67482792
v 61.68816925 -40.39995211 139.67482792
v 61.68816925 -40.39995211 139.67482792
v 66.77301289 -37.54300646 146.38820701
v 66.77301289 -37.54300646 146.38820701
v 58.73448280 -2.48815789 135.45291736
v 58.73448280 -2.48815789 135.45291736
v 53.64966357 -5.34509346 128.73955780
v 53.64966357 -5.34509346 128.73955780
v 47.96308655 -6.90987031 135.39549400
v 47.96308655 -6.90987031 135.39549400
v 47.96308655 -6.90987031 135.39549400
v 53.04794484 -4.05292741 142.10888286
v 53.04794484 -4.05292741 142.10888286
v 56.24544477 -2.18499747 135.31159912
v 56.24544477 -2.18499747 135.31159912
v 53.07172413 -3.96819104 131.12141345
v 53.07172413 -3.96819104 131.12141345
v 49.52243222 -4.94482899 135.27574858
v 49.52243222 -4.94482899 135.27574858
v 49.52243222 -4.94482899 135.27574858
v 52.69615285 -3.16165770 139.46592448
v 52.69615285 -3.16165770 139.46592448
v 52.76652394 3.64881038 134.59117148
v 47.90555726 1.65334935 134.56525284
v 47.90555726 1.65334935 134.56525284
v 70.28776867 -38.57025755 139.81408633
v 70.28776867 -38.57025755 139.81408633
v 67.81701677 -39.95845209 136.55204522
v 67.81701677 -39.95845209 136.55204522
v 65.05389183 -40.71879733 139.78617545
v 65.05389183 -40.71879733 139.78617545
v 65.05389183 -40.71879733 139.78617545
v 67.52464373 -39.33058570 143.04822633
v 67.52464373 -39.33058570 143.04822633
v 71.99040047 -42.72412441 140.29219034
v 66.75653828 -44.87265931 140.26429900
v 66.75653828 -44.87265931 140.26429900
v -69.47445477 -36.30485539 141.04530765
v -69.47445477 -36.30485539 141.04530765
v -63.05320003 -39.64708689 135.11589315
v -63.05320003 -39.64708689 135.11589315
v -63.05320003 -39.64708689 135.11589315
v -59.92746768 -39.95131574 143.43596045
v -59.92746768 -39.95131574 143.43596045
v -55.70997265 -2.84320556 136.67115929
v -55.70997265 -2.84320556 136.67115929
v -49.28873256 -6.18542241 130.74174478
v -49.28873256 -6.18542241 130.74174478
v -49.28873256 -6.18542241 130.74174478
v -46.16298556 -6.48967262 139.06185114
v -46.16298556 -6.48967262 139.06185114
v -49.73545130 -4.45281182 132.50404008
v -49.73545130 -4.45281182 132.50404008
v -49.73545130 -4.45281182 132.50404008
v -47.78448943 -4.64268079 137.69708630
v -47.78448943 -4.64268079 137.69708630
v -53.74329301 -2.36673420 136.20490950
v -53.74329301 -2.36673420 136.20490950
v -51.12414756 3.75623365 134.94938437
v -51.12414756 3.75623365 134.94938437
v -46.34619357 1.60508849 133.38213773
v -46.34619357 1.60508849 133.38213773
v -46.34619357 1.60508849 133.38213773
v -46.18903048 1.89636888 136.39780154
v -46.18903048 1.89636888 136.39780154
v -68.02143234 -38.65726711 140.69119557
v -68.02143234 -38.65726711 140.69119557
v -64.90132011 -40.28126741 137.81007231
v -64.90132011 -40.28126741 137.81007231
v -64.90132011 -40.28126741 137.81007231
v -63.38251643 -40.42909835 141.85282570
v -63.38251643 -40.42909835 141.85282570
v -70.40411295 -42.57688339 140.78316690
v -65.25964041 -44.89304954 139.09569561
v -65.25964041 -44.89304954 139.09569561
v -65.09040701 -44.57943739 142.34269729
v -78.07830223 -16.68025844 -78.63181856
v -78.07830223 -16.68025844 -78.63181856
v -72.84725743 -19.15705753 -85.69425022
v -72.84725743 -19.15705753 -85.69425022
v -67.45895188 -22.16211194 -78.96286041
v -67.45895188 -22.16211194 -78.96286041
v -67.45895188 -22.16211194 -78.96286041
v -72.69000157 -19.68530309 -71.90041410
v -72.69000157 -19.68530309 -71.90041410
v -60.89997254 16.55836299 -77.98877032
v -60.89997254 16.55836299 -77.98877032
v -55.66894726 14.08156878 -85.05120198
v -55.66894726 14.08156878 -85.05120198
v -50.28062707 11.07651193 -78.31978287
v -50.28062707 11.07651193 -78.31978287
v -50.28062707 11.07651193 -78.31978287
v -55.51169141 13.55331346 -71.25732192
v -55.51169141 13.55331346 -71.25732192
v -58.32318060 16.65186397 -78.01455642
v -58.32318060 16.65186397 -78.01455642
v -55.05820509 15.10593912 -82.42263748
v -55.05820509 15.10593912 -82.42263748
v -51.69507040 13.23034344 -78.22117864
v -51.69507040 13.23034344 -78.22117864
v -51.69507040 13.23034344 -78.22117864
v -54.96005080 14.77624631 -73.81313175
v -54.96005080 14.77624631 -73.81313175
v -54.21982132 22.33682053 -77.84364144
v -49.42747279 19.86293659 -77.99302213
v -49.42747279 19.86293659 -77.99302213
v -76.09184720 -19.52189501 -78.83580875
v -76.09184720 -19.52189501 -78.83580875
v -73.55004550 -20.72538248 -82.26746404
v -73.55004550 -20.72538248 -82.26746404
v -70.93184731 -22.18556408 -78.99665436
v -70.93184731 -22.18556408 -78.99665436
v -70.93184731 -22.18556408 -78.99665436
v -73.47363925 -20.98205707 -75.56499419
v -73.47363925 -20.98205707 -75.56499419
v -78.22053856 -23.63752925 -78.96914997
v -73.06056309 -26.30119344 -79.12999069
v -73.06056309 -26.30119344 -79.12999069
v 78.18936029 -16.97386168 -75.72204361
v 78.18936029 -16.97386168 -75.72204361
v 75.57072754 -18.00881713 -84.40808787
v 75.57072754 -18.00881713 -84.40808787
v 67.58829607 -22.16973513 -82.87709336
v 67.58829607 -22.16973513 -82.87709336
v 67.58829607 -22.16973513 -82.87709336
v 70.20695324 -21.13476748 -74.19103933
v 70.20695324 -21.13476748 -74.19103933
v 61.08464876 16.30020526 -74.96075806
v 61.08464876 16.30020526 -74.96075806
v 58.46602089 15.26525348 -83.64684627
v 58.46602089 15.26525348 -83.64684627
v 50.48358454 11.10435378 -82.11581270
v 50.48358454 11.10435378 -82.11581270
v 50.48358454 11.10435378 -82.11581270
v 53.10224171 12.13929824 -73.42973913
v 53.10224171 12.13929824 -73.42973913
v 58.51387733 16.44865661 -76.26496684
v 58.51387733 16.44865661 -76.26496684
v 58.53364296 16.61342367 -80.56993211
v 58.53364296 16.61342367 -80.56993211
v 55.22527877 14.99190484 -82.80289139
v 55.22527877 14.99190484 -82.80289139
v 51.89719779 13.20563359 -80.73083656
v 51.89719779 13.20563359 -80.73083656
v 51.89719779 13.20563359 -80.73083656
v 51.87743705 13.04084334 -76.42582247
v 51.87743705 13.04084334 -76.42582247
v 55.18580123 14.66235485 -74.19291691
v 55.18580123 14.66235485 -74.19291691
v 54.42628953 22.16490365 -76.66194729
v 54.42628953 22.16490365 -76.66194729
v 54.44058641 22.28404287 -79.77461291
v 54.44058641 22.28404287 -79.77461291
v 49.64220273 19.82007468 -79.89091255
v 49.64220273 19.82007468 -79.89091255
v 49.64220273 19.82007468 -79.89091255
v 49.62793515 19.70094279 -76.77826647
v 49.62793515 19.70094279 -76.77826647
v 76.20381834 -19.74351402 -77.68525232
v 76.20381834 -19.74351402 -77.68525232
v 74.93139161 -20.24641049 -81.90582329
v 74.93139161 -20.24641049 -81.90582329
v 71.05269053 -22.26822691 -81.16189828
v 71.05269053 -22.26822691 -81.16189828
v 71.05269053 -22.26822691 -81.16189828
v 72.32511237 -21.76532800 -76.94131754
v 72.32511237 -21.76532800 -76.94131754
v 78.56915520 -23.71540784 -78.43253873
v 78.56915520 -23.71540784 -78.43253873
v 77.99608393 -23.89167380 -81.73238704
v 77.99608393 -23.89167380 -81.73238704
v 72.92580084 -26.53637599 -80.71060582
v 72.92580084 -26.53637599 -80.71060582
v 72.92580084 -26.53637599 -80.71060582
v 73.49887700 -26.36012712 -77.41071357
v 73.49887700 -26.36012712 -77.41071357
v 28.27607527 5.30432132 -160.34050289
v 27.09515733 5.26423796 -162.90966276
v 16.39286387 -12.22032661 -160.36375098
v 16.39286387 -12.22032661 -160.36375098
v 8.28875028 -13.15939544 -162.98808693
v 8.28875028 -13.15939544 -162.98808693
v 8.13115202 -14.21288616 -160.47355633
v 8.13115202 -14.21288616 -160.47355633
v 15.73767101 -11.47724234 -162.92561567
v 15.73767101 -11.47724234 -162.92561567
v 29.71485210 4.09856643 -162.07260270
v 17.60804328 -13.53759638 -162.09588989
v 17.60804328 -13.53759638 -162.09588989
v -27.58826186 6.05700269 -159.97227025
v -27.10006607 6.87645109 -162.54787515
v 7.79565459 -16.09481799 -161.42731662
v 7.79565459 -16.09481799 -161.42731662
v -29.12720714 4.72928736 -161.70587402
v 12.45656513 -13.15098115 -162.95961037
v 12.75655902 -14.13590620 -160.43652505
v 13.28964372 -15.89509378 -161.78136924
v 34.24803315 13.55248532 -116.82655005
v 10.31589928 -15.03081939 -117.10856161
v 10.31589928 -15.03081939 -117.10856161
v 9.54248621 -15.99788664 -115.00075944
v 9.54248621 -15.99788664 -115.00075944
v 10.35717553 -13.23082260 -115.43052409
v 10.35717553 -13.23082260 -115.43052409
v -34.10837646 11.44272624 -113.78861166
v -35.68303218 10.20984252 -112.12572164
v -37.11876946 8.86495307 -113.69591723
v 10.26235925 -16.82764470 -115.42222452
v 10.26235925 -16.82764470 -115.42222452
v -36.54326898 10.66528666 -115.32154143
v 16.63114145 -13.77732536 -115.03572939
v 16.63114145 -13.77732536 -115.03572939
v 15.05496107 -11.64852541 -115.45840441
v 15.05496107 -11.64852541 -115.45840441
v 15.96282482 -13.24869312 -117.14120749
v 15.96282482 -13.24869312 -117.14120749
v 16.85168344 -14.86029384 -115.45473362
v 16.85168344 -14.86029384 -115.45473362
v 33.58182711 12.55170920 -113.60595506
v 32.14743017 13.78614930 -115.21547594
v 34.97801848 11.29467376 -115.22864084
v -34.59984129 -26.29709001 204.96769623
v -34.59984129 -26.29709001 204.96769623
v -34.59984129 -26.29709001 204.96769623
v -29.89675546 -31.77126600 195.87884777
v -29.89675546 -31.77126600 195.87884777
v -29.89675546 -31.77126600 195.87884777
v -28.01079603 -33.52202314 204.60390477
v -28.01079603 -33.52202314 204.60390477
v -28.01079603 -33.52202314 204.60390477
v -32.54573245 -38.53352051 194.19372850
v -32.54573245 -38.53352051 194.19372850
v -32.54573245 -38.53352051 194.19372850
v -32.54573245 -38.53352051 194.19372850
v -44.31821998 -36.71949965 201.20015408
v -44.31821998 -36.71949965 201.20015408
v -44.31821998 -36.71949965 201.20015408
v -36.77767083 -28.94751616 195.36504019
v -36.77767083 -28.94751616 195.36504019
v -36.77767083 -28.94751616 195.36504019
v -36.77767083 -28.94751616 195.36504019
v -39.42690417 -35.70989762 193.67990139
v -39.42690417 -35.70989762 193.67990139
v -39.42690417 -35.70989762 193.67990139
v -37.68453849 -44.13583412 200.83396022
v -37.68453849 -44.13583412 200.83396022
v -37.68453849 -44.13583412 200.83396022
v -41.36386946 -27.62154495 203.55794985
v -41.36386946 -27.62154495 203.55794985
v -30.92022467 -42.71572734 202.24503475
v -30.92022467 -42.71572734 202.24503475
v 31.88622412 -31.83514044 195.66582043
v 31.88622412 -31.83514044 195.66582043
v 31.88622412 -31.83514044 195.66582043
v 30.05685160 -33.58205724 204.40368993
v 30.05685160 -33.58205724 204.40368993
v 30.05685160 -33.58205724 204.40368993
v 38.76926107 -29.02561665 195.10455191
v 38.76926107 -29.02561665 195.10455191
v 38.76926107 -29.02561665 195.10455191
v 38.76926107 -29.02561665 195.10455191
v 34.50953705 -38.60284904 193.96251757
v 34.50953705 -38.60284904 193.96251757
v 34.50953705 -38.60284904 193.96251757
v 34.50953705 -38.60284904 193.96251757
v 32.93092868 -42.78173800 202.02487851
v 32.93092868 -42.78173800 202.02487851
v 39.68241047 -44.21581937 200.56720241
v 39.68241047 -44.21581937 200.56720241
v 39.68241047 -44.21581937 200.56720241
v 43.41456126 -27.70919133 203.26562563
v 43.41456126 -27.70919133 203.26562563
v 41.39282303 -35.79344976 193.40124905
v 41.39282303 -35.79344976 193.40124905
v 41.39282303 -35.79344976 193.40124905
v 36.66316493 -26.37076912 204.72197357
v 36.66316493 -26.37076912 204.72197357
v 36.66316493 -26.37076912 204.72197357
v 46.33377506 -36.81322024 200.88759549
v 46.33377506 -36.81322024 200.88759549
v 46.33377506 -36.81322024 200.88759549
v -44.15092994 21.28150117 -78.87371003
v -44.52330787 21.27026549 -77.87455488
v -44.14358131 28.12626598 -78.79400558
v -44.51595923 28.11503029 -77.79485043
v -53.19301470 27.53325548 -77.85071976
v -53.19909380 21.87182061 -77.91664940
v -53.20709185 21.88324183 -78.89655651
v -53.20101275 27.54467426 -78.83062687
v -79.13003072 -18.06210008 141.49437625
v -78.27877586 -26.89625796 141.38850415
v -73.44596835 -18.06797654 141.47477665
v -74.31618318 -26.90035463 141.37483227
v -76.28953762 -26.92495501 143.66928512
v -76.27658841 -18.10326573 144.76606532
v -80.71399553 -39.73623989 128.41197788
v -80.18763324 -45.34641989 128.34478849
v -78.96693014 -45.33120457 126.92546249
v -78.96298483 -39.71441304 126.37618711
v -77.19819483 -39.73987514 128.39984897
v -77.73661279 -45.34895406 128.33633146
v -78.95720846 -45.36416939 129.75554028
v -78.94903952 -39.76170200 130.43563975
v -80.15225726 -12.01507596 -92.84958878
v -80.15225726 -12.01507596 -92.84958878
v -79.36985982 -20.13486137 -92.94690596
v -79.36985982 -20.13486137 -92.94690596
v -76.23906888 -12.00155983 -94.37117064
v -76.23906888 -12.00155983 -94.37117064
v -76.23906888 -12.00155983 -94.37117064
v -76.64179836 -20.12543963 -94.00772615
v -76.64179836 -20.12543963 -94.00772615
v -76.64179836 -20.12543963 -94.00772615
v -77.54146631 -20.16123903 -90.85054879
v -77.54146631 -20.16123903 -90.85054879
v -77.52957666 -12.05291267 -89.84246024
v -77.52957666 -12.05291267 -89.84246024
v -81.37352189 -54.11374118 137.13778257
v -81.37352189 -54.11374118 137.13778257
v -80.96499650 -51.82745167 135.04427772
v -80.96499650 -51.82745167 135.04427772
v -48.58494352 -47.74092594 126.83119411
v -48.50316617 -50.03381207 128.78682788
v -48.35082243 -50.99291246 125.61221855
v -48.35082243 -50.99291246 125.61221855
v -79.81695454 -54.81296854 133.94793895
v -79.81695454 -54.81296854 133.94793895
v -79.81695454 -54.81296854 133.94793895
v -48.48737516 -50.31731149 153.22578004
v -48.50724332 -48.02807904 155.25188409
v -81.04737443 -51.88855447 147.43192276
v -81.49854630 -54.27390011 145.14637534
v -79.81839497 -55.08830027 147.64900173
v -48.39581754 -51.24937762 155.61989078
v -43.95106667 -33.38825859 125.21263469
v -43.81512917 -34.17630278 124.75549580
v -44.11167702 -33.89458373 123.77489054
v -77.39367822 -41.11885173 127.50270994
v -77.39082666 -41.23251412 128.37249496
v -77.38876612 -40.71094695 128.81043454
v -47.03500703 3.90488694 140.24940334
v -47.03500703 3.90488694 140.24940334
v -47.03500703 3.90488694 140.24940334
v -47.46380585 3.17439380 130.47605461
v -47.46380585 3.17439380 130.47605461
v -47.46380585 3.17439380 130.47605461
v -49.52971400 5.42431698 130.36608468
v -49.52971400 5.42431698 130.36608468
v -49.38387416 6.54861359 139.80318358
v -49.38387416 6.54861359 139.80318358
v -47.60115448 7.77225749 130.03414215
v -47.60115448 7.77225749 130.03414215
v -47.06864961 9.18936361 139.19284274
v -47.06864961 9.18936361 139.19284274
v -45.53524632 5.52231905 130.14412185
v -45.53524632 5.52231905 130.14412185
v -44.71978247 6.54549780 139.63919922
v -44.71978247 6.54549780 139.63919922
v -51.74133993 6.03249649 135.01232458
v -47.32671601 1.05530586 135.01628774
v -47.32671601 1.05530586 135.01628774
v -43.07049051 6.10038678 134.18377001
v -47.48511932 11.07773911 134.17968966
v -62.87920101 -50.27032125 144.49862286
v -62.87920101 -50.27032125 144.49862286
v -67.31453294 -43.44067852 144.59342007
v -67.31453294 -43.44067852 144.59342007
v -71.67526527 -52.22566282 144.50606361
v -71.67526527 -52.22566282 144.50606361
v -72.27000158 -44.52841765 144.59777518
v -72.27000158 -44.52841765 144.59777518
v -67.33736497 -43.36324464 137.94655563
v -67.33736497 -43.36324464 137.94655563
v -62.90203792 -50.19288738 137.85175842
v -62.90203792 -50.19288738 137.85175842
v -71.69809730 -52.14823383 137.85920893
v -71.69809730 -52.14823383 137.85920893
v -72.29283361 -44.45098378 137.95091073
v -72.29283361 -44.45098378 137.95091073
v -67.07224291 -42.63327515 141.27805940
v -72.82402501 -44.22055524 141.27932840
v -69.86231121 -42.24938848 141.29212203
v -54.20198929 -15.02886277 125.96358805
v -52.49996784 -14.93776398 121.83871551
v -53.59964067 -13.80847465 122.11177250
v -72.54111486 -19.02831633 135.84649572
v -74.52936188 -19.82599848 133.29749184
v -76.25291653 -20.30636757 138.39496179
v -74.53710602 -19.56464755 141.59158277
v -77.99817040 -19.71663957 141.14787183
v -75.59098783 -18.81439979 134.22901551
v -38.23587392 -52.81363514 155.28610123
v -48.08944060 -52.37520259 155.32506621
v -48.08702361 -52.38340595 156.02928488
v -37.65749991 -52.82243420 155.98833747
v -38.22977773 -47.13821590 155.35219688
v -37.65140372 -47.14701496 156.05442336
v -48.08426482 -47.55638969 155.38118111
v -48.08184782 -47.56459305 156.08539978
v -40.35185776 -52.47099349 126.05889768
v -48.18986052 -52.03465078 126.09090955
v -48.18745329 -52.04281996 126.79223759
v -39.87959215 -52.47965095 126.75860463
v -40.88715560 -46.79501761 126.12685858
v -40.34335679 -46.80374831 126.82632138
v -48.18468474 -47.21583299 126.14702445
v -48.18227751 -47.22400217 126.84835249
v -46.60288790 -17.39022021 123.19362664
v -54.15920609 -16.95403741 123.22467171
v -54.15713577 -16.96105909 123.82739624
v -45.92108615 -17.39794380 123.79400743
v -45.46952366 -11.58820308 123.25732000
v -44.86302465 -11.59584976 123.85796446
v -54.15389359 -12.00758902 123.28227102
v -54.15182328 -12.01461071 123.88500533
v -77.18865381 -31.31744445 -74.41858668
v -77.18865381 -31.31744445 -74.41858668
v -77.16220850 -31.04290022 -84.04849270
v -79.37263814 -28.63872326 -84.01288643
v -79.53580708 -28.63571137 -74.37928402
v -79.53580708 -28.63571137 -74.37928402
v -77.30886377 -26.10751018 -83.99049300
v -77.21831690 -25.92881961 -74.35571378
v -77.21831690 -25.92881961 -74.35571378
v -75.09842437 -28.51170911 -84.02608951
v -75.09842437 -28.51170911 -84.02608951
v -74.87115875 -28.61070893 -74.39501155
v -74.87115875 -28.61070893 -74.39501155
v -74.87115875 -28.61070893 -74.39501155
v -81.53078751 -28.48412783 -78.90930786
v -77.06925929 -33.48049438 -79.09721968
v -72.75987462 -28.34890318 -79.08141229
v -72.75987462 -28.34890318 -79.08141229
v -77.22139307 -23.35238283 -78.89361277
v -52.96444049 -38.09620515 -76.57418930
v -52.96332721 -38.09997479 -76.25059071
v -52.95926959 -33.27739225 -76.51807440
v -52.95815631 -33.28116189 -76.19447093
v -45.62513890 -38.53203272 -76.60448241
v -45.62402561 -38.53580236 -76.28088382
v -45.61793675 -32.86038556 -76.21479305
v -45.61904515 -32.85661592 -76.53839164
v -79.02381979 -45.03980709 -93.34051783
v -79.32060689 -37.78497397 -93.25498805
v -79.32053853 -37.78519615 -93.23590602
v -79.02375143 -45.04003171 -93.32143580
v -73.34767734 -44.05207771 -93.34851554
v -73.34760898 -44.05229744 -93.32943352
v -74.59280426 -37.17586027 -93.26413824
v -74.59273590 -37.17608245 -93.24505621
v -62.56282406 -44.57737115 -106.26385603
v -62.56282406 -44.57737115 -106.26385603
v -62.96300960 -42.25536974 -105.43608190
v -85.28618293 -45.75734839 -100.94529259
v -84.17074350 -47.96149820 -101.89672877
v -84.17074350 -47.96149820 -101.89672877
v -84.17970835 -44.98687919 -102.54131753
v -63.59450861 -41.68348948 -106.75668703
v -53.47742876 -35.75365973 -110.70003418
v -53.36108111 -36.37125051 -109.16084511
v -51.41627158 -38.12142330 -110.19486902
v -51.41627158 -38.12142330 -110.19486902
v -62.02279478 -44.39426397 -82.41817513
v -62.40321958 -43.70545043 -82.84443461
v -63.40421076 -42.05435797 -79.60409751
v -85.26579231 -46.35488721 -86.98499167
v -83.74767711 -47.59590278 -86.71248235
v -84.09808725 -45.19955146 -83.92959124
v -53.36426470 -36.19365200 -75.56624932
v -51.00592491 -37.85292823 -78.28399859
v -52.68023639 -38.00454664 -78.95206009
v -76.12018216 -12.45785393 -100.99886534
v -74.44244782 -14.59278577 -99.66738184
v -76.08208157 -15.37194619 -95.00676740
v -78.60716453 -13.42683164 -95.08209877
v -74.84282867 -15.50307468 -100.54197188
v -77.14838038 -16.37789205 -95.18530288
v -53.08678912 -5.04267739 -111.21223080
v -53.70794145 -7.72320357 -108.30404844
v -51.77243856 -8.12122165 -110.31414600
v -73.59645663 -31.55425641 -94.77342328
v -73.59645663 -31.55425641 -94.77342328
v -73.59645663 -31.55425641 -94.77342328
v -29.92297372 -22.16361050 -94.82955292
v -29.92297372 -22.16361050 -94.82955292
v -29.92297372 -22.16361050 -94.82955292
v -30.85290778 -17.85708565 -93.26630946
v -30.85290778 -17.85708565 -93.26630946
v -74.10075838 -26.86662562 -93.27097070
v -74.10075838 -26.86662562 -93.27097070
v -30.21912361 -20.77467176 -90.28301000
v -30.21912361 -20.77467176 -90.28301000
v -73.75139803 -30.03655541 -90.41683147
v -73.75139803 -30.03655541 -90.41683147
v -23.31714867 -13.51175905 -93.12713809
v -23.29885033 -19.92186939 -85.89667233
v -23.33988549 -22.95675180 -96.88967013
v -82.61461072 -24.32053838 -96.55415305
v -82.69222791 -33.12348109 -98.35476128
v -82.68697400 -36.16329560 -89.89852305
v -82.62747205 -30.32104403 -86.43399999
v -82.59128065 -24.39966420 -89.76181988
v -45.74253147 -38.13394019 -110.77787677
v -53.08183306 -37.69811262 -110.74757389
v -53.07961139 -37.70565678 -110.09983960
v -45.74030979 -38.14148680 -110.13014247
v -45.73644260 -32.45852339 -110.71178111
v -45.73421604 -32.46606999 -110.06404682
v -53.07666217 -32.87929972 -110.69145899
v -53.07443560 -32.88684388 -110.04372470
v -46.07201877 -8.14688852 -111.00996624
v -52.71907428 -7.67633988 -110.98164577
v -52.71646686 -7.68517070 -110.22355993
v -46.06941623 -8.15571995 -110.25188040
v -46.06541721 -2.00186057 -110.93840168
v -46.06280978 -2.01069170 -110.18032560
v -52.71346393 -2.45879961 -110.92088230
v -52.71086139 -2.46763074 -110.16280622
v -80.64804339 -26.64823202 145.46499790
v -72.75476231 -25.17854939 137.68067312
v -72.72852208 -25.26752900 145.31905112
v -80.67541155 -26.66047299 137.52835819
v -81.29793107 -30.54658732 149.19475201
v -81.36541642 -36.62619247 131.50222271
v -81.36613419 -45.04631435 133.82005164
v -81.31567521 -45.56279388 148.61226655
v -81.37519669 -44.19325193 130.87693703
v -81.39199356 -44.13628740 125.98690832
v -81.38826310 -40.47716674 126.02951697
v -77.62685205 -44.14420743 126.31977937
v -77.61244287 -44.19307114 130.51441754
v -76.22391751 -44.17049721 128.44792365
v -75.15352202 -47.46220650 144.96326242
v -75.17933745 -47.37466979 137.44899574
v -84.69249154 -32.07186453 153.66526856
v -84.68977669 -42.53007129 153.54535294
v -85.03838020 -37.54627397 156.32019805
v -72.31587072 -47.42142887 141.19990350
v -80.74102678 -26.63406186 137.52889531
v -72.75470372 -25.12583699 137.68128838
v -72.72846348 -25.21481905 145.31966637
v -80.71365374 -26.62182089 145.46553502
v -74.12491365 -32.99971171 -83.46684304
v -74.11530427 -24.05988368 -83.36273847
v -81.34932267 -21.18553139 -89.38300048
v -81.37444962 -21.10032874 -96.69702304
v -73.51047030 -18.03293537 -89.24164201
v -73.53662265 -17.94423775 -96.85573290
v -82.33563612 -38.37006273 -97.74001703
v -82.30503065 -38.47387187 -88.82869973
v -85.78016729 -26.09388930 -106.55495328
v -85.78885870 -33.60029465 -106.64698705
v -79.61647603 -39.43334385 -97.76173613
v -79.58586079 -39.53715299 -88.85043837
v -74.12527986 -32.99846168 -83.57403052
v -74.11567049 -24.05863364 -83.46992596
v -81.30426896 -21.13977454 -96.69772618
v -81.27914200 -21.22497719 -89.38370362
v -73.51055331 -18.11167315 -89.24256001
v -73.53671054 -18.02297553 -96.85665089
v -82.19519667 -38.37020921 -97.74050531
v -82.16459120 -38.47401835 -88.82917825
v -85.64842902 -33.60043869 -106.64746556
v -85.63972784 -26.09403578 -106.55543179
v -79.64216450 -39.28564123 -97.75992944
v -79.61154927 -39.38945037 -88.84862191
v 44.35651437 21.18663058 -78.89090244
v 53.41365284 21.76920378 -78.93872451
v 53.41031788 21.76481156 -78.56120014
v 44.73363838 21.18176473 -78.50778237
v 44.36386300 28.03139295 -78.81119311
v 44.74099190 28.02652710 -78.42807304
v 53.41973682 27.43063865 -78.87279487
v 53.41640186 27.42624399 -78.49527050
v 80.77168933 -18.22743923 140.94303837
v 79.90145498 -27.05981733 140.84309400
v 77.91222651 -27.03111783 138.56211771
v 77.91824702 -18.18627358 137.67133954
v 76.93340329 -27.07006918 141.99714660
v 76.93340329 -27.07006918 141.99714660
v 76.51421384 -18.24214438 142.59847763
v 76.51421384 -18.24214438 142.59847763
v 82.22060043 -39.90471625 127.85017125
v 81.68218248 -45.51379273 127.78665374
v 80.45175770 -45.49604323 126.37578477
v 80.45563954 -39.87925170 125.82650938
v 79.84632314 -45.52013574 128.50048178
v 79.84632314 -45.52013574 128.50048178
v 79.58719229 -39.91381083 128.87412620
v 79.58719229 -39.91381083 128.87412620
v 80.19070790 -12.18087043 -93.40245987
v 80.19070790 -12.18087043 -93.40245987
v 79.39086905 -20.29902132 -93.49431807
v 79.39086905 -20.29902132 -93.49431807
v 77.56247554 -20.27264122 -95.59085102
v 77.56247554 -20.27264122 -95.59085102
v 77.56802730 -12.14303373 -96.40959818
v 77.56802730 -12.14303373 -96.40959818
v 75.74869628 -20.29525424 -93.48174971
v 75.74869628 -20.29525424 -93.48174971
v 74.96628419 -12.17546883 -93.38443253
v 74.96628419 -12.17546883 -93.38443253
v 77.57692378 -20.32163189 -91.38540230
v 77.57692378 -20.32163189 -91.38540230
v 77.58874995 -12.21330553 -90.37731375
v 77.58874995 -12.21330553 -90.37731375
v 82.89625472 -52.97678738 134.75783206
v 81.80682115 -52.91624982 133.41389669
v 49.97761287 -48.82883590 126.63372307
v 50.05040584 -48.97981199 125.27507083
v 49.59548398 -52.07214602 126.48838019
v 49.59548398 -52.07214602 126.48838019
v 81.53981920 -56.12316386 134.43747947
v 81.53981920 -56.12316386 134.43747947
v 50.14400935 -50.41929867 152.88570192
v 50.16317439 -49.69932833 153.71415910
v 83.09044417 -54.44408544 144.57887535
v 81.92766099 -53.44624894 145.46578965
v 49.97810116 -52.21674538 154.74004680
v 49.97810116 -52.21674538 154.74004680
v 81.64425767 -56.45828030 146.81796621
v 81.64425767 -56.45828030 146.81796621
v 43.83523508 -34.00334158 125.35865985
v 43.83161692 -35.02998178 124.44439203
v 65.38943870 -35.39667380 124.95172584
v 65.42226585 -34.40598330 125.85656005
v 65.61022483 -33.88598046 124.49179476
v 44.11693429 -33.47041148 123.96546683
v 80.26773427 -42.15858317 127.81999471
v 80.26765126 -40.85882243 127.40978035
v 80.27151845 -41.31216753 128.67317849
v 51.06553277 6.44474836 139.45683592
v 51.06553277 6.44474836 139.45683592
v 48.71433654 3.80588163 139.91925686
v 48.71433654 3.80588163 139.91925686
v 48.71433654 3.80588163 139.91925686
v 49.07423399 3.07457306 130.14319329
v 49.07423399 3.07457306 130.14319329
v 49.07423399 3.07457306 130.14319329
v 51.14398004 5.32021981 130.01895578
v 51.14398004 5.32021981 130.01895578
v 49.21803770 7.67214592 129.70030426
v 49.21803770 7.67214592 129.70030426
v 48.75162169 9.09028476 138.86245212
v 48.75162169 9.09028476 138.86245212
v 46.40042545 6.45127917 139.32501954
v 46.40042545 6.45127917 139.32501954
v 47.14829165 5.42648360 129.82455154
v 47.14829165 5.42648360 129.82455154
v 53.38883838 5.92379118 134.64982459
v 48.96406797 0.95574075 134.68427603
v 48.96406797 0.95574075 134.68427603
v 44.71264229 6.00961846 133.88108447
v 49.13742246 10.97783079 133.84652560
v 64.47539087 -50.40200566 144.05950177
v 64.47539087 -50.40200566 144.05950177
v 73.26723638 -52.37553569 144.00629799
v 73.26723638 -52.37553569 144.00629799
v 68.92538589 -43.58154748 144.12366422
v 68.92538589 -43.58154748 144.12366422
v 73.87850589 -44.67953563 144.09384940
v 73.87850589 -44.67953563 144.09384940
v 64.45255884 -50.32457178 137.41263733
v 64.45255884 -50.32457178 137.41263733
v 73.85566898 -44.60210175 137.44699473
v 73.85566898 -44.60210175 137.44699473
v 73.24440435 -52.29810669 137.35944331
v 73.24440435 -52.29810669 137.35944331
v 68.90254897 -43.50411849 137.47679978
v 68.90254897 -43.50411849 137.47679978
v 68.66190933 -42.77362165 140.81004183
v 74.41027346 -44.37279626 140.77166239
v 71.45280282 -42.39551134 140.80485641
v 52.97456105 -16.94674830 122.35268939
v 52.97456105 -16.94674830 122.35268939
v 55.54701216 -13.93053197 123.44294418
v 76.82993161 -22.36457790 138.74477551
v 76.82993161 -22.36457790 138.74477551
v 76.87873532 -19.06130105 139.77811635
v 78.31667474 -20.16751312 139.91940502
v 53.75281298 -13.95836083 121.28464364
v 39.90123615 -52.89245823 154.84754656
v 39.32886311 -52.90400643 155.89201909
v 39.90733234 -47.21703898 154.91364222
v 39.33495930 -47.22858718 155.95810498
v 49.76448300 -47.66773263 155.91715757
v 49.76089901 -47.65558872 154.87467723
v 49.75930721 -52.48655041 155.86104268
v 49.75572323 -52.47440651 154.81856233
v 41.81630446 -52.55376676 125.58748170
v 41.35014725 -52.56583255 126.66661243
v 42.36379468 -46.87890904 125.65171212
v 41.82610427 -46.89090159 126.73108699
v 49.66410702 -47.32736637 126.69907513
v 49.66040097 -47.31481718 125.62156549
v 49.65893124 -52.14618415 126.64296023
v 49.65522519 -52.13363008 125.56545059
v 48.11959534 -17.48475368 122.57418332
v 47.44395082 -17.49789495 123.76492537
v 46.99870181 -11.68040623 122.64565011
v 46.39835514 -11.69362440 123.83612849
v 55.68623091 -12.13159431 123.79911663
v 55.68214888 -12.11774992 122.61071833
v 55.68091841 -17.07804147 123.74150754
v 55.67683638 -17.06419830 122.55311901
v 79.66724600 -28.80032787 -74.92821956
v 77.31434078 -31.47720011 -74.95131616
v 77.22207027 -31.20253625 -84.58080715
v 79.43765616 -28.80293448 -84.56046454
v 77.37932613 -26.26745872 -84.52386213
v 77.35558101 -26.08865095 -74.88868740
v 75.00266603 -28.76567944 -74.91177912
v 75.00266603 -28.76567944 -74.91177912
v 75.16373048 -28.66708001 -84.54419497
v 75.16373048 -28.66708001 -84.54419497
v 81.63125474 -28.65283856 -79.47189086
v 77.15821774 -33.63996440 -79.62899702
v 72.85966803 -28.49947428 -79.58351189
v 72.85966803 -28.49947428 -79.58351189
v 77.33269527 -23.51219220 -79.42651804
v 53.06833058 -33.39134731 -76.51243968
v 53.06689015 -33.38646924 -76.93126287
v 53.06314991 -38.21016021 -76.56855946
v 53.06170948 -38.20528214 -76.98738265
v 45.72148992 -38.62593152 -76.96706053
v 45.72293035 -38.63080959 -76.54823734
v 45.72902898 -32.95539278 -76.48214656
v 45.72758855 -32.95051471 -76.90096976
v 78.97500480 -45.15023017 -98.43199189
v 79.00630851 -45.25638557 -89.31964923
v 78.68078118 -44.70718813 -98.70317335
v 78.71208489 -44.81333865 -89.59083069
v 78.90955070 -37.93861535 -89.51142408
v 78.87825188 -37.83246483 -98.62376674
v 79.31868155 -38.00217745 -89.23621906
v 79.28737784 -37.89602693 -98.34856172
v 68.59539078 -45.76453463 -104.68032145
v 68.59539078 -45.76453463 -104.68032145
v 69.32371596 -42.75363624 -105.56453909
v 85.21764138 -44.97336839 -102.72390540
v 84.07238750 -48.13546283 -102.47683618
v 84.07238750 -48.13546283 -102.47683618
v 84.08168438 -45.15620989 -103.52123935
v 68.92429214 -42.44578492 -104.95983202
v 53.34304249 -35.85945780 -111.46811030
v 53.25613331 -35.52121102 -110.71917472
v 51.28189507 -38.22761458 -110.54898034
v 51.28189507 -38.22761458 -110.54898034
v 68.65222671 -46.12197836 -83.19528499
v 68.65222671 -46.12197836 -83.19528499
v 84.13824688 -48.44126928 -85.55961167
v 84.13824688 -48.44126928 -85.55961167
v 84.60442851 -45.26419461 -85.10224737
v 84.98530740 -45.47491675 -86.54462033
v 69.36531264 -43.08194416 -84.28113345
v 70.15765637 -43.02455211 -82.72515705
v 54.51177781 -36.42964532 -76.46352469
v 51.47559624 -38.63066542 -76.90561034
v 51.47559624 -38.63066542 -76.90561034
v 53.45702686 -36.27467896 -78.11731351
v 73.82412601 -13.36473662 -99.57666854
v 76.10163573 -12.61525241 -101.52373838
v 75.49423828 -14.14731989 -94.92747012
v 74.82117189 -15.65782790 -101.05801680
v 74.82117189 -15.65782790 -101.05801680
v 78.62734368 -13.58941322 -95.62424720
v 77.16178707 -16.53744996 -95.71736342
v 77.16178707 -16.53744996 -95.71736342
v 53.04481007 -6.45222968 -108.07019062
v 53.01375538 -5.15238611 -111.57806087
v 51.69926811 -8.22821187 -110.67091357
v 51.69926811 -8.22821187 -110.67091357
v 73.74965336 -30.12171686 -96.70914523
v 73.74965336 -30.12171686 -96.70914523
v 73.41317387 -33.29116326 -93.85266225
v 73.41317387 -33.29116326 -93.85266225
v 73.41317387 -33.29116326 -93.85266225
v 29.61847759 -23.68412345 -93.54196569
v 29.61847759 -23.68412345 -93.54196569
v 29.61847759 -23.68412345 -93.54196569
v 30.23770609 -20.76686448 -96.52986475
v 30.23770609 -20.76686448 -96.52986475
v 30.87768166 -17.92091613 -93.47916102
v 30.87768166 -17.92091613 -93.47916102
v 74.10574710 -27.01987250 -93.78198631
v 74.10574710 -27.01987250 -93.78198631
v 30.25844828 -20.83720587 -90.49153539
v 30.25844828 -20.83720587 -90.49153539
v 73.76952152 -30.18909185 -90.92548381
v 73.76952152 -30.18909185 -90.92548381
v 21.32383422 -13.55704463 -93.28104433
v 21.34213256 -19.96661298 -86.05057858
v 21.31024779 -26.20600797 -93.42833374
v 21.29194945 -19.79643962 -100.65879949
v 82.18598129 -24.99155106 -90.59080436
v 82.16440415 -24.91838733 -96.87137001
v 82.14778305 -30.32049500 -100.07499451
v 82.15272934 -35.79576640 -96.99803382
v 82.17430649 -35.86893013 -90.71747793
v 82.19093247 -30.46682246 -87.51385343
v 45.60367254 -38.22640828 -111.26334550
v 45.60707098 -38.23792473 -110.27459561
v 45.60977606 -32.55098904 -111.19725961
v 45.61316961 -32.56250792 -110.20849996
v 52.95247121 -32.99846245 -110.23879307
v 52.94907277 -32.98694356 -111.22755272
v 52.94729054 -37.81727535 -110.29490797
v 52.94389699 -37.80575647 -111.28366762
v 45.99610906 -8.24874590 -110.75568896
v 45.99840886 -8.25654153 -110.08647029
v 46.00270574 -2.10371749 -110.68413416
v 46.00500554 -2.11151327 -110.01491549
v 52.65205617 -2.58219955 -110.04323596
v 52.64975637 -2.57440392 -110.71245463
v 52.64645559 -7.79973982 -110.10399943
v 52.64415578 -7.79194358 -110.77320834
v 82.27190903 -26.82896155 136.96651249
v 74.35557620 -25.33066102 137.17343680
v 74.38181643 -25.41964307 144.81181480
v 82.29928207 -26.81671814 144.90315221
v 82.96681136 -30.71643818 148.62836530
v 82.89974104 -36.79604333 130.93583600
v 82.89943831 -44.82605051 133.25820607
v 82.94989729 -45.34252517 148.05042099
v 82.88956526 -44.36310035 130.31055032
v 82.87275862 -44.30613582 125.42051184
v 82.87688948 -40.64702004 125.46313026
v 79.12440421 -44.35513637 129.97398786
v 79.10999504 -44.30627266 125.77934969
v 77.72171870 -44.32967670 127.91711311
v 76.73259274 -47.53174968 136.92519692
v 76.75840329 -47.61928638 144.43946360
v 86.36377417 -42.70694119 152.95555803
v 86.38894995 -32.24876372 153.07537599
v 86.74181127 -37.72389338 155.72790314
v 73.89496586 -47.57261520 140.69577265
v 82.36495590 -26.79044373 144.90324010
v 74.35562991 -25.27795106 137.17405205
v 74.38187014 -25.36693068 144.81243005
v 82.33758285 -26.80268714 136.96659063
v 74.18481448 -33.15306357 -83.97821998
v 74.19440921 -24.21323554 -83.87411542
v 81.36755358 -21.26860490 -97.25816561
v 81.39268053 -21.35380755 -89.94413328
v 73.56152348 -18.18500916 -89.74875138
v 73.53536625 -18.09631031 -97.36284227
v 82.28581528 -38.54028224 -98.30763421
v 82.31643051 -38.64409139 -89.39631691
v 85.68740700 -33.77760156 -107.23823704
v 85.69486794 -26.27119620 -107.14620327
v 79.56437491 -39.59793593 -98.31060331
v 79.59499014 -39.70174751 -89.39929578
v 74.18444827 -33.15181598 -84.08540747
v 74.19404300 -24.21198794 -83.98130291
v 81.32241686 -21.39310687 -89.94435791
v 81.29728991 -21.30790421 -97.25838047
v 73.56143559 -18.26374694 -89.74966937
v 73.53528325 -18.17504809 -97.36376026
v 82.14538071 -38.54013820 -98.30715569
v 82.17599106 -38.64394734 -89.39582863
v 85.55442849 -26.27105216 -107.14571499
v 85.54696755 -33.77745507 -107.23774876
v 79.59038077 -39.45028702 -98.30897240
v 79.62099600 -39.55409616 -89.39766488
v 18.80252934 4.16440307 -179.75760064
v 18.80252934 4.16440307 -179.75760064
v 29.33796734 -25.76465827 -172.03132256
v 29.33796734 -25.76465827 -172.03132256
v 41.49947830 -38.31834058 -122.31636183
v 41.49947830 -38.31834058 -122.31636183
v 40.26347979 -33.52722815 -121.43137008
v 45.17572333 -48.84238348 4.18097475
v 45.17572333 -48.84238348 4.18097475
v 43.74886790 -44.70972272 3.87971824
v 41.21389725 -34.28626345 -122.17380189
v 44.47366280 -45.10778422 3.93256967
v 32.16339940 -30.63085046 -160.81459698
v 32.16339940 -30.63085046 -160.81459698
v 33.67431490 -34.37582452 -164.04870920
v 33.67431490 -34.37582452 -164.04870920
v 33.67431490 -34.37582452 -164.04870920
v 33.67431490 -34.37582452 -164.04870920
v 20.35530152 3.44254776 -174.56139054
v 18.92566777 2.68068573 -174.75322671
v -18.54109165 4.71448590 -175.80500325
v -34.42765379 -26.52891013 -167.70304207
v -40.49110581 -35.01794312 -121.99620450
v -43.31689188 -45.53526972 4.52355731
v -40.46344956 -33.44375413 -121.15302048
v -45.35080296 -35.15182986 -121.88644870
v -47.76342498 -45.96748637 4.23947944
v -47.76342498 -45.96748637 4.23947944
v -47.76342498 -45.96748637 4.23947944
v -38.46061025 -32.48076308 -158.67302558
v -38.46061025 -32.48076308 -158.67302558
v -33.71678467 -31.72681336 -157.51517390
v -33.71678467 -31.72681336 -157.51517390
v -34.25539550 -32.76105073 -159.86256656
v -34.25539550 -32.76105073 -159.86256656
v -30.26695809 -26.65262668 -165.50866736
v -28.58187267 -26.14499190 -167.15501466
v -23.21405541 3.51370355 -176.65279653
v -19.41895052 2.72033428 -174.62101969
v 44.33513253 -16.37301097 72.86684080
v 47.32510805 -19.33178243 72.35350979
v 47.32510805 -19.33178243 72.35350979
v 48.92012755 -14.94078977 73.79704626
v 50.34051814 -3.84122158 -52.25317470
v 50.34051814 -3.84122158 -52.25317470
v 50.34051814 -3.84122158 -52.25317470
v 50.34051814 -3.84122158 -52.25317470
v 47.37984438 -1.22017415 -50.16939476
v 47.37984438 -1.22017415 -50.16939476
v 37.89745201 25.35001814 -76.99410927
v 41.22318192 22.87533634 -78.57243511
v 41.22318192 22.87533634 -78.57243511
v 42.29232496 25.72706095 -75.22304489
v 52.18367728 0.21456981 -49.77638163
v 52.18367728 0.21456981 -49.77638163
v -42.73576396 -17.80195822 86.34403115
v -45.73530003 -20.75453584 85.85136419
v -45.73530003 -20.75453584 85.85136419
v -45.31667211 -15.03267550 87.53043820
v -47.02150605 -1.12256273 -49.84389672
v -47.02150605 -1.12256273 -49.84389672
v -50.00188684 -3.73746713 -51.90719326
v -50.00188684 -3.73746713 -51.90719326
v -50.00188684 -3.73746713 -51.90719326
v -50.00188684 -3.73746713 -51.90719326
v -49.08390347 -17.68808764 87.08045688
v -50.07958216 1.67152795 -48.39161567
v -50.07958216 1.67152795 -48.39161567
v -37.66935294 25.42814060 -76.73356728
v -41.01100326 22.96035332 -78.28890485
v -41.01100326 22.96035332 -78.28890485
v -40.99355208 25.39228722 -72.78278161
v -53.55948442 -1.02731626 -50.44394056
v -53.55948442 -1.02731626 -50.44394056
v -43.10868876 26.23621924 -77.08170661
v 28.80001081 21.86670398 -115.77522901
v 28.80001081 21.86670398 -115.77522901
v 29.22106060 22.58275151 -116.52255290
v 29.22106060 22.58275151 -116.52255290
v 43.45094798 3.65381652 -108.05912276
v 43.45094798 3.65381652 -108.05912276
v 43.66348704 -14.12344564 -108.63699002
v 41.83246169 -32.28417290 -117.74019821
v 44.74462471 -13.20870784 -109.69971419
v 43.30061595 -33.71630113 -119.24888016
v 44.51784249 2.98542444 -109.03843928
v 44.51784249 2.98542444 -109.03843928
v 38.72088217 -35.00552869 -121.62249360
v 38.72088217 -35.00552869 -121.62249360
v 40.78355546 -13.90142859 -110.03994876
v 40.78355546 -13.90142859 -110.03994876
v 40.48962236 2.99078038 -109.36593924
v 40.48962236 2.99078038 -109.36593924
v 40.48962236 2.99078038 -109.36593924
v 40.48962236 2.99078038 -109.36593924
v 27.44357773 19.20930014 -117.68098164
v 27.44357773 19.20930014 -117.68098164
v 27.44357773 19.20930014 -117.68098164
v 27.44357773 19.20930014 -117.68098164
v -29.27499522 22.65527376 -117.35593169
v -29.27499522 22.65527376 -117.35593169
v -28.84675060 21.92629375 -115.57645948
v -28.84675060 21.92629375 -115.57645948
v -44.55772681 3.08080512 -109.01327323
v -44.55772681 3.08080512 -109.01327323
v -43.48176980 3.74369037 -107.75939620
v -43.48176980 3.74369037 -107.75939620
v -43.73503640 -14.03307588 -108.33563260
v -44.82265356 -13.11242855 -109.70573955
v -42.00435773 -32.19748599 -117.45112595
v -43.49079812 -33.60975534 -120.39259093
v -38.92525867 -34.92524315 -121.35475923
v -38.92525867 -34.92524315 -121.35475923
v -40.86437728 -13.81700365 -109.75843510
v -40.86437728 -13.81700365 -109.75843510
v -40.53088608 3.07454081 -109.08659354
v -40.53088608 3.07454081 -109.08659354
v -40.53088608 3.07454081 -109.08659354
v -40.53088608 3.07454081 -109.08659354
v -27.50897231 19.26610549 -117.49149922
v -27.50897231 19.26610549 -117.49149922
v -27.50897231 19.26610549 -117.49149922
v -27.50897231 19.26610549 -117.49149922
v 1.03319357 -38.93253183 209.05669540
v 1.03319357 -38.93253183 209.05669540
v 1.03012572 -34.62402085 206.87454867
v 1.03012572 -34.62402085 206.87454867
v 1.04193747 -35.84889991 210.66829782
v 1.04193747 -35.84889991 210.66829782
v 31.62034278 -51.78180153 190.80163458
v 31.62034278 -51.78180153 190.80163458
v 36.46952480 -51.35568300 189.55893956
v 36.46952480 -51.35568300 189.55893956
v 40.28329180 -47.91027359 74.73224011
v 40.28329180 -47.91027359 74.73224011
v 45.66561102 -47.80403353 75.22776255
v 45.66561102 -47.80403353 75.22776255
v 48.17615784 -44.32451128 -0.64116810
v 48.17615784 -44.32451128 -0.64116810
v 43.57194895 -43.33399406 0.06731312
v 43.57194895 -43.33399406 0.06731312
v 39.22363118 -46.40897506 75.11131284
v 39.22363118 -46.40897506 75.11131284
v 31.60915381 -50.27198164 188.64976034
v 31.60915381 -50.27198164 188.64976034
v 21.80663938 -34.46597015 202.71779139
v 21.80663938 -34.46597015 202.71779139
v 21.91797483 -38.80623412 205.08849277
v 21.91797483 -38.80623412 205.08849277
v 43.92084543 -43.79623962 -1.33599786
v 43.92084543 -43.79623962 -1.33599786
v 40.16069171 38.13806278 -60.27969771
v 35.65489347 38.08355554 -59.07209044
v 35.02028167 37.20103186 -60.94157295
v -29.93896493 -50.91180169 190.98265048
v -29.93896493 -50.91180169 190.98265048
v -34.56233641 -51.28223582 189.80386143
v -34.56233641 -51.28223582 189.80386143
v -29.70611093 -50.20858817 188.86116659
v -29.70611093 -50.20858817 188.86116659
v -42.25138409 -42.84512011 -5.67144396
v -47.36748261 -42.48353839 -4.86157760
v -42.80094951 -41.86913464 -3.44788707
v -21.56488064 -36.04013895 207.16831769
v -21.56488064 -36.04013895 207.16831769
v -19.87814850 -38.76302372 205.23259434
v -19.87814850 -38.76302372 205.23259434
v -42.94469462 -45.09212022 4.12384467
v -42.94469462 -45.09212022 4.12384467
v -43.10791239 -44.61991326 4.17920219
v -43.10791239 -44.61991326 4.17920219
v -43.10791239 -44.61991326 4.17920219
v -39.79086901 38.22071649 -60.00403853
v -35.27696042 38.15688309 -58.82752990
v -35.62142574 37.83139988 -59.26300847
v 18.34729009 2.75050309 -177.04182018
v 18.34729009 2.75050309 -177.04182018
v 16.97162728 5.65764005 -174.78830383
v 16.97162728 5.65764005 -174.78830383
v 27.40583603 4.81396876 -168.98851963
v 27.40583603 4.81396876 -168.98851963
v 18.80421635 4.25971317 -179.89902637
v 18.80421635 4.25971317 -179.89902637
v 24.99571158 7.02707492 -168.16496429
v 24.99571158 7.02707492 -168.16496429
v 29.26608990 6.01802324 -170.95596040
v 29.26608990 6.01802324 -170.95596040
v 36.30423916 54.78035829 -38.75924536
v 31.10731300 56.44994340 -39.75717437
v 38.67775717 26.28625745 -81.82547558
v 38.67775717 26.28625745 -81.82547558
v 43.67797434 24.85993429 -81.56851808
v 43.67797434 24.85993429 -81.56851808
v 40.13378741 24.20436859 -83.44396242
v -18.85623691 2.78897167 -176.91353893
v -18.85623691 2.78897167 -176.91353893
v -17.45904211 5.69324182 -174.66957336
v -17.45904211 5.69324182 -174.66957336
v -19.32970980 4.29914396 -179.76754200
v -19.32970980 4.29914396 -179.76754200
v -27.86510023 4.29229765 -171.62828513
v -27.86510023 4.29229765 -171.62828513
v -29.72602792 6.07900583 -170.75254244
v -29.72602792 6.07900583 -170.75254244
v -35.75173824 54.85485039 -38.51078833
v -30.55836921 56.51370308 -39.54454254
v -40.74650619 23.82814293 -83.09618915
v -43.48212137 25.10276619 -81.26620847
v -43.48212137 25.10276619 -81.26620847
v 41.52626052 -35.38211595 -120.47356808
v 40.95007401 -35.27612588 -124.37717111
v 39.94223468 -34.35738218 -120.48320641
v -40.13739976 -34.27458687 -120.20708337
v -41.72342023 -35.29604916 -120.18652707
v -41.17394271 -35.19120899 -124.09400705
v 0.71710830 -44.23174136 -120.56718434
v 0.71710830 -44.23174136 -120.56718434
v 0.71839206 -42.94964190 -120.57932258
v 0.71839206 -42.94964190 -120.57932258
v 0.70409599 -43.80733092 -124.46911734
v 0.70409599 -43.80733092 -124.46911734
v 32.45659276 51.28770898 -43.67248816
v 33.44673922 50.73829031 -44.28190722
v 30.12120707 48.67557457 -84.37372946
v 30.12120707 48.67557457 -84.37372946
v 29.43610210 49.33434423 -84.99161002
v 29.43610210 49.33434423 -84.99161002
v 37.44772546 24.30551191 -92.93243786
v 37.47812829 22.46400137 -94.34911800
v 42.35028883 21.26365726 -94.30867896
v 33.43135348 49.45004718 -84.50736199
v 33.43135348 49.45004718 -84.50736199
v 36.32004726 50.44131255 -43.53079412
v -31.45791753 49.89304141 -44.35622390
v -31.94526371 51.35428605 -43.45042273
v -29.15306407 49.10765918 -83.47308488
v -29.15306407 49.10765918 -83.47308488
v -36.32113520 24.71716433 -91.85451792
v -37.37567131 22.54138653 -94.09103207
v -29.21377452 49.39497404 -84.78940299
v -29.21377452 49.39497404 -84.78940299
v -33.20534181 49.51893382 -84.27761590
v -33.20534181 49.51893382 -84.27761590
v -42.24990948 21.35112053 -94.01698951
v -35.80940181 50.51587789 -43.28208319
v 50.88435602 0.67126548 -53.25800705
v 41.91615798 -35.41823569 -79.59771344
v 41.91615798 -35.41823569 -79.59771344
v 40.15285235 -33.24348848 -76.40379218
v 40.15285235 -33.24348848 -76.40379218
v 40.15285235 -33.24348848 -76.40379218
v 40.15285235 -33.24348848 -76.40379218
v 48.44309631 -0.67075862 -51.10154291
v 48.44309631 -0.67075862 -51.10154291
v 43.81868235 -37.78962062 -76.82925753
v 43.81868235 -37.78962062 -76.82925753
v 53.08751515 -1.22241205 -51.84550297
v 51.07713922 -2.54864874 -49.68958081
v 41.93607497 -35.48555696 -73.81864675
v 41.93607497 -35.48555696 -73.81864675
v -50.54331261 0.77614219 -52.90828049
v -41.83155011 -35.33163911 -79.30896344
v -41.83155011 -35.33163911 -79.30896344
v -40.04180894 -33.16056622 -76.12729316
v -40.04180894 -33.16056622 -76.12729316
v -40.04180894 -33.16056622 -76.12729316
v -40.04180894 -33.16056622 -76.12729316
v -48.08999724 -0.57094291 -50.76869623
v -48.08999724 -0.57094291 -50.76869623
v -43.71983620 -37.69910316 -76.52742160
v -43.71983620 -37.69910316 -76.52742160
v -52.74056842 -1.11298530 -51.48060551
v -50.71814659 -2.44339191 -49.33858472
v -41.81177472 -35.39896039 -73.52989675
v -41.81177472 -35.39896039 -73.52989675
v -31.67563237 14.08118367 -137.59184044
v -22.59807642 21.23626814 -140.76743337
v -22.59807642 21.23626814 -140.76743337
v -23.76057640 23.52481933 -138.42874146
v -23.76057640 23.52481933 -138.42874146
v -22.31211696 22.02150541 -142.38951299
v -22.31211696 22.02150541 -142.38951299
v -30.58461433 10.84745370 -141.59705592
v -29.94220223 11.79392401 -140.01138195
v 31.46082618 14.01591642 -137.80953575
v 22.37641964 21.18976429 -140.92250172
v 22.37641964 21.18976429 -140.92250172
v 23.55972284 23.47589606 -138.59190552
v 23.55972284 23.47589606 -138.59190552
v 32.01508398 11.01650847 -140.43987826
v 22.92067256 22.09161997 -141.85895639
v 22.92067256 22.09161997 -141.85895639
v 29.70601421 11.73226271 -140.21704601
v -38.48085683 26.51873292 -81.55766303
v -38.48085683 26.51873292 -81.55766303
v -25.43442401 7.07921230 -167.99107758
v -25.43442401 7.07921230 -167.99107758
v 33.10471042 -30.72966127 -161.43876686
v 33.10471042 -30.72966127 -161.43876686
v 28.85852887 -23.47942771 -168.75173232
v 28.51188337 -23.98535580 -167.52442795
v -19.77418122 -34.42297948 202.86115076
v -19.77418122 -34.42297948 202.86115076
v 23.62364374 -36.08686008 207.01249738
v 23.62364374 -36.08686008 207.01249738
v 0.20924608 28.60781635 -50.21738763
v 0.20924608 28.60781635 -50.21738763
v 0.11580300 9.28800216 -71.52909578
v 0.11580300 9.28800216 -71.52909578
v 0.12801844 1.14883245 -65.54447519
v 0.18816792 2.70532672 -48.56299714
v 0.22700350 17.81838117 -41.83025356
v -28.28433362 29.26886915 -52.08546336
v -28.33964368 26.01302500 -67.15299690
v -28.33964368 26.01302500 -67.15299690
v -28.37106702 11.33615694 -71.86707845
v -28.35943860 1.17831164 -65.44625742
v -28.29928479 2.73479812 -48.46477448
v -28.26044934 17.84786844 -41.73202114
v -34.96888913 17.13715064 -45.03002881
v -34.96888913 17.13715064 -45.03002881
v -34.98750730 26.04081322 -53.10143601
v -34.98750730 26.04081322 -53.10143601
v -35.03062497 23.50258994 -64.84786618
v -35.03062497 23.50258994 -64.84786618
v -35.03062497 23.50258994 -64.84786618
v -35.05512448 12.06072238 -68.52289402
v -35.05512448 12.06072238 -68.52289402
v -35.04605710 4.14180407 -63.51732110
v -35.04605710 4.14180407 -63.51732110
v -34.99916501 5.35523208 -50.27878218
v -34.99916501 5.35523208 -50.27878218
v -17.28704749 28.62593888 -50.15706048
v -17.28704749 28.62593888 -50.15706048
v -17.38048865 9.30612408 -71.46876864
v -17.38048865 9.30612408 -71.46876864
v -23.92124290 26.00846445 -67.16822151
v -23.92124290 26.00846445 -67.16822151
v -23.92124290 26.00846445 -67.16822151
v -22.76347193 15.36772660 -72.75881039
v -22.76347193 15.36772660 -72.75881039
v -22.69015650 30.52622873 -56.03743025
v -22.69015650 30.52622873 -56.03743025
v 28.69054304 29.20994100 -52.28191355
v 28.63523298 25.95409685 -67.34943244
v 28.63523298 25.95409685 -67.34943244
v 28.60380964 11.27722879 -72.06351400
v 28.61543806 1.11938387 -65.64269297
v 28.67559187 2.67587058 -48.66121979
v 28.71442731 17.78894029 -41.92847622
v 35.37986662 25.96803988 -53.34406296
v 35.37986662 25.96803988 -53.34406296
v 35.33674894 23.42981415 -65.09047848
v 35.33674894 23.42981415 -65.09047848
v 35.33674894 23.42981415 -65.09047848
v 35.31224943 11.98794659 -68.76550632
v 35.31224943 11.98794659 -68.76550632
v 35.32131681 4.06902858 -63.75994317
v 35.32131681 4.06902858 -63.75994317
v 35.36820890 5.28245660 -50.52141890
v 35.36820890 5.28245660 -50.52141890
v 35.39848478 17.06437485 -45.27267041
v 35.39848478 17.06437485 -45.27267041
v 17.70552497 28.58972555 -50.27771478
v 17.70552497 28.58972555 -50.27771478
v 17.61208381 9.26991075 -71.58942293
v 17.61208381 9.26991075 -71.58942293
v 24.21683464 25.95865983 -67.33420295
v 24.21683464 25.95865983 -67.33420295
v 24.21683464 25.95865983 -67.33420295
v 22.99853389 15.32037803 -72.91659847
v 22.99853389 15.32037803 -72.91659847
v 23.07185176 30.47888016 -56.19521834
v 23.07185176 30.47888016 -56.19521834
v 16.33356089 19.72632330 -68.50406820
v 16.02092784 23.66802599 -62.06724632
v 21.63288206 34.76037151 -63.86503534
v 22.26892209 25.87052874 -78.21621344
v 36.94957850 37.93633695 -60.92780805
v 41.30775711 20.99030599 -89.30889447
v -15.69375529 23.70081892 -61.95789086
v -16.05917276 19.75981691 -68.39237875
v -22.04874294 25.91635388 -78.06340094
v -21.29527372 34.80475866 -63.71701777
v -36.58473871 38.01234027 -60.67427778
v -41.17352767 21.07556224 -89.02450971
v 23.60742303 26.20448211 -123.93234575
v 22.02706418 27.60122683 -107.30470071
v -20.95217314 27.39076626 -109.78562823
v -20.58278350 27.10247145 -127.38580208
v 23.60725946 26.05266572 -123.93411338
v 22.02690061 27.44941288 -107.30646834
v -20.95233671 27.23895231 -109.78739586
v -20.58294707 26.95065506 -127.38756970
v -22.71487329 28.53191823 -145.25372922
v -21.02514433 23.97934742 -129.21173065
v 21.93668577 24.62269054 -131.91019692
v 21.45535521 30.55433851 -148.48034926
v -22.71521021 28.39046318 -145.30887574
v -21.02547880 23.83788994 -129.26687718
v 21.93635129 24.48123306 -131.96532391
v 21.45502074 30.41288103 -148.53549578
v -45.98747775 1.74021317 -111.53029488
v -45.97690158 1.70435391 -108.45203353
v -46.00213596 -11.90761479 -111.68922524
v -45.99155979 -11.94347398 -108.61096389
v -45.98073459 -5.13141642 -107.51373516
v -45.99830295 -5.07184500 -112.62752361
v -46.04567111 1.74027329 -111.53008980
v -46.03509982 1.70441410 -108.45183822
v -46.06032932 -11.90755497 -111.68902017
v -46.04975803 -11.94341416 -108.61076858
v -46.03893283 -5.13135599 -107.51353985
v -46.05649631 -5.07178457 -112.62731853
v 45.92646062 1.64517369 -111.84721870
v 45.93703679 1.60931450 -108.76895735
v 45.91180242 -12.00265495 -112.00614907
v 45.92237859 -12.03851414 -108.92788772
v 45.93320378 -5.22645597 -107.83065898
v 45.91563543 -5.16688455 -112.94444744
v 45.98465886 1.64511350 -111.84741402
v 45.99523015 1.60925431 -108.76915266
v 45.97000066 -12.00271477 -112.00634438
v 45.98057195 -12.03857396 -108.92808303
v 45.99139714 -5.22651579 -107.83085430
v 45.97383367 -5.16694437 -112.94464275
v 27.41221055 -21.79964947 -141.56996732
v 27.41221055 -21.79964947 -141.56996732
v 24.24932976 -23.43694020 -138.96791739
v 24.24932976 -23.43694020 -138.96791739
v 24.24932976 -23.43694020 -138.96791739
v 24.81798941 -19.68798435 -138.92619738
v 24.81798941 -19.68798435 -138.92619738
v 26.16775989 -17.40527011 -141.51450686
v 27.27979600 -25.68744529 -139.02663884
v 27.27979600 -25.68744529 -139.02663884
v 27.27979600 -25.68744529 -139.02663884
v 26.24872669 -17.57323815 -136.34609931
v 27.42996933 -21.85987337 -136.40008512
v 27.42996933 -21.85987337 -136.40008512
v 27.36901475 -21.65318285 -154.14307128
v 27.36901475 -21.65318285 -154.14307128
v 24.20598015 -23.28255608 -151.58889244
v 24.20598015 -23.28255608 -151.58889244
v 24.20598015 -23.28255608 -151.58889244
v 22.53676876 -17.15152046 -151.42149781
v 22.53676876 -17.15152046 -151.42149781
v 24.51325553 -14.78042732 -154.05319593
v 27.23678575 -25.54405241 -151.54554360
v 27.23678575 -25.54405241 -151.54554360
v 27.23678575 -25.54405241 -151.54554360
v 27.38681748 -21.71353859 -148.96197815
v 27.38681748 -21.71353859 -148.96197815
v 24.61221549 -14.96999325 -148.87388995
v 27.31235459 -25.81550755 -129.54310483
v 27.31235459 -25.81550755 -129.54310483
v 27.31235459 -25.81550755 -129.54310483
v 27.31235459 -25.81550755 -129.54310483
v 27.45419785 -21.94203639 -129.34695120
v 27.45419785 -21.94203639 -129.34695120
v 27.94394149 -23.73491323 -126.15756741
v 27.94394149 -23.73491323 -126.15756741
v 24.28521355 -23.23847203 -128.61791852
v 24.28521355 -23.23847203 -128.61791852
v 24.55711051 -22.03119010 -126.71890466
v 24.95057486 -15.36090450 -128.84445880
v 22.60452267 -17.24628116 -126.17001639
v 25.23827505 -13.90845364 -124.79714433
v 25.23827505 -13.90845364 -124.79714433
v 24.18548943 -23.21612829 -157.55255384
v 24.18548943 -23.21612829 -157.55255384
v 27.21951036 -25.45402387 -156.58277932
v 27.21951036 -25.45402387 -156.58277932
v 27.21951036 -25.45402387 -156.58277932
v 27.21951036 -25.45402387 -156.58277932
v 27.48528183 -29.82304767 -161.25188181
v 27.48528183 -29.82304767 -161.25188181
v 24.50058708 -26.86102625 -162.08064048
v 17.19923836 -28.21601250 -173.43911619
v 17.19923836 -28.21601250 -173.43911619
v 22.50287716 -31.33641176 -168.45935219
v 22.50287716 -31.33641176 -168.45935219
v 21.40159056 -28.38505520 -166.92858966
v 17.65697639 -25.61388244 -170.48294378
v 23.68281854 -27.97184882 -169.48419469
v 19.23738529 -25.03618833 -174.37921267
v 27.72828476 -26.34387007 -163.47937062
v 27.35593857 -21.60883586 -157.94979935
v 27.35593857 -21.60883586 -157.94979935
v -44.47353248 -46.44132363 2.54385829
v 45.09941474 -46.53392606 2.23500911
v 41.46802810 -36.48228705 -76.05817808
v -41.36126204 -36.39665483 -75.77259702
v -30.77991950 -49.90576942 184.70202654
v 32.65487889 -49.97135039 184.48331561
v 0.96379595 -50.02780320 192.25341235
v 0.31293899 -46.48762240 2.38943370
v 0.05338822 -36.43946972 -75.91538511
v -16.57936440 1.52175060 40.51854003
v -15.98801309 5.65296427 42.08340940
v -15.98801309 5.65296427 42.08340940
v -13.87607466 4.41000532 42.40551344
v -13.87607466 4.41000532 42.40551344
v -13.87607466 4.41000532 42.40551344
v -15.24484661 4.75475294 44.08935613
v -15.24484661 4.75475294 44.08935613
v -11.46963551 2.95980262 41.72880893
v -11.46963551 2.95980262 41.72880893
v -11.46963551 2.95980262 41.72880893
v -11.47951710 -1.31373119 40.11677642
v -11.47951710 -1.31373119 40.11677642
v -11.47951710 -1.31373119 40.11677642
v -13.77166182 -2.06610440 39.93332404
v -13.77166182 -2.06610440 39.93332404
v -13.77166182 -2.06610440 39.93332404
v -15.26332927 -3.13936623 41.09557208
v -15.26332927 -3.13936623 41.09557208
v -15.80987345 0.80825805 42.59425244
v -8.94682917 11.43692807 45.02002722
v -8.94682917 11.43692807 45.02002722
v -10.46159964 13.24553994 44.94602394
v -9.48801324 -10.61432608 35.89414438
v 0.46376483 -12.44292085 35.93486885
v 0.46376483 -12.44292085 35.93486885
v 0.45640726 -14.45964251 34.40543232
v 1.63490170 17.05879708 46.35538541
v 1.59031064 15.65081324 48.17015035
v -9.96539970 12.00788198 46.82395787
v -9.03533930 -10.78540837 38.17670753
v 0.46450591 -14.45879492 36.75445548
v -8.10768368 -9.12859977 37.21791670
v -8.10768368 -9.12859977 37.21791670
v -16.00736124 -2.61051211 38.94953491
v -16.00736124 -2.61051211 38.94953491
v 12.46867450 2.93505030 41.64626986
v 12.46867450 2.93505030 41.64626986
v 12.46867450 2.93505030 41.64626986
v 16.99493417 5.61886031 41.96967894
v 16.99493417 5.61886031 41.96967894
v 14.88272352 4.38026872 42.30635328
v 14.88272352 4.38026872 42.30635328
v 14.88272352 4.38026872 42.30635328
v 16.26376719 4.72217303 43.98070867
v 16.26376719 4.72217303 43.98070867
v 12.45860859 -1.33848336 40.03423736
v 12.45860859 -1.33848336 40.03423736
v 12.45860859 -1.33848336 40.03423736
v 16.97558724 -2.64461669 38.83580688
v 16.97558724 -2.64461669 38.83580688
v 14.74788100 -2.09559380 39.83498908
v 14.74788100 -2.09559380 39.83498908
v 14.74788100 -2.09559380 39.83498908
v 16.24528453 -3.17194645 40.98692462
v 16.24528453 -3.17194645 40.98692462
v 16.81030649 0.77452865 42.48177685
v 10.41883019 -10.63490955 35.82550424
v 9.05070217 -9.14634205 37.15875654
v 9.05070217 -9.14634205 37.15875654
v 1.47957906 14.72360086 46.23464733
v 1.47957906 14.72360086 46.23464733
v 17.56707527 1.48644310 40.40080077
v 9.98158655 -10.80507265 38.11113869
v 9.97111291 11.40224059 44.94922156
v 9.97111291 11.40224059 44.94922156
v 9.97111291 11.40224059 44.94922156
v 9.97111291 11.40224059 44.94922156
v 11.81460103 12.82970999 44.71595058
v 11.81460103 12.82970999 44.71595058
v 11.38809836 11.65462770 46.61718043
v 11.38809836 11.65462770 46.61718043
v -26.89635269 -12.21218120 57.86366035
v 36.80873133 3.05121604 63.44174102
v 32.84069431 5.47532343 64.31041361
v 27.97486923 -12.26892551 57.67446113
v 11.43347433 6.04679994 64.83281120
v 11.44328634 1.46716300 83.21433098
v 10.95194968 6.91120937 74.65903595
v 36.05492031 -5.12410423 60.30613316
v -35.65854488 3.12613232 63.69161895
v -34.94326169 -5.05070710 60.55094272
v -31.67832768 5.54202104 64.53288431
v -10.26736014 6.06923887 64.90763542
v -10.16070976 1.48950168 83.28881340
v -9.71711541 6.93258141 74.73030059
v -3.74374396 1.86530837 44.61555627
v -3.14383674 -2.83469626 43.20643375
v -11.49978810 2.41862016 41.17141135
v -11.50198048 -0.82463772 39.94518725
v 0.62519168 4.81169019 77.58253588
v 0.62519168 4.81169019 77.58253588
v 0.57756973 2.28267480 64.52676017
v -36.86475091 -10.59311926 62.58383613
v -40.07645250 -17.84736559 59.97421484
v -32.46639896 -17.87743891 63.84933645
v -32.33322513 -7.14083613 60.17432585
v -46.75300020 -10.64087129 64.27191209
v -47.92510955 -11.84686632 57.91723956
v -42.23170635 1.22217112 70.06277968
v -38.26682119 5.89617358 68.90443666
v -35.68854732 1.31594896 68.46743321
v -31.17262213 3.16025385 75.96276988
v -34.45834227 2.55965856 63.63120861
v 41.15751053 -17.93136206 59.69412207
v 30.00708109 -11.30298745 59.28463705
v 34.23640473 -6.60034721 59.89721669
v 37.97890709 -10.67050075 62.32576973
v 49.69878476 -12.51684421 57.74136045
v 48.57300353 -11.30847247 64.10395290
v 44.11627511 0.56385272 69.92578240
v 39.45860432 5.81582029 68.63643862
v 32.40760594 3.09452670 75.74355114
v 35.60697111 2.48722594 63.38961193
v 36.86790858 1.24094059 68.21724767
v -20.65421172 -25.63767592 -19.80856788
v -20.65421172 -25.63767592 -19.80856788
v -24.13707053 -44.15339342 -14.27929864
v -24.13707053 -44.15339342 -14.27929864
v 24.65220328 -44.20383769 -14.44752495
v 24.65220328 -44.20383769 -14.44752495
v 21.16961059 -25.68090585 -19.95277320
v 21.16961059 -25.68090585 -19.95277320
v 21.07486206 -22.38746774 -44.60935371
v 21.07486206 -22.38746774 -44.60935371
v -20.72265410 -22.34426223 -44.46524239
v -20.72265410 -22.34426223 -44.46524239
v 24.45498649 -38.45076524 -56.08409413
v 24.45498649 -38.45076524 -56.08409413
v -24.21503928 -38.40044792 -55.91628163
v -24.21503928 -38.40044792 -55.91628163
v 0.11998828 -38.42560658 -56.00018788
v 0.17610884 -22.36586376 -44.53730293
v 0.25770238 -25.65928966 -19.88066871
v 0.25757433 -44.17861800 -14.36341118
v 12.63758319 -23.20035522 -162.26403766
v 14.64198012 -22.09270398 -162.25893964
v 17.71656867 -13.19245114 -162.16274524
v 10.69458397 -22.08862440 -162.24559003
v 7.75360015 -15.41115938 -162.15485536
v 12.63794330 -23.20157596 -162.15915486
v 14.64234633 -22.09394670 -162.15222090
v 17.71691169 -13.19361572 -162.06277455
v 10.69495262 -22.08987199 -162.13835371
v 7.75394744 -15.41233617 -162.05376163
v 13.67837540 -23.74678208 -115.43795927
v 11.91852925 -23.74497056 -115.43189482
v 18.27572027 -12.58486934 -115.32694966
v 7.91445708 -15.95663531 -115.32952892
v 0.97792262 0.77821436 -122.09081156
v 0.90659888 1.24847668 -154.90818066
v 2.31046703 3.69608785 -151.24565096
v 2.39813350 3.39911577 -125.71735323
v -0.55033453 -1.40826869 -151.30459799
v -0.46260901 -1.70575239 -125.76773580
v 0.85926127 0.81186601 -122.09001077
v 0.78793765 1.28212063 -154.90737987
v 2.19399059 3.68967794 -151.24532870
v 2.28167217 3.39270586 -125.71702120
v -0.66679586 -1.41467097 -151.30426596
v -0.57907034 -1.71216215 -125.76740377
v 2.23788738 3.54082050 -138.46698062
v -0.62286703 -1.56363675 -138.51661124
v 2.35436382 3.54723041 -138.46730288
v -0.50640570 -1.55722684 -138.51694327
v -6.49755615 -0.05687276 -153.87207771
v -6.49755615 -0.05687276 -153.87207771
v -2.88121071 1.33558051 -153.86829794
v -2.88121071 1.33558051 -153.86829794
v -2.88121071 1.33558051 -153.86829794
v -5.69439699 -3.84758744 -153.91901257
v -5.69439699 -3.84758744 -153.91901257
v -2.07747126 -2.45546297 -153.91521327
v -2.07747126 -2.45546297 -153.91521327
v -2.85469796 1.24567458 -146.15051566
v -2.85469796 1.24567458 -146.15051566
v -2.85469796 1.24567458 -146.15051566
v -6.47104370 -0.14677857 -146.15430519
v -6.47104370 -0.14677857 -146.15430519
v -5.66788454 -3.93749329 -146.20122052
v -5.66788454 -3.93749329 -146.20122052
v -2.05095881 -2.54536882 -146.19743099
v -2.05095881 -2.54536882 -146.19743099
v -1.25174130 -0.91604276 -150.04065266
v -3.42712440 0.28922324 -152.86286872
v -5.58295717 1.42823704 -149.99845461
v -3.40758918 0.22297866 -147.17623854
v -3.40758918 0.22297866 -147.17623854
v 3.30474679 7.50089990 -149.95825725
v 3.30474679 7.50089990 -149.95825725
v 1.12936384 8.70615828 -152.78047331
v 1.12936384 8.70615828 -152.78047331
v -1.02646909 9.84517940 -149.91606896
v -1.02646909 9.84517940 -149.91606896
v 1.14889883 8.63991370 -147.09385290
v 1.14889883 8.63991370 -147.09385290
v 1.14889883 8.63991370 -147.09385290
v 6.78101533 -2.25349788 -152.37900245
v 5.47882847 -4.58367629 -150.10650349
v 5.47882847 -4.58367629 -150.10650349
v 6.79678193 -2.30696347 -147.78933503
v 8.09896940 0.02322239 -150.06183398
v -5.48753054 4.72297009 -152.25557237
v -5.48753054 4.72297009 -152.25557237
v -6.78972533 2.39278389 -149.98307342
v -6.78972533 2.39278389 -149.98307342
v -6.78972533 2.39278389 -149.98307342
v -5.47176333 4.66950419 -147.66591472
v -5.47176333 4.66950419 -147.66591472
v -4.16958684 6.99968230 -149.93841367
v -4.16958684 6.99968230 -149.93841367
v -6.45812988 -0.19057019 -142.39510642
v -6.45812988 -0.19057019 -142.39510642
v -2.84178444 1.20188311 -142.39132665
v -2.84178444 1.20188311 -142.39132665
v -2.84178444 1.20188311 -142.39132665
v -5.65497072 -3.98128484 -142.44204129
v -5.65497072 -3.98128484 -142.44204129
v -2.03804499 -2.58916037 -142.43823222
v -2.03804499 -2.58916037 -142.43823222
v -2.81527169 1.11197710 -134.67353461
v -2.81527169 1.11197710 -134.67353461
v -2.81527169 1.11197710 -134.67353461
v -6.43161743 -0.28047596 -134.67733390
v -6.43161743 -0.28047596 -134.67733390
v -5.62845827 -4.07119069 -134.72424924
v -5.62845827 -4.07119069 -134.72424924
v -2.01153254 -2.67906622 -134.72045971
v -2.01153254 -2.67906622 -134.72045971
v -1.21231503 -1.04974031 -138.56367161
v -3.38769813 0.15552579 -141.38589744
v -5.54353090 1.29453965 -138.52148332
v -3.36816291 0.08928123 -135.69926725
v -3.36816291 0.08928123 -135.69926725
v 3.34417306 7.36720220 -138.48128596
v 3.34417306 7.36720220 -138.48128596
v 1.16879019 8.57246058 -141.30350203
v 1.16879019 8.57246058 -141.30350203
v -0.98704266 9.71148231 -138.43909768
v -0.98704266 9.71148231 -138.43909768
v 1.18832518 8.50621599 -135.61687185
v 1.18832518 8.50621599 -135.61687185
v 1.18832518 8.50621599 -135.61687185
v 6.82044160 -2.38719527 -140.90202140
v 5.51825535 -4.71737338 -138.62952244
v 5.51825535 -4.71737338 -138.62952244
v 6.83620820 -2.44066117 -136.31236374
v 8.13839567 -0.11047505 -138.58486269
v -5.44810366 4.58927239 -140.77860109
v -5.44810366 4.58927239 -140.77860109
v -6.75029907 2.25908650 -138.50610214
v -6.75029907 2.25908650 -138.50610214
v -6.75029907 2.25908650 -138.50610214
v -5.43233767 4.53580680 -136.18894343
v -5.43233767 4.53580680 -136.18894343
v -4.13016057 6.86598521 -138.46144239
v -4.13016057 6.86598521 -138.46144239
v -6.41937317 -0.32199793 -131.11296910
v -6.41937317 -0.32199793 -131.11296910
v -2.80302743 1.07045541 -131.10918933
v -2.80302743 1.07045541 -131.10918933
v -2.80302743 1.07045541 -131.10918933
v -5.61621401 -4.11271258 -131.15990396
v -5.61621401 -4.11271258 -131.15990396
v -1.99928797 -2.72058811 -131.15610466
v -1.99928797 -2.72058811 -131.15610466
v -2.77651467 0.98054944 -123.39140705
v -2.77651467 0.98054944 -123.39140705
v -2.77651467 0.98054944 -123.39140705
v -6.39286072 -0.41190370 -123.39519658
v -6.39286072 -0.41190370 -123.39519658
v -5.58970156 -4.20261843 -123.44211191
v -5.58970156 -4.20261843 -123.44211191
v -1.97277552 -2.81049396 -123.43832238
v -1.97277552 -2.81049396 -123.43832238
v -1.17355801 -1.18116790 -127.28154405
v -3.34894111 0.02409811 -130.10376011
v -5.50477358 1.16311198 -127.23935576
v -3.32940620 -0.04214647 -124.41712993
v -3.32940620 -0.04214647 -124.41712993
v 3.38292977 7.23577446 -127.19914864
v 3.38292977 7.23577446 -127.19914864
v 1.20754713 8.44103284 -130.02136470
v 1.20754713 8.44103284 -130.02136470
v -0.94828580 9.58005457 -127.15696035
v -0.94828580 9.58005457 -127.15696035
v 1.22708212 8.37478826 -124.33474429
v 1.22708212 8.37478826 -124.33474429
v 1.22708212 8.37478826 -124.33474429
v 6.85919892 -2.51862301 -129.61989384
v 5.55701145 -4.84880112 -127.34739488
v 5.55701145 -4.84880112 -127.34739488
v 6.87496552 -2.57208860 -125.03022642
v 8.17715238 -0.24190271 -127.30272537
v -5.40934756 4.45784495 -129.49646376
v -5.40934756 4.45784495 -129.49646376
v -6.71154174 2.12765891 -127.22396481
v -6.71154174 2.12765891 -127.22396481
v -6.71154174 2.12765891 -127.22396481
v -5.39357974 4.40437906 -124.90680611
v -5.39357974 4.40437906 -124.90680611
v -4.09140356 6.73455747 -127.17930506
v -4.09140356 6.73455747 -127.17930506
v 46.78538150 -4.28608219 -30.12948356
v 46.93653384 -3.57772169 -35.54726834
v 28.95226422 50.22489806 -19.01313223
v 28.89209577 49.57768439 -13.60168776
v 54.01228075 -3.75734926 -35.82611114
v 53.86112841 -4.46570977 -30.40832636
v 49.90486385 -7.43244413 -31.06606898
v 50.05589901 -6.80940160 -36.49432742
v 47.02754946 -3.46758367 -35.79873556
v 46.87642642 -4.17594418 -30.38095078
v 50.24619685 -0.64674902 -34.71650329
v 50.09506893 -1.35510961 -29.29871851
v 29.19046978 50.22817931 -19.01929556
v 47.17474184 -3.57444165 -35.55343289
v 47.02358462 -4.28280216 -30.13564811
v 29.13029889 49.58096076 -13.60784987
v 42.18495680 20.73837087 -48.48595982
v 42.64758862 15.81835323 -45.16473139
v 29.46944195 54.57876355 -29.97063560
v 29.52406109 54.81113825 -34.95582294
v 45.93305242 3.50300868 -56.32276648
v 47.17068911 -0.13739916 -52.43782675
v -46.29525119 -4.18983628 -29.80853874
v -46.48227267 -3.48112604 -35.22515897
v -28.79891124 51.15152401 -19.26362139
v -28.70275646 50.50414921 -13.85271526
v -53.56012895 -3.64611893 -35.45519806
v -53.37310747 -4.35482917 -30.03858027
v -49.42760951 -7.32973368 -30.72356899
v -49.61476771 -6.70634142 -36.15066044
v -46.57479219 -3.37079852 -35.47599386
v -46.38776583 -4.07950845 -30.05937363
v -49.78006068 -0.54332142 -34.37161071
v -49.59303431 -1.25203158 -28.95499293
v -29.03714366 51.15529843 -19.26814166
v -46.72050996 -3.47735346 -35.22967801
v -46.53348360 -4.18606370 -29.81306022
v -28.94098888 50.50792363 -13.85723552
v -41.76973859 20.82516520 -48.19648228
v -42.21963604 15.90609116 -44.87210444
v -28.85692638 54.63905645 -29.76952477
v -28.94543468 54.87158252 -34.75421894
v -45.60742893 3.59766189 -56.00713172
v -46.82575410 -0.04020640 -52.11372519
v 14.03976822 -53.41743979 187.23673210
v 17.94683600 -50.39172769 188.55958453
v 0.99656218 -41.97552625 199.34323846
v 0.94832945 -55.10194712 189.28870395
v -16.04503946 -50.35657637 188.67679156
v -12.15343432 -53.39035486 187.32704460
v 0.32306543 56.82346972 -42.66451766
v 14.77495375 68.81983985 -41.00758509
v 14.77495375 68.81983985 -41.00758509
v 24.02521843 36.95937966 -77.21202525
v 24.02521843 36.95937966 -77.21202525
v 0.16251545 22.65601766 -78.98959823
v 23.35901239 34.72977753 -97.93548064
v 23.35901239 34.72977753 -97.93548064
v 0.32468045 56.51619418 -42.10387330
v 0.88574347 21.16457720 -78.41695231
v -14.09221602 68.84968845 -40.90806361
v -14.09221602 68.84968845 -40.90806361
v -23.65774925 37.00869112 -77.04761607
v -23.65774925 37.00869112 -77.04761607
v -23.13904077 34.77785853 -97.77516814
v -23.13904077 34.77785853 -97.77516814
v -44.47391334 -46.79364781 2.53975447
v -41.36163801 -36.74872754 -75.77669382
v 41.46765213 -36.83435976 -76.06227976
v 45.09903388 -46.88625023 2.23090529
v 32.65450047 -50.32367457 184.47919440
v -30.78029792 -50.25809360 184.69792486
v 0.96341754 -50.38012738 192.24931067
v 0.31256057 -46.83994658 2.38532988
v 0.05301005 -36.79154243 -75.91948679
v 4.28904700 -2.53224203 54.83264833
v 2.05561825 -7.44529351 52.97568400
v 2.05561825 -7.44529351 52.97568400
v -3.19662605 -5.36238020 53.78189555
v -0.96319867 -0.44932834 55.63885500
v 4.62055456 1.84096800 43.72030246
v 4.62055456 1.84096800 43.72030246
v 2.16896297 -3.55200859 41.68195127
v 2.16896297 -3.55200859 41.68195127
v 2.16896297 -3.55200859 41.68195127
v -3.59634528 -1.26563556 42.56691287
v -3.59634528 -1.26563556 42.56691287
v -1.14474576 4.12734134 44.60526407
v -1.14474576 4.12734134 44.60526407
v 2.83304850 -6.15872075 60.12268556
v 0.55903636 -8.27791823 59.32571228
v 0.55903636 -8.27791823 59.32571228
v -1.70505611 -6.15402837 60.13833498
v 0.56897218 -4.03483027 60.93530826
v 4.76063085 1.85651489 44.58623498
v 4.14130500 -2.84222891 43.18131657
v 12.49385761 2.39381062 41.08867941
v 12.48090717 -0.84943612 39.86249438
v -1.03658627 -20.08310044 -109.44428685
v -1.00064465 -39.16002019 -93.29659984
v -1.00064465 -39.16002019 -93.29659984
v -0.92411763 -20.46443956 -76.70905639
v -0.96007428 -1.38752241 -92.85673364
v 21.42603636 -8.37820133 -93.01509535
v 21.42603636 -8.37820133 -93.01509535
v 21.40043334 -32.21588769 -93.29269125
v 21.40043334 -32.21588769 -93.29269125
v 21.40043334 -32.21588769 -93.29269125
v 21.37775267 -20.17659121 -103.48306687
v 21.37775267 -20.17659121 -103.48306687
v -22.44576930 -31.97134920 -93.13917556
v -22.44576930 -31.97134920 -93.13917556
v -22.44576930 -31.97134920 -93.13917556
v -22.42059352 -8.53207282 -92.86621847
v -22.42059352 -8.53207282 -92.86621847
v -22.46806910 -20.13326857 -103.15931689
v -22.46806910 -20.13326857 -103.15931689
v -13.11380051 -20.13087075 -104.23915075
v -13.11380051 -20.13087075 -104.23915075
v -13.08919602 -33.18948869 -93.18551385
v -13.08919602 -33.18948869 -93.18551385
v -13.08919602 -33.18948869 -93.18551385
v -13.08919602 -33.18948869 -93.18551385
v -13.03682175 -20.39191099 -81.83079405
v -13.03682175 -20.39191099 -81.83079405
v -13.06142502 -7.33304524 -92.88441142
v -13.06142502 -7.33304524 -92.88441142
v -22.39827174 -20.36990381 -82.84583299
v -22.39827174 -20.36990381 -82.84583299
v 10.15607873 -20.16499210 -103.44437547
v 10.15607873 -20.16499210 -103.44437547
v 10.17876183 -32.20428858 -93.25399008
v 10.17876183 -32.20428858 -93.25399008
v 10.17876183 -32.20428858 -93.25399008
v 10.17876183 -32.20428858 -93.25399008
v 10.22704675 -20.40564846 -82.78575489
v 10.22704675 -20.40564846 -82.78575489
v 10.20436425 -8.36660161 -92.97639418
v 10.20436425 -8.36660161 -92.97639418
v 21.44871947 -20.41724756 -82.82446582
v 21.44871947 -20.41724756 -82.82446582
v 0.83243091 -25.81976315 -114.39179798
v 0.83243091 -25.81976315 -114.39179798
v 1.28692762 -26.13718932 -108.77382022
v -8.07896298 -32.26875840 -101.65338366
v -8.07896298 -32.26875840 -101.65338366
v -8.12164120 -30.97677670 -114.42110636
v -8.12164120 -30.97677670 -114.42110636
v -8.12164120 -30.97677670 -114.42110636
v 1.24103529 -15.32574628 -109.35868956
v 0.84352816 -15.48781858 -114.27148201
v 0.84352816 -15.48781858 -114.27148201
v -8.09944699 -10.31229919 -114.18046465
v -8.09944699 -10.31229919 -114.18046465
v -8.06533749 -9.56093230 -104.51114911
v -17.05350257 -15.46932129 -114.20977303
v -17.05350257 -15.46932129 -114.20977303
v -18.17322056 -14.96736479 -99.05987227
v -17.06460242 -25.80126708 -114.33008900
v -17.06460242 -25.80126708 -114.33008900
v -18.05381017 -26.55318556 -100.97720017
v -14.88570355 -10.85799983 -186.53155023
v -14.88570355 -10.85799983 -186.53155023
v -14.88570355 -10.85799983 -186.53155023
v -11.94218921 -14.17795496 -177.29227507
v -17.20790076 -10.20230564 -181.96969507
v -17.20790076 -10.20230564 -181.96969507
v -7.52317136 -7.50576297 -180.19772171
v -14.39623701 -6.72451139 -183.35151014
v -14.39623701 -6.72451139 -183.35151014
v -9.06752497 -14.59709736 -186.35705933
v -9.06752497 -14.59709736 -186.35705933
v 17.07640389 -25.37879763 -175.92956416
v 17.07640389 -25.37879763 -175.92956416
v 17.07640389 -25.37879763 -175.92956416
v 16.48983164 -27.39352873 -169.00409689
v 16.48983164 -27.39352873 -169.00409689
v 20.37495118 -22.32120872 -172.75503225
v 20.37495118 -22.32120872 -172.75503225
v 0.26743733 -1.25624836 -24.37580888
v 0.27536296 13.64504398 -26.54598427
v 0.27536296 13.64504398 -26.54598427
v -18.45658482 9.01320664 -24.42207739
v -18.45658482 9.01320664 -24.42207739
v -21.71266384 -8.16289160 -8.84155642
v -21.71266384 -8.16289160 -8.84155642
v -23.77570335 -23.46018162 10.81460315
v -23.77570335 -23.46018162 10.81460315
v 0.31904183 -36.25126084 1.08527058
v 0.31904183 -36.25126084 1.08527058
v 0.45472803 -24.35529528 36.87756492
v 0.45472803 -24.35529528 36.87756492
v 0.26514278 -1.52136334 -24.95754963
v 0.31704696 -37.40080409 0.85572116
v 0.31704696 -37.40080409 0.85572116
v 19.01188603 8.97447195 -24.55125708
v 19.01188603 8.97447195 -24.55125708
v 22.33978634 -8.20843475 -8.99344240
v 22.33978634 -8.20843475 -8.99344240
v 24.50666374 -23.51009610 10.64812488
v 24.50666374 -23.51009610 10.64812488
v 23.59687372 -27.57060531 30.64292589
v 23.59687372 -27.57060531 30.64292589
v -22.73647241 -27.52270009 30.80268175
v -22.73647241 -27.52270009 30.80268175
v 9.18598537 3.34828562 118.89763804
v 54.01505419 3.66632632 138.01089765
v 53.93196825 7.40732116 136.81369202
v 42.82859448 10.05638804 135.61240399
v 51.60327690 10.03981689 135.91809731
v 27.86185897 -2.30834309 127.13426604
v 24.21817741 5.69252198 117.46412337
v 18.17017950 -3.99964409 126.92813268
v 6.24803866 -7.96603628 130.93177346
v 16.58791269 -7.97659840 130.89612893
v 30.68172952 6.35508264 120.14048070
v 4.16328254 -0.96757899 123.68523368
v 30.16977884 3.57501665 122.22844827
v 39.04355306 3.82672549 135.23248983
v 30.10280375 0.30281300 125.20642534
v 39.79311847 6.41656967 133.98419006
v 39.36346516 1.61563196 137.83456886
v -52.34906941 3.77629231 138.37762616
v -52.26650593 7.51711595 137.17984436
v -41.16622298 10.14322387 135.90201336
v -37.70331778 1.69530433 138.10028175
v -49.93860560 10.14479662 136.26820473
v -22.71748072 5.44824634 117.92355683
v -17.86599645 3.27374148 120.04709100
v -4.65614872 -7.95476127 130.96938088
v -14.99602337 -7.94394036 131.00502541
v -26.48498796 -2.69968118 127.86350410
v -29.13398936 6.41691729 120.34671117
v -7.82056760 3.32459140 119.11164191
v -38.14957998 6.49714757 134.25292053
v -28.53267346 0.36342729 125.40858354
v -28.61340588 3.63578379 122.43111429
v -37.39678215 3.90575005 135.49604451
v -2.61484384 -1.00884320 123.76219655
v 19.41034549 3.29869363 119.85700314
v -16.87203163 -3.63175253 126.71609181
v 21.47906126 -17.39114781 -159.59343055
v 21.47906126 -17.39114781 -159.59343055
v 9.85640222 0.14419639 -159.36517271
v 9.85640222 0.14419639 -159.36517271
v 10.02884790 -0.36376888 -117.47994334
v 10.02884790 -0.36376888 -117.47994334
v 25.73939808 -11.38455728 -118.06315011
v 25.73939808 -11.38455728 -118.06315011
v 2.00014660 -3.91458541 -138.55256906
v 2.00014660 -3.91458541 -138.55256906
v 2.00014660 -3.91458541 -138.55256906
v 6.41069734 2.36970873 -138.49452007
v 6.41069734 2.36970873 -138.49452007
v 6.41069734 2.36970873 -138.49452007
v 29.15491803 -13.59050464 -138.75858792
v 29.15491803 -13.59050464 -138.75858792
v 29.15491803 -13.59050464 -138.75858792
v 5.61831821 -6.64807058 -117.53799233
v 5.61831821 -6.64807058 -117.53799233
v 21.32886107 -17.66885463 -118.12119910
v 21.32886107 -17.66885463 -118.12119910
v 25.88955921 -11.14231676 -159.53579173
v 25.88955921 -11.14231676 -159.53579173
v 5.44586552 -6.14010546 -159.42323146
v 5.44586552 -6.14010546 -159.42323146
v 10.85506858 -0.32234230 -118.72794123
v 10.85506858 -0.32234230 -118.72794123
v 10.85506858 -0.32234230 -118.72794123
v 25.16814321 -10.34311540 -119.09906761
v 25.16814321 -10.34311540 -119.09906761
v 25.16814321 -10.34311540 -119.09906761
v 24.75986197 -9.68903407 -158.88389678
v 24.75986197 -9.68903407 -158.88389678
v 24.75986197 -9.68903407 -158.88389678
v 10.63223289 0.20048859 -158.39291694
v 10.63223289 0.20048859 -158.39291694
v 10.63223289 0.20048859 -158.39291694
v 26.30577502 -7.67967019 -119.33868583
v 26.30577502 -7.67967019 -119.33868583
v 26.30577502 -7.67967019 -119.33868583
v 26.30577502 -7.67967019 -119.33868583
v 12.80647113 1.81860570 -118.91322369
v 12.80647113 1.81860570 -118.91322369
v 12.80647113 1.81860570 -118.91322369
v 12.80647113 1.81860570 -118.91322369
v 12.63323627 2.30256143 -158.13850220
v 12.63323627 2.30256143 -158.13850220
v 12.63323627 2.30256143 -158.13850220
v 12.63323627 2.30256143 -158.13850220
v 26.13110706 -7.19544013 -158.48419872
v 26.13110706 -7.19544013 -158.48419872
v 26.13110706 -7.19544013 -158.48419872
v 26.13110706 -7.19544013 -158.48419872
v 14.12350845 5.32862963 -157.17040559
v 14.12350845 5.32862963 -157.17040559
v 14.12350845 5.32862963 -157.17040559
v 14.25231948 4.89181254 -119.67342764
v 14.25231948 4.89181254 -119.67342764
v 14.25231948 4.89181254 -119.67342764
v 28.67369733 -4.51273053 -157.43785028
v 28.67369733 -4.51273053 -157.43785028
v 28.67369733 -4.51273053 -157.43785028
v 28.80056745 -4.94294404 -120.50707344
v 28.80056745 -4.94294404 -120.50707344
v 28.80056745 -4.94294404 -120.50707344
v 6.48827669 -7.14131668 -156.43626925
v 6.48827669 -7.14131668 -156.43626925
v 19.73977297 -16.76936037 -120.96229222
v 19.73977297 -16.76936037 -120.96229222
v 6.60525239 -7.55279960 -120.78211335
v 6.60525239 -7.55279960 -120.78211335
v 19.97139528 -16.59981091 -156.91223918
v 19.97139528 -16.59981091 -156.91223918
v 1.13386389 -15.34865866 -120.85412769
v 1.13386389 -15.34865866 -120.85412769
v 1.13386389 -15.34865866 -120.85412769
v 13.70477799 -24.29199718 -121.71603490
v 13.70477799 -24.29199718 -121.71603490
v 13.90827774 -24.11621898 -156.20365781
v 13.90827774 -24.11621898 -156.20365781
v 0.70199004 -20.57844321 -157.07775808
v 0.70199004 -20.57844321 -157.07775808
v 11.94303365 -29.49524151 -120.84319496
v 11.94303365 -29.49524151 -120.84319496
v 11.81808858 -29.07154033 -157.21488007
v 11.81808858 -29.07154033 -157.21488007
v 6.90891022 -23.12943434 -120.22959914
v 6.90891022 -23.12943434 -120.22959914
v -11.68603565 -11.19696974 -156.92590923
v -11.68603565 -11.19696974 -156.92590923
v -11.55929615 -11.62675141 -120.03215387
v -11.55929615 -11.62675141 -120.03215387
v -4.87911075 -11.52377290 -120.05390188
v -4.87911075 -11.52377290 -120.05390188
v 1.29233671 -21.19464583 -116.37118096
v 1.29233671 -21.19464583 -116.37118096
v 6.92201874 -23.17388875 -116.41357420
v 6.92201874 -23.17388875 -116.41357420
v 10.67562523 -28.35148578 -116.48678883
v 10.67562523 -28.35148578 -116.48678883
v 8.78639614 -37.33146762 -116.58490708
v 8.78639614 -37.33146762 -116.58490708
v -2.22070383 -40.89504387 -116.58859969
v -2.22070383 -40.89504387 -116.58859969
v -9.01517450 -35.37557921 -116.50095135
v -9.01517450 -35.37557921 -116.50095135
v -9.01517450 -35.37557921 -116.50095135
v 0.67265271 -20.61819132 -165.57608719
v 0.67265271 -20.61819132 -165.57608719
v 0.67265271 -20.61819132 -165.57608719
v 6.75298127 -22.60067154 -165.62007223
v 6.75298127 -22.60067154 -165.62007223
v 10.50658898 -27.77827102 -165.69327709
v 10.50658898 -27.77827102 -165.69327709
v 8.61735928 -36.75825286 -165.79138558
v 8.61735928 -36.75825286 -165.79138558
v -2.38974039 -40.32182666 -165.79507819
v -2.38974039 -40.32182666 -165.79507819
v -9.18351251 -34.15298708 -165.69988080
v -9.18351251 -34.15298708 -165.69988080
v -7.29428343 -25.17300279 -165.60175279
v -7.29428343 -25.17300279 -165.60175279
v -11.85719165 -17.96345601 -163.44318615
v -11.85719165 -17.96345601 -163.44318615
v -11.85719165 -17.96345601 -163.44318615
v -21.33358670 -16.70617102 -163.39597870
v -21.33358670 -16.70617102 -163.39597870
v -12.69312303 -17.90436419 -120.10138450
v -12.69312303 -17.90436419 -120.10138450
v -12.69312303 -17.90436419 -120.10138450
v -12.69312303 -17.90436419 -120.10138450
v -12.81986131 -17.47458129 -156.99513986
v -12.81986131 -17.47458129 -156.99513986
v -12.81986131 -17.47458129 -156.99513986
v -12.81986131 -17.47458129 -156.99513986
v -23.15977563 -27.95065091 -116.36586097
v -23.15977563 -27.95065091 -116.36586097
v -22.88464868 -28.57375505 -163.52889285
v -22.88464868 -28.57375505 -163.52889285
v -28.62340832 -25.86578204 -126.42882786
v -9.50596002 -34.04228222 -163.63857241
v -9.50596002 -34.04228222 -163.63857241
v -9.50596002 -34.04228222 -163.63857241
v -5.00504276 -11.09455519 -156.94766701
v -5.00504276 -11.09455519 -156.94766701
v -6.54048279 -14.14439125 -156.97792194
v -6.54048279 -14.14439125 -156.97792194
v 1.27732313 -21.14368000 -120.74625856
v 1.27732313 -21.14368000 -120.74625856
v -6.56259094 -14.06939275 -163.41601687
v -6.56259094 -14.06939275 -163.41601687
v -10.84606985 -15.54097312 -156.97939702
v -10.84606985 -15.54097312 -156.97939702
v -10.55095023 -15.67160692 -163.42097835
v -10.55095023 -15.67160692 -163.42097835
v -12.68001390 -17.94881738 -116.28535956
v -12.68001390 -17.94881738 -116.28535956
v -12.68001390 -17.94881738 -116.28535956
v -7.57842710 -14.99999448 -116.26854216
v -7.57842710 -14.99999448 -116.26854216
v -19.23248446 -17.58346035 -107.27092689
v -19.23248446 -17.58346035 -107.27092689
v -18.21706944 -22.46186064 -107.33124103
v -18.21706944 -22.46186064 -107.33124103
v -18.21706944 -22.46186064 -107.33124103
v -17.86138341 -22.62068572 -116.32198223
v -17.86138341 -22.62068572 -116.32198223
v -17.86138341 -22.62068572 -116.32198223
v -23.56539818 -26.33882552 -107.35802944
v -23.56539818 -26.33882552 -107.35802944
v -27.88625990 -23.85656996 -107.31426884
v -27.88625990 -23.85656996 -107.31426884
v -25.71642108 -16.33785138 -107.23412960
v -25.71642108 -16.33785138 -107.23412960
v 6.78217072 -22.69965145 -157.12335450
v 6.78217072 -22.69965145 -157.12335450
v -25.68095965 -25.54748833 -163.48403832
v -25.68095965 -25.54748833 -163.48403832
v -16.50352822 -15.96262011 -116.24908937
v -16.50352822 -15.96262011 -116.24908937
v 0.67987357 -20.50344593 -163.51585302
v 0.67987357 -20.50344593 -163.51585302
v 0.67987357 -20.50344593 -163.51585302
v -7.57176633 -25.07998592 -163.54080573
v -7.57176633 -25.07998592 -163.54080573
v -7.59153623 -14.95554129 -120.08455733
v -7.59153623 -14.95554129 -120.08455733
v 1.01688597 -14.93717696 -156.50827382
v 1.01688597 -14.93717696 -156.50827382
v 1.01688597 -14.93717696 -156.50827382
v -22.75739038 -29.00529581 -126.48416094
v 15.46467541 -25.38302644 -138.84891415
v 15.46467541 -25.38302644 -138.84891415
v 22.52635372 -18.56036367 -138.79370678
v 22.52635372 -18.56036367 -138.79370678
v 24.74438102 -19.87480565 -138.81663691
v 24.74438102 -19.87480565 -138.81663691
v 26.01463734 -10.75599936 -138.71475884
v 26.01463734 -10.75599936 -138.71475884
v 9.45906764 0.81910643 -138.52305575
v 9.45906764 0.81910643 -138.52305575
v 5.92097018 -6.90791818 -138.60089037
v 5.92097018 -6.90791818 -138.60089037
v 0.44956374 -14.70377846 -138.67290471
v 0.44956374 -14.70377846 -138.67290471
v 11.88106587 -29.28510361 -138.88204046
v 11.88106587 -29.28510361 -138.88204046
v -0.85000806 -3.23953406 -184.29475105
v -0.74802190 -0.16362008 -180.52998482
v 0.28033987 -3.23143470 -184.28469245
v 0.20976176 -0.16468087 -180.53314888
v 0.11708722 -0.18919688 -187.58670276
v 0.07368340 3.16078551 -183.00545216
v -0.70368970 -0.19507174 -187.59488636
v -0.62235655 3.16082426 -183.00289357
v -1.11432873 -15.04905623 -187.25905156
v 0.41532309 -15.03614119 -187.26432499
v 0.23332123 -10.10101301 -192.58537740
v -0.87709226 -10.10742537 -192.58397115
v -1.17732327 -19.96654244 -193.89381808
v 0.43085184 -19.97039009 -193.90659152
v -1.07358014 -7.95625985 -210.66830428
v 0.30785742 -7.97758492 -210.66801132
v 0.16349299 -9.14853964 -204.44562962
v -0.88809583 -9.15337302 -204.43447728
v -0.93755841 0.93711452 -207.05627045
v 0.21639476 0.91977898 -207.07160248
v 0.06776871 -1.66309534 -203.29109598
v -0.76801771 -1.66533625 -203.28625223
v -0.64913404 6.30455093 -199.95734368
v -0.01014709 6.29670731 -199.97632805
v -0.08926887 4.39861578 -198.13478594
v -0.56292593 4.37977057 -198.14357500
v -0.47005056 8.66025185 -197.85058531
v -0.16921763 8.64754007 -197.85929625
v -0.20595755 7.81159685 -196.91951149
v -0.42877958 7.81979509 -196.91630836
v -0.31822089 8.73346272 -197.29015567
v -0.31822089 8.73346272 -197.29015567
v -1.16260098 -19.45948524 -202.24969585
v -0.92775891 -13.93803825 -198.25822960
v 0.23576298 -13.94027945 -198.27764366
v 0.43166605 -19.46415565 -202.24918804
v -1.14123486 -15.16350233 -208.04699842
v 0.37910057 -15.17769179 -208.03899061
v -23.06558618 -18.14249366 161.14316302
v -18.27005528 -22.94786906 161.07071024
v -12.21749316 -19.87206741 161.08574057
v -13.27236374 -13.16575718 161.16749087
v -19.97686066 -12.09681811 161.20297951
v 23.63174188 -21.78285694 160.94031025
v 16.38408091 -22.92301794 160.95193096
v 13.06027483 -16.38287957 161.03953081
v 18.25373419 -11.20069024 161.08205209
v 24.78723746 -14.53806654 161.02073261
v -0.46143286 5.45092837 -187.51812665
v -0.44422537 3.88837940 -182.05787390
v -0.11009002 5.45056521 -187.51933759
v -0.09288249 3.88801594 -182.05908484
v -0.12990802 -4.35832828 -190.32625463
v -0.11270049 -5.92088487 -184.86600188
v -0.48125090 -4.35796482 -190.32504370
v -0.46404341 -5.92052172 -184.86479095
v 0.35142967 51.54089293 -15.84655501
v 0.31798594 61.89246832 -28.65268895
v 28.40478865 61.23058078 -34.66923145
v 26.60546496 48.19463472 -19.30410945
v 26.60546496 48.19463472 -19.30410945
v 48.78192931 24.19483866 -22.19003640
v 74.59315432 9.74193981 -48.98138339
v 74.59315432 9.74193981 -48.98138339
v 74.59315432 9.74193981 -48.98138339
v 74.59315432 9.74193981 -48.98138339
v 67.74404802 43.09984033 -62.59915377
v 55.00629440 4.95660647 -16.30638878
v 71.19736338 -24.81784096 -22.99106845
v 58.37514198 60.60340918 -67.15459168
v 58.37514198 60.60340918 -67.15459168
v 58.37514198 60.60340918 -67.15459168
v 73.49014653 20.94504051 -54.95851759
v 55.57471724 -1.11185892 -9.79107541
v 55.57471724 -1.11185892 -9.79107541
v 60.72723177 55.62959133 -66.95084826
v 60.72723177 55.62959133 -66.95084826
v 0.68857326 48.20954667 -18.84411560
v 0.68857326 48.20954667 -18.84411560
v 38.88805257 36.99030909 -24.31350840
v 50.98006402 4.10299189 -19.39680741
v 58.62089881 -11.03140388 -10.53138141
v 58.62089881 -11.03140388 -10.53138141
v 58.62089881 -11.03140388 -10.53138141
v 73.73868168 3.97739715 -49.36494974
v 66.94008808 43.66874210 -63.98061338
v 0.66259689 61.22915352 -30.28430520
v 43.64576731 70.35241839 -57.23563934
v 64.34709009 -12.91329487 -20.40299833
v 46.36490788 78.59901876 -71.00185079
v 59.53629430 -9.71536013 -9.31113330
v 59.53629430 -9.71536013 -9.31113330
v 59.53629430 -9.71536013 -9.31113330
v 52.90199269 -1.06989614 -13.10595905
v 52.90199269 -1.06989614 -13.10595905
v 71.00787608 -25.96367813 -23.28886910
v 34.79223480 61.75211130 -41.39450150
v 46.95041079 78.24992680 -70.39861368
v 43.18110912 48.68596713 -32.19495862
v 43.18110912 48.68596713 -32.19495862
v 54.13795946 53.95112950 -52.13437105
v 54.13795946 53.95112950 -52.13437105
v 65.08469750 -12.18768470 -20.08849373
v 65.08876976 14.38961988 -36.12001856
v 65.08876976 14.38961988 -36.12001856
v 38.94871175 43.17263966 -23.56042291
v 38.94871175 43.17263966 -23.56042291
v 35.34256437 61.79743324 -40.42185267
v 35.34256437 61.79743324 -40.42185267
v 42.32888258 57.47675521 -40.96715435
v 42.32888258 57.47675521 -40.96715435
v 36.25531582 42.68759982 -21.08622658
v 36.25531582 42.68759982 -21.08622658
v 31.81614355 42.58027059 -20.65142442
v 31.81614355 42.58027059 -20.65142442
v 28.61045027 44.61643204 -19.40055840
v 26.68507433 49.74094604 -13.45690745
v 26.68507433 49.74094604 -13.45690745
v 34.96655364 55.51349917 -13.69153927
v 34.96655364 55.51349917 -13.69153927
v 33.69087740 42.94509247 -13.83647879
v 33.69087740 42.94509247 -13.83647879
v 33.69087740 42.94509247 -13.83647879
v 41.15240799 48.21471597 -14.09033075
v 41.15240799 48.21471597 -14.09033075
v 46.69773502 21.92745694 -24.66317896
v 68.00965349 6.80811376 -36.00554848
v 68.00965349 6.80811376 -36.00554848
v 74.72643068 4.02990933 -47.47898315
v 74.72643068 4.02990933 -47.47898315
v 74.72643068 4.02990933 -47.47898315
v 72.76499029 20.06235924 -56.48763881
v 73.25583013 15.44646786 -50.47672309
v 73.25583013 15.44646786 -50.47672309
v 73.25583013 15.44646786 -50.47672309
v 70.61115245 16.87531762 -46.36286566
v 70.61115245 16.87531762 -46.36286566
v 75.55077636 16.49441560 -46.46982379
v 75.55077636 16.49441560 -46.46982379
v 75.55077636 16.49441560 -46.46982379
v 78.03450678 13.36893115 -42.25192005
v 78.03450678 13.36893115 -42.25192005
v 61.50243195 55.07656844 -65.48933006
v 61.50243195 55.07656844 -65.48933006
v 62.06764190 55.92469359 -66.21068712
v 62.06764190 55.92469359 -66.21068712
v 59.33190466 53.07088307 -59.52527870
v 59.33190466 53.07088307 -59.52527870
v 54.28705125 65.79536135 -66.09423361
v 54.28705125 65.79536135 -66.09423361
v 54.28705125 65.79536135 -66.09423361
v 51.45593804 63.90870910 -59.93216953
v 51.45593804 63.90870910 -59.93216953
v 60.86669466 63.99733204 -59.64795078
v 60.86669466 63.99733204 -59.64795078
v 56.49284222 66.72292348 -62.40008333
v 56.49284222 66.72292348 -62.40008333
v 56.49284222 66.72292348 -62.40008333
v 40.28237627 38.94208063 -22.24990935
v 42.46059644 70.37317526 -57.34949186
v 54.11671434 66.64652930 -69.22517534
v 54.33610399 67.36849673 -68.43904238
v 50.08244197 59.93394172 -53.34485229
v 50.08244197 59.93394172 -53.34485229
v 31.27166114 58.82112735 -32.95473539
v 31.27166114 58.82112735 -32.95473539
v 63.33605984 56.68869185 -64.22326521
v 63.33605984 56.68869185 -64.22326521
v 63.33605984 56.68869185 -64.22326521
v 63.33605984 56.68869185 -64.22326521
v 1.01557738 -35.81289880 203.01060340
v 1.01557738 -35.81289880 203.01060340
v 0.98357047 -48.29319578 197.46911546
v 0.98357047 -48.29319578 197.46911546
v 0.99954970 -28.38196716 196.13254029
v 0.99954970 -28.38196716 196.13254029
v 0.61093206 23.55221805 67.82503356
v 1.00839972 -25.54767120 197.84968949
v 1.00839972 -25.54767120 197.84968949
v 5.56196201 -23.95069781 195.14822549
v 5.56196201 -23.95069781 195.14822549
v 13.14749407 -15.83960446 182.69647185
v 13.14749407 -15.83960446 182.69647185
v 0.96440020 -47.38530818 191.63585472
v 0.60333990 22.07352008 66.06617584
v 42.74370190 5.74647350 64.64786484
v 42.74370190 5.74647350 64.64786484
v 27.22331162 41.95375117 40.04098291
v 27.22331162 41.95375117 40.04098291
v 36.18481289 6.35798609 69.45739085
v 36.18481289 6.35798609 69.45739085
v 31.82983740 46.05962539 38.04285953
v 43.08424389 4.10575100 73.78380073
v 43.08424389 4.10575100 73.78380073
v 41.21330643 5.41489608 68.26318657
v 33.69398287 26.77413437 52.78235572
v 0.52767765 48.26803883 36.26150062
v 0.52862911 43.97132004 37.82619869
v 0.52862911 43.97132004 37.82619869
v 0.51411498 47.19278138 32.64970624
v 0.51411498 47.19278138 32.64970624
v 31.74002783 44.59466130 33.41578193
v 31.74002783 44.59466130 33.41578193
v 10.29936059 -48.24377168 196.64163510
v 10.29936059 -48.24377168 196.64163510
v 10.13772241 -35.81085710 200.97503723
v 10.13772241 -35.81085710 200.97503723
v 40.99980790 -34.39341640 173.61066587
v 40.99980790 -34.39341640 173.61066587
v 39.61928791 -48.53157591 172.21048548
v 39.61928791 -48.53157591 172.21048548
v 10.38618004 -25.17224355 189.28068670
v 10.38618004 -25.17224355 189.28068670
v 19.63193240 -24.69931926 183.41461332
v 19.63193240 -24.69931926 183.41461332
v 5.04661260 -27.50945908 193.57041198
v 5.04661260 -27.50945908 193.57041198
v 28.16983016 -21.81117126 172.13854137
v 28.16983016 -21.81117126 172.13854137
v 43.51523997 -34.14467574 150.54063932
v 43.51523997 -34.14467574 150.54063932
v 43.51523997 -34.14467574 150.54063932
v 21.81736936 -11.83319774 154.57265809
v 21.81736936 -11.83319774 154.57265809
v 21.81736936 -11.83319774 154.57265809
v 27.93707382 -17.19154414 161.39003831
v 27.93707382 -17.19154414 161.39003831
v 42.96180737 -28.03723420 155.29726192
v 45.19879462 -31.93938039 128.25631646
v 45.19879462 -31.93938039 128.25631646
v 47.16662661 -28.60815341 101.24663321
v 47.16662661 -28.60815341 101.24663321
v 44.71119698 -47.78199156 86.86900145
v 44.71119698 -47.78199156 86.86900145
v 48.98151426 -23.44163563 94.54156736
v 48.98151426 -23.44163563 94.54156736
v 53.68135303 -13.86676979 72.82866294
v 53.68135303 -13.86676979 72.82866294
v 51.11895074 -11.12235342 90.37368137
v 51.11895074 -11.12235342 90.37368137
v 51.11895074 -11.12235342 90.37368137
v 18.19594855 -9.39452291 146.78762075
v 18.19594855 -9.39452291 146.78762075
v 33.93856294 -24.82117268 126.70295967
v 34.65939300 -17.52082985 99.41631489
v 42.60968823 -7.03258211 113.75393396
v 42.60968823 -7.03258211 113.75393396
v 44.41765206 -23.25198205 144.38489175
v 44.41765206 -23.25198205 144.38489175
v 15.96889781 -2.84667715 114.67598604
v 15.96889781 -2.84667715 114.67598604
v 18.38704107 0.49535796 94.68468089
v 18.38704107 0.49535796 94.68468089
v 18.38704107 0.49535796 94.68468089
v 44.06971750 -3.10342286 96.99638839
v 44.06971750 -3.10342286 96.99638839
v 48.96955626 -5.76257211 90.90340968
v 48.96955626 -5.76257211 90.90340968
v 36.87625819 -11.83410303 91.63561458
v 52.78019094 -3.69888128 52.97164718
v 45.57633368 4.65400315 60.34966672
v 8.30168241 -28.99799962 195.56859484
v 24.06912712 -0.34159418 94.72236615
v 24.06912712 -0.34159418 94.72236615
v 34.47670746 9.23567202 63.70640128
v 34.47670746 9.23567202 63.70640128
v 11.45218771 21.65325847 67.35847047
v 17.33889290 -8.93440019 159.17616440
v 17.33889290 -8.93440019 159.17616440
v 14.00355240 -6.93734371 172.38551902
v 14.00355240 -6.93734371 172.38551902
v 14.00355240 -6.93734371 172.38551902
v 47.17084536 -49.47131009 64.77036085
v 47.17084536 -49.47131009 64.77036085
v 47.17084536 -49.47131009 64.77036085
v 64.44151392 -21.36436839 60.08277810
v 64.44151392 -21.36436839 60.08277810
v 67.76585955 -29.43530792 54.39020279
v 67.76585955 -29.43530792 54.39020279
v 58.21496132 -48.42812324 54.76520123
v 58.21496132 -48.42812324 54.76520123
v 54.88438034 -4.68298598 21.89406010
v 72.62540534 -28.43717579 3.92885611
v 72.62540534 -28.43717579 3.92885611
v 63.97544948 -52.04039336 11.42242303
v 63.97544948 -52.04039336 11.42242303
v 50.56652399 -55.49525336 17.33343437
v 50.56652399 -55.49525336 17.33343437
v 50.56652399 -55.49525336 17.33343437
v 50.56652399 -55.49525336 17.33343437
v 54.55044969 -27.82286616 2.08511462
v 54.55044969 -27.82286616 2.08511462
v 34.46609222 -48.30169268 170.88976305
v 40.58744463 -48.14066804 86.17737055
v 40.58744463 -48.14066804 86.17737055
v 10.40057885 20.45429439 65.48599470
v 32.95669773 8.44125044 62.74610327
v 43.48767161 3.56166408 59.51255219
v 51.36391167 -1.57253713 52.23542728
v 51.36391167 -1.57253713 52.23542728
v 53.44432666 -4.52773246 22.06359627
v 46.44895084 -52.34917052 48.62381389
v 46.44895084 -52.34917052 48.62381389
v 15.12492811 -23.91822536 175.45377465
v 15.76233532 -22.57094517 160.78179438
v 13.13213274 -17.37920039 161.45102457
v 21.61615355 -22.79577449 161.49374735
v 0.66318343 12.94892330 86.16243021
v 44.14148019 -2.67027770 77.78094154
v 44.14148019 -2.67027770 77.78094154
v -20.07004547 -11.78988602 154.71708192
v -20.07004547 -11.78988602 154.71708192
v -20.07004547 -11.78988602 154.71708192
v -16.49734780 -9.35865015 146.90724966
v -16.49734780 -9.35865015 146.90724966
v -14.47821088 -2.81519495 114.78096651
v -14.47821088 -2.81519495 114.78096651
v -17.02720985 0.53197647 94.80679026
v -17.02720985 0.53197647 94.80679026
v -17.02720985 0.53197647 94.80679026
v -22.71062036 -0.29322365 94.88366497
v -22.71062036 -0.29322365 94.88366497
v -33.31196778 9.30576593 63.94013663
v -33.31196778 9.30576593 63.94013663
v -5.64381227 10.27407280 90.79312213
v -5.64381227 10.27407280 90.79312213
v -10.23718681 21.67568764 67.43325563
v 0.67667957 11.92131213 90.38562273
v 0.67667957 11.92131213 90.38562273
v 0.75346705 6.74791663 114.21195613
v 0.87491347 2.15939728 150.81764371
v -15.55395060 -8.90038839 159.28958237
v -15.55395060 -8.90038839 159.28958237
v -12.12349414 -6.91032837 172.47559714
v -12.12349414 -6.91032837 172.47559714
v -12.12349414 -6.91032837 172.47559714
v 0.92635096 1.51583780 165.93177261
v 0.92635096 1.51583780 165.93177261
v -3.56036750 -23.94126423 195.17969034
v -3.56036750 -23.94126423 195.17969034
v -11.21477956 -15.81441406 182.78045623
v -11.21477956 -15.81441406 182.78045623
v 6.99641083 10.26100275 90.74953815
v 6.99641083 10.26100275 90.74953815
v -27.81711439 61.30964869 -36.27298124
v -25.93268328 48.24896082 -19.12295711
v -25.93268328 48.24896082 -19.12295711
v -48.17810271 24.29509488 -21.85571755
v -74.20325349 9.89579582 -48.46832676
v -74.20325349 9.89579582 -48.46832676
v -74.20325349 9.89579582 -48.46832676
v -74.20325349 9.89579582 -48.46832676
v -67.37095384 41.02954010 -62.06269945
v -54.40152054 5.06973469 -15.92914879
v -57.92090034 60.62743250 -66.80211124
v -57.92090034 60.62743250 -66.80211124
v -57.92090034 60.62743250 -66.80211124
v -72.66604161 20.68646738 -54.48827359
v -62.35726743 -10.40114793 -16.79866685
v -54.93755568 -0.99758858 -9.41002683
v -54.93755568 -0.99758858 -9.41002683
v -39.77718248 37.07164932 -24.04226817
v -54.01346390 4.21155591 -19.03478715
v -58.89865911 -12.09379542 -9.63945987
v -58.89865911 -12.09379542 -9.63945987
v -58.89865911 -12.09379542 -9.63945987
v -74.55517731 5.67981841 -49.94101355
v -74.55517731 5.67981841 -49.94101355
v -67.64030930 39.58458434 -62.44970185
v -61.71864440 -11.71054833 -17.05547024
v -42.65995830 70.64931302 -57.64047806
v -44.66175025 78.86740228 -70.29836446
v -58.58638372 -9.46399207 -8.37027456
v -58.58638372 -9.46399207 -8.37027456
v -58.58638372 -9.46399207 -8.37027456
v -53.95609574 -0.95940433 -12.73751057
v -53.95609574 -0.95940433 -12.73751057
v -70.38874674 -24.36008963 -22.75159811
v -34.13664550 61.56758017 -41.67283649
v -45.34230687 79.16012210 -70.68659673
v -42.59576396 48.77466331 -31.89919935
v -42.59576396 48.77466331 -31.89919935
v -53.67891313 54.06261373 -51.76261812
v -53.67891313 54.06261373 -51.76261812
v -64.60083183 14.52371883 -35.67284572
v -64.60083183 14.52371883 -35.67284572
v -38.31534170 43.25253214 -23.29401666
v -38.31534170 43.25253214 -23.29401666
v -34.96754636 61.82230661 -41.40178663
v -34.96754636 61.82230661 -41.40178663
v -41.78585675 57.56372776 -40.67712506
v -41.78585675 57.56372776 -40.67712506
v -35.60595943 42.76190637 -20.83844826
v -35.60595943 42.76190637 -20.83844826
v -31.16412604 42.64539258 -20.43426622
v -31.16412604 42.64539258 -20.43426622
v -27.94568128 44.67490853 -19.20555230
v -25.96877947 49.79538934 -13.27535594
v -25.96877947 49.79538934 -13.27535594
v -34.23972655 55.58505670 -13.45291378
v -34.23972655 55.58505670 -13.45291378
v -32.99107179 43.01404257 -13.60655814
v -32.99107179 43.01404257 -13.60655814
v -32.99107179 43.01404257 -13.60655814
v -40.44326157 48.29908598 -13.80898798
v -40.44326157 48.29908598 -13.80898798
v -48.20533415 22.02558670 -24.33595241
v -67.53653001 6.94826861 -35.53818032
v -67.53653001 6.94826861 -35.53818032
v -74.73779449 4.35519364 -47.25936880
v -74.73779449 4.35519364 -47.25936880
v -74.73779449 4.35519364 -47.25936880
v -72.13015295 4.24306758 -41.19206485
v -72.13015295 4.24306758 -41.19206485
v -72.87248204 19.60829414 -55.85523669
v -72.86447911 15.59755776 -49.97289986
v -72.86447911 15.59755776 -49.97289986
v -72.86447911 15.59755776 -49.97289986
v -70.18855143 17.02090582 -45.87738227
v -70.18855143 17.02090582 -45.87738227
v -77.42814111 6.34061771 -42.13118513
v -77.42814111 6.34061771 -42.13118513
v -77.42814111 6.34061771 -42.13118513
v -75.12957183 16.65021986 -45.95027301
v -75.12957183 16.65021986 -45.95027301
v -75.12957183 16.65021986 -45.95027301
v -62.32790708 56.43597234 -64.78587754
v -62.32790708 56.43597234 -64.78587754
v -62.32790708 56.43597234 -64.78587754
v -58.92549993 53.19316319 -59.11752480
v -58.92549993 53.19316319 -59.11752480
v -53.89975297 65.90722645 -65.72120627
v -53.89975297 65.90722645 -65.72120627
v -53.89975297 65.90722645 -65.72120627
v -51.03012901 64.01468065 -59.57879551
v -51.03012901 64.01468065 -59.57879551
v -63.41444026 59.54093645 -60.76491993
v -63.41444026 59.54093645 -60.76491993
v -63.41444026 59.54093645 -60.76491993
v -63.41444026 59.54093645 -60.76491993
v -39.64868395 39.02472945 -21.97430632
v -41.21586653 70.45969859 -57.06097624
v -53.96172074 67.48047901 -68.06562930
v -49.61947474 60.03703241 -53.00107788
v -49.61947474 60.03703241 -53.00107788
v -30.67089851 58.88517512 -32.74115385
v -30.67089851 58.88517512 -32.74115385
v -58.02218940 59.90006954 -67.50398153
v -41.57947492 5.83366455 64.93861190
v -41.57947492 5.83366455 64.93861190
v -26.15426287 42.00894153 40.22502832
v -26.15426287 42.00894153 40.22502832
v -35.50418697 6.43211258 69.70457835
v -35.50418697 6.43211258 69.70457835
v -41.86041242 4.19358414 74.07669135
v -41.86041242 4.19358414 74.07669135
v -40.02487535 5.49889653 68.54329887
v -32.56830813 26.84264991 53.01083228
v -30.71108161 44.65923642 33.63111640
v -30.71108161 44.65923642 33.63111640
v -30.76595710 46.12434699 38.25869204
v -8.33758175 -48.22450413 196.70589291
v -8.33758175 -48.22450413 196.70589291
v -8.12036129 -35.79197773 201.03798645
v -8.12036129 -35.79197773 201.03798645
v -39.16738025 -34.31052343 173.88709164
v -39.16738025 -34.31052343 173.88709164
v -37.82578604 -48.45149789 172.47751673
v -37.82578604 -48.45149789 172.47751673
v -8.42744075 -25.15279044 189.34554998
v -8.42744075 -25.15279044 189.34554998
v -17.71241857 -24.66070603 183.54336331
v -17.71241857 -24.66070603 183.54336331
v -3.06326973 -27.50107530 193.59836119
v -3.06326973 -27.50107530 193.59836119
v -26.32186784 -21.75482611 172.32643200
v -26.32186784 -21.75482611 172.32643200
v -41.84129132 -34.05641657 150.83495572
v -41.84129132 -34.05641657 150.83495572
v -41.84129132 -34.05641657 150.83495572
v -26.15367205 -17.13561404 161.57654222
v -26.15367205 -17.13561404 161.57654222
v -41.24694075 -28.69865051 156.39552329
v -43.67387917 -31.84748597 128.56275201
v -43.67387917 -31.84748597 128.56275201
v -45.82098850 -28.51200362 101.56724844
v -45.82098850 -28.51200362 101.56724844
v -43.50440164 -47.69077585 87.17317137
v -43.50440164 -47.69077585 87.17317137
v -47.67137908 -23.34169679 94.87482908
v -47.67137908 -23.34169679 94.87482908
v -52.50099323 -13.75697623 73.19478110
v -52.50099323 -13.75697623 73.19478110
v -49.81201868 -11.01799076 90.72169895
v -49.81201868 -11.01799076 90.72169895
v -49.81201868 -11.01799076 90.72169895
v -32.40993167 -24.75256925 126.93172920
v -32.83901369 -17.45103624 99.64904926
v -42.76359599 -23.16183567 144.68549721
v -42.76359599 -23.16183567 144.68549721
v -41.13332259 -6.94599103 114.04268395
v -41.13332259 -6.94599103 114.04268395
v -42.70072490 -3.01370160 97.29556807
v -42.70072490 -3.01370160 97.29556807
v -47.64794647 -5.66266928 91.23654444
v -47.64794647 -5.66266928 91.23654444
v -35.56250484 -11.75907749 91.87483333
v -51.71573446 -3.59083210 53.33194991
v -44.44392310 4.74708470 60.66006223
v -6.30755616 -28.98289466 195.61896593
v -13.25880295 -23.88887725 175.55162622
v -46.11983615 -49.37484536 65.09202589
v -46.11983615 -49.37484536 65.09202589
v -46.11983615 -49.37484536 65.09202589
v -63.36425959 -21.23221768 60.52345680
v -63.36425959 -21.23221768 60.52345680
v -66.74445483 -29.29622362 54.85399673
v -66.74445483 -29.29622362 54.85399673
v -61.80672056 -43.00810862 53.00471986
v -61.80672056 -43.00810862 53.00471986
v -54.03616898 -4.57036161 22.26962162
v -71.94971350 -28.28768379 4.42735433
v -71.94971350 -28.28768379 4.42735433
v -68.07842941 -45.07409493 10.19564024
v -68.07842941 -45.07409493 10.19564024
v -52.93122760 -54.94179503 13.29352169
v -52.93122760 -54.94179503 13.29352169
v -52.93122760 -54.94179503 13.29352169
v -52.93122760 -54.94179503 13.29352169
v -53.88667191 -27.71074227 2.45900820
v -53.88667191 -27.71074227 2.45900820
v -32.68135501 -48.23225917 171.12128649
v -40.86280502 -48.05644940 86.45821039
v -40.86280502 -48.05644940 86.45821039
v -9.20099359 20.47456170 65.55357771
v -31.27874761 8.51196520 62.59875956
v -43.12261942 3.93236703 58.98759632
v -48.95309781 -1.46880877 52.58132571
v -48.95309781 -1.46880877 52.58132571
v -52.09544637 -4.41860387 22.42749763
v -45.51523167 -52.25407786 48.94090862
v -45.51523167 -52.25407786 48.94090862
v -13.99456343 -22.54017617 160.88439204
v -11.34907887 -17.35388670 161.53542887
v -19.84378571 -22.75290589 161.63670633
v -42.90406962 -2.58027201 78.08107825
v -42.90406962 -2.58027201 78.08107825
v 73.88225589 73.66747366 -77.48090444
v 118.09994534 -7.86539635 111.94459795
v 112.23398844 -11.69903838 120.69024994
v 113.29316810 -15.97940563 117.99403787
v 110.47052168 -15.89259022 113.67312043
v 107.66675221 -11.55773721 113.69923517
v 107.66675221 -11.55773721 113.69923517
v 108.75678148 -8.96675448 118.03563203
v 118.23873440 -67.32900465 170.03864346
v 112.32055093 -63.48317696 161.33363599
v 113.40715247 -59.20502895 164.02244572
v 110.61418378 -59.28603626 168.36272839
v 107.80135182 -63.61508361 168.35596912
v 107.80135182 -63.61508361 168.35596912
v 108.85608812 -66.20828497 164.01218945
v 118.12470119 -79.16012126 140.50760772
v 112.22990640 -70.26916898 137.07324588
v 113.32095130 -69.14830651 141.99932967
v 110.52026777 -72.26694974 145.01187710
v 107.69821705 -75.31556652 141.94680807
v 107.69821705 -75.31556652 141.94680807
v 108.75497484 -74.08062360 137.04130124
v 118.21397854 3.96572209 141.47564345
v 112.32463296 -4.91304393 144.95064005
v 113.37936927 -6.03612624 140.01716368
v 110.56443769 -2.91167643 137.02397172
v 107.76989674 0.14274503 140.10841576
v 107.76989674 0.14274503 140.10841576
v 108.85789476 -1.09441661 145.00652024
v 114.59331455 -45.10069102 167.77044809
v 114.55521885 -57.47806016 160.43091351
v 114.50467198 -64.52737153 147.88602977
v 114.45524815 -64.35975439 133.49715454
v 114.45524815 -64.35975439 133.49715454
v 114.42017003 -57.02013192 121.11980492
v 114.40883214 -44.47513588 114.07048380
v 114.42429112 -30.08619717 114.23804722
v 114.46238682 -17.70882314 121.57758180
v 114.51292393 -10.65951056 134.12248507
v 114.56235752 -10.82712892 148.51137007
v 114.59743565 -18.16675504 160.88870015
v 114.60876377 -30.71175963 167.93803104
v 110.04833419 -47.74661188 177.23683282
v 109.99678145 -64.49417495 167.30583223
v 109.92841232 -74.03244450 150.33159269
v 109.86152755 -73.80564597 130.86233720
v 109.86152755 -73.80564597 130.86233720
v 109.81406661 -63.87454772 114.11480342
v 109.79872482 -46.90018123 104.57651923
v 109.81964279 -27.43081832 104.80323475
v 109.87119552 -10.68325646 114.73420605
v 109.93957442 -1.14496876 131.70845535
v 110.00645919 -1.37177797 151.17774990
v 110.05391036 -11.30287393 167.92526415
v 110.06924239 -28.27725141 177.46355811
v 87.36340305 -47.77854068 177.51253590
v 87.31158665 -64.61742697 167.52739466
v 87.24283665 -74.20770331 150.46058676
v 87.17557103 -73.97966939 130.88515941
v 87.17557103 -73.97966939 130.88515941
v 87.12783665 -63.99442073 114.04631706
v 87.11244603 -46.92750052 104.45603095
v 87.13346165 -27.35196330 104.68397698
v 87.18527806 -10.51308556 114.66910846
v 87.25402806 -0.92280220 131.73591636
v 87.32127415 -1.15083276 151.31137301
v 87.36900852 -11.13608936 168.15020559
v 87.38445774 -28.20300835 177.74051123
v 82.49917465 -45.07230240 167.89820199
v 90.51153775 -41.92999428 156.64304810
v 90.51153775 -41.92999428 156.64304810
v 90.48939908 -49.12362970 152.37830007
v 90.48939908 -49.12362970 152.37830007
v 90.46001431 -53.22187872 145.08508664
v 90.46001431 -53.22187872 145.08508664
v 90.43131314 -53.12451264 136.72584936
v 90.43131314 -53.12451264 136.72584936
v 90.43131314 -53.12451264 136.72584936
v 90.43131314 -53.12451264 136.72584936
v 90.41092252 -48.85970113 129.53217975
v 90.41092252 -48.85970113 129.53217975
v 90.40432095 -41.56945157 125.43471198
v 90.40432095 -41.56945157 125.43471198
v 90.41331510 -33.20416937 125.53214643
v 90.41331510 -33.20416937 125.53214643
v 90.43545377 -26.01134937 129.79824211
v 90.43545377 -26.01134937 129.79824211
v 90.46481900 -21.91527320 137.08927781
v 90.46481900 -21.91527320 137.08927781
v 90.49353970 -22.01265149 145.44851509
v 90.49353970 -22.01265149 145.44851509
v 90.51393033 -26.27745079 152.64215540
v 90.51393033 -26.27745079 152.64215540
v 90.52051236 -33.57073014 156.74037512
v 90.52051236 -33.57073014 156.74037512
v 106.58548270 -41.94661535 156.58760865
v 106.58548270 -41.94661535 156.58760865
v 106.56334403 -49.14024589 152.32288015
v 106.56334403 -49.14024589 152.32288015
v 106.53397880 -53.23773320 145.03267453
v 106.53397880 -53.23773320 145.03267453
v 106.50524833 -53.14111906 136.67041967
v 106.50524833 -53.14111906 136.67041967
v 106.50524833 -53.14111906 136.67041967
v 106.50524833 -53.14111906 136.67041967
v 106.48485770 -48.87408099 129.47459186
v 106.48485770 -48.87408099 129.47459186
v 106.47827567 -41.58607264 125.37929206
v 106.47827567 -41.58607264 125.37929206
v 106.48726005 -33.22079776 125.47673627
v 106.48726005 -33.22079776 125.47673627
v 106.50938895 -26.03017259 129.74060539
v 106.50938895 -26.03017259 129.74060539
v 106.53875419 -21.93266820 137.03083054
v 106.53875419 -21.93266820 137.03083054
v 106.56748466 -22.02927501 145.39309517
v 106.56748466 -22.02927501 145.39309517
v 106.58787528 -26.29408407 152.58671595
v 106.58787528 -26.29408407 152.58671595
v 106.59446708 -33.58734633 156.68494544
v 106.59446708 -33.58734633 156.68494544
v 82.46104965 -57.45758658 160.55398968
v 82.41048324 -64.51139501 148.00107859
v 82.36102035 -64.34367533 133.60300414
v 82.36102035 -64.34367533 133.60300414
v 82.32592270 -56.99936048 121.21775414
v 82.31458481 -44.44634685 114.16393106
v 82.33004379 -30.04821136 114.33160191
v 82.36816879 -17.66293085 121.67583376
v 82.41873520 -10.60911387 134.22875461
v 82.46819809 -10.77683599 148.62682906
v 82.50329574 -18.12115451 161.01206929
v 82.51463363 -30.67417179 168.06590214
v 118.30186916 -8.55015669 170.72317491
v 112.38753335 -17.26942075 166.90379742
v 113.44846106 -14.57798041 162.62085936
v 110.64542402 -10.24445921 162.71443503
v 107.85203541 -10.25800560 167.05604586
v 107.85203541 -10.25800560 167.05604586
v 108.92886156 -14.59924376 169.64444253
v 118.31211330 -38.08138285 182.55433547
v 112.38584390 -41.52995124 173.68986267
v 113.45996497 -36.60125514 172.56418087
v 110.66602949 -33.59547774 175.69537293
v 107.86506275 -36.66735830 178.75656294
v 107.86506275 -36.66735830 178.75656294
v 108.92811937 -41.57028944 177.51685440
v 118.03681057 -66.64424858 111.26008602
v 118.14608791 -65.72132930 112.85162912
v 117.21007231 -67.16150491 112.82671653
v 116.63006256 -67.40464919 112.17934347
v 116.27059967 -67.15505423 111.38858193
v 116.27059967 -67.15505423 111.38858193
v 116.62610748 -65.71092325 110.52461767
v 112.16699625 -57.91279581 115.12007875
v 113.25185951 -60.60645417 119.39562423
v 110.43929121 -64.93416849 119.32141379
v 108.69635180 -65.66499783 117.37607197
v 107.61606862 -64.91481645 114.99916820
v 107.61606862 -64.91481645 114.99916820
v 108.68399828 -60.57579752 112.40337895
v 118.02655667 -37.11301753 99.42891570
v 112.16869547 -33.65226166 108.33403303
v 113.24035560 -38.58317944 109.45232225
v 110.41868574 -41.58315118 106.34048566
v 107.60304127 -38.50546008 103.29865112
v 107.60304127 -38.50546008 103.29865112
v 108.68475023 -33.60475062 104.53097684
v 118.53087306 1.29898314 -124.44547908
v 112.33026773 -2.75336570 -115.20089167
v 113.44987708 -7.27792751 -118.05092217
v 110.46620527 -7.18615291 -122.61834348
v 107.50247487 -2.60400440 -122.59074429
v 107.50247487 -2.60400440 -122.59074429
v 108.65469164 0.13478984 -118.00696460
v 118.67758204 -61.55697849 -63.03721147
v 112.42177163 -57.49175124 -72.23883990
v 113.57035559 -52.96953593 -69.39662679
v 110.61806074 -53.05516735 -64.80872207
v 107.64475026 -57.63118244 -64.81587693
v 107.64475026 -57.63118244 -64.81587693
v 108.75966234 -60.37232316 -69.40747401
v 118.55703517 -74.06305538 -94.25297868
v 112.32595132 -64.66488142 -97.88326806
v 113.47924231 -63.48007374 -92.67615889
v 110.51878340 -66.77663205 -89.49172678
v 107.53572682 -69.99916965 -92.73166890
v 107.53572682 -69.99916965 -92.73166890
v 108.65277758 -68.69377254 -97.91702919
v 118.65141017 13.80505668 -93.22971675
v 112.42608804 4.41976112 -89.55645862
v 113.54099036 3.23261122 -94.77139006
v 110.56548261 6.53530508 -97.93533390
v 107.61149830 9.76397792 -94.67493279
v 107.61149830 9.76397792 -94.67493279
v 108.76157640 8.45623768 -89.49739477
v 114.83060947 -38.06056438 -65.43482534
v 114.79033603 -51.14405146 -73.19307104
v 114.73690830 -58.59552074 -86.45363843
v 114.68465244 -58.41834278 -101.66339248
v 114.68465244 -58.41834278 -101.66339248
v 114.64757237 -50.65999942 -114.74685515
v 114.63559971 -37.39932461 -122.19833419
v 114.65193760 -22.18949977 -122.02120994
v 114.69221104 -9.10601329 -114.26296424
v 114.74562900 -1.65454417 -101.00237732
v 114.79787510 -1.83172533 -85.79263304
v 114.83495517 -9.59006594 -72.70917525
v 114.84692783 -22.85074930 -65.25769133
v 110.01505294 -40.85742290 -55.42835771
v 109.96056075 -58.56042024 -65.92591130
v 109.88828536 -68.64283979 -83.86851517
v 109.81759201 -68.40310143 -104.44848341
v 109.81759201 -68.40310143 -104.44848341
v 109.76742599 -57.90544530 -122.15144658
v 109.75120529 -39.96270228 -132.23388077
v 109.77331466 -19.38262295 -131.99422542
v 109.82780685 -1.67963354 -121.49672066
v 109.90009200 8.40280859 -103.55409238
v 109.97079513 8.16306047 -82.97408507
v 110.02095138 -2.33460023 -65.27115121
v 110.03715255 -20.27734479 -55.18868283
v 85.97998512 -40.89110951 -55.13672202
v 85.92519996 -58.69064491 -65.69151196
v 85.85252418 -68.82804001 -83.73197227
v 85.78144020 -68.58699302 -104.42416707
v 85.78144020 -68.58699302 -104.42416707
v 85.73098122 -58.03209566 -122.22364388
v 85.71470192 -39.99152547 -132.36105850
v 85.73691872 -19.29921349 -132.12010428
v 85.79170387 -1.49969259 -121.56533388
v 85.86437965 8.63771212 -103.52487356
v 85.93544410 8.39667245 -82.83265923
v 85.98591285 -2.15823864 -65.03316778
v 86.00224098 -20.19880974 -54.89574339
v 80.82632800 -38.03047653 -65.29950308
v 89.31564910 -34.70892017 -77.19682969
v 89.31564910 -34.70892017 -77.19682969
v 89.29224090 -42.31294609 -81.70487372
v 89.29224090 -42.31294609 -81.70487372
v 89.26118621 -46.64499866 -89.41417117
v 89.26118621 -46.64499866 -89.41417117
v 89.23084442 -46.54207577 -98.25029316
v 89.23084442 -46.54207577 -98.25029316
v 89.23084442 -46.54207577 -98.25029316
v 89.23084442 -46.54207577 -98.25029316
v 89.20929168 -42.03396337 -105.85436303
v 89.20929168 -42.03396337 -105.85436303
v 89.20231903 -34.32780802 -110.18558063
v 89.20231903 -34.32780802 -110.18558063
v 89.21181122 -25.48528954 -110.08259915
v 89.21181122 -25.48528954 -110.08259915
v 89.23521942 -17.88212788 -105.57311468
v 89.23521942 -17.88212788 -105.57311468
v 89.26626434 -13.55237390 -97.86614146
v 89.26626434 -13.55237390 -97.86614146
v 89.29662567 -13.65530777 -89.03000970
v 89.29662567 -13.65530777 -89.03000970
v 89.31817840 -18.16341040 -81.42597401
v 89.31817840 -18.16341040 -81.42597401
v 89.32514129 -25.87276400 -77.09395075
v 89.32514129 -25.87276400 -77.09395075
v 106.34626396 -34.72652757 -77.25556992
v 106.34626396 -34.72652757 -77.25556992
v 106.32285576 -42.33055349 -81.76360419
v 106.32285576 -42.33055349 -81.76360419
v 106.29181083 -46.66179551 -89.46971804
v 106.29181083 -46.66179551 -89.46971804
v 106.26144951 -46.55967340 -98.30902363
v 106.26144951 -46.55967340 -98.30902363
v 106.26144951 -46.55967340 -98.30902363
v 106.26144951 -46.55967340 -98.30902363
v 106.23988701 -42.04919773 -105.91536889
v 106.23988701 -42.04919773 -105.91536889
v 106.23293388 -34.34541786 -110.24430134
v 106.23293388 -34.34541786 -110.24430134
v 106.24242607 -25.50290915 -110.14130032
v 106.24242607 -25.50290915 -110.14130032
v 106.26582451 -17.90206316 -105.63416937
v 106.26582451 -17.90206316 -105.63416937
v 106.29686943 -13.57080039 -97.92805552
v 106.29686943 -13.57080039 -97.92805552
v 106.32723076 -13.67292128 -89.08873040
v 106.32723076 -13.67292128 -89.08873040
v 106.34878349 -18.18103123 -81.48470936
v 106.34878349 -18.18103123 -81.48470936
v 106.35574638 -25.89036896 -77.15267145
v 106.35574638 -25.89036896 -77.15267145
v 80.78602039 -51.12232787 -73.06269996
v 80.73257801 -58.57855301 -86.33175367
v 80.68029285 -58.40126762 -101.55121475
v 80.68029285 -58.40126762 -101.55121475
v 80.64318836 -50.63796332 -114.64304656
v 80.63119617 -37.36880707 -122.09929122
v 80.64755359 -22.14926787 -121.92205955
v 80.68785145 -9.05741592 -114.15884314
v 80.74129871 -1.60118560 -100.88977966
v 80.79358386 -1.77847999 -85.67030882
v 80.83067859 -9.54178169 -72.57849654
v 80.84267078 -22.81093978 -65.12224699
v 118.74431056 0.57515937 -62.31362615
v 112.49258218 -8.64153243 -66.35088465
v 113.61402747 -5.79655259 -70.87817809
v 110.65107831 -1.21580807 -70.77926543
v 107.69832447 -1.23012114 -66.18996909
v 107.69832447 -1.23012114 -66.18996909
v 108.83659593 -5.81902336 -63.45389673
v 118.75515040 -30.64079999 -49.80750043
v 112.49079507 -34.28610891 -59.17769100
v 113.62618567 -29.07623363 -60.36759634
v 110.67286542 -25.89897925 -57.05777143
v 107.71210377 -29.14610887 -53.82193794
v 107.71210377 -29.14610887 -53.82193794
v 108.83580492 -34.32874699 -55.13238387
v 118.46413478 -60.83315879 -125.16904487
v 112.25946695 -51.60358116 -121.08883715
v 113.40620521 -54.45091634 -116.56936598
v 110.43318769 -59.02552027 -116.64781478
v 107.44890065 -59.00506463 -121.21664237
v 107.44890065 -59.00506463 -121.21664237
v 108.57775805 -54.41850662 -123.96052722
v 118.45330470 -29.61719138 -137.67517548
v 112.26125406 -25.95900406 -128.26202104
v 113.39404700 -31.17122310 -127.07995262
v 110.41140059 -34.34233979 -130.36930878
v 107.43513112 -31.08907248 -133.58466864
v 107.43513112 -31.08907248 -133.58466864
v 108.57854906 -25.90877810 -132.28204009
v 68.80901382 11.56300796 -62.38012635
v 64.43017114 6.78844494 -66.07723690
v 57.57919962 9.16675443 -65.56088362
v 57.55464395 14.88240687 -62.00273269
v 57.55464395 14.88240687 -62.00273269
v 64.07265650 16.56412839 -59.95263471
v 61.27031282 -23.23480063 -47.57149233
v 54.87051316 -21.97305578 -45.73948528
v 54.51366746 -17.86126491 -40.21685513
v 54.51366746 -17.86126491 -40.21685513
v 61.50898957 -16.26493522 -38.14646665
v 65.84209982 -20.03385522 -43.14225836
v 58.30378945 -38.53069251 -25.56545755
v 51.87216361 -36.64980680 -24.66526414
v 51.52000542 -30.32515016 -22.19271347
v 51.52000542 -30.32515016 -22.19271347
v 58.46667518 -27.80704529 -21.29192171
v 62.89566434 -33.52678020 -23.53359086
v 57.01847697 -43.58041854 39.73527540
v 50.35449275 -41.09442274 39.76336949
v 50.36224177 -34.17573704 39.85540795
v 50.36224177 -34.17573704 39.85540795
v 57.03116740 -31.70450199 39.89215927
v 61.57992707 -37.64666435 39.77529448
v 77.95448725 28.19813205 -110.24963181
v 77.95448725 28.19813205 -110.24963181
v 73.51040532 21.93367495 -110.81023933
v 73.51040532 21.93367495 -110.81023933
v 63.67249050 25.15353757 -102.70224113
v 63.67249050 25.15353757 -102.70224113
v 63.67249050 25.15353757 -102.70224113
v 72.31313484 32.28577362 -104.31841041
v 72.31313484 32.28577362 -104.31841041
v 72.31313484 32.28577362 -104.31841041
v 68.08641130 15.29830734 -86.27054713
v 68.08641130 15.29830734 -86.27054713
v 63.63444851 18.02938931 -81.24198722
v 63.63444851 18.02938931 -81.24198722
v 68.87694839 23.02391186 -82.48046684
v 68.87694839 23.02391186 -82.48046684
v 68.87694839 23.02391186 -82.48046684
v 71.58044931 19.77069344 -86.70375846
v 71.58044931 19.77069344 -86.70375846
v 58.82412147 42.04528683 -112.10148240
v 58.82412147 42.04528683 -112.10148240
v 54.51036668 41.02758333 -109.17883659
v 54.51036668 41.02758333 -109.17883659
v 49.64359433 47.17371041 -101.52748775
v 49.64359433 47.17371041 -101.52748775
v 59.10286658 52.88650886 -105.24333500
v 59.10286658 52.88650886 -105.24333500
v 63.26834012 48.56270303 -111.95840404
v 63.26834012 48.56270303 -111.95840404
v 58.06511758 28.25405176 -50.28129887
v 53.87469287 22.96836014 -53.62368796
v 49.80724178 22.94036466 -53.97366840
v 45.04658271 28.34821227 -51.36262684
v 45.04658271 28.34821227 -51.36262684
v 53.66123096 33.44659669 -47.72201519
v 59.07370154 -5.73268439 -28.67627132
v 55.53127974 -9.55824676 -33.88273441
v 52.54357961 -9.57032318 -33.89065434
v 49.05925840 -5.72510566 -28.64379330
v 49.05925840 -5.72510566 -28.64379330
v 57.06440959 -1.45378438 -22.94184427
v 59.08940955 -18.12159974 -10.11408160
v 55.03182175 -23.64345725 -13.02208972
v 52.30152395 -23.70296164 -13.00114369
v 48.12736389 -18.11064881 -10.10433306
v 48.12736389 -18.11064881 -10.10433306
v 56.55156292 -11.74241696 -6.96568382
v 54.62605027 -27.77479206 51.67912945
v 50.62956598 -27.77065633 51.69007671
v 46.16930730 -21.61579623 51.78605534
v 46.16930730 -21.61579623 51.78605534
v 55.39794478 -15.47509261 51.84122342
v 59.10080115 -21.62918000 51.75009831
v 52.55540090 31.49516711 -72.00823375
v 52.55540090 31.49516711 -72.00823375
v 47.16645571 34.34848505 -65.94578720
v 47.16645571 34.34848505 -65.94578720
v 52.12180228 37.05974728 -66.92966312
v 52.12180228 37.05974728 -66.92966312
v 57.50935587 36.74524251 -72.97202581
v 57.50935587 36.74524251 -72.97202581
v -116.63582090 -7.62267814 112.75397294
v -110.71764721 -11.46850522 121.45899017
v -111.80423898 -15.74665445 118.77018044
v -109.01128006 -15.66564470 114.42989777
v -106.19843832 -11.33659979 114.43664727
v -106.19843832 -11.33659979 114.43664727
v -107.25318439 -8.74339904 118.78043671
v -116.49704161 -67.08628522 170.84801844
v -110.63107494 -63.25264502 162.10237622
v -111.69026437 -58.97227533 164.79858828
v -108.86761795 -59.05909319 169.11950573
v -106.06384848 -63.39394619 169.09339099
v -106.06384848 -63.39394619 169.09339099
v -107.15386799 -65.98492588 164.75700389
v -116.61107481 -78.91740183 141.31698271
v -110.72172924 -70.03863704 137.84198610
v -111.77646554 -68.91555777 142.77547224
v -108.96153396 -72.04000666 145.76865444
v -106.16698325 -75.09442910 142.68422017
v -106.16698325 -75.09442910 142.68422017
v -107.25499103 -73.85726451 137.78610592
v -116.52178770 4.20843999 142.28501844
v -110.62699291 -4.68251076 145.71938028
v -111.71804757 -5.80337445 140.79330625
v -108.91736404 -2.68473122 137.78074906
v -106.09530356 0.36388268 140.84582785
v -106.09530356 0.36388268 140.84582785
v -107.15206135 -0.87106117 145.75132492
v -112.82138739 -44.86553995 168.55456917
v -112.85949286 -57.24291397 161.21504436
v -112.91002020 -64.29222045 148.67015085
v -112.95944403 -64.12460820 134.28128538
v -112.95944403 -64.12460820 134.28128538
v -112.99452216 -56.78498573 121.90393577
v -113.00586005 -44.23998969 114.85461464
v -112.99040106 -29.85104853 115.02217807
v -112.95230536 -17.47367573 122.36171265
v -112.90176825 -10.42436192 134.90661592
v -112.85233466 -10.59198150 149.29550092
v -112.81725653 -17.93160641 161.67283100
v -112.80592841 -30.47661100 168.72215213
v -108.21672929 -47.52092368 177.98941093
v -108.26828203 -64.26848676 168.05842987
v -108.33666093 -73.80675630 151.08417080
v -108.40354570 -73.57995777 131.61491532
v -108.40354570 -73.57995777 131.61491532
v -108.45101640 -63.64886440 114.86738154
v -108.46632890 -46.67449791 105.32910711
v -108.44543046 -27.20513012 105.55582263
v -108.39387773 -10.45756948 115.48679393
v -108.32550859 -0.91928163 132.46103347
v -108.25862382 -1.14609069 151.93032802
v -108.21114336 -11.07718696 168.67784227
v -108.19581132 -28.05156565 178.21615575
v -85.53054816 -47.59976648 178.10866871
v -85.58239386 -64.43865278 168.12354699
v -85.65114386 -74.02892912 151.05672933
v -85.71838019 -73.80089520 131.48130198
v -85.71838019 -73.80089520 131.48130198
v -85.76609503 -63.81564653 114.64245963
v -85.78153448 -46.74873121 105.05216376
v -85.76048956 -27.17319155 105.28011955
v -85.70865362 -10.33431259 115.26525103
v -85.63990363 -0.74402907 132.33205893
v -85.57264777 -0.97205964 151.90751558
v -85.52493293 -10.95731639 168.74635792
v -85.50955207 -28.02423660 178.33664403
v -80.72714006 -44.90352819 168.46101448
v -88.81039184 -41.74457459 157.26134887
v -88.81039184 -41.74457459 157.26134887
v -88.83254027 -48.93821001 152.99661061
v -88.83254027 -48.93821001 152.99661061
v -88.86191527 -53.03645903 145.70338741
v -88.86191527 -53.03645903 145.70338741
v -88.89063598 -52.93909294 137.34415013
v -88.89063598 -52.93909294 137.34415013
v -88.89063598 -52.93909294 137.34415013
v -88.89063598 -52.93909294 137.34415013
v -88.91102660 -48.67428144 130.15048052
v -88.91102660 -48.67428144 130.15048052
v -88.91760863 -41.38403188 126.05302252
v -88.91760863 -41.38403188 126.05302252
v -88.90862426 -33.01874967 126.15044720
v -88.90862426 -33.01874967 126.15044720
v -88.88647582 -25.82592968 130.41654288
v -88.88647582 -25.82592968 130.41654288
v -88.85711059 -21.72985351 137.70757858
v -88.85711059 -21.72985351 137.70757858
v -88.82838988 -21.82723180 146.06682563
v -88.82838988 -21.82723180 146.06682563
v -88.80800902 -26.09203110 153.26045617
v -88.80800902 -26.09203110 153.26045617
v -88.80141723 -33.38531045 157.35867590
v -88.80141723 -33.38531045 157.35867590
v -104.88434656 -41.72795351 157.31675903
v -104.88434656 -41.72795351 157.31675903
v -104.90648523 -48.92158406 153.05203053
v -104.90648523 -48.92158406 153.05203053
v -104.93585046 -53.01907136 145.76182491
v -104.93585046 -53.01907136 145.76182491
v -104.96458093 -52.92246211 137.39957005
v -104.96458093 -52.92246211 137.39957005
v -104.96458093 -52.92246211 137.39957005
v -104.96458093 -52.92246211 137.39957005
v -104.98497155 -48.65541916 130.20374224
v -104.98497155 -48.65541916 130.20374224
v -104.99155358 -41.36741080 126.10844244
v -104.99155358 -41.36741080 126.10844244
v -104.98256921 -33.00213837 126.20588665
v -104.98256921 -33.00213837 126.20588665
v -104.96044030 -25.81151075 130.46976554
v -104.96044030 -25.81151075 130.46976554
v -104.93106530 -21.71400636 137.75998092
v -104.93106530 -21.71400636 137.75998092
v -104.90234460 -21.81061561 146.12224555
v -104.90234460 -21.81061561 146.12224555
v -104.88195398 -26.07542223 153.31586633
v -104.88195398 -26.07542223 153.31586633
v -104.87536218 -33.36868693 157.41410558
v -104.87536218 -33.36868693 157.41410558
v -80.76526018 -57.28880749 161.11679240
v -80.81582659 -64.34262080 148.56389108
v -80.86528947 -64.17489624 134.16581663
v -80.86528947 -64.17489624 134.16581663
v -80.90039201 -56.83058139 121.78055687
v -80.91172990 -44.27757265 114.72673379
v -80.89626604 -29.87943472 114.89440464
v -80.85814104 -17.49415420 122.23863648
v -80.80757463 -10.44033723 134.79155733
v -80.75811174 -10.60805935 149.18963178
v -80.72300920 -17.95237786 161.57487202
v -80.71167620 -30.50539515 168.62871463
v -116.43390684 -8.30743909 171.53254990
v -110.56409252 -17.03888759 167.67254740
v -111.64895578 -14.34522923 163.39700193
v -108.83637772 -10.01751491 163.47121237
v -106.01316489 -10.03686695 167.79344819
v -106.01316489 -10.03686695 167.79344819
v -107.08109455 -14.37588832 170.38924721
v -116.42365294 -37.83866587 183.36371045
v -110.56578198 -41.29941930 174.45859313
v -111.63744211 -36.36850397 173.34031367
v -108.81577225 -33.36853222 176.45215026
v -106.00012778 -36.44622088 179.49398481
v -106.00012778 -36.44622088 179.49398481
v -107.08184651 -41.34693034 178.26165908
v -116.69895567 -66.40152916 112.06946101
v -116.79535215 -65.47839992 113.66171700
v -115.86251037 -66.92050911 113.63035909
v -115.28748109 -67.16484480 112.97900166
v -114.93295961 -66.91599203 112.18577918
v -114.93295961 -66.91599203 112.18577918
v -115.29142640 -65.47111886 111.32427586
v -110.78462963 -57.68226387 115.88881898
v -111.84555734 -60.37370544 120.17176679
v -109.04251052 -64.70722541 120.07819112
v -107.31454181 -65.44164361 118.12088642
v -106.24913168 -64.69367903 115.73658030
v -106.24913168 -64.69367903 115.73658030
v -107.32595783 -60.35243842 113.14818363
v -116.70920957 -36.87029811 100.23829069
v -110.78294017 -33.42172972 109.10277325
v -111.85706124 -38.35042826 110.22845506
v -109.06311599 -41.35620322 107.09726300
v -106.26215902 -38.28432266 104.03606321
v -106.26215902 -38.28432266 104.03606321
v -107.32520588 -33.38139640 105.27578152
v -118.67757867 1.54425788 -123.62757871
v -112.42177803 -2.52097097 -114.42594051
v -113.57036199 -7.04318720 -117.26814874
v -110.61806713 -6.95755029 -121.85603881
v -107.64475665 -2.38154099 -121.84891813
v -107.64475665 -2.38154099 -121.84891813
v -108.75966873 0.35959737 -117.25731617
v -118.53087945 -61.31170535 -62.21931109
v -112.33027412 -57.25935407 -71.46388874
v -113.44988347 -52.73479989 -68.61385336
v -110.46620190 -52.82656412 -64.04642228
v -107.50248126 -57.40871690 -64.07404589
v -107.50248126 -57.40871690 -64.07404589
v -108.65468827 -60.14751386 -68.65782558
v -118.65141656 -73.81778225 -93.43507831
v -112.42609443 -64.43248424 -97.10831690
v -113.54099675 -63.24533282 -91.89338547
v -110.56547924 -66.54802882 -88.72942210
v -107.61150470 -69.77670410 -91.98984273
v -107.61150470 -69.77670410 -91.98984273
v -108.76157303 -68.46896325 -97.16738076
v -118.55704156 14.05033104 -92.41181637
v -112.32595772 4.65215585 -88.78150746
v -113.47924871 3.46735122 -93.98861664
v -110.51878979 6.76390770 -97.17302922
v -107.53573321 9.98644103 -93.93310663
v -107.53573321 9.98644103 -93.93310663
v -108.65278397 8.68104514 -88.74774634
v -114.65195376 -37.82327951 -64.64356559
v -114.69222720 -50.90676660 -72.40180641
v -114.74562563 -58.35823588 -85.66237868
v -114.79788149 -58.18105792 -100.87213272
v -114.79788149 -58.18105792 -100.87213272
v -114.83496157 -50.42271456 -113.95559539
v -114.84693422 -37.16203731 -121.40707443
v -114.83059633 -21.95221246 -121.22995019
v -114.79032290 -8.86872721 -113.47170448
v -114.73691469 -1.41725808 -100.21111756
v -114.68465884 -1.59443940 -85.00137329
v -114.64757876 -9.35277986 -71.91791550
v -114.63560610 -22.61346199 -64.46643157
v -109.77331129 -40.63015755 -54.67052081
v -109.82780348 -58.33315490 -65.16807440
v -109.90008863 -68.41557444 -83.11068314
v -109.97079175 -68.17584097 -103.69065139
v -109.97079175 -68.17584097 -103.69065139
v -110.02096753 -57.67818484 -121.39360479
v -110.03715894 -39.73544182 -131.47604875
v -110.01505933 -19.15536127 -131.23639340
v -109.96056714 -1.45237125 -120.73887888
v -109.88830152 8.63007088 -102.79626036
v -109.81759840 8.39032276 -82.21625305
v -109.76741285 -2.10733810 -64.51331919
v -109.75121168 -20.05008433 -54.43085081
v -85.73692511 -40.71355602 -54.54463706
v -85.79172003 -58.51308654 -65.09942700
v -85.86439581 -68.65048163 -83.13989221
v -85.93547003 -68.40943953 -103.83208700
v -85.93547003 -68.40943953 -103.83208700
v -85.98590948 -57.85454217 -121.63156381
v -86.00221807 -39.81396954 -131.76896866
v -85.97998174 -19.12165634 -131.52802421
v -85.92518682 -1.32213650 -120.97325381
v -85.85252081 8.81526805 -102.93279349
v -85.78141729 8.57422839 -82.24056940
v -85.73099737 -1.98068271 -64.44108282
v -85.71472784 -20.02125381 -54.30365844
v -80.64755510 -37.86351141 -64.74273551
v -89.21181761 -34.52432079 -76.58126329
v -89.21181761 -34.52432079 -76.58126329
v -89.23521605 -42.12834671 -81.08931221
v -89.23521605 -42.12834671 -81.08931221
v -89.26627073 -46.46039928 -88.79860477
v -89.26627073 -46.46039928 -88.79860477
v -89.29663206 -46.35748127 -97.63472676
v -89.29663206 -46.35748127 -97.63472676
v -89.29663206 -46.35748127 -97.63472676
v -89.29663206 -46.35748127 -97.63472676
v -89.31818479 -41.84936399 -105.23879663
v -89.31818479 -41.84936399 -105.23879663
v -89.32513792 -34.14321108 -109.57001424
v -89.32513792 -34.14321108 -109.57001424
v -89.31564573 -25.30069260 -109.46703275
v -89.31564573 -25.30069260 -109.46703275
v -89.29223753 -17.69752850 -104.95754829
v -89.29223753 -17.69752850 -104.95754829
v -89.26119261 -13.36777574 -97.25057506
v -89.26119261 -13.36777574 -97.25057506
v -89.23084105 -13.47070961 -88.41444330
v -89.23084105 -13.47070961 -88.41444330
v -89.20928831 -17.97881224 -80.81040762
v -89.20928831 -17.97881224 -80.81040762
v -89.20232542 -25.68816462 -76.47838435
v -89.20232542 -25.68816462 -76.47838435
v -106.24242270 -34.50671095 -76.52255724
v -106.24242270 -34.50671095 -76.52255724
v -106.26583090 -42.11073443 -81.03059151
v -106.26583090 -42.11073443 -81.03059151
v -106.29687582 -46.44197645 -88.73670048
v -106.29687582 -46.44197645 -88.73670048
v -106.32723715 -46.33985922 -97.57601583
v -106.32723715 -46.33985922 -97.57601583
v -106.32723715 -46.33985922 -97.57601583
v -106.32723715 -46.33985922 -97.57601583
v -106.34879965 -41.82938355 -105.18236108
v -106.34879965 -41.82938355 -105.18236108
v -106.35575277 -34.12560124 -109.51129353
v -106.35575277 -34.12560124 -109.51129353
v -106.34626059 -25.28309009 -109.40829252
v -106.34626059 -25.28309009 -109.40829252
v -106.32286215 -17.68224654 -104.90116157
v -106.32286215 -17.68224654 -104.90116157
v -106.29181723 -13.35098255 -97.19504772
v -106.29181723 -13.35098255 -97.19504772
v -106.26144613 -13.45310343 -88.35572260
v -106.26144613 -13.45310343 -88.35572260
v -106.23990317 -17.96121339 -80.75170156
v -106.23990317 -17.96121339 -80.75170156
v -106.23294028 -25.67055234 -76.41965876
v -106.23294028 -25.67055234 -76.41965876
v -80.68784807 -50.95536031 -72.50593727
v -80.74130510 -58.41159032 -85.77498610
v -80.79358537 -58.23430006 -100.99445694
v -80.79358537 -58.23430006 -100.99445694
v -80.83068987 -50.47099576 -114.08628875
v -80.84266741 -37.20184194 -121.54253342
v -80.82632951 -21.98230275 -121.36530174
v -80.78603166 -8.89045141 -113.60207557
v -80.73257952 -1.43422078 -100.33301209
v -80.68029924 -1.61151517 -85.11354125
v -80.64318499 -9.37481718 -72.02173385
v -80.63120745 -22.64397465 -64.56547942
v -118.46414117 0.82043406 -61.49572577
v -112.25946358 -8.40913770 -65.57593349
v -113.40621160 -5.56181290 -70.09540955
v -110.43319409 -0.98720575 -70.01696075
v -107.44890704 -1.00765788 -65.44813316
v -107.44890704 -1.00765788 -65.44813316
v -108.57776444 -5.59421590 -62.70424830
v -118.45331110 -30.39552686 -48.98960005
v -112.26125069 -34.05371418 -58.40273984
v -113.39405340 -28.84149271 -59.58482291
v -110.41140698 -25.67037602 -56.29546675
v -107.43512775 -28.92364577 -53.08010689
v -107.43512775 -28.92364577 -53.08010689
v -108.57855546 -34.10393770 -54.38273544
v -118.74431695 -60.58788566 -124.35114449
v -112.49258857 -51.37118887 -120.31389576
v -113.61403386 -54.21617542 -115.78659255
v -110.65108471 -58.79691704 -115.88551010
v -107.69833087 -58.78259909 -120.47480644
v -107.69833087 -58.78259909 -120.47480644
v -108.83659256 -54.19369733 -123.21087880
v -118.75515679 -29.37191581 -136.85727510
v -112.49080146 -25.72660933 -127.48706988
v -113.62619206 -30.93648462 -126.29717919
v -110.67286205 -34.11373900 -129.60700410
v -107.71211016 -30.86660937 -132.84284248
v -107.71211016 -30.86660937 -132.84284248
v -108.83580155 -25.68397125 -131.53239166
v -68.50787764 11.70499509 -61.90665467
v -64.16451348 6.92141231 -65.63383847
v -57.30524117 9.28554518 -65.16476058
v -57.24433297 15.00111033 -61.60690262
v -57.24433297 15.00111033 -61.60690262
v -63.74456232 16.69629132 -59.51191694
v -60.93923035 -23.10843604 -47.15011050
v -54.52435256 -21.85994069 -45.36228802
v -54.12093949 -17.74893595 -39.84228239
v -54.12093949 -17.74893595 -39.84228239
v -61.09850281 -16.13815926 -37.72371275
v -65.47374197 -19.89807414 -42.68948005
v -57.85269233 -38.41058768 -25.16494730
v -51.41113486 -36.54301250 -24.30914110
v -51.02885948 -30.21911270 -21.83912217
v -51.02885948 -30.21911270 -21.83912217
v -57.96393256 -27.68665725 -20.89046664
v -62.42009457 -33.39720272 -23.10149858
v -56.12763866 -43.46342649 40.12540723
v -49.45848842 -40.99121486 40.10752720
v -49.45129604 -34.07252916 40.19956810
v -49.45129604 -34.07252916 40.19956810
v -56.11468944 -31.58750995 40.28228866
v -60.67642274 -37.52025093 40.19683745
v -77.94875145 28.35933790 -109.71207322
v -77.94875145 28.35933790 -109.71207322
v -73.52160312 22.08570601 -110.30326668
v -73.52160312 22.08570601 -110.30326668
v -63.62138361 25.28516094 -102.26333489
v -63.62138361 25.28516094 -102.26333489
v -63.62138361 25.28516094 -102.26333489
v -72.25819982 32.43526074 -103.81992409
v -72.25819982 32.43526074 -103.81992409
v -72.25819982 32.43526074 -103.81992409
v -67.94228195 15.43896146 -85.80152370
v -67.94228195 15.43896146 -85.80152370
v -63.45011408 18.16079540 -80.80379875
v -63.45011408 18.16079540 -80.80379875
v -68.69069014 23.16615777 -82.00613091
v -68.69069014 23.16615777 -82.00613091
v -68.69069014 23.16615777 -82.00613091
v -71.42996742 19.91856679 -86.21065300
v -71.42996742 19.91856679 -86.21065300
v -58.80301458 42.16691266 -111.69589646
v -58.80301458 42.16691266 -111.69589646
v -54.47133010 41.14027118 -108.80306511
v -54.47133010 41.14027118 -108.80306511
v -49.53921596 47.27626399 -101.18550533
v -49.53921596 47.27626399 -101.18550533
v -59.01205266 53.00864249 -104.83606938
v -59.01205266 53.00864249 -104.83606938
v -63.23265315 48.69350364 -111.52222241
v -63.23265315 48.69350364 -111.52222241
v -57.64633003 28.37369761 -49.88232427
v -53.48998735 23.07937563 -53.25349266
v -49.42510951 23.04297195 -53.63151509
v -44.63538794 28.44094409 -51.05340321
v -44.63538794 28.44094409 -51.05340321
v -53.21417681 33.55710680 -47.35350445
v -58.57620794 -5.61103354 -28.27061215
v -55.07768751 -9.44387618 -33.50135258
v -52.09014363 -9.46213117 -33.52987554
v -48.56178922 -5.62416462 -28.30719418
v -48.56178922 -5.62416462 -28.30719418
v -56.51858592 -1.33633900 -22.55020854
v -58.48955755 -18.00002274 -9.70866657
v -54.46354202 -23.53023962 -12.64454700
v -51.73329306 -23.59538853 -12.64243032
v -47.52770721 -18.01174024 -9.77451190
v -47.52770721 -18.01174024 -9.77451190
v -55.91687695 -11.62612438 -6.57789024
v -53.62024126 -27.66286349 52.05236674
v -49.62377650 -27.66699434 52.03575053
v -45.15024145 -21.52137252 52.10092838
v -45.15024145 -21.52137252 52.10092838
v -54.36556839 -15.36159666 52.21969021
v -58.08168159 -21.50801316 52.15414615
v -52.27984578 31.60356786 -71.64675914
v -52.27984578 31.60356786 -71.64675914
v -46.84334688 34.44569196 -65.62164169
v -46.84334688 34.44569196 -65.62164169
v -51.79973837 37.16720320 -66.57134281
v -51.79973837 37.16720320 -66.57134281
v -57.22946481 36.86388250 -72.57640082
v -57.22946481 36.86388250 -72.57640082

f 3688 3730 3731 3690
f 3682 3727 3728 3684
f 3672 3670 3723 3674
f 3696 3734 3670 3672
f 3692 3732 3733 3694
f 3721 3643 3642 3719
f 3697 3631 3643 3721
f 3699 3632 3631 3697
f 3709 3637 3636 3707
f 3717 3641 3640 3715
f 4012 4010 4008 4013
f 3981 3983 3988 3979
f 3979 3988 3987 3978
f 3987 3985 3976 3978
f 3995 4006 4005 4000
f 4004 4002 3997 3999
f 4001 4006 3995 3996
f 3999 3997 3991 3993
f 3983 3989 3994 3988
f 3994 3992 3987 3988
f 3986 3993 3991 3985
f 3970 3972 3955 3963
f 3964 3966 3958 3957
f 3972 3964 3957 3955
f 3935 3934 3960 3961
f 3930 3935 3961 3954
f 3931 3930 3954 3956
f 3932 3931 3956 3959
f 3951 3949 3943 3944
f 3949 3948 3942 3943
f 3948 3953 3947 3942
f 3947 3946 3940 3941
f 3944 3943 3937 3939
f 3942 3947 3941 3936
f 3941 3940 3935 3930
f 3939 3937 3932 3933
f 3936 3941 3930 3931
f 3798 3810 3888 3864
f 3810 3809 3886 3888
f 3808 3807 3882 3884
f 3806 3805 3878 3880
f 3805 3804 3876 3878
f 3804 3803 3874 3876
f 3803 3801 3871 3874
f 3845 3848 3875 3873
f 3861 3859 3899 3900
f 3857 3855 3897 3898
f 3853 3851 3895 3896
f 3851 3849 3894 3895
f 3841 3839 3837 3890
f 3901 3900 3835 3836
f 3900 3899 3834 3835
f 3897 3896 3831 3832
f 3984 3983 3981 3973
f 3893 3891 3826 3828
f 3984 3973 3976 3985
f 3891 3890 3825 3826
f 3890 3837 3824 3825
f 3836 3835 3822 3823
f 3835 3834 3821 3822
f 3834 3833 3820 3821
f 3833 3832 3819 3820
f 3832 3831 3818 3819
f 3813 3812 3799 3800
f 3812 3811 3798 3799
f 3870 3802 3800 3868
f 3755 3762 3761 3754
f 3751 3758 3757 3750
f 3671 3698 3722 3695
f 3693 3720 3718 3691
f 3691 3718 3716 3689
f 3685 3712 3710 3683
f 3677 3705 3702 3675
f 3686 3684 3728 3729
f 3734 3733 3668 3669
f 3826 3825 3812 3813
f 3732 3731 3666 3667
f 3731 3730 3665 3666
f 3823 3822 3809 3810
f 3729 3728 3663 3664
f 3822 3821 3808 3809
f 3728 3727 3662 3663
f 3837 3901 3836 3824
f 3821 3820 3807 3808
f 3818 3817 3804 3805
f 3820 3819 3806 3807
f 3726 3724 3659 3661
f 3819 3818 3805 3806
f 3723 3670 3657 3658
f 3668 3667 3654 3655
f 3666 3665 3652 3653
f 3665 3664 3651 3652
f 3664 3663 3650 3651
f 3663 3662 3649 3650
f 3659 3658 3645 3646
f 3658 3657 3644 3645
f 3644 3656 3643 3631
f 3656 3655 3642 3643
f 3670 3734 3669 3657
f 3654 3653 3640 3641
f 3648 3646 3633 3635
f 3646 3645 3632 3633
f 3809 3808 3884 3886
f 3645 3644 3631 3632
f 3701 3633 3632 3699
f 3316 3315 3269 3271
f 3315 3313 3266 3269
f 3258 3322 3283 3259
f 3322 3321 3281 3283
f 3230 3231 3310 3308
f 3219 3220 3288 3286
f 3221 3223 3293 3290
f 3224 3225 3298 3296
f 3225 3226 3300 3298
f 3228 3229 3306 3304
f 3598 3566 3567 3599
f 3595 3564 3566 3598
f 3570 3571 3572 3562
f 3586 3591 3593 3588
f 3583 3594 3589 3584
f 3588 3583 3577 3582
f 3579 3585 3587 3581
f 3578 3584 3585 3579
f 3577 3583 3584 3578
f 3579 3581 3574 3573
f 3314 3312 3263 3265
f 3557 3560 3553 3554
f 3548 3555 3552 3544
f 3547 3522 3523 3550
f 3550 3523 3518 3543
f 3543 3518 3519 3545
f 3545 3519 3520 3546
f 3860 3862 3889 3887
f 3534 3540 3541 3535
f 3533 3538 3540 3534
f 3856 3858 3885 3883
f 3535 3541 3536 3530
f 3854 3856 3883 3881
f 3850 3852 3879 3877
f 3848 3850 3877 3875
f 3838 3840 3867 3865
f 3477 3398 3386 3453
f 3475 3397 3398 3477
f 3473 3396 3397 3475
f 3465 3392 3393 3467
f 3463 3391 3392 3465
f 3461 3389 3391 3463
f 3388 3390 3460 3457
f 3453 3386 3387 3455
f 3452 3427 3451 3476
f 3472 3447 3445 3470
f 3468 3443 3441 3466
f 3462 3437 3435 3459
f 3458 3434 3431 3456
f 3456 3431 3429 3454
f 3454 3429 3427 3452
f 3489 3450 3426 3425
f 3488 3448 3450 3489
f 3485 3442 3444 3486
f 3483 3438 3440 3484
f 3480 3433 3436 3482
f 3478 3428 3430 3479
f 3423 3488 3489 3424
f 3422 3487 3488 3423
f 3421 3486 3487 3422
f 3420 3485 3486 3421
f 3575 3576 3568 3565
f 3419 3484 3485 3420
f 3418 3483 3484 3419
f 3415 3480 3482 3417
f 3414 3479 3481 3416
f 3413 3478 3479 3414
f 3407 3420 3421 3408
f 3406 3419 3420 3407
f 3405 3418 3419 3406
f 3404 3417 3418 3405
f 3389 3402 3404 3391
f 3388 3401 3403 3390
f 3387 3400 3401 3388
f 3386 3399 3400 3387
f 3689 3716 3714 3687
f 3683 3710 3708 3681
f 3675 3702 3700 3673
f 3349 3342 3340 3347
f 3347 3340 3339 3346
f 3338 3339 3340 3337
f 3227 3228 3304 3302
f 3309 3285 3260 3284
f 3305 3307 3282 3280
f 3303 3305 3280 3278
f 3299 3301 3276 3274
f 3297 3299 3274 3272
f 3289 3291 3267 3264
f 3317 3273 3275 3318
f 3316 3271 3273 3317
f 3401 3414 3416 3403
f 3255 3320 3321 3256
f 3254 3319 3320 3255
f 3253 3318 3319 3254
f 3397 3410 3411 3398
f 3252 3317 3318 3253
f 3251 3316 3317 3252
f 3424 3489 3425 3412
f 3395 3408 3409 3396
f 3250 3315 3316 3251
f 3394 3407 3408 3395
f 3392 3405 3406 3393
f 3393 3406 3407 3394
f 3391 3404 3405 3392
f 3245 3258 3311 3246
f 3242 3255 3256 3243
f 3241 3254 3255 3242
f 3240 3253 3254 3241
f 3411 3424 3412 3399
f 3237 3250 3251 3238
f 3234 3247 3249 3236
f 3230 3243 3244 3231
f 3229 3242 3243 3230
f 3257 3322 3258 3245
f 3228 3241 3242 3229
f 3398 3411 3399 3386
f 3224 3237 3238 3225
f 3220 3233 3234 3221
f 3219 3232 3233 3220
f 3694 3733 3734 3696
f 3220 3221 3290 3288
f 3989 3995 4000 3994
f 3102 2842 2840 3093
f 3649 3647 3634 3636
f 2684 2681 2682 2683
f 3004 3021 2729 2721
f 2720 2729 2739 2722
f 3173 3182 3181 3184
f 3178 3177 2950 3188
f 3092 3099 3095 2966
f 2974 2955 3185 3186
f 3707 3636 3634 3704
f 3471 3395 3396 3473
f 3165 3172 3170 3167
f 3155 3161 3166 3168
f 3164 3166 3161 3159
f 3159 3157 3150 3163
f 3162 3154 3158 3160
f 3117 2817 2820 2981
f 3232 3245 3246 3233
f 2957 2959 3144 3142
f 3142 3125 2954 2957
f 3125 3109 3118 3123
f 3486 3444 3446 3487
f 3107 2814 2818 3152
f 3149 3138 3133 3140
f 3106 3104 2816 2813
f 2841 2839 3103 3094
f 3101 3091 3097 3103
f 3103 2839 2843 3101
f 3024 3034 3086 3025
f 1415 1431 1414 1430
f 3400 3413 3414 3401
f 876 873 889 888
f 1182 1180 1163 1175
f 1417 1420 1419 1416
f 1563 1418 1419 1420
f 1666 1667 1660 1662
f 1395 1412 1693 1397
f 531 528 557 561
f 1876 1871 1880 1878
f 1388 1385 1390 1391
f 2861 2850 2870 2869
f 3681 3708 3706 3678
f 621 618 626 630
f 3104 3106 3108 3110
f 1361 1353 1352 1360
f 2093 2102 2100 2092
f 1840 1838 1846 1847
f 1363 1350 1353 1362
f 3041 2989 3089 3042
f 1351 1350 1349 1346
f 1342 1341 1339 1344
f 2741 2704 2709 2744
f 1312 1315 1303 1310
f 1326 1302 1314 1325
f 1326 1327 1304 1302
f 1329 1324 1314 1318
f 2314 2312 2293 2294
f 1292 1290 1293 1296
f 3896 3895 3830 3831
f 1284 1283 1280 1278
f 1312 1316 1319 1315
f 3046 3039 2989 3041
f 1239 1249 1245 1238
f 1231 1230 1228 1233
f 191 185 196 194
f 3680 3725 3727 3682
f 1705 1712 1711 1704
f 1215 1214 1212 1217
f 1453 1458 1464 1462
f 1704 1711 1710 1703
f 3295 3297 3272 3270
f 655 649 658 665
f 3285 3287 3262 3260
f 3412 3425 3478 3413
f 3287 3289 3264 3262
f 1440 1448 1436 1435
f 3842 3844 3872 3869
f 3292 3295 3270 3268
f 2860 2949 2947 2946
f 1176 1164 1161 1174
f 1183 1172 1177 1182
f 2220 2217 2218 2219
f 1156 1159 1158 1154
f 1156 1157 1152 1155
f 1392 1393 1389 1388
f 1142 1136 1138 1140
f 2922 2920 2918 2917
f 2630 2504 2512 2627
f 1137 1143 1141 1139
f 2408 2409 2407 2411
f 878 883 892 888
f 1626 1625 1620 1615
f 3733 3732 3667 3668
f 2416 2401 2404 2403
f 1604 1613 1611 1605
f 3816 3814 3801 3803
f 3815 3813 3800 3802
f 1114 1115 1112 1113
f 1108 1110 1107 1106
f 1106 1107 1104 1105
f 1600 1601 1597 1594
f 1103 1101 1099 1098
f 3807 3806 3880 3882
f 1086 1087 1091 1090
f 1095 1094 1090 1091
f 1086 1090 1092 1093
f 1087 1086 1089 1088
f 1085 1084 1091 1087
f 1079 1074 1075 1078
f 3518 3529 3524 3519
f 1082 1083 1079 1078
f 1074 1079 1072 1073
f 829 832 831 830
f 1054 1055 1062 1063
f 3131 3175 3174 3111
f 2349 2344 2346 2347
f 817 818 813 811
f 3582 3577 3571 3576
f 1053 1051 1048 1052
f 1691 1404 1399 1410
f 3320 3319 3277 3279
f 3572 3578 3579 3573
f 2626 2575 2612 2573
f 1043 1045 1047 1042
f 3425 3426 3428 3478
f 1984 1995 1993 1983
f 1035 1037 1039 1034
f 2026 2011 2013 2025
f 2304 2299 2335 2302
f 3858 3860 3887 3885
f 2310 2305 2322 2308
f 1025 1024 1016 1020
f 3319 3318 3275 3277
f 1025 1020 1013 1026
f 2500 2475 2487 2497
f 2974 3186 2983 2976
f 3045 3040 3043 3048
f 1028 1027 1019 1012
f 1165 1181 1179 1162
f 1002 1008 1007 1001
f 3997 3996 3990 3991
f 1405 1402 1399 1404
f 3519 3524 3525 3520
f 995 997 994 993
f 988 990 980 987
f 1384 1389 1382 1383
f 1372 1373 1377 1376
f 975 977 979 974
f 1221 1224 1226 1219
f 1705 1700 1726 1712
f 1329 1318 1304 1328
f 711 724 726 722
f 964 966 971 968
f 1930 1954 1942 1940
f 710 721 723 720
f 1369 1367 1368 1366
f 3669 3668 3655 3656
f 969 970 967 965
f 330 332 334 321
f 949 952 963 959
f 1352 1353 1350 1351
f 3717 3719 3642 3641
f 3652 3651 3638 3639
f 391 410 412 393
f 1189 1191 1201 1202
f 2582 2517 2618 2586
f 959 963 951 948
f 1323 1320 1313 1311
f 1566 1555 1556 1567
f 3487 3446 3448 3488
f 2968 2969 2965 2963
f 940 942 944 939
f 3750 3749 3752 3751
f 932 934 936 931
f 924 926 928 923
f 3238 3251 3252 3239
f 913 912 915 916
f 2288 2274 2273 2287
f 161 162 164 163
f 902 907 910 911
f 896 894 904 909
f 3399 3412 3413 3400
f 1669 1677 1671 1673
f 3119 3153 3185 3187
f 1178 1171 1169 1167
f 1055 1052 1064 1065
f 885 880 892 891
f 930 935 933 929
f 888 892 880 876
f 1373 1372 1375 1374
f 1172 1183 1179 1170
f 866 867 869 864
f 81 83 79 77
f 865 864 869 868
f 1261 1262 1263 1260
f 1754 1748 1745 1756
f 860 862 863 859
f 1564 1556 1555 1421
f 2877 2881 2901 2887
f 1561 1421 1555 1554
f 858 861 860 859
f 801 810 804 789
f 1993 1995 1988 1985
f 848 857 854 852
f 1250 1256 1255 1252
f 848 852 851 850
f 1236 1246 1245 1235
f 53 52 62 60
f 1580 1585 1587 1573
f 3894 3892 3827 3829
f 1531 1533 1536 1529
f 3687 3714 3712 3685
f 839 845 843 842
f 340 338 353 337
f 828 829 830 827
f 825 828 827 826
f 2848 2904 2818 2814
f 819 820 823 824
f 1183 1173 1162 1179
f 3667 3666 3653 3654
f 820 819 821 822
f 812 814 815 816
f 3542 3559 3556 3549
f 1199 1202 1201 1195
f 3024 3025 2995 2990
f 1193 1198 1194 1196
f 2532 2539 2536 2534
f 3943 3942 3936 3937
f 784 806 790 781
f 3984 3990 3989 3983
f 2774 2727 2723 2768
f 1010 1018 1017 1014
f 872 890 891 887
f 792 803 809 799
f 2330 2334 2298 2332
f 3531 3537 3539 3532
f 808 800 807 797
f 3529 3535 3530 3524
f 833 837 840 835
f 523 524 500 520
f 2839 2834 2845 2843
f 215 197 199 217
f 1804 1805 1806 1807
f 1810 1811 1812 1813
f 735 731 733 734
f 2859 2823 2820 2817
f 3576 3571 3570 3568
f 1041 1046 1044 1040
f 747 745 727 750
f 498 499 493 494
f 3019 3008 3012 3005
f 730 741 743 732
f 3825 3824 3811 3812
f 1124 1126 1121 1123
f 4000 3998 3992 3994
f 2879 2902 2903 2900
f 724 711 712 725
f 3247 3312 3314 3249
f 3402 3415 3417 3404
f 3730 3729 3664 3665
f 3688 3686 3729 3730
f 713 710 720 719
f 3817 3816 3803 3804
f 9 1 20 32
f 890 875 885 891
f 715 724 725 709
f 707 714 708 706
f 3690 3731 3732 3692
f 684 687 679 681
f 697 705 703 699
f 3230 3308 3306 3229
f 700 702 693 690
f 700 690 689 698
f 1864 1882 1880 1871
f 219 201 186 204
f 689 695 704 698
f 736 739 728 737
f 3189 3176 3184 3181
f 169 170 172 171
f 1955 1949 1942 1947
f 1694 1396 1409 1407
f 1712 1714 1725 1711
f 908 901 903 906
f 3849 3847 3892 3894
f 2739 2802 2803 2722
f 1116 1118 1115 1114
f 323 321 334 336
f 2089 2095 2102 2093
f 315 313 312 314
f 638 636 606 608
f 1117 1113 1112 1119
f 1026 1013 1016 1024
f 1742 1743 1705 1704
f 206 188 190 208
f 3248 3313 3315 3250
f 2944 2936 2951 2941
f 918 915 920 919
f 274 270 287 272
f 2307 2317 2319 2323
f 299 297 296 298
f 959 960 945 949
f 1710 1709 1733 1728
f 2023 2022 2018 2024
f 1305 1307 1310 1303
f 3937 3936 3931 3932
f 2584 2622 2595 2531
f 2888 2892 2884 2890
f 3056 3051 465 3065
f 1876 1878 1879 1877
f 992 999 998 994
f 1156 1154 1153 1157
f 286 254 269 271
f 1389 1384 1385 1388
f 229 230 232 231
f 3484 3440 3442 3485
f 2911 2914 2825 2948
f 2829 2845 2834 2836
f 2828 2907 2833 2837
f 2587 2589 2558 2568
f 262 253 266 264
f 268 253 257 255
f 1321 1317 1313 1320
f 1267 1277 1274 1268
f 249 250 252 251
f 1011 1015 1021 1022
f 763 775 764 771
f 3585 3590 3592 3587
f 279 281 283 270
f 1712 1726 1735 1706
f 241 242 244 243
f 2269 2263 2264 2268
f 993 994 998 1000
f 2269 2268 2261 2262
f 656 696 688 648
f 1436 1448 1442 1433
f 237 238 240 239
f 620 622 614 612
f 1249 1239 1244 1248
f 283 285 287 270
f 181 182 184 183
f 2296 2295 2329 2331
f 233 234 236 235
f 1891 1886 1883 1890
f 2058 2060 2064 2063
f 2550 2557 2544 2548
f 225 226 228 227
f 1913 1921 1898 1897
f 2668 2672 2669 2665
f 3524 3530 3531 3525
f 1301 1299 1291 1294
f 323 325 328 321
f 3996 3995 3989 3990
f 896 911 910 899
f 656 654 694 696
f 1243 1237 1246 1247
f 1051 1049 1050 1048
f 2162 2164 2165 2159
f 1552 1550 1558 1696
f 1323 1311 1309 1322
f 3991 3990 3984 3985
f 2969 2968 2971 2819
f 891 892 883 887
f 2649 2654 2651 2643
f 3752 3753 3760 3759
f 165 166 168 167
f 2509 2505 2637 2639
f 63 41 40 61
f 1952 1919 1960 1958
f 1400 1398 1401 1403
f 617 619 611 609
f 1177 1166 1180 1182
f 2953 2975 2973 2956
f 1355 1354 1351 1356
f 3655 3654 3641 3642
f 2698 2692 2691 2697
f 394 413 415 396
f 2676 2660 2679 2675
f 1022 1021 1017 1018
f 486 482 481 478
f 2609 2607 2605 2596
f 3231 3244 3232 3219
f 518 514 513 519
f 187 185 191 189
f 2816 2847 2849 2813
f 340 337 344 342
f 1459 1467 1456 1450
f 1131 1135 1120 1127
f 888 889 870 878
f 173 174 176 175
f 1387 1385 1384 1386
f 2745 2711 2773 2770
f 1821 1823 1825 1827
f 2313 2311 2309 2321
f 2006 2002 2001 1999
f 886 882 879 871
f 2191 2193 2186 2188
f 1030 1023 1019 1031
f 3222 3235 3237 3224
f 899 910 905 897
f 218 220 205 203
f 157 158 160 159
f 638 608 610 640
f 208 190 192 210
f 311 309 308 310
f 586 588 590 581
f 3151 3150 3135 3147
f 150 147 145 148
f 1906 1924 1915 1926
f 3713 3639 3638 3711
f 327 346 348 320
f 3969 3967 3965 3971
f 1445 1446 1447 1439
f 3095 3098 3146 2964
f 409 404 414 411
f 2182 2189 2187 2181
f 986 987 980 984
f 2492 2489 2481 2477
f 2168 2174 2173 2167
f 214 216 218 203
f 1921 1913 1953 1920
f 1001 1007 1009 1005
f 1056 1060 1059 1057
f 615 617 609 607
f 114 120 122 117
f 3898 3897 3832 3833
f 520 500 508 507
f 3482 3436 3438 3483
f 724 715 717 726
f 1932 1935 1959 1961
f 3525 3531 3532 3527
f 1789 1790 1791 1788
f 75 46 45 69
f 257 253 262 259
f 2136 2143 2141 2135
f 2783 2781 2778 2746
f 3321 3320 3279 3281
f 274 276 279 270
f 428 435 439 426
f 59 61 40 39
f 282 265 267 284
f 3464 3439 3437 3462
f 3227 3240 3241 3228
f 3840 3842 3869 3867
f 1293 1290 1298 1300
f 142 136 137 143
f 1591 1593 1596 1690
f 307 305 304 306
f 319 317 316 318
f 485 477 474 473
f 538 541 550 548
f 1785 1786 1787 1784
f 426 439 438 431
f 110 109 106 107
f 2298 2303 2324 2332
f 2006 1999 1998 2005
f 72 48 47 70
f 430 437 436 429
f 1286 1288 1279 1285
f 833 835 843 845
f 480 483 484 488
f 102 2783 2746 2769
f 1276 1266 1273 1275
f 2 3 24 22
f 640 610 613 643
f 60 58 54 53
f 1914 1912 1895 1893
f 31 19 17 18
f 686 678 667 680
f 2664 2668 2665 2661
f 121 120 114 112
f 278 261 263 280
f 1299 1298 1290 1291
f 3727 3725 3660 3662
f 489 490 507 508
f 3226 3239 3240 3227
f 2830 2834 2839 2841
f 534 536 545 543
f 71 69 45 44
f 51 64 62 52
f 1685 1681 1678 1683
f 1210 1209 1207 1204
f 3074 3077 3013 3022
f 10 11 35 33
f 84 82 78 80
f 1348 1347 1346 1349
f 497 496 505 506
f 288 289 291 290
f 1640 1656 1657 1644
f 2366 2362 2372 2368
f 1526 1698 1542 1524
f 960 947 955 962
f 1955 1950 1917 1923
f 3852 3854 3881 3879
f 1077 1075 1074 1076
f 151 144 154 156
f 1568 1554 1555 1566
f 1173 1183 1182 1175
f 3843 3841 3890 3891
f 1889 1890 1883 1887
f 2313 2316 2306 2311
f 213 195 197 215
f 1358 1357 1354 1355
f 3751 3752 3759 3758
f 1984 1982 2006 2005
f 2542 2539 2532 2530
f 580 577 582 585
f 41 63 65 42
f 1884 1890 1889 1888
f 284 267 254 286
f 716 718 714 707
f 1781 1780 1783 1782
f 1575 1592 1590 1571
f 3231 3219 3286 3310
f 3474 3449 3447 3472
f 399 401 403 388
f 1033 1038 1036 1032
f 2010 2026 2025 2008
f 3149 3140 3143 3145
f 3528 3534 3535 3529
f 1818 1817 1816 1819
f 3674 3723 3724 3676
f 1922 1925 1908 1909
f 1793 1792 1795 1794
f 4 5 28 26
f 1109 1105 1104 1111
f 405 404 409 407
f 782 791 795 785
f 68 49 48 72
f 2886 2871 2873 2887
f 786 796 797 807
f 3011 3090 3004 3049
f 217 199 201 219
f 2735 2745 2770 2710
f 3523 3528 3529 3518
f 3526 3533 3534 3528
f 54 58 74 55
f 14 15 23 25
f 2034 2036 2035 2033
f 2275 2277 2281 2283
f 10 33 31 18
f 271 269 256 273
f 2163 2161 2149 2154
f 25 27 13 14
f 3544 3552 3559 3542
f 2131 2133 2126 2129
f 16 21 23 15
f 758 755 768 753
f 3577 3578 3572 3571
f 2567 2563 2526 2524
f 2075 2081 2088 2079
f 1737 1744 1747 1739
f 729 732 743 744
f 2467 2471 2483 2485
f 945 960 962 958
f 3031 3013 3086 3034
f 2230 2231 2232 2229
f 196 185 200 198
f 30 28 5 6
f 1155 1160 1159 1156
f 64 51 50 66
f 245 246 248 247
f 2990 3027 3050 2996
f 3144 2959 2964 3146
f 3551 3558 3555 3548
f 37 46 75 73
f 1001 1005 1006 1004
f 74 76 56 55
f 2395 2397 2386 2389
f 3828 3826 3813 3815
f 2590 2585 2617 2620
f 453 463 456 446
f 322 341 343 324
f 83 84 80 79
f 446 456 457 448
f 3005 3010 3057 3049
f 615 607 614 622
f 1619 1624 1623 1622
f 578 579 573 571
f 1240 1249 1248 1242
f 3563 3573 3575 3565
f 89 93 92 88
f 1617 1621 1623 1624
f 1869 1865 1864 1871
f 3312 3311 3261 3263
f 86 90 93 89
f 2199 2205 2206 2200
f 3246 3311 3312 3247
f 1753 1755 1743 1742
f 12 13 27 29
f 129 130 124 127
f 1267 1268 1272 1271
f 584 583 592 593
f 485 486 478 477
f 121 112 119 123
f 956 953 950 946
f 146 153 154 144
f 124 125 126 127
f 2730 2795 2793 2740
f 3569 3561 3595 3601
f 1189 1200 1192 1184
f 59 39 38 57
f 1282 1285 1279 1281
f 1129 1125 1122 1133
f 918 917 916 915
f 132 133 127 126
f 475 476 479 487
f 523 510 509 524
f 139 137 134 140
f 447 458 459 449
f 3138 3149 3145 3148
f 344 337 349 347
f 295 293 292 294
f 280 263 265 282
f 349 337 353 351
f 458 455 460 459
f 1223 1222 1220 1225
f 2270 2276 2282 2274
f 1001 1004 1003 1002
f 599 601 605 604
f 744 746 738 729
f 1229 1232 1234 1227
f 825 826 831 832
f 1491 1515 1494 1471
f 1859 1853 1858 1860
f 452 462 463 453
f 2508 2630 2627 2514
f 1849 1854 1858 1857
f 3661 3659 3646 3648
f 329 350 352 331
f 204 186 188 206
f 1394 1396 1694 1413
f 3600 3602 3596 3597
f 1860 1858 1854 1861
f 333 354 339 335
f 850 851 853 856
f 1028 1012 1023 1029
f 2059 2057 2069 2066
f 358 356 355 357
f 954 951 963 961
f 597 569 572 600
f 1371 1370 1377 1373
f 2709 2704 2779 2715
f 2897 2835 2833 2905
f 17 19 21 16
f 2090 2097 2095 2089
f 366 364 363 365
f 1634 1636 1638 1628
f 66 50 49 68
f 3966 3968 3962 3958
f 2250 2258 2256 2245
f 532 542 539 529
f 370 368 367 369
f 1852 1851 1830 1832
f 2104 2106 2110 2109
f 2395 2388 2387 2393
f 1381 1380 1376 1377
f 205 207 209 203
f 374 372 371 373
f 429 436 434 427
f 2255 2257 2254 2253
f 1128 1130 1126 1124
f 733 728 739 734
f 2509 2512 2504 2505
f 378 376 375 377
f 3824 3836 3823 3811
f 3895 3894 3829 3830
f 1246 1237 1238 1245
f 382 380 379 381
f 386 384 383 385
f 403 390 392 388
f 2631 2455 2503 2629
f 900 898 893 895
f 392 395 397 388
f 2430 2432 2420 2426
f 1372 1376 1378 1379
f 456 463 462 454
f 134 137 136 135
f 1459 1452 1461 1467
f 3650 3649 3636 3637
f 1321 1322 1309 1317
f 2923 2928 2926 2921
f 1741 1703 1701 1760
f 3711 3638 3637 3709
f 1191 1187 1197 1201
f 387 417 419 398
f 398 419 421 400
f 579 574 568 573
f 3953 3952 3946 3947
f 1416 1419 1423 1427
f 467 469 472 470
f 3676 3724 3726 3679
f 425 423 422 424
f 1340 1343 1345 1338
f 938 943 941 937
f 331 352 354 333
f 2205 2203 2204 2206
f 2444 2453 2440 2447
f 603 602 596 598
f 3476 3451 3449 3474
f 1562 1549 1551 1422
f 1132 1123 1121 1134
f 2116 2118 2119 2113
f 3243 3256 3257 3244
f 3233 3246 3247 3234
f 1132 1134 1130 1128
f 2150 2152 2156 2155
f 504 506 505 502
f 2533 2523 2584 2531
f 273 256 258 275
f 2234 2235 2236 2233
f 2297 2333 2325 2293
f 1213 1216 1218 1211
f 2537 2538 2552 2551
f 1517 1541 1697 1521
f 683 672 676 686
f 512 511 519 513
f 450 460 461 451
f 1813 1812 1809 1808
f 451 461 462 452
f 1247 1246 1236 1241
f 3946 3945 3938 3940
f 460 455 462 461
f 4002 4001 3996 3997
f 2216 2215 2211 2212
f 7 36 30 6
f 1852 1832 1822 1856
f 1297 1294 1291 1295
f 57 38 37 73
f 1466 1468 1463 1455
f 1768 1769 1770 1771
f 1249 1240 1235 1245
f 3846 3843 3891 3893
f 42 65 67 43
f 1845 1820 1830 1843
f 2233 2237 2238 2234
f 497 498 494 495
f 550 541 534 543
f 961 963 952 957
f 655 665 662 652
f 492 493 499 491
f 533 531 561 562
f 2380 2374 2376 2378
f 324 343 345 326
f 1257 1251 1253 1254
f 3563 3562 3572 3573
f 522 503 501 521
f 1733 1709 1708 1731
f 1550 1548 1560 1558
f 3831 3830 3817 3818
f 221 222 224 223
f 2807 2702 2759 2762
f 2910 2973 2979 2913
f 3225 3238 3239 3226
f 468 471 472 469
f 3221 3234 3236 3223
f 320 348 350 329
f 654 651 691 694
f 1334 1333 1331 1336
f 602 605 601 596
f 517 515 514 518
f 2257 2259 2252 2254
f 545 536 538 548
f 983 985 981 982
f 532 525 535 542
f 1574 1570 1576 1579
f 3520 3525 3527 3521
f 533 562 556 526
f 8 34 36 7
f 2339 2355 2353 2341
f 1862 1855 1853 1859
f 973 978 976 972
f 4005 4003 3998 4000
f 3226 3227 3302 3300
f 1205 1203 1206 1208
f 1398 1400 1406 1408
f 2070 2072 2073 2067
f 584 593 588 586
f 3470 3445 3443 3468
f 2300 2326 2324 2303
f 777 767 772 765
f 1651 1652 1649 1650
f 648 688 691 651
f 1 2 22 20
f 982 981 991 989
f 1874 1876 1877 1872
f 26 24 3 4
f 3409 3422 3423 3410
f 636 643 613 606
f 948 947 960 959
f 3467 3393 3394 3469
f 1054 1053 1052 1055
f 653 663 660 650
f 2579 2581 2588 2525
f 1919 1920 1962 1960
f 1457 1454 1449 1451
f 1454 1461 1452 1449
f 1460 1453 1462 1465
f 67 71 44 43
f 362 360 359 361
f 2286 2272 2270 2284
f 2280 2273 2274 2282
f 1492 1472 1480 1488
f 1487 1479 1477 1484
f 2261 2268 2267 2266
f 1484 1477 1478 1482
f 1474 1486 1483 1475
f 2272 2279 2276 2270
f 1469 1489 1485 1473
f 2273 2280 2278 2271
f 1470 1495 1514 1490
f 1497 1493 1513 1509
f 3235 3248 3250 3237
f 1502 1498 1510 1507
f 1504 1502 1507 1505
f 2393 2387 2375 2391
f 3239 3252 3253 3240
f 2458 2468 2633 2451
f 1508 1511 1499 1501
f 1953 1956 1962 1920
f 1766 1764 1759 1757
f 1100 1102 1097 1096
f 3003 2996 3001 3016
f 1534 1532 1545 1546
f 1539 1519 1521 1697
f 1531 1529 1527 1543
f 3307 3309 3284 3282
f 1742 1704 1703 1741
f 1538 1540 1698 1526
f 1523 1528 1530 1525
f 1701 1703 1710 1728
f 2015 2024 2025 2013
f 2354 2351 2348 2345
f 275 258 260 277
f 1565 1422 1551 1553
f 2381 2388 2386 2398
f 2202 2199 2200 2201
f 1579 1576 1572 1578
f 1569 1588 1592 1575
f 2065 2061 2068 2074
f 631 623 621 630
f 1583 1585 1580 1577
f 1581 1586 1584 1582
f 88 92 91 87
f 1824 1833 1831 1826
f 1597 1601 1687 1689
f 1693 1692 1411 1397
f 2540 2576 2552 2538
f 1688 1602 1598 1599
f 1603 1609 1613 1604
f 2345 2336 2342 2354
f 2868 2865 2947 2949
f 1614 1608 1606 1612
f 3651 3650 3637 3638
f 1610 1607 1608 1614
f 2806 2730 2750 2752
f 3799 3798 3864 3866
f 1616 1618 1625 1626
f 3105 3111 3174 2826
f 3695 3722 3720 3693
f 3455 3387 3388 3457
f 1637 1635 1633 1632
f 1637 1631 1629 1635
f 1636 1630 1627 1638
f 3863 3861 3900 3901
f 1891 1890 1884 1885
f 400 421 406 402
f 2138 2146 2144 2137
f 1648 1664 1656 1640
f 704 695 692 701
f 3396 3409 3410 3397
f 884 874 877 881
f 1665 1654 1655 1663
f 1663 1667 1666 1665
f 1669 1673 1675 1676
f 1923 1917 1925 1922
f 3408 3421 3422 3409
f 2169 2176 2174 2168
f 1680 1682 1672 1670
f 3410 3423 3424 3411
f 1682 1684 1674 1672
f 4009 4011 3980 3977
f 1424 1426 1429 1415
f 8 9 32 34
f 1443 1441 1447 1446
f 626 618 616 625
f 922 927 925 921
f 1711 1725 1723 1710
f 1717 1720 1722 1724
f 1715 1717 1724 1713
f 3811 3823 3810 3798
f 756 759 780 762
f 1721 1719 1708 1709
f 1718 1716 1706 1707
f 1870 1880 1882 1867
f 3130 3134 3158 3154
f 1710 1723 1721 1709
f 1706 1716 1714 1712
f 2338 2337 2346 2344
f 766 776 751 778
f 1707 1706 1735 1730
f 1702 1729 1727 1699
f 1729 1734 1736 1727
f 3466 3441 3439 3464
f 1532 1544 1547 1545
f 1918 1916 1951 1949
f 1751 1753 1742 1741
f 1748 1754 1752 1750
f 4007 3974 3982 4014
f 1738 1746 1749 1740
f 1749 1751 1741 1740
f 1743 1737 1767 1758
f 2053 2054 2052 2050
f 3657 3669 3656 3644
f 1755 1744 1737 1743
f 1765 1740 1741 1760
f 1738 1740 1765 1762
f 1767 1737 1739 1763
f 108 110 107 105
f 1757 1759 1702 1699
f 2020 2016 2014 2012
f 1770 1772 1773 1771
f 1774 1775 1776 1777
f 1778 1777 1776 1779
f 3522 3526 3528 3523
f 3530 3536 3537 3531
f 2741 2744 2806 2752
f 1797 1800 1801 1796
f 1800 1799 1798 1801
f 1807 1806 1803 1802
f 3129 3127 3139 3140
f 1815 1818 1819 1814
f 1841 1835 1837 1839
f 3575 3580 3582 3576
f 1835 1841 1847 1846
f 2971 2985 2909 2819
f 1078 1075 1080 1081
f 1842 1836 1863 1866
f 1856 1822 1828 1848
f 1820 1845 1836 1822
f 1415 1429 1432 1431
f 2387 2388 2381 2379
f 3580 3586 3588 3582
f 1821 1827 1831 1833
f 3417 3482 3483 3418
f 111 113 116 115
f 1871 1876 1874 1869
f 2359 2370 2372 2362
f 335 339 341 322
f 2120 2117 2108 2111
f 3124 3187 3185 2955
f 1836 1834 1881 1863
f 1878 1875 1873 1879
f 3715 3640 3639 3713
f 2866 2870 2890 2884
f 1900 1903 1926 1892
f 1909 1905 1901 1911
f 2151 2149 2161 2158
f 3653 3652 3639 3640
f 2825 2946 2947 2948
f 1952 1912 1914 1919
f 1916 1918 1915 1924
f 1919 1914 1921 1920
f 1922 1915 1918 1923
f 1914 1893 1898 1921
f 1892 1911 1898 1893
f 2867 2885 2973 2910
f 1922 1909 1926 1915
f 3009 3052 3063 2991
f 1909 1911 1892 1926
f 211 193 195 213
f 680 667 669 682
f 1947 1948 1929 1938
f 996 992 994 997
f 1949 1955 1923 1918
f 2498 2493 2480 2474
f 1954 1932 1937 1948
f 2529 2580 2524 2526
f 1942 1949 1951 1945
f 526 556 557 528
f 1942 1954 1948 1947
f 1947 1943 1950 1955
f 1937 1932 1961 1963
f 1181 1168 1170 1179
f 1963 1957 1933 1937
f 1444 1437 1441 1443
f 389 408 410 391
f 1969 1970 1977 1976
f 1971 1967 1968 1966
f 1970 1968 1975 1977
f 1973 1974 1975 1964
f 1967 1964 1975 1968
f 1981 1980 1978 1979
f 2228 2227 2221 2222
f 749 742 740 748
f 2950 2938 2939 2952
f 1989 1991 1993 1985
f 1988 1987 1986 1985
f 1512 1516 1496 1500
f 414 404 418 416
f 2054 2053 2049 2051
f 682 671 674 685
f 2604 2571 2602 2599
f 2247 2253 2254 2249
f 1998 1999 1996 1997
f 3584 3589 3590 3585
f 2017 2021 2009 2007
f 2024 2018 2008 2025
f 3593 3594 3583 3588
f 2028 2030 2031 2029
f 2038 2037 2039 2040
f 3800 3799 3866 3868
f 2044 2046 2056 2055
f 2045 2043 2055 2056
f 1287 1289 1284 1278
f 2074 2071 2062 2065
f 2071 2069 2057 2062
f 2076 2082 2081 2075
f 3829 3827 3814 3816
f 2078 2086 2084 2077
f 2085 2087 2080 2083
f 2330 2327 2301 2334
f 2092 2100 2098 2091
f 2840 2842 2844 2831
f 2099 2101 2094 2096
f 616 623 631 625
f 2111 2107 2114 2120
f 527 537 535 525
f 2350 2352 2349 2347
f 2105 2103 2115 2112
f 2361 2359 2362 2364
f 2117 2115 2103 2108
f 1642 1652 1651 1646
f 2122 2128 2127 2121
f 3244 3257 3245 3232
f 2517 2611 2547 2618
f 2124 2132 2130 2123
f 2121 2127 2134 2125
f 2139 2148 2146 2138
f 2135 2141 2148 2139
f 2145 2147 2140 2142
f 2157 2153 2160 2166
f 757 751 776 779
f 2660 2664 2661 2657
f 2170 2178 2176 2169
f 2167 2173 2180 2171
f 2177 2179 2172 2175
f 450 451 452 444
f 2184 2192 2190 2183
f 3311 3258 3259 3261
f 2623 2639 2637 2501
f 447 449 450 444
f 446 445 452 453
f 2185 2194 2192 2184
f 2181 2187 2194 2185
f 3940 3938 3934 3935
f 2196 2195 2198 2197
f 2196 2202 2201 2195
f 3952 3950 3945 3946
f 2210 2209 2208 2207
f 1418 1425 1423 1419
f 3256 3321 3322 3257
f 2442 2456 2632 2452
f 2214 2213 2212 2211
f 2222 2221 2224 2223
f 2223 2224 2218 2217
f 2226 2225 2227 2228
f 1466 1460 1465 1468
f 2258 2250 2251 2260
f 2250 2245 2246 2248
f 56 76 70 47
f 2267 2268 2264 2265
f 2751 2762 2767 2753
f 1332 1335 1337 1330
f 2463 2441 2443 2465
f 2287 2273 2271 2285
f 2439 2448 2636 2472
f 1185 1186 1190 1188
f 2320 2318 2296 2297
f 2297 2293 2312 2320
f 574 576 570 568
f 1535 1537 1525 1530
f 2319 2321 2309 2323
f 2774 2768 2722 2728
f 1679 1686 1678 1681
f 2912 2978 2984 2824
f 2333 2297 2296 2331
f 2295 2296 2318 2315
f 2921 2926 2734 2924
f 2338 2340 2343 2337
f 2353 2355 2352 2350
f 2357 2365 2359 2361
f 2365 2367 2370 2359
f 1433 1442 1438 1434
f 2382 2399 2385 2384
f 2382 2383 2374 2380
f 2394 2392 2374 2383
f 3015 3164 3159 3163
f 2379 2377 2375 2387
f 11 12 29 35
f 2392 2390 2376 2374
f 3348 3350 3343 3341
f 530 540 537 527
f 1743 1758 1700 1705
f 2434 2405 2412 2406
f 2412 2415 2403 2410
f 3862 3838 3865 3889
f 2414 2405 2416 2413
f 2423 2422 2430 2426
f 2421 2417 2420 2419
f 2431 2427 2419 2429
f 3222 3224 3296 3294
f 3830 3829 3816 3817
f 2434 2400 2411 2407
f 3469 3394 3395 3471
f 1641 1639 1650 1649
f 2433 2428 2423 2435
f 2453 2456 2442 2440
f 2437 2459 2438 2457
f 3855 3853 3896 3897
f 2460 2436 2507 2502
f 2455 2454 2506 2503
f 2893 2896 2986 2972
f 177 178 180 179
f 2553 2555 2557 2550
f 2554 2576 2619 2556
f 2578 2574 2559 2620
f 2559 2574 2613 2562
f 2436 2631 2629 2507
f 155 153 146 149
f 1843 1868 1881 1834
f 2462 2464 2473 2479
f 1146 1150 1148 1144
f 2573 2577 2541 2626
f 3673 3700 3698 3671
f 2530 2594 2593 2542
f 2019 2023 2024 2015
f 2623 2501 2508 2514
f 2975 2977 2979 2973
f 2495 2486 2484 2490
f 2499 2496 2491 2494
f 727 745 742 749
f 1645 1658 1668 1653
f 2603 2615 2597 2600
f 2533 2535 2519 2523
f 2364 2362 2366 2358
f 1070 1069 1068 1071
f 2513 2518 2641 2628
f 3345 3346 3339 3338
f 2586 2589 2587 2582
f 2619 2616 2543 2556
f 1822 1836 1842 1828
f 2547 2611 2521 2549
f 402 406 408 389
f 2583 2510 2528 2621
f 2595 2622 2566 2592
f 396 415 417 387
f 821 824 823 822
f 2570 2561 2615 2565
f 2444 2447 2438 2459
f 1653 1668 1664 1648
f 2632 2437 2457 2452
f 2291 2292 2290 2289
f 2633 2465 2443 2450
f 2646 2645 2647 2648
f 2650 2649 2643 2644
f 2645 2652 2653 2647
f 2935 2852 2846 2826
f 2889 2887 2901 2898
f 2731 2725 2723 2727
f 920 915 912 914
f 2652 2656 2677 2653
f 2654 2676 2655 2651
f 2678 2680 2659 2677
f 1880 1870 1875 1878
f 2658 2662 2663 2659
f 2662 2666 2667 2663
f 2666 2670 2671 2667
f 2689 2688 2687 2690
f 2694 2696 2695 2693
f 3977 3975 4007 4009
f 2808 2700 2699 2703
f 3662 3660 3647 3649
f 3021 3004 3090 3084
f 2702 2758 2763 2759
f 2325 2328 2294 2293
f 2764 2766 2761 2760
f 649 650 660 658
f 3899 3898 3833 3834
f 2435 2425 2424 2433
f 1557 1559 1518 1522
f 2704 2710 2770 2747
f 3859 3857 3898 3899
f 3479 3430 3432 3481
f 303 301 300 302
f 2995 3000 3061 2990
f 2790 2796 2805 2743
f 2794 2805 2796 2799
f 1522 1520 1695 1557
f 3185 3153 2983 3186
f 2851 2849 2847 2853
f 3724 3723 3658 3659
f 1316 1308 1306 1319
f 2516 2581 2579 2624
f 2881 2899 2898 2901
f 2274 2288 2284 2270
f 1424 1415 1430 1428
f 1147 1145 1149 1151
f 2905 2892 2888 2897
f 2902 2919 2921 2924
f 2916 2931 2928 2923
f 3839 3863 3901 3837
f 2925 2927 2930 2934
f 2876 2917 2918 2880
f 2935 2937 2875 2852
f 418 404 405 420
f 3301 3303 3278 3276
f 2166 2163 2154 2157
f 2123 2130 2128 2122
f 2911 2948 2947 2865
f 2077 2084 2082 2076
f 2941 2943 2929 2944
f 2515 2628 2641 2520
f 2967 2960 2958 2972
f 1053 1056 1057 1058
f 2973 2972 2958 2956
f 2822 2824 2984 2982
f 2908 2909 2985 2906
f 2893 2972 2973 2885
f 449 459 460 450
f 1265 1264 1259 1258
f 3068 465 3051 3028
f 2699 2700 3088 2988
f 3032 3033 3047 3042
f 1292 1295 1291 1290
f 521 516 517 522
f 1273 1266 1270 1269
f 3079 3026 3087 99
f 99 3087 3078 97
f 479 480 488 487
f 3703 3635 3633 3701
f 85 84 83
f 85 83 81
f 85 82 84
f 94 93 90
f 94 91 92
f 94 92 93
f 3080 98 100
f 98 96 100
f 96 2999 100
f 2999 3082 100
f 101 2706 104
f 2705 2780 104
f 2780 2784 104
f 2784 101 104
f 115 118 111
f 128 129 127
f 126 131 132
f 138 137 139
f 136 142 141
f 148 145 152
f 212 202 203
f 212 203 209
f 214 202 212
f 214 203 202
f 434 436 432
f 432 436 437
f 433 439 435
f 438 439 433
f 443 440 441
f 443 441 442
f 445 446 448
f 454 457 456
f 2994 3064 466
f 3067 2993 466
f 464 3067 466
f 466 3064 464
f 495 496 497
f 515 517 516
f 546 552 544
f 551 553 547
f 546 554 552
f 554 546 549
f 551 552 553
f 552 551 544
f 563 564 555
f 558 564 566
f 563 565 564
f 565 563 559
f 558 566 560
f 564 558 555
f 587 582 577
f 587 577 575
f 585 587 575
f 585 575 580
f 569 597 595
f 569 595 567
f 595 600 572
f 595 572 567
f 589 594 591
f 627 624 633
f 632 629 635
f 627 633 634
f 634 628 627
f 632 635 633
f 633 624 632
f 644 637 645
f 639 646 645
f 644 645 647
f 647 642 644
f 639 641 646
f 645 637 639
f 668 659 670
f 671 682 669
f 675 664 677
f 668 666 657
f 668 657 659
f 673 670 659
f 673 659 661
f 675 673 661
f 675 661 664
f 666 677 664
f 666 664 657
f 678 686 676
f 760 770 754
f 762 780 774
f 773 769 761
f 767 777 752
f 793 783 788
f 791 798 795
f 802 794 787
f 789 805 801
f 844 836 841
f 846 838 834
f 849 855 847
f 904 902 909
f 909 911 896
f 902 911 909
f 910 907 905
f 1023 1030 1029
f 1027 1031 1019
f 1061 1059 1060
f 1064 1066 1065
f 1056 1053 1054
f 1063 1062 1067
f 1192 1200 1199
f 1200 1189 1202
f 1199 1200 1202
f 1201 1197 1195
f 1328 1304 1327
f 1325 1314 1324
f 1359 1357 1358
f 1363 1362 1364
f 1354 1352 1351
f 1360 1365 1361
f 1476 1475 1483
f 1476 1483 1481
f 1503 1506 1508
f 1503 1508 1501
f 1596 1593 1589
f 1596 1589 1595
f 1639 1641 1643
f 1639 1643 1647
f 1654 1661 1659
f 1654 1659 1655
f 1736 1734 1732
f 1766 1761 1764
f 1853 1857 1858
f 1855 1850 1853
f 1892 1893 1900
f 1896 1902 1894
f 1899 1902 1896
f 1927 1904 1907
f 1907 1904 1910
f 1901 1898 1911
f 1954 1930 1932
f 1934 1931 1928
f 1936 1934 1928
f 1941 1944 1939
f 1944 1946 1939
f 1929 1948 1937
f 1965 1971 1966
f 1972 1974 1973
f 1992 1994 1993
f 1993 1991 1992
f 1993 1994 1983
f 1990 1985 1986
f 1985 1990 1989
f 2003 2006 2004
f 2006 2003 2002
f 2006 1982 2004
f 2000 1996 1999
f 1999 2001 2000
f 2027 2030 2028
f 2032 2033 2035
f 2044 2041 2046
f 2045 2042 2043
f 2050 2052 2047
f 2051 2049 2048
f 2239 2240 2241
f 2239 2241 2242
f 2241 2243 2244
f 2241 2244 2242
f 2254 2252 2249
f 2251 2250 2248
f 2245 2256 2246
f 2247 2255 2253
f 2363 2356 2360
f 2371 2369 2373
f 2383 2396 2394
f 2385 2396 2384
f 2405 2434 2407
f 2404 2401 2402
f 2416 2403 2413
f 2403 2415 2413
f 2426 2435 2423
f 2421 2418 2417
f 2420 2432 2419
f 2419 2432 2429
f 2405 2414 2412
f 2430 2422 2431
f 2406 2412 2410
f 2431 2422 2427
f 2575 2608 2561
f 2575 2561 2612
f 2596 2605 2598
f 2548 2544 2546
f 2608 2575 2606
f 2638 2506 2445
f 2445 2506 2454
f 2502 2446 2460
f 2472 2468 2458
f 2472 2458 2439
f 2552 2576 2554
f 2606 2575 2571
f 2606 2571 2604
f 2575 2626 2571
f 2528 2527 2621
f 2626 2541 2571
f 2601 2572 2542
f 2510 2522 2513
f 2522 2510 2583
f 2502 2638 2446
f 2513 2522 2518
f 2535 2537 2519
f 2551 2642 2537
f 2537 2642 2519
f 2620 2559 2590
f 2610 2515 2520
f 2551 2549 2521
f 2642 2551 2521
f 2618 2547 2545
f 2610 2624 2515
f 2624 2610 2516
f 2640 2529 2511
f 2580 2640 2625
f 2529 2640 2580
f 2621 2527 2564
f 2615 2561 2608
f 2615 2608 2597
f 2570 2560 2561
f 2565 2615 2591
f 2593 2614 2601
f 2542 2593 2601
f 2525 2588 2569
f 2463 2449 2441
f 2635 2478 2482
f 2636 2449 2463
f 2635 2482 2470
f 2478 2635 2461
f 2634 2476 2466
f 2476 2634 2488
f 2488 2634 2469
f 2656 2678 2677
f 2676 2675 2655
f 2659 2680 2658
f 2679 2660 2657
f 2671 2670 2674
f 2669 2672 2673
f 2704 2741 2748
f 2704 2748 2801
f 2719 2787 2785
f 2735 2710 2717
f 2722 2803 2718
f 2737 2723 2725
f 2701 2808 2750
f 2700 2808 2701
f 2757 2754 2765
f 2763 2758 2756
f 2765 2754 2749
f 2765 2749 2742
f 2765 2742 2767
f 2767 2742 2753
f 2707 2715 2776
f 2779 2704 2747
f 2769 2771 102
f 2781 2775 2778
f 2782 2708 2777
f 2722 2718 2728
f 2709 2786 2789
f 2804 2793 2714
f 2795 2730 2806
f 2812 2790 2785
f 2812 2785 2787
f 2800 2713 2792
f 2788 2713 2810
f 2715 2779 2776
f 103 2772 2708
f 2748 2755 2801
f 2794 2799 2791
f 2803 2802 2732
f 2740 2793 2804
f 2789 2744 2709
f 2807 2762 2751
f 2790 2812 2796
f 2838 2836 2834
f 2838 2834 2830
f 2836 2838 2832
f 2818 2904 2858
f 2904 2857 2854
f 2854 2858 2904
f 2853 2863 2851
f 2870 2850 2864
f 2853 2872 2863
f 2876 2874 2872
f 2876 2872 2853
f 2874 2876 2878
f 2878 2880 2883
f 2886 2862 2871
f 2877 2887 2873
f 2890 2870 2864
f 2891 2862 2886
f 2891 2886 2889
f 2892 2905 2895
f 2879 2900 2882
f 2835 2897 2900
f 2850 2857 2904
f 2850 2904 2848
f 2861 2857 2850
f 2866 2869 2870
f 2860 2946 2856
f 2823 2859 2855
f 2823 2855 2825
f 2716 2924 2734
f 2934 2726 2733
f 2934 2733 2925
f 2876 2880 2878
f 2826 2846 2815
f 2937 2945 2915
f 2937 2915 2875
f 2932 2915 2945
f 2949 2860 2868
f 2825 2855 2946
f 2900 2903 2828
f 2900 2828 2835
f 2907 2828 2903
f 2855 2856 2946
f 2827 2938 2950
f 2939 2940 2952
f 2736 2724 2933
f 2736 2933 2943
f 2929 2943 2933
f 2940 2942 2952
f 2727 2738 2731
f 2962 2968 2963
f 2972 2970 2967
f 2894 2906 2985
f 2972 2986 2970
f 2978 2912 2980
f 2822 2982 2821
f 2990 3083 3030
f 2990 3030 3024
f 3049 3057 3011
f 2987 3031 3088
f 2700 2987 3088
f 3037 3044 3036
f 3046 3038 3039
f 3044 3029 3036
f 3044 3047 3023
f 3044 3023 3029
f 3047 3033 3023
f 2992 3058 3000
f 3061 3027 2990
f 3056 3065 3054
f 3028 3062 3068
f 3068 3062 3060
f 3066 3059 2991
f 2995 3073 3070
f 3085 2997 3074
f 3077 3086 3013
f 3072 3026 3079
f 95 3075 2998
f 3055 3053 3001
f 3000 3058 3061
f 3030 3083 3035
f 3078 3076 97
f 3090 3014 3084
f 3022 3085 3074
f 3050 3001 2996
f 3073 2995 3025
f 3010 3005 3012
f 3089 3032 3042
f 3071 3081 2998
f 3072 3079 3069
f 3097 3096 3100
f 3100 3094 3103
f 3100 3103 3097
f 2818 3116 3152
f 3152 3112 3114
f 3112 3152 3116
f 3110 3108 3121
f 3109 3107 3152
f 3109 3152 3114
f 3109 3114 3118
f 3125 3120 3109
f 3110 3121 3126
f 3130 3110 3126
f 3130 3126 3128
f 3128 3132 3130
f 3132 3136 3134
f 3132 3134 3130
f 3139 3127 3122
f 3133 3129 3140
f 3142 3120 3125
f 3141 3139 3122
f 3141 3143 3139
f 3139 3143 3140
f 2959 2961 2964
f 3135 3137 3147
f 2954 3125 3123
f 3113 3117 2981
f 2983 3113 2981
f 3150 3157 3135
f 3002 3015 3163
f 3172 3165 3006
f 3165 3017 3006
f 2826 2815 3105
f 3175 3131 3156
f 3175 3156 3183
f 3156 3169 3183
f 3119 3187 3124
f 2983 3153 3113
f 3147 3098 3092
f 3147 3092 3151
f 2966 3151 3092
f 3113 3153 3115
f 2827 2950 3177
f 3178 3188 3179
f 3018 3182 3173
f 3018 3173 3007
f 3184 3171 3173
f 3179 3188 3180
f 3010 3012 3020
f 3115 3153 3119
f 3098 3147 3146
f 2886 2887 2889
f 2811 3190 2797
f 2797 3190 2798
f 2798 3190 2712
f 2712 3190 2809
f 2681 2684 2685
f 2687 2686 2690
f 2905 2833 2907
f 3095 2964 2966
f 2902 2879 2919
f 3055 3001 3050
f 3197 3192 3191
f 3192 3193 3191
f 3193 3194 3191
f 3194 3196 3191
f 3195 3197 3191
f 3204 3199 3198
f 3199 3200 3198
f 3200 3201 3198
f 3201 3203 3198
f 3202 3204 3198
f 3211 3206 3205
f 3206 3207 3205
f 3207 3208 3205
f 3208 3210 3205
f 3209 3211 3205
f 3218 3213 3212
f 3213 3214 3212
f 3214 3215 3212
f 3215 3217 3212
f 3216 3218 3212
f 3329 3324 3323
f 3324 3325 3323
f 3325 3326 3323
f 3326 3328 3323
f 3327 3329 3323
f 3336 3331 3330
f 3331 3332 3330
f 3332 3333 3330
f 3333 3335 3330
f 3334 3336 3330
f 3337 3340 3342
f 3337 3341 3343
f 3343 3350 3344
f 3343 3344 3337
f 3344 3345 3338
f 3344 3338 3337
f 3357 3352 3351
f 3352 3353 3351
f 3353 3354 3351
f 3354 3356 3351
f 3355 3357 3351
f 3364 3359 3358
f 3359 3360 3358
f 3360 3361 3358
f 3361 3363 3358
f 3362 3364 3358
f 3371 3366 3365
f 3366 3367 3365
f 3367 3368 3365
f 3368 3370 3365
f 3369 3371 3365
f 3378 3373 3372
f 3373 3374 3372
f 3374 3375 3372
f 3375 3377 3372
f 3376 3378 3372
f 3385 3380 3379
f 3380 3381 3379
f 3381 3382 3379
f 3382 3384 3379
f 3383 3385 3379
f 3496 3491 3490
f 3491 3492 3490
f 3492 3493 3490
f 3493 3495 3490
f 3494 3496 3490
f 3503 3498 3497
f 3498 3499 3497
f 3499 3500 3497
f 3500 3502 3497
f 3501 3503 3497
f 3510 3505 3504
f 3505 3506 3504
f 3506 3507 3504
f 3507 3509 3504
f 3508 3510 3504
f 3517 3512 3511
f 3512 3513 3511
f 3513 3514 3511
f 3514 3516 3511
f 3515 3517 3511
f 3546 3520 3521
f 3595 3561 3564
f 3599 3567 3569
f 3599 3569 3601
f 3609 3603 3604
f 3604 3603 3605
f 3605 3603 3606
f 3606 3603 3607
f 3608 3603 3609
f 3616 3610 3611
f 3611 3610 3612
f 3612 3610 3613
f 3613 3610 3614
f 3615 3610 3616
f 3623 3617 3618
f 3618 3617 3619
f 3619 3617 3620
f 3620 3617 3621
f 3622 3617 3623
f 3630 3624 3625
f 3625 3624 3626
f 3626 3624 3627
f 3627 3624 3628
f 3629 3624 3630
f 3741 3735 3736
f 3736 3735 3737
f 3737 3735 3738
f 3738 3735 3739
f 3740 3735 3741
f 3748 3742 3743
f 3743 3742 3744
f 3744 3742 3745
f 3745 3742 3746
f 3747 3742 3748
f 3749 3753 3752
f 3749 3755 3754
f 3755 3749 3756
f 3755 3756 3762
f 3756 3749 3750
f 3756 3750 3757
f 3769 3763 3764
f 3764 3763 3765
f 3765 3763 3766
f 3766 3763 3767
f 3768 3763 3769
f 3776 3770 3771
f 3771 3770 3772
f 3772 3770 3773
f 3773 3770 3774
f 3775 3770 3776
f 3783 3777 3778
f 3778 3777 3779
f 3779 3777 3780
f 3780 3777 3781
f 3782 3777 3783
f 3790 3784 3785
f 3785 3784 3786
f 3786 3784 3787
f 3787 3784 3788
f 3789 3784 3790
f 3797 3791 3792
f 3792 3791 3793
f 3793 3791 3794
f 3794 3791 3795
f 3796 3791 3797
f 3908 3902 3903
f 3903 3902 3904
f 3904 3902 3905
f 3905 3902 3906
f 3907 3902 3908
f 3915 3909 3910
f 3910 3909 3911
f 3911 3909 3912
f 3912 3909 3913
f 3914 3909 3915
f 3922 3916 3917
f 3917 3916 3918
f 3918 3916 3919
f 3919 3916 3920
f 3921 3916 3922
f 3929 3923 3924
f 3924 3923 3925
f 3925 3923 3926
f 3926 3923 3927
f 3928 3923 3929
f 3959 3933 3932
f 4007 3975 3974
f 4011 4014 3982
f 4011 3982 3980
f 1829 1821 1833
f 1844 1835 1846
