# Mixed quad/tri mesh generated by tri_to_quad_converter.py
# Vertices: 2253
# Quad faces: 1290
# Tri faces: 336

v 0.10596172 -0.07293931 -0.00737282
v 0.10596172 -0.07293931 -0.00737282
v 0.10854223 -0.07555031 0.00223664
v 0.12631450 -0.06394206 0.00224269
v 0.12503243 -0.06077399 -0.00736613
v 0.12503243 -0.06077399 -0.00736613
v 0.09378145 -0.09198072 -0.00736917
v 0.09378145 -0.09198072 -0.00736917
v 0.09696997 -0.09331329 0.00223988
v 0.08885188 -0.11403135 -0.00735763
v 0.08885188 -0.11403135 -0.00735763
v 0.09254997 -0.11403468 0.00225090
v 0.09366378 -0.13610765 -0.00733829
v 0.09366378 -0.13610765 -0.00733829
v 0.09685834 -0.13477950 0.00226890
v 0.10574161 -0.15521309 -0.00731524
v 0.10574161 -0.15521309 -0.00731524
v 0.10833495 -0.15260420 0.00229057
v 0.12474580 -0.16747961 -0.00729146
v 0.12474580 -0.16747961 -0.00729146
v 0.12604456 -0.16430647 0.00231292
v 0.14683107 -0.17250281 -0.00727029
v 0.14683107 -0.17250281 -0.00727029
v 0.14681758 -0.16886939 0.00233272
v 0.16899353 -0.16772154 -0.00725596
v 0.16899353 -0.16772154 -0.00725596
v 0.16769177 -0.16460226 0.00234638
v 0.18819391 -0.15561691 -0.00724914
v 0.18819391 -0.15561691 -0.00724914
v 0.18566192 -0.15308823 0.00235264
v 0.20049063 -0.13651911 -0.00725272
v 0.20049063 -0.13651911 -0.00725272
v 0.19740360 -0.13523476 0.00234948
v 0.20550549 -0.11434639 -0.00726429
v 0.20550549 -0.11434639 -0.00726429
v 0.20193087 -0.11433010 0.00233842
v 0.20061206 -0.09214623 -0.00728378
v 0.20061206 -0.09214623 -0.00728378
v 0.19751699 -0.09340117 0.00232020
v 0.18842025 -0.07297983 -0.00730697
v 0.18842025 -0.07297983 -0.00730697
v 0.18587266 -0.07548369 0.00229833
v 0.16928404 -0.06077074 -0.00733082
v 0.16928404 -0.06077074 -0.00733082
v 0.16796488 -0.06387122 0.00227588
v 0.14714604 -0.05587032 -0.00735193
v 0.14714604 -0.05587032 -0.00735193
v 0.14711296 -0.05949085 0.00225616
v 0.12572314 -0.08217047 0.00905596
v 0.10934180 -0.10658392 0.00906004
v 0.11499093 -0.13542924 0.00908479
v 0.13938223 -0.15186239 0.00911581
v 0.16827763 -0.14623324 0.00913490
v 0.18472989 -0.12179091 0.00913089
v 0.17905174 -0.09287454 0.00910605
v 0.15458945 -0.07647036 0.00907502
v 0.13168304 -0.09116518 0.00226608
v 0.11991237 -0.10873687 0.00226902
v 0.12398998 -0.12947803 0.00228684
v 0.14153569 -0.14130037 0.00230914
v 0.16233615 -0.13725412 0.00232290
v 0.17419019 -0.11965099 0.00232001
v 0.17007998 -0.09882671 0.00230211
v 0.15245141 -0.08703532 0.00227976
v 0.13194336 -0.09156431 -0.00733901
v 0.13194336 -0.09156431 -0.00733901
v 0.12044275 -0.10885412 -0.00733604
v 0.12044275 -0.10885412 -0.00733604
v 0.12443296 -0.12920751 -0.00731857
v 0.12443296 -0.12920751 -0.00731857
v 0.14163013 -0.14091648 -0.00729662
v 0.14163013 -0.14091648 -0.00729662
v 0.16221477 -0.13705325 -0.00728291
v 0.16221477 -0.13705325 -0.00728291
v 0.17406305 -0.11962330 -0.00728569
v 0.17406305 -0.11962330 -0.00728569
v 0.16993126 -0.09892340 -0.00730351
v 0.16993126 -0.09892340 -0.00730351
v 0.15238809 -0.08735635 -0.00732563
v 0.15238809 -0.08735635 -0.00732563
v 0.12632988 -0.06395550 -0.01696843
v 0.10855760 -0.07556376 -0.01697448
v 0.09698535 -0.09332672 -0.01697124
v 0.09256535 -0.11404812 -0.01696023
v 0.09687371 -0.13479294 -0.01694222
v 0.10835032 -0.15261766 -0.01692055
v 0.12605992 -0.16431992 -0.01689820
v 0.14683295 -0.16888284 -0.01687840
v 0.16770714 -0.16461571 -0.01686474
v 0.18567730 -0.15310168 -0.01685848
v 0.19741898 -0.13524822 -0.01686164
v 0.20194625 -0.11434354 -0.01687270
v 0.19753237 -0.09341462 -0.01689092
v 0.18588803 -0.07549714 -0.01691280
v 0.16798025 -0.06388466 -0.01693524
v 0.14712833 -0.05950429 -0.01695496
v 0.12574940 -0.08219344 -0.02375706
v 0.10936806 -0.10660689 -0.02375300
v 0.11501718 -0.13545220 -0.02372823
v 0.13940847 -0.15188535 -0.02369723
v 0.16830388 -0.14625620 -0.02367811
v 0.18475616 -0.12181388 -0.02368214
v 0.17907801 -0.09289751 -0.02370697
v 0.15461571 -0.07649332 -0.02373801
v 0.13169840 -0.09117862 -0.01694504
v 0.11992774 -0.10875033 -0.01694210
v 0.12400536 -0.12949148 -0.01692428
v 0.14155106 -0.14131381 -0.01690198
v 0.16235153 -0.13726756 -0.01688822
v 0.17420555 -0.11966443 -0.01689112
v 0.17009535 -0.09884016 -0.01690901
v 0.15246677 -0.08704876 -0.01693137
v -0.01355635 -0.07261656 -0.00746844
v -0.01355635 -0.07261656 -0.00746844
v -0.01097585 -0.07522757 0.00214102
v 0.00679644 -0.06361932 0.00214705
v 0.00551437 -0.06045125 -0.00746177
v 0.00551437 -0.06045125 -0.00746177
v -0.02573660 -0.09165797 -0.00746481
v -0.02573660 -0.09165797 -0.00746481
v -0.02254810 -0.09299054 0.00214425
v -0.03066617 -0.11370860 -0.00745326
v -0.03066617 -0.11370860 -0.00745326
v -0.02696810 -0.11371193 0.00215527
v -0.02585428 -0.13578490 -0.00743392
v -0.02585428 -0.13578490 -0.00743392
v -0.02265973 -0.13445675 0.00217327
v -0.01377647 -0.15489036 -0.00741086
v -0.01377647 -0.15489036 -0.00741086
v -0.01118313 -0.15228147 0.00219495
v 0.00522772 -0.16715687 -0.00738708
v 0.00522772 -0.16715687 -0.00738708
v 0.00652649 -0.16398373 0.00221730
v 0.02731300 -0.17218007 -0.00736593
v 0.02731300 -0.17218007 -0.00736593
v 0.02729951 -0.16854666 0.00223708
v 0.04947545 -0.16739879 -0.00735160
v 0.04947545 -0.16739879 -0.00735160
v 0.04817369 -0.16427952 0.00225075
v 0.06867587 -0.15529417 -0.00734476
v 0.06867587 -0.15529417 -0.00734476
v 0.06614391 -0.15276550 0.00225701
v 0.08097256 -0.13619637 -0.00734836
v 0.08097256 -0.13619637 -0.00734836
v 0.07788554 -0.13491202 0.00225385
v 0.08598742 -0.11402364 -0.00735992
v 0.08598742 -0.11402364 -0.00735992
v 0.08241282 -0.11400735 0.00224278
v 0.08109401 -0.09182349 -0.00737941
v 0.08109401 -0.09182349 -0.00737941
v 0.07799893 -0.09307843 0.00222458
v 0.06890218 -0.07265709 -0.00740260
v 0.06890218 -0.07265709 -0.00740260
v 0.06635459 -0.07516095 0.00220270
v 0.04976596 -0.06044800 -0.00742644
v 0.04976596 -0.06044800 -0.00742644
v 0.04844683 -0.06354848 0.00218025
v 0.02762796 -0.05554758 -0.00744756
v 0.02762796 -0.05554758 -0.00744756
v 0.02759489 -0.05916810 0.00216053
v 0.00620506 -0.08184773 0.00896034
v -0.01017626 -0.10626119 0.00896441
v -0.00452714 -0.13510651 0.00898916
v 0.01986415 -0.15153964 0.00902017
v 0.04875956 -0.14591050 0.00903928
v 0.06521185 -0.12146817 0.00903526
v 0.05953368 -0.09255181 0.00901042
v 0.03507139 -0.07614761 0.00897938
v 0.01216497 -0.09084243 0.00217045
v 0.00039430 -0.10841414 0.00217340
v 0.00447192 -0.12915529 0.00219120
v 0.02201761 -0.14097762 0.00221351
v 0.04281810 -0.13693137 0.00222728
v 0.05467213 -0.11932824 0.00222438
v 0.05056191 -0.09850397 0.00220648
v 0.03293334 -0.08671257 0.00218413
v 0.01242530 -0.09124157 -0.00743463
v 0.01242530 -0.09124157 -0.00743463
v 0.00092469 -0.10853137 -0.00743167
v 0.00092469 -0.10853137 -0.00743167
v 0.00491488 -0.12888478 -0.00741420
v 0.00491488 -0.12888478 -0.00741420
v 0.02211206 -0.14059374 -0.00739226
v 0.02211206 -0.14059374 -0.00739226
v 0.04269670 -0.13673050 -0.00737853
v 0.04269670 -0.13673050 -0.00737853
v 0.05454498 -0.11930056 -0.00738131
v 0.05454498 -0.11930056 -0.00738131
v 0.05041321 -0.09860066 -0.00739914
v 0.05041321 -0.09860066 -0.00739914
v 0.03287003 -0.08703362 -0.00742127
v 0.03287003 -0.08703362 -0.00742127
v 0.00681180 -0.06363276 -0.01706407
v -0.01096048 -0.07524102 -0.01707010
v -0.02253273 -0.09300398 -0.01706687
v -0.02695272 -0.11372538 -0.01705585
v -0.02264435 -0.13447021 -0.01703785
v -0.01116775 -0.15229491 -0.01701617
v 0.00654187 -0.16399719 -0.01699382
v 0.02731488 -0.16856009 -0.01697404
v 0.04818906 -0.16429296 -0.01696037
v 0.06615927 -0.15277894 -0.01695411
v 0.07790091 -0.13492547 -0.01695727
v 0.08242820 -0.11402080 -0.01696834
v 0.07801430 -0.09309187 -0.01698655
v 0.06636996 -0.07517440 -0.01700842
v 0.04846221 -0.06356193 -0.01703088
v 0.02761026 -0.05918155 -0.01705059
v 0.00623132 -0.08187069 -0.02385268
v -0.01015001 -0.10628415 -0.02384863
v -0.00450089 -0.13512947 -0.02382386
v 0.01989040 -0.15156261 -0.02379285
v 0.04878582 -0.14593347 -0.02377373
v 0.06523811 -0.12149114 -0.02377777
v 0.05955993 -0.09257477 -0.02380260
v 0.03509765 -0.07617058 -0.02383364
v 0.01218034 -0.09085589 -0.01704067
v 0.00040967 -0.10842758 -0.01703773
v 0.00448729 -0.12916873 -0.01701992
v 0.02203299 -0.14099106 -0.01699761
v 0.04283347 -0.13694481 -0.01698384
v 0.05468750 -0.11934168 -0.01698674
v 0.05057728 -0.09851741 -0.01700464
v 0.03294871 -0.08672602 -0.01702699
v -0.12863968 -0.12190172 -0.00751936
v -0.10966172 -0.10770970 -0.00751417
v -0.10966172 -0.10770970 -0.00751417
v -0.11657311 -0.08511633 -0.00753555
v -0.11128515 -0.08129109 -0.00753401
v -0.09154355 -0.09482417 -0.00750875
v -0.09154355 -0.09482417 -0.00750875
v -0.07256922 -0.08139858 -0.00750303
v -0.06729988 -0.08524645 -0.00749613
v -0.07429464 -0.10730728 -0.00748622
v -0.07429464 -0.10730728 -0.00748622
v -0.05543744 -0.12210390 -0.00746078
v -0.05746947 -0.12830430 -0.00745805
v -0.08110651 -0.12859791 -0.00747672
v -0.08110651 -0.12859791 -0.00747672
v -0.08885404 -0.15097476 -0.00746719
v -0.09537954 -0.15095792 -0.00747241
v -0.10303258 -0.12851865 -0.00749427
v -0.10303258 -0.12851865 -0.00749427
v -0.12663754 -0.12811402 -0.00751340
v -0.10858212 -0.10811142 0.00231632
v -0.09203740 -0.09612120 0.00242734
v -0.07555115 -0.10819206 0.00255511
v -0.08189083 -0.12763921 0.00252323
v -0.10233734 -0.12758858 0.00237545
v -0.05543827 -0.12210317 -0.00642631
v -0.05747030 -0.12830359 -0.00642358
v -0.11657394 -0.08511561 -0.00650097
v -0.11128598 -0.08129036 -0.00649942
v -0.07257005 -0.08139784 -0.00646844
v -0.06730071 -0.08524574 -0.00646153
v -0.12663837 -0.12811329 -0.00647893
v -0.12864051 -0.12190100 -0.00648488
v -0.08885486 -0.15097404 -0.00643263
v -0.09538036 -0.15095719 -0.00643786
v -0.10856639 -0.10812518 -0.01734237
v -0.09202149 -0.09613510 -0.01744379
v -0.07553508 -0.10820611 -0.01752830
v -0.08187483 -0.12765321 -0.01747925
v -0.10232155 -0.12760240 -0.01736417
v -0.05543661 -0.12210462 -0.00849525
v -0.05746865 -0.12830504 -0.00849252
v -0.11657228 -0.08511706 -0.00857015
v -0.11128432 -0.08129181 -0.00856861
v -0.07256840 -0.08139930 -0.00853764
v -0.06729905 -0.08524719 -0.00853073
v -0.12663671 -0.12811474 -0.00854787
v -0.12863885 -0.12190244 -0.00855383
v -0.08885321 -0.15097548 -0.00850174
v -0.09537871 -0.15095864 -0.00850695
v -0.00893823 -0.12222495 -0.00742358
v 0.01003973 -0.10803295 -0.00741839
v 0.01003973 -0.10803295 -0.00741839
v 0.00312834 -0.08543957 -0.00743977
v 0.00841631 -0.08161433 -0.00743824
v 0.02815791 -0.09514741 -0.00741298
v 0.02815791 -0.09514741 -0.00741298
v 0.04713223 -0.08172181 -0.00740726
v 0.05240158 -0.08556970 -0.00740036
v 0.04540681 -0.10763051 -0.00739045
v 0.04540681 -0.10763051 -0.00739045
v 0.06426402 -0.12242713 -0.00736501
v 0.06223198 -0.12862754 -0.00736228
v 0.03859494 -0.12892115 -0.00738094
v 0.03859494 -0.12892115 -0.00738094
v 0.03084742 -0.15129799 -0.00737142
v 0.02432192 -0.15128116 -0.00737664
v 0.01666887 -0.12884189 -0.00739850
v 0.01666887 -0.12884189 -0.00739850
v -0.00693609 -0.12843725 -0.00741762
v 0.01111934 -0.10843465 0.00241210
v 0.02766407 -0.09644443 0.00252311
v 0.04415031 -0.10851529 0.00265089
v 0.03781062 -0.12796244 0.00261902
v 0.01736411 -0.12791183 0.00247124
v 0.06426319 -0.12242641 -0.00633054
v 0.06223115 -0.12862682 -0.00632781
v 0.00312751 -0.08543884 -0.00640519
v 0.00841548 -0.08161360 -0.00640364
v 0.04713140 -0.08172109 -0.00637267
v 0.05240075 -0.08556897 -0.00636576
v -0.00693691 -0.12843654 -0.00638315
v -0.00893906 -0.12222424 -0.00638910
v 0.03084659 -0.15129728 -0.00633686
v 0.02432110 -0.15128042 -0.00634209
v 0.01113507 -0.10844841 -0.01724659
v 0.02767997 -0.09645833 -0.01734801
v 0.04416638 -0.10852934 -0.01743253
v 0.03782664 -0.12797644 -0.01738347
v 0.01737990 -0.12792563 -0.01726840
v 0.06426485 -0.12242786 -0.00839948
v 0.06223280 -0.12862827 -0.00839675
v 0.00312917 -0.08544029 -0.00847437
v 0.00841714 -0.08161504 -0.00847284
v 0.04713306 -0.08172253 -0.00844187
v 0.05240241 -0.08557042 -0.00843496
v -0.00693526 -0.12843799 -0.00845209
v -0.00893740 -0.12222569 -0.00845806
v 0.03084825 -0.15129873 -0.00840597
v 0.02432275 -0.15128187 -0.00841118
v 0.11074751 -0.12254816 -0.00732782
v 0.12972547 -0.10835614 -0.00732263
v 0.12972547 -0.10835614 -0.00732263
v 0.12281408 -0.08576276 -0.00734401
v 0.12810204 -0.08193752 -0.00734248
v 0.14784364 -0.09547060 -0.00731722
v 0.14784364 -0.09547060 -0.00731722
v 0.16681796 -0.08204501 -0.00731149
v 0.17208732 -0.08589289 -0.00730459
v 0.16509255 -0.10795370 -0.00729469
v 0.16509255 -0.10795370 -0.00729469
v 0.18394975 -0.12275032 -0.00726924
v 0.18191771 -0.12895074 -0.00726652
v 0.15828068 -0.12924434 -0.00728518
v 0.15828068 -0.12924434 -0.00728518
v 0.15053316 -0.15162119 -0.00727565
v 0.14400766 -0.15160434 -0.00728087
v 0.13635462 -0.12916508 -0.00730273
v 0.13635462 -0.12916508 -0.00730273
v 0.11274965 -0.12876045 -0.00732186
v 0.13080508 -0.10875785 0.00250786
v 0.14734980 -0.09676762 0.00261887
v 0.16383604 -0.10883849 0.00274665
v 0.15749636 -0.12828563 0.00271477
v 0.13704985 -0.12823501 0.00256699
v 0.18394893 -0.12274960 -0.00623477
v 0.18191689 -0.12895001 -0.00623205
v 0.12281325 -0.08576205 -0.00630943
v 0.12810122 -0.08193680 -0.00630789
v 0.16681712 -0.08204428 -0.00627690
v 0.17208650 -0.08589218 -0.00626999
v 0.11274883 -0.12875972 -0.00628739
v 0.11074668 -0.12254742 -0.00629334
v 0.15053233 -0.15162047 -0.00624109
v 0.14400683 -0.15160362 -0.00624632
v 0.13082081 -0.10877161 -0.01715083
v 0.14736570 -0.09678153 -0.01725225
v 0.16385212 -0.10885254 -0.01733677
v 0.15751237 -0.12829963 -0.01728771
v 0.13706565 -0.12824884 -0.01717263
v 0.18395057 -0.12275105 -0.00830371
v 0.18191855 -0.12895146 -0.00830099
v 0.12281491 -0.08576349 -0.00837861
v 0.12810287 -0.08193825 -0.00837708
v 0.16681878 -0.08204573 -0.00834610
v 0.17208814 -0.08589362 -0.00833919
v 0.11275048 -0.12876117 -0.00835633
v 0.11074834 -0.12254887 -0.00836229
v 0.15053398 -0.15162192 -0.00831020
v 0.14400849 -0.15160507 -0.00831541
v -0.13325781 -0.07229332 -0.00756423
v -0.13325781 -0.07229332 -0.00756423
v -0.13067729 -0.07490434 0.00204524
v -0.11290502 -0.06329608 0.00205128
v -0.11418708 -0.06012802 -0.00755754
v -0.11418708 -0.06012802 -0.00755754
v -0.14543808 -0.09133474 -0.00756058
v -0.14543808 -0.09133474 -0.00756058
v -0.14224957 -0.09266730 0.00204848
v -0.15036765 -0.11338536 -0.00754903
v -0.15036765 -0.11338536 -0.00754903
v -0.14666955 -0.11338869 0.00205950
v -0.14555574 -0.13546167 -0.00752970
v -0.14555574 -0.13546167 -0.00752970
v -0.14236117 -0.13413353 0.00207750
v -0.13347792 -0.15456712 -0.00750664
v -0.13347792 -0.15456712 -0.00750664
v -0.13088459 -0.15195823 0.00209918
v -0.11447373 -0.16683362 -0.00748286
v -0.11447373 -0.16683362 -0.00748286
v -0.11317496 -0.16366049 0.00212153
v -0.09238847 -0.17185684 -0.00746170
v -0.09238847 -0.17185684 -0.00746170
v -0.09240194 -0.16822342 0.00214131
v -0.07022601 -0.16707555 -0.00744737
v -0.07022601 -0.16707555 -0.00744737
v -0.07152776 -0.16395629 0.00215497
v -0.05102558 -0.15497092 -0.00744054
v -0.05102558 -0.15497092 -0.00744054
v -0.05355756 -0.15244226 0.00216123
v -0.03872889 -0.13587314 -0.00744413
v -0.03872889 -0.13587314 -0.00744413
v -0.04181593 -0.13458879 0.00215808
v -0.03371403 -0.11370041 -0.00745569
v -0.03371403 -0.11370041 -0.00745569
v -0.03728863 -0.11368412 0.00214701
v -0.03860744 -0.09150026 -0.00747519
v -0.03860744 -0.09150026 -0.00747519
v -0.04170252 -0.09275520 0.00212879
v -0.05079927 -0.07233385 -0.00749838
v -0.05079927 -0.07233385 -0.00749838
v -0.05334686 -0.07483772 0.00210692
v -0.06993548 -0.06012477 -0.00752222
v -0.06993548 -0.06012477 -0.00752222
v -0.07125463 -0.06322524 0.00208447
v -0.09207349 -0.05522434 -0.00754333
v -0.09207349 -0.05522434 -0.00754333
v -0.09210656 -0.05884487 0.00206476
v -0.11349639 -0.08152450 0.00886456
v -0.12987772 -0.10593795 0.00886863
v -0.12422859 -0.13478326 0.00889338
v -0.09983729 -0.15121641 0.00892440
v -0.07094190 -0.14558725 0.00894350
v -0.05448960 -0.12114494 0.00893949
v -0.06016777 -0.09222857 0.00891464
v -0.08463006 -0.07582438 0.00888361
v -0.10753649 -0.09051920 0.00207468
v -0.11930716 -0.10809090 0.00207762
v -0.11522953 -0.12883205 0.00209543
v -0.09768384 -0.14065438 0.00211774
v -0.07688335 -0.13660813 0.00213150
v -0.06502932 -0.11900501 0.00212861
v -0.06913955 -0.09818073 0.00211071
v -0.08676812 -0.08638934 0.00208836
v -0.10727616 -0.09091833 -0.00753041
v -0.10727616 -0.09091833 -0.00753041
v -0.11877677 -0.10820813 -0.00752745
v -0.11877677 -0.10820813 -0.00752745
v -0.11478658 -0.12856154 -0.00750997
v -0.11478658 -0.12856154 -0.00750997
v -0.09758940 -0.14027050 -0.00748803
v -0.09758940 -0.14027050 -0.00748803
v -0.07700476 -0.13640727 -0.00747431
v -0.07700476 -0.13640727 -0.00747431
v -0.06515648 -0.11897733 -0.00747708
v -0.06515648 -0.11897733 -0.00747708
v -0.06928825 -0.09827742 -0.00749492
v -0.06928825 -0.09827742 -0.00749492
v -0.08683142 -0.08671037 -0.00751704
v -0.08683142 -0.08671037 -0.00751704
v -0.11288965 -0.06330953 -0.01715984
v -0.13066192 -0.07491779 -0.01716588
v -0.14223420 -0.09268074 -0.01716265
v -0.14665417 -0.11340214 -0.01715162
v -0.14234581 -0.13414697 -0.01713363
v -0.13086922 -0.15197167 -0.01711195
v -0.11315960 -0.16367395 -0.01708960
v -0.09238658 -0.16823687 -0.01706981
v -0.07151238 -0.16396974 -0.01705615
v -0.05354220 -0.15245570 -0.01704989
v -0.04180056 -0.13460224 -0.01705304
v -0.03727326 -0.11369757 -0.01706411
v -0.04168715 -0.09276864 -0.01708233
v -0.05333149 -0.07485117 -0.01710420
v -0.07123926 -0.06323868 -0.01712665
v -0.09209119 -0.05885832 -0.01714636
v -0.11347013 -0.08154746 -0.02394846
v -0.12985147 -0.10596091 -0.02394440
v -0.12420233 -0.13480622 -0.02391964
v -0.09981104 -0.15123938 -0.02388862
v -0.07091565 -0.14561022 -0.02386952
v -0.05446335 -0.12116791 -0.02387354
v -0.06014152 -0.09225153 -0.02389837
v -0.08460380 -0.07584734 -0.02392941
v -0.10752111 -0.09053264 -0.01713645
v -0.11929179 -0.10810435 -0.01713351
v -0.11521415 -0.12884550 -0.01711569
v -0.09766846 -0.14066784 -0.01709338
v -0.07686798 -0.13662158 -0.01707962
v -0.06501395 -0.11901844 -0.01708252
v -0.06912418 -0.09819418 -0.01710041
v -0.08675274 -0.08640279 -0.01712276
v -0.05970015 -0.05790929 -0.00758835
v 0.02761650 -0.05814508 -0.00751849
v 0.12199574 -0.06361638 -0.00743931
v 0.11602458 -0.05838381 -0.00744775
v -0.06041955 -0.06069696 -0.00758697
v -0.00864188 -0.07868915 0.01364032
v -0.03036129 -0.10204538 0.01345022
v -0.06384999 -0.07519086 0.01343398
v -0.06028639 -0.06874449 0.01333632
v -0.07349602 -0.08611640 0.01327624
v -0.07443731 -0.11865331 0.01336428
v -0.08901687 -0.09500500 0.01323747
v -0.09345966 -0.11583677 0.01339775
v -0.10589309 -0.11002397 0.01320109
v -0.10216103 -0.10249614 0.01320144
v -0.08522563 -0.12846081 0.01335828
v -0.09262131 -0.12979492 0.01333259
v -0.10418245 -0.12343153 0.01323456
v -0.10634754 -0.11623052 0.01324666
v -0.09882120 -0.12816723 0.01331704
v 0.12138511 -0.06384136 0.01474584
v 0.11600683 -0.05836829 0.01473771
v 0.12198213 -0.06360447 0.00957889
v 0.02756488 -0.05812992 0.01402327
v -0.05978460 -0.05789447 0.01332912
v -0.06048056 -0.06068559 0.00846248
v -0.06050400 -0.06068214 0.01333050
v -0.06092320 -0.06879669 0.00837136
v 0.12270951 -0.06757945 0.00960865
v 0.12216459 -0.06757352 0.01474909
v 0.00356881 -0.07015228 0.01370367
v 0.02754493 -0.06549430 0.01411849
v 0.06398672 -0.07887288 0.01437714
v 0.04737024 -0.06911849 0.01424817
v 0.02754580 -0.06660161 0.00930782
v 0.00356729 -0.07202350 0.00929249
v -0.00662597 -0.07869764 0.00928903
v 0.04737037 -0.07053189 0.00932641
v 0.06194033 -0.07887087 0.00934390
v 0.02706646 -0.09914037 0.01384199
v 0.07148051 -0.10574407 0.01444374
v 0.04266908 -0.12063932 0.01412022
v 0.11914116 -0.07336834 0.01475074
v 0.08347293 -0.10314374 0.01457646
v 0.13074055 -0.08514010 0.01476826
v 0.11468162 -0.11087577 0.01477351
v 0.14389451 -0.09495049 0.01484192
v 0.13044317 -0.11650726 0.01484632
v 0.14890286 -0.11471901 0.01491042
v 0.16069968 -0.10913839 0.01493323
v 0.15653145 -0.10316011 0.01490963
v 0.14127429 -0.12627790 0.01491124
v 0.14803723 -0.12852946 0.01493534
v 0.15958457 -0.12237143 0.01496947
v 0.16174084 -0.11518211 0.01495438
v 0.15419777 -0.12707816 0.01495636
v -0.01766016 -0.10391803 0.01355990
v 0.01143088 -0.11970751 0.01380894
v 0.03439833 -0.12706509 0.01403485
v 0.02699012 -0.12886513 0.01394461
v 0.01941417 -0.12652749 0.01388591
v 0.02707049 -0.09914390 0.00880798
v -0.07430238 -0.08500925 0.00821310
v -0.06471717 -0.07467081 0.00837136
v -0.03031582 -0.10300617 0.00838925
v -0.08930008 -0.09401334 0.00817499
v -0.07389679 -0.11955363 0.00830356
v -0.10686065 -0.10975147 0.00813893
v -0.10274327 -0.10165257 0.00813907
v -0.08483755 -0.12932114 0.00829746
v -0.09260480 -0.13084963 0.00827169
v -0.10496583 -0.12400239 0.00817310
v -0.10735803 -0.11627430 0.00818450
v -0.09923620 -0.12903210 0.00825582
v 0.12023086 -0.07337658 0.00963711
v 0.13112877 -0.08456981 0.00970642
v 0.11412168 -0.11182496 0.00971199
v 0.08351877 -0.10415641 0.00951557
v 0.14438974 -0.09420856 0.00978005
v 0.13004375 -0.11719910 0.00978474
v 0.15708378 -0.10236698 0.00984784
v 0.14075378 -0.12711064 0.00984957
v 0.16161156 -0.10873058 0.00987323
v 0.14800044 -0.12945943 0.00987527
v 0.16274097 -0.11523582 0.00989604
v 0.16034883 -0.12291782 0.00991185
v 0.15459451 -0.12795844 0.00989788
v 0.07169661 -0.10624178 0.00938368
v 0.02704980 -0.12985047 0.00888652
v 0.01917573 -0.12755162 0.00882592
v 0.04332486 -0.12143991 0.00906922
v -0.01786097 -0.10480822 0.00849873
v 0.03473236 -0.12804441 0.00898028
v 0.01074287 -0.12067965 0.00874578
v -0.00860801 -0.07871879 -0.02870628
v -0.03032771 -0.10207475 -0.02851807
v -0.06381636 -0.07522027 -0.02859300
v -0.06025291 -0.06877376 -0.02849870
v -0.07346264 -0.08614560 -0.02843533
v -0.07440384 -0.11868259 -0.02847916
v -0.08898355 -0.09503414 -0.02840885
v -0.09342610 -0.11586613 -0.02854696
v -0.10585983 -0.11005306 -0.02837832
v -0.10212776 -0.10252524 -0.02838328
v -0.08519215 -0.12849008 -0.02847663
v -0.09258787 -0.12982418 -0.02846088
v -0.10414915 -0.12346067 -0.02839022
v -0.10631421 -0.11625967 -0.02841590
v -0.09878777 -0.12819646 -0.02845752
v 0.12142061 -0.06387242 -0.02962508
v 0.11604234 -0.05839934 -0.02963321
v 0.12200936 -0.06362829 -0.02445751
v 0.02759936 -0.05816007 -0.02906029
v -0.05975113 -0.05792375 -0.02850592
v -0.06045488 -0.06070806 -0.02363650
v -0.06047052 -0.06071142 -0.02850454
v -0.06089768 -0.06881902 -0.02353469
v 0.12273679 -0.06760331 -0.02448053
v 0.12220009 -0.06760458 -0.02962184
v 0.00360278 -0.07018199 -0.02876212
v 0.02757954 -0.06552458 -0.02914521
v 0.06402168 -0.07890347 -0.02932689
v 0.04740503 -0.06914892 -0.02923815
v 0.02757271 -0.06662516 -0.02433300
v 0.00359421 -0.07204705 -0.02434833
v -0.00659906 -0.07872118 -0.02435177
v 0.04739728 -0.07055543 -0.02431442
v 0.06196724 -0.07889441 -0.02429693
v 0.02710059 -0.09917024 -0.02882223
v 0.07151554 -0.10577471 -0.02934380
v 0.04270362 -0.12066954 -0.02904537
v 0.11917666 -0.07339940 -0.02962018
v 0.08350816 -0.10317456 -0.02946102
v 0.13077605 -0.08517115 -0.02960266
v 0.11471711 -0.11090683 -0.02959740
v 0.14393010 -0.09498163 -0.02964153
v 0.13047876 -0.11653839 -0.02963713
v 0.14893853 -0.11475021 -0.02967429
v 0.16073537 -0.10916961 -0.02968609
v 0.15656713 -0.10319132 -0.02967753
v 0.14130997 -0.12630910 -0.02967104
v 0.14807294 -0.12856068 -0.02968119
v 0.15962031 -0.12240270 -0.02970554
v 0.16177655 -0.11521335 -0.02969710
v 0.15423349 -0.12710940 -0.02969441
v -0.01762642 -0.10394755 -0.02860485
v 0.01146495 -0.11973732 -0.02878526
v 0.03443273 -0.12709519 -0.02896417
v 0.02702438 -0.12889511 -0.02888324
v 0.01944836 -0.12655740 -0.02883991
v 0.02709657 -0.09916671 -0.02378822
v -0.07427710 -0.08503136 -0.02337502
v -0.06469164 -0.07469315 -0.02353250
v -0.03029034 -0.10302845 -0.02345569
v -0.08927485 -0.09403540 -0.02334822
v -0.07387141 -0.11957584 -0.02341634
v -0.10683549 -0.10977349 -0.02331810
v -0.10271810 -0.10167460 -0.02332303
v -0.08481217 -0.12934334 -0.02341400
v -0.09257946 -0.13087179 -0.02339848
v -0.10494062 -0.12402444 -0.02332923
v -0.10733281 -0.11629637 -0.02335530
v -0.09921087 -0.12905425 -0.02339574
v 0.12025818 -0.07340048 -0.02450481
v 0.13115618 -0.08459378 -0.02454101
v 0.11414908 -0.11184894 -0.02453545
v 0.08354591 -0.10418016 -0.02439866
v 0.14441724 -0.09423261 -0.02457993
v 0.13007125 -0.11722315 -0.02457523
v 0.15711135 -0.10239109 -0.02461600
v 0.14078135 -0.12713476 -0.02460905
v 0.16163916 -0.10875472 -0.02462522
v 0.14802804 -0.12948357 -0.02461989
v 0.16276860 -0.11525999 -0.02463708
v 0.16037647 -0.12294200 -0.02464594
v 0.15462213 -0.12798261 -0.02463408
v 0.07172354 -0.10626535 -0.02428271
v 0.02707596 -0.12987336 -0.02382367
v 0.01920181 -0.12757444 -0.02377888
v 0.04335132 -0.12146304 -0.02399221
v -0.01783533 -0.10483065 -0.02354276
v 0.03475868 -0.12806743 -0.02390771
v 0.01076884 -0.12070236 -0.02372185
v -0.02240267 -0.04817819 0.01277464
v -0.02240267 -0.04817819 0.01277464
v 0.11656113 -0.04875948 0.01288073
v -0.02361859 -0.05030608 0.01784867
v -0.02361859 -0.05030608 0.01784867
v 0.11648736 -0.05059643 0.01837324
v -0.02381949 -0.04607345 0.01981353
v -0.03908078 -0.04636090 0.02032937
v -0.04370664 -0.05039773 0.01785929
v -0.04370664 -0.05039773 0.01785929
v -0.07531871 -0.05048014 0.01775585
v -0.07531871 -0.05048014 0.01775585
v -0.08080073 -0.04631628 0.02027175
v -0.10508230 -0.04635847 0.01977733
v -0.05780822 -0.06018985 0.02156706
v -0.05780822 -0.06018985 0.02156706
v -0.05793081 -0.06111108 0.02491279
v -0.06305038 -0.07399277 0.02408790
v -0.05409638 -0.07504607 0.02412090
v -0.06324498 -0.07504834 0.02169469
v -0.05385590 -0.07604794 0.02155193
v -0.05088538 -0.05979273 0.02500335
v -0.05134175 -0.05918924 0.02152851
v -0.05134175 -0.05918924 0.02152851
v -0.04543937 -0.07060009 0.02427573
v -0.04518689 -0.07184503 0.02166616
v -0.07099162 -0.05489046 0.02489030
v -0.08394381 -0.06191836 0.02388981
v -0.07218778 -0.06945663 0.02402003
v -0.06546281 -0.05876779 0.02497704
v -0.10036734 -0.05029703 0.02319038
v -0.07657955 -0.05018966 0.02423934
v -0.06974249 -0.05419690 0.02134887
v -0.06974249 -0.05419690 0.02134887
v -0.06469096 -0.05801435 0.02147789
v -0.06469096 -0.05801435 0.02147789
v -0.04199734 -0.05025842 0.02441566
v -0.02686115 -0.05046968 0.02338622
v -0.04760488 -0.05565511 0.02134669
v -0.04760488 -0.05565511 0.02134669
v -0.04684277 -0.05610342 0.02500303
v -0.03432557 -0.05899388 0.02449268
v -0.03172104 -0.05912443 0.02022586
v -0.03172104 -0.05912443 0.02022586
v -0.03172104 -0.05912443 0.02022586
v -0.07248815 -0.07055794 0.02138937
v -0.08588312 -0.06274739 0.01939607
v -0.08588312 -0.06274739 0.01939607
v -0.10467509 -0.04993788 0.01704525
v -0.10467509 -0.04993788 0.01704525
v -0.10467509 -0.04993788 0.01704525
v 0.11622420 -0.05736248 0.02123739
v -0.14167376 -0.04886892 0.01477347
v -0.14167376 -0.04886892 0.01477347
v -0.13808511 -0.05836227 0.01942279
v -0.14669596 -0.07266701 0.01936856
v -0.13697935 -0.07876493 0.01950518
v -0.12143263 -0.06722880 0.01959672
v -0.15352773 -0.08627120 0.01936363
v -0.14361030 -0.08955524 0.01947757
v -0.14485315 -0.10968227 0.01946564
v -0.11700058 -0.11881174 0.01962610
v -0.10686431 -0.10288898 0.01964517
v -0.14089836 -0.09305764 0.01954221
v -0.10945260 -0.12263021 0.01968550
v -0.09976953 -0.11427658 0.01974216
v -0.10085211 -0.10262059 0.01970678
v -0.09868679 -0.12593262 0.01975838
v -0.09127385 -0.12659140 0.01975115
v -0.09093986 -0.10033727 0.01975982
v -0.08363976 -0.12377000 0.01980805
v -0.07913378 -0.11735209 0.01983942
v -0.08375062 -0.10330874 0.01980785
v -0.07911576 -0.11003455 0.01983233
v -0.15890022 -0.08767262 0.01929174
v -0.16651068 -0.10325835 0.01933434
v -0.18717203 -0.06570615 0.01447611
v -0.18717203 -0.06570615 0.01447611
v -0.20131655 -0.08671995 0.01493099
v -0.20131655 -0.08671995 0.01493099
v -0.17116694 -0.07954256 0.01925189
v -0.15625543 -0.06501019 0.01930609
v -0.16694780 -0.05272335 0.01448739
v -0.16694780 -0.05272335 0.01448739
v -0.14178270 -0.05702607 0.01945990
v 0.11715017 -0.05071021 0.01252490
v 0.11715017 -0.05071021 0.01252490
v 0.11706209 -0.05323561 0.01673330
v 0.11706209 -0.05323561 0.01673330
v 0.11676014 -0.05870682 0.01875299
v 0.11676014 -0.05870682 0.01875299
v -0.06545332 -0.05735483 0.01641744
v -0.03173142 -0.05983882 0.01753947
v -0.03173142 -0.05983882 0.01753947
v -0.03173142 -0.05983882 0.01753947
v -0.08644822 -0.06309080 0.01701984
v -0.08644822 -0.06309080 0.01701984
v -0.08707670 -0.05235865 0.01372484
v -0.12113500 -0.06855802 0.01702827
v -0.12113500 -0.06855802 0.01702827
v -0.13636537 -0.08013792 0.01687413
v -0.13636537 -0.08013792 0.01687413
v -0.14172061 -0.08902346 0.01666294
v -0.14172061 -0.08902346 0.01666294
v -0.13930944 -0.09205666 0.01674407
v -0.13930944 -0.09205666 0.01674407
v -0.10645280 -0.10208003 0.01689032
v -0.10645280 -0.10208003 0.01689032
v -0.10068854 -0.10162490 0.01692136
v -0.10068854 -0.10162490 0.01692136
v -0.09065744 -0.09958279 0.01696530
v -0.09065744 -0.09958279 0.01696530
v -0.08327238 -0.10270448 0.01702846
v -0.08327238 -0.10270448 0.01702846
v -0.07827589 -0.11030707 0.01711062
v -0.07827589 -0.11030707 0.01711062
v -0.07858328 -0.11808881 0.01709078
v -0.07858328 -0.11808881 0.01709078
v -0.08369647 -0.12475549 0.01710890
v -0.08369647 -0.12475549 0.01710890
v -0.09122634 -0.12734076 0.01704065
v -0.09122634 -0.12734076 0.01704065
v -0.09806873 -0.12704224 0.01695794
v -0.09806873 -0.12704224 0.01695794
v -0.10919319 -0.12387582 0.01694149
v -0.10919319 -0.12387582 0.01694149
v -0.11743280 -0.11972776 0.01679698
v -0.11743280 -0.11972776 0.01679698
v -0.14454128 -0.11080953 0.01669232
v -0.14454128 -0.11080953 0.01669232
v -0.17994651 -0.09923616 0.01924088
v -0.18041723 -0.10069385 0.01584431
v -0.18041723 -0.10069385 0.01584431
v -0.19926954 -0.08929497 0.01244272
v -0.19926954 -0.08929497 0.01244272
v -0.19926954 -0.08929497 0.01244272
v -0.19926954 -0.08929497 0.01244272
v -0.13909575 -0.05887161 0.01639993
v -0.13909575 -0.05887161 0.01639993
v -0.14025617 -0.05237924 0.01363477
v -0.14209964 -0.05777837 0.01610478
v -0.14209964 -0.05777837 0.01610478
v -0.14724140 -0.07254376 0.01660449
v -0.14724140 -0.07254376 0.01660449
v -0.15603327 -0.06577824 0.01668248
v -0.15603327 -0.06577824 0.01668248
v -0.16936433 -0.07963586 0.01659821
v -0.16936433 -0.07963586 0.01659821
v -0.15868702 -0.08691836 0.01672160
v -0.15868702 -0.08691836 0.01672160
v -0.15480423 -0.08599914 0.01690199
v -0.15480423 -0.08599914 0.01690199
v -0.16644328 -0.08388959 0.01598510
v -0.16644328 -0.08388959 0.01598510
v -0.16640375 -0.10414724 0.01550882
v -0.16640375 -0.10414724 0.01550882
v -0.16640375 -0.10414724 0.01550882
v -0.16640375 -0.10414724 0.01550882
v -0.18878799 -0.07444886 0.01432934
v -0.18878799 -0.07444886 0.01432934
v -0.16415117 -0.05483039 0.01355191
v -0.20550551 -0.11125729 0.01139387
v -0.20550551 -0.11125729 0.01139387
v -0.20550551 -0.11125729 0.01139387
v -0.18382583 -0.11668903 0.01466730
v -0.18382583 -0.11668903 0.01466730
v -0.16657975 -0.11686655 0.01479936
v -0.16657975 -0.11686655 0.01479936
v -0.09818894 -0.11263901 0.01641971
v 0.11659150 -0.04878605 -0.02508038
v -0.02237229 -0.04820477 -0.02519696
v -0.02237229 -0.04820477 -0.02519696
v 0.11652653 -0.05063068 -0.03057043
v -0.02358008 -0.05033975 -0.03026994
v -0.02358008 -0.05033975 -0.03026994
v -0.02377784 -0.04610989 -0.03224105
v -0.03903828 -0.04639807 -0.03278085
v -0.04366809 -0.05043145 -0.03031250
v -0.04366809 -0.05043145 -0.03031250
v -0.07528029 -0.05051376 -0.03025942
v -0.07528029 -0.05051376 -0.03025942
v -0.08075827 -0.04635342 -0.03278991
v -0.10504060 -0.04639495 -0.03233419
v -0.05776373 -0.06022875 -0.03402904
v -0.05776373 -0.06022875 -0.03402904
v -0.05788097 -0.06115467 -0.03737364
v -0.05404782 -0.07508854 -0.03655607
v -0.06300187 -0.07403520 -0.03653885
v -0.05381148 -0.07608680 -0.03398533
v -0.06320030 -0.07508742 -0.03414447
v -0.05129733 -0.05922809 -0.03398156
v -0.05129733 -0.05922809 -0.03398156
v -0.05083541 -0.05983644 -0.03745482
v -0.04539057 -0.07064278 -0.03670333
v -0.04514228 -0.07188406 -0.03409161
v -0.07094179 -0.05493405 -0.03738074
v -0.06541286 -0.05881149 -0.03745320
v -0.07213936 -0.06949898 -0.03649193
v -0.08389559 -0.06196055 -0.03639106
v -0.07653075 -0.05023235 -0.03674530
v -0.10032020 -0.05033827 -0.03573417
v -0.06969833 -0.05423553 -0.03383830
v -0.06969833 -0.05423553 -0.03383830
v -0.06464661 -0.05805314 -0.03395390
v -0.06464661 -0.05805314 -0.03395390
v -0.04194831 -0.05030131 -0.03686632
v -0.02681379 -0.05051111 -0.03581241
v -0.04679279 -0.05614713 -0.03745322
v -0.04756076 -0.05569371 -0.03379874
v -0.04756076 -0.05569371 -0.03379874
v -0.03427644 -0.05903686 -0.03691881
v -0.03167873 -0.05916144 -0.03264767
v -0.03167873 -0.05916144 -0.03264767
v -0.03167873 -0.05916144 -0.03264767
v -0.07244395 -0.07059661 -0.03386022
v -0.08584207 -0.06278330 -0.03189927
v -0.08584207 -0.06278330 -0.03189927
v -0.10463777 -0.04997052 -0.02959645
v -0.10463777 -0.04997052 -0.02959645
v -0.10463777 -0.04997052 -0.02959645
v 0.11626794 -0.05740073 -0.03342550
v -0.13804396 -0.05839827 -0.03201549
v -0.14164004 -0.04889843 -0.02738523
v -0.14164004 -0.04889843 -0.02738523
v -0.12139123 -0.06726501 -0.03215039
v -0.13693809 -0.07880103 -0.03206745
v -0.14665490 -0.07270293 -0.03195492
v -0.15348667 -0.08630711 -0.03194179
v -0.14356909 -0.08959130 -0.03203528
v -0.14481197 -0.10971829 -0.03199708
v -0.14085704 -0.09309378 -0.03209067
v -0.10682289 -0.10292521 -0.03212550
v -0.11695919 -0.11884794 -0.03210026
v -0.10941113 -0.12266648 -0.03214225
v -0.09972797 -0.11431293 -0.03219518
v -0.10081059 -0.10265691 -0.03217789
v -0.09864522 -0.12596897 -0.03219330
v -0.09123230 -0.12662774 -0.03217331
v -0.09089827 -0.10037364 -0.03221830
v -0.07909209 -0.11738854 -0.03225517
v -0.08359813 -0.12380641 -0.03222198
v -0.08370896 -0.10334517 -0.03225070
v -0.07907408 -0.11007100 -0.03225832
v -0.15885928 -0.08770842 -0.03187651
v -0.16646966 -0.10329421 -0.03190937
v -0.18713874 -0.06573528 -0.02713686
v -0.18713874 -0.06573528 -0.02713686
v -0.20128251 -0.08674972 -0.02758480
v -0.20128251 -0.08674972 -0.02758480
v -0.16691450 -0.05275248 -0.02713409
v -0.16691450 -0.05275248 -0.02713409
v -0.15621444 -0.06504604 -0.03191845
v -0.17112603 -0.07957834 -0.03186765
v -0.14174146 -0.05706213 -0.03206036
v 0.11717996 -0.05073628 -0.02472088
v 0.11717996 -0.05073628 -0.02472088
v 0.11709863 -0.05326756 -0.02892587
v 0.11709863 -0.05326756 -0.02892587
v 0.11679989 -0.05874159 -0.03093835
v 0.11679989 -0.05874159 -0.03093835
v -0.06541706 -0.05738655 -0.02889562
v -0.03169341 -0.05987207 -0.02996029
v -0.03169341 -0.05987207 -0.02996029
v -0.03169341 -0.05987207 -0.02996029
v -0.08641098 -0.06312338 -0.02952347
v -0.08641098 -0.06312338 -0.02952347
v -0.08704470 -0.05238662 -0.02624454
v -0.12109772 -0.06859065 -0.02957960
v -0.12109772 -0.06859065 -0.02957960
v -0.13632831 -0.08017034 -0.02943351
v -0.13632831 -0.08017034 -0.02943351
v -0.14168391 -0.08905557 -0.02921840
v -0.14168391 -0.08905557 -0.02921840
v -0.13927261 -0.09208888 -0.02929141
v -0.13927261 -0.09208888 -0.02929141
v -0.10641579 -0.10211242 -0.02937113
v -0.10641579 -0.10211242 -0.02937113
v -0.10065148 -0.10165732 -0.02939362
v -0.10065148 -0.10165732 -0.02939362
v -0.09062033 -0.09961526 -0.02942442
v -0.09062033 -0.09961526 -0.02942442
v -0.08323518 -0.10273703 -0.02947140
v -0.08323518 -0.10273703 -0.02947140
v -0.07823857 -0.11033972 -0.02953491
v -0.07823857 -0.11033972 -0.02953491
v -0.07854599 -0.11812142 -0.02950463
v -0.07854599 -0.11812142 -0.02950463
v -0.08365915 -0.12478813 -0.02952155
v -0.08365915 -0.12478813 -0.02952155
v -0.09118913 -0.12737330 -0.02946169
v -0.09118913 -0.12737330 -0.02946169
v -0.09803166 -0.12707466 -0.02939032
v -0.09803166 -0.12707466 -0.02939032
v -0.10915611 -0.12390824 -0.02939608
v -0.10915611 -0.12390824 -0.02939608
v -0.11739594 -0.11976000 -0.02927054
v -0.11739594 -0.11976000 -0.02927054
v -0.14450454 -0.11084167 -0.02922168
v -0.14450454 -0.11084167 -0.02922168
v -0.16636886 -0.10417774 -0.02808246
v -0.16636886 -0.10417774 -0.02808246
v -0.16636886 -0.10417774 -0.02808246
v -0.16636886 -0.10417774 -0.02808246
v -0.17990563 -0.09927192 -0.03184302
v -0.18038178 -0.10072484 -0.02844515
v -0.18038178 -0.10072484 -0.02844515
v -0.19923952 -0.08932123 -0.02508969
v -0.19923952 -0.08932123 -0.02508969
v -0.19923952 -0.08932123 -0.02508969
v -0.19923952 -0.08932123 -0.02508969
v -0.13905943 -0.05890338 -0.02899352
v -0.13905943 -0.05890338 -0.02899352
v -0.14022426 -0.05240714 -0.02623935
v -0.14206379 -0.05780973 -0.02870471
v -0.14206379 -0.05780973 -0.02870471
v -0.14720476 -0.07257581 -0.02919190
v -0.14720476 -0.07257581 -0.02919190
v -0.15599648 -0.06581042 -0.02929345
v -0.15599648 -0.06581042 -0.02929345
v -0.16932766 -0.07966792 -0.02921097
v -0.16932766 -0.07966792 -0.02921097
v -0.15865019 -0.08695058 -0.02930709
v -0.15865019 -0.08695058 -0.02930709
v -0.15476712 -0.08603161 -0.02948257
v -0.15476712 -0.08603161 -0.02948257
v -0.16640763 -0.08392079 -0.02858723
v -0.16640763 -0.08392079 -0.02858723
v -0.18875495 -0.07447777 -0.02698039
v -0.18875495 -0.07447777 -0.02698039
v -0.16411937 -0.05485820 -0.02619119
v -0.16654602 -0.11689606 -0.02735540
v -0.16654602 -0.11689606 -0.02735540
v -0.18379228 -0.11671837 -0.02725112
v -0.18379228 -0.11671837 -0.02725112
v -0.20547718 -0.11128207 -0.02401995
v -0.20547718 -0.11128207 -0.02401995
v -0.20547718 -0.11128207 -0.02401995
v -0.09815270 -0.11267072 -0.02887249
v 0.01971046 -0.10604989 0.02256608
v 0.01971046 -0.10604989 0.02256608
v 0.02358320 -0.10994405 0.02664399
v 0.02196255 -0.11382698 0.02664543
v 0.01646947 -0.11381499 0.02256895
v 0.01646947 -0.11381499 0.02256895
v 0.02749294 -0.10285089 0.02257005
v 0.02749294 -0.10285089 0.02257005
v 0.02747484 -0.10834440 0.02664598
v 0.02356221 -0.11771861 0.02664944
v 0.01966847 -0.12159747 0.02257697
v 0.01966847 -0.12159747 0.02257697
v 0.02744516 -0.11933929 0.02665367
v 0.02743357 -0.12483847 0.02258544
v 0.02743357 -0.12483847 0.02258544
v 0.02743357 -0.12483847 0.02258544
v 0.03133679 -0.11773960 0.02665566
v 0.03521604 -0.12163945 0.02258941
v 0.03521604 -0.12163945 0.02258941
v 0.03295744 -0.11385667 0.02665422
v 0.03845706 -0.11387437 0.02258654
v 0.03845706 -0.11387437 0.02258654
v 0.03135779 -0.10996504 0.02665021
v 0.03525803 -0.10609188 0.02257852
v 0.03525803 -0.10609188 0.02257852
v 0.01648640 -0.11382980 0.00141590
v 0.01972738 -0.10606471 0.00141303
v 0.01968539 -0.12161229 0.00142391
v 0.02745050 -0.12485327 0.00143239
v 0.02745050 -0.12485327 0.00143239
v 0.03523297 -0.12165427 0.00143635
v 0.03847398 -0.11388916 0.00143349
v 0.03527495 -0.10610670 0.00142547
v 0.02750987 -0.10286570 0.00141700
v 0.02746000 -0.11384182 0.02664983
v -0.09999100 -0.10572666 0.02247030
v -0.09999100 -0.10572666 0.02247030
v -0.09611825 -0.10962081 0.02654822
v -0.09773891 -0.11350375 0.02654966
v -0.10323198 -0.11349176 0.02247317
v -0.10323198 -0.11349176 0.02247317
v -0.09220851 -0.10252765 0.02247428
v -0.09220851 -0.10252765 0.02247428
v -0.09222661 -0.10802116 0.02655021
v -0.09613925 -0.11739537 0.02655367
v -0.10003298 -0.12127423 0.02248119
v -0.10003298 -0.12127423 0.02248119
v -0.09225630 -0.11901604 0.02655790
v -0.09226788 -0.12451523 0.02248967
v -0.09226788 -0.12451523 0.02248967
v -0.09226788 -0.12451523 0.02248967
v -0.08836468 -0.11741637 0.02655988
v -0.08448541 -0.12131622 0.02249364
v -0.08448541 -0.12131622 0.02249364
v -0.08674401 -0.11353343 0.02655845
v -0.08124439 -0.11355112 0.02249077
v -0.08124439 -0.11355112 0.02249077
v -0.08834367 -0.10964180 0.02655444
v -0.08444342 -0.10576865 0.02248275
v -0.08444342 -0.10576865 0.02248275
v -0.10321506 -0.11350656 0.00132012
v -0.09997408 -0.10574148 0.00131725
v -0.10001606 -0.12128905 0.00132813
v -0.09225095 -0.12453004 0.00133661
v -0.09225095 -0.12453004 0.00133661
v -0.08446849 -0.12133104 0.00134057
v -0.08122747 -0.11356593 0.00133772
v -0.08442650 -0.10578345 0.00132970
v -0.09219159 -0.10254246 0.00132122
v -0.09224145 -0.11351859 0.02655405
v 0.13939620 -0.10637310 0.02266184
v 0.13939620 -0.10637310 0.02266184
v 0.14326895 -0.11026725 0.02673975
v 0.14164829 -0.11415018 0.02674119
v 0.13615520 -0.11413819 0.02266471
v 0.13615520 -0.11413819 0.02266471
v 0.14717869 -0.10317408 0.02266582
v 0.14717869 -0.10317408 0.02266582
v 0.14716058 -0.10866759 0.02674175
v 0.14324795 -0.11804181 0.02674520
v 0.13935422 -0.12192067 0.02267273
v 0.13935422 -0.12192067 0.02267273
v 0.14713090 -0.11966247 0.02674943
v 0.14711932 -0.12516166 0.02268120
v 0.14711932 -0.12516166 0.02268120
v 0.14711932 -0.12516166 0.02268120
v 0.15102253 -0.11806280 0.02675141
v 0.15490179 -0.12196265 0.02268517
v 0.15490179 -0.12196265 0.02268517
v 0.15264318 -0.11417987 0.02674999
v 0.15814279 -0.11419756 0.02268231
v 0.15814279 -0.11419756 0.02268231
v 0.15104352 -0.11028824 0.02674598
v 0.15494378 -0.10641507 0.02267429
v 0.15494378 -0.10641507 0.02267429
v 0.13617213 -0.11415299 0.00151165
v 0.13941312 -0.10638791 0.00150879
v 0.13937114 -0.12193548 0.00151967
v 0.14713624 -0.12517647 0.00152815
v 0.14713624 -0.12517647 0.00152815
v 0.15491871 -0.12197747 0.00153211
v 0.15815972 -0.11421237 0.00152925
v 0.15496070 -0.10642989 0.00152123
v 0.14719562 -0.10318889 0.00151275
v 0.14714574 -0.11416502 0.02674558
v 0.01975855 -0.10609197 -0.03754834
v 0.01975855 -0.10609197 -0.03754834
v 0.02363782 -0.10999183 -0.04161460
v 0.02201717 -0.11387475 -0.04161316
v 0.01651757 -0.11385706 -0.03754549
v 0.01651757 -0.11385706 -0.03754549
v 0.02754104 -0.10289296 -0.03754438
v 0.02754104 -0.10289296 -0.03754438
v 0.02752946 -0.10839217 -0.04161260
v 0.02361683 -0.11776638 -0.04160915
v 0.01971657 -0.12163954 -0.03753747
v 0.01971657 -0.12163954 -0.03753747
v 0.02749976 -0.11938706 -0.04160491
v 0.02748167 -0.12488054 -0.03752900
v 0.02748167 -0.12488054 -0.03752900
v 0.02748167 -0.12488054 -0.03752900
v 0.03139141 -0.11778737 -0.04160292
v 0.03526414 -0.12168152 -0.03752502
v 0.03526414 -0.12168152 -0.03752502
v 0.03301205 -0.11390444 -0.04160436
v 0.03850515 -0.11391644 -0.03752789
v 0.03850515 -0.11391644 -0.03752789
v 0.03141240 -0.11001282 -0.04160837
v 0.03530613 -0.10613395 -0.03753590
v 0.03530613 -0.10613395 -0.03753590
v 0.01650065 -0.11384225 -0.01639243
v 0.01974163 -0.10607718 -0.01639529
v 0.01969965 -0.12162476 -0.01638441
v 0.02746474 -0.12486574 -0.01637594
v 0.02746474 -0.12486574 -0.01637594
v 0.03524722 -0.12166674 -0.01637197
v 0.03848823 -0.11390164 -0.01637484
v 0.03528920 -0.10611916 -0.01638285
v 0.02752412 -0.10287815 -0.01639133
v 0.02751462 -0.11388959 -0.04160877
v -0.09994290 -0.10576874 -0.03764412
v -0.09994290 -0.10576874 -0.03764412
v -0.09606363 -0.10966859 -0.04171037
v -0.09768429 -0.11355152 -0.04170894
v -0.10318389 -0.11353383 -0.03764126
v -0.10318389 -0.11353383 -0.03764126
v -0.09216041 -0.10256972 -0.03764016
v -0.09216041 -0.10256972 -0.03764016
v -0.09217199 -0.10806893 -0.04170839
v -0.09608462 -0.11744315 -0.04170493
v -0.09998488 -0.12131631 -0.03763324
v -0.09998488 -0.12131631 -0.03763324
v -0.09220169 -0.11906382 -0.04170069
v -0.09221979 -0.12455730 -0.03762477
v -0.09221979 -0.12455730 -0.03762477
v -0.09221979 -0.12455730 -0.03762477
v -0.08831006 -0.11746414 -0.04169871
v -0.08443731 -0.12135829 -0.03762080
v -0.08443731 -0.12135829 -0.03762080
v -0.08668940 -0.11358120 -0.04170014
v -0.08119630 -0.11359320 -0.03762367
v -0.08119630 -0.11359320 -0.03762367
v -0.08828907 -0.10968957 -0.04170415
v -0.08439532 -0.10581072 -0.03763168
v -0.08439532 -0.10581072 -0.03763168
v -0.10320081 -0.11351902 -0.01648821
v -0.09995984 -0.10575394 -0.01649107
v -0.10000181 -0.12130151 -0.01648019
v -0.09223671 -0.12454250 -0.01647172
v -0.09223671 -0.12454250 -0.01647172
v -0.08445424 -0.12134350 -0.01646775
v -0.08121322 -0.11357840 -0.01647062
v -0.08441225 -0.10579593 -0.01647863
v -0.09217733 -0.10255492 -0.01648711
v -0.09218684 -0.11356636 -0.04170454
v 0.13944429 -0.10641517 -0.03745258
v 0.13944429 -0.10641517 -0.03745258
v 0.14332355 -0.11031502 -0.04151883
v 0.14170291 -0.11419795 -0.04151740
v 0.13620332 -0.11418026 -0.03744972
v 0.13620332 -0.11418026 -0.03744972
v 0.14722679 -0.10321616 -0.03744862
v 0.14722679 -0.10321616 -0.03744862
v 0.14721520 -0.10871536 -0.04151685
v 0.14330256 -0.11808958 -0.04151339
v 0.13940231 -0.12196274 -0.03744170
v 0.13940231 -0.12196274 -0.03744170
v 0.14718552 -0.11971025 -0.04150915
v 0.14716741 -0.12520374 -0.03743323
v 0.14716741 -0.12520374 -0.03743323
v 0.14716741 -0.12520374 -0.03743323
v 0.15107714 -0.11811057 -0.04150717
v 0.15494988 -0.12200472 -0.03742926
v 0.15494988 -0.12200472 -0.03742926
v 0.15269780 -0.11422764 -0.04150860
v 0.15819090 -0.11423963 -0.03743213
v 0.15819090 -0.11423963 -0.03743213
v 0.15109814 -0.11033601 -0.04151261
v 0.15499187 -0.10645714 -0.03744015
v 0.15499187 -0.10645714 -0.03744015
v 0.13618638 -0.11416545 -0.01629667
v 0.13942737 -0.10640037 -0.01629953
v 0.13938539 -0.12194794 -0.01628865
v 0.14715049 -0.12518893 -0.01628018
v 0.14715049 -0.12518893 -0.01628018
v 0.15493296 -0.12198993 -0.01627621
v 0.15817397 -0.11422482 -0.01627908
v 0.15497495 -0.10644235 -0.01628710
v 0.14720986 -0.10320135 -0.01629557
v 0.14720036 -0.11421280 -0.04151300
v 0.03041071 0.10506895 0.02099972
v 0.03041071 0.10506895 0.02099972
v 0.02821772 0.10560304 0.01986297
v 0.02821772 0.10560304 0.01986297
v 0.03145031 0.10448484 0.02327552
v 0.03145031 0.10448484 0.02327552
v 0.03103412 0.10413051 0.02550361
v 0.03103412 0.10413051 0.02550361
v 0.01609277 0.10425234 0.03821989
v 0.01609277 0.10425234 0.03821989
v 0.01828561 0.10395351 0.03788324
v 0.01828561 0.10395351 0.03788324
v 0.01828561 0.10395351 0.03788324
v 0.01391722 0.10478228 0.03710408
v 0.01391722 0.10478228 0.03710408
v 0.01289663 0.10530805 0.03487377
v 0.01289663 0.10530805 0.03487377
v 0.01332226 0.10560057 0.03268151
v 0.01332226 0.10560057 0.03268151
v 0.02602168 0.10585831 0.02021616
v 0.02602168 0.10585831 0.02021616
v 0.02784118 0.10133577 0.01941095
v 0.02784118 0.10133577 0.01941095
v 0.03003202 0.10077932 0.02056666
v 0.03003202 0.10077932 0.02056666
v 0.03106383 0.10017977 0.02285577
v 0.03106383 0.10017977 0.02285577
v 0.03063835 0.09982373 0.02508176
v 0.03063835 0.09982373 0.02508176
v 0.01779636 0.09976155 0.03736482
v 0.01779636 0.09976155 0.03736482
v 0.01779636 0.09976155 0.03736482
v 0.01559785 0.10006716 0.03769174
v 0.01559785 0.10006716 0.03769174
v 0.01342374 0.10060182 0.03656807
v 0.01342374 0.10060182 0.03656807
v 0.01241151 0.10112543 0.03433533
v 0.01241151 0.10112543 0.03433533
v 0.01284832 0.10141190 0.03214695
v 0.01284832 0.10141190 0.03214695
v 0.02564019 0.10160149 0.01974841
v 0.02564019 0.10160149 0.01974841
v 0.02965510 0.12237146 -0.03732730
v 0.02965510 0.12237146 -0.03732730
v 0.02899992 0.12266306 -0.03486176
v 0.02899992 0.12266306 -0.03486176
v 0.02695692 0.12298244 -0.03321696
v 0.02695692 0.12298244 -0.03321696
v 0.02464642 0.12317687 -0.03301573
v 0.02464642 0.12317687 -0.03301573
v 0.00978369 0.12351712 -0.04219747
v 0.00978369 0.12351712 -0.04219747
v 0.00978369 0.12351712 -0.04219747
v 0.00899645 0.12340685 -0.04426965
v 0.00899645 0.12340685 -0.04426965
v 0.00962519 0.12314537 -0.04671920
v 0.00962519 0.12314537 -0.04671920
v 0.01158562 0.12283852 -0.04833401
v 0.01158562 0.12283852 -0.04833401
v 0.01382216 0.12262820 -0.04851333
v 0.01382216 0.12262820 -0.04851333
v 0.02882581 0.12223389 -0.03939065
v 0.02882581 0.12223389 -0.03939065
v 0.01005746 0.12786294 -0.04276147
v 0.01005746 0.12786294 -0.04276147
v 0.01005746 0.12786294 -0.04276147
v 0.02918092 0.12704840 -0.03538374
v 0.02918092 0.12704840 -0.03538374
v 0.02987194 0.12674949 -0.03786452
v 0.02987194 0.12674949 -0.03786452
v 0.02710757 0.12736856 -0.03372542
v 0.02710757 0.12736856 -0.03372542
v 0.02478547 0.12756287 -0.03351953
v 0.02478547 0.12756287 -0.03351953
v 0.00930891 0.12774361 -0.04485050
v 0.00930891 0.12774361 -0.04485050
v 0.00997945 0.12747528 -0.04731832
v 0.00997945 0.12747528 -0.04731832
v 0.01196362 0.12716451 -0.04894361
v 0.01196362 0.12716451 -0.04894361
v 0.01419783 0.12695924 -0.04912186
v 0.01419783 0.12695924 -0.04912186
v 0.02906736 0.12660676 -0.03993906
v 0.02906736 0.12660676 -0.03993906
v 0.02658938 0.12443954 -0.03526713
v 0.02851974 0.12404425 -0.03816173
v 0.02647749 0.10349647 -0.03503744
v 0.02466943 0.10382599 -0.03219340
v 0.02366395 0.10348405 -0.03709647
v 0.02288504 0.12469193 -0.03578851
v 0.02288504 0.12469193 -0.03578851
v 0.02572157 0.12403640 -0.04019852
v 0.02097811 0.10406715 -0.03275403
v 0.02097811 0.10406715 -0.03275403
v 0.01343150 0.12267137 0.03880165
v 0.01343150 0.12267137 0.03880165
v 0.02146173 0.12258240 0.02826336
v 0.02146173 0.12258240 0.02826336
v 0.01993127 0.10627302 0.02607896
v 0.01993127 0.10627302 0.02607896
v 0.01180937 0.10510064 0.03642901
v 0.01180937 0.10510064 0.03642901
v 0.01790433 0.12224245 0.03388125
v 0.01790433 0.12224245 0.03388125
v 0.01640089 0.10567789 0.03162615
v 0.01640089 0.10567789 0.03162615
v 0.01185052 0.13052856 0.04242282
v 0.01185052 0.13052856 0.04242282
v 0.00967083 0.12155586 0.04228159
v 0.00967083 0.12155586 0.04228159
v 0.00967083 0.12155586 0.04228159
v 0.00849271 0.12466732 0.04419280
v 0.00849271 0.12466732 0.04419280
v 0.00837014 0.09756825 0.03804348
v 0.00837014 0.09756825 0.03804348
v 0.00653843 0.10355077 0.04119952
v 0.00653843 0.10355077 0.04119952
v 0.00818589 0.10690479 0.04049629
v 0.00818589 0.10690479 0.04049629
v 0.01074963 0.10595370 0.04315964
v 0.01074963 0.10595370 0.04315964
v 0.00922355 0.10277888 0.04385630
v 0.00922355 0.10277888 0.04385630
v 0.01132108 0.12349778 0.04663980
v 0.01132108 0.12349778 0.04663980
v 0.01228360 0.12062734 0.04511987
v 0.01228360 0.12062734 0.04511987
v 0.01228360 0.12062734 0.04511987
v 0.01624969 0.12199936 0.04163710
v 0.01624969 0.12199936 0.04163710
v 0.01444596 0.12973725 0.04505982
v 0.01444596 0.12973725 0.04505982
v 0.01941480 0.10472536 0.03508881
v 0.01941480 0.10472536 0.03508881
v 0.02536424 0.10462086 0.03150231
v 0.02536424 0.10462086 0.03150231
v 0.02695717 0.12102454 0.03356963
v 0.02695717 0.12102454 0.03356963
v 0.02099168 0.12138731 0.03720298
v 0.02099168 0.12138731 0.03720298
v 0.01446907 0.10426059 0.03926643
v 0.01446907 0.10426059 0.03926643
v 0.02545545 0.12213765 0.02682674
v 0.02545545 0.12213765 0.02682674
v 0.02545545 0.12213765 0.02682674
v 0.02816211 0.12132122 0.02950806
v 0.02816211 0.12132122 0.02950806
v 0.02678823 0.10501479 0.02767524
v 0.02678823 0.10501479 0.02767524
v 0.02346529 0.10598597 0.02457841
v 0.02346529 0.10598597 0.02457841
v 0.02346529 0.10598597 0.02457841
v 0.01081765 0.09674355 0.04078106
v 0.01081765 0.09674355 0.04078106
v -0.00352707 0.11943068 0.05452874
v -0.00352707 0.11943068 0.05452874
v -0.00438995 0.10970569 0.05322467
v -0.00438995 0.10970569 0.05322467
v -0.00645731 0.12445339 0.05864742
v -0.00645731 0.12445339 0.05864742
v -0.00645731 0.12445339 0.05864742
v 0.00040704 0.12540946 0.05212887
v 0.00040704 0.12540946 0.05212887
v -0.00179630 0.10266556 0.04894850
v -0.00179630 0.10266556 0.04894850
v -0.00879884 0.10411294 0.05607790
v -0.00879884 0.10411294 0.05607790
v 0.00123324 0.13098739 0.05260718
v 0.00123324 0.13098739 0.05260718
v -0.00228393 0.09741418 0.04814905
v -0.00228393 0.09741418 0.04814905
v -0.01052624 0.10018804 0.05690064
v -0.01052624 0.10018804 0.05690064
v -0.00735734 0.12863944 0.06049835
v -0.00735734 0.12863944 0.06049835
v -0.01849794 0.11472153 0.06816451
v -0.01849794 0.11472153 0.06816451
v -0.01493397 0.11455242 0.06458561
v -0.01493397 0.11455242 0.06458561
v 0.00087456 0.10174563 0.05171119
v 0.00087456 0.10174563 0.05171119
v 0.00019152 0.09665160 0.05092600
v 0.00019152 0.09665160 0.05092600
v 0.00385087 0.13015767 0.05533096
v 0.00385087 0.13015767 0.05533096
v 0.00322030 0.12460530 0.05490837
v 0.00322030 0.12460530 0.05490837
v -0.00465075 0.12759962 0.06314538
v -0.00465075 0.12759962 0.06314538
v -0.00386502 0.12368177 0.06150586
v -0.00386502 0.12368177 0.06150586
v -0.00386502 0.12368177 0.06150586
v -0.00041609 0.11877527 0.05709698
v -0.00041609 0.11877527 0.05709698
v -0.00172633 0.10901122 0.05587955
v -0.00172633 0.10901122 0.05587955
v -0.00615521 0.10335797 0.05881867
v -0.00615521 0.10335797 0.05881867
v -0.00807208 0.09934190 0.05937496
v -0.00807208 0.09934190 0.05937496
v -0.01601759 0.11406596 0.07079111
v -0.01601759 0.11406596 0.07079111
v -0.01226777 0.11373737 0.06726523
v -0.01226777 0.11373737 0.06726523
v -0.01195142 0.10601939 0.05957343
v -0.01195142 0.10601939 0.05957343
v -0.01448363 0.11098620 0.06341404
v -0.01448363 0.11098620 0.06341404
v -0.01741500 0.10757992 0.06532311
v -0.01741500 0.10757992 0.06532311
v -0.01410018 0.10278527 0.06098457
v -0.01410018 0.10278527 0.06098457
v -0.01141502 0.12633150 0.06384937
v -0.01141502 0.12633150 0.06384937
v -0.01578098 0.12186235 0.06719119
v -0.01578098 0.12186235 0.06719119
v -0.01360522 0.11800595 0.06435067
v -0.01360522 0.11800595 0.06435067
v -0.00949027 0.12290829 0.06147347
v -0.00949027 0.12290829 0.06147347
v -0.01313836 0.12107418 0.06977288
v -0.01313836 0.12107418 0.06977288
v -0.00875378 0.12543762 0.06656073
v -0.00875378 0.12543762 0.06656073
v -0.00701043 0.12213113 0.06404779
v -0.00701043 0.12213113 0.06404779
v -0.01105698 0.11743519 0.06681722
v -0.01105698 0.11743519 0.06681722
v -0.01154223 0.10201380 0.06365557
v -0.01154223 0.10201380 0.06365557
v -0.01502570 0.10689189 0.06811181
v -0.01502570 0.10689189 0.06811181
v -0.01199645 0.11033010 0.06619330
v -0.01199645 0.11033010 0.06619330
v -0.00922911 0.10525703 0.06221885
v -0.00922911 0.10525703 0.06221885
v -0.10248597 0.13604318 -0.01247333
v -0.11567184 0.16131663 -0.01347791
v -0.10597999 0.16682583 -0.01324413
v -0.10119163 0.15979808 -0.01286017
v -0.10356931 0.13563071 0.00757188
v -0.11620071 0.16115123 0.00667588
v -0.11322184 0.16588914 0.00667525
v -0.11227504 0.16668179 -0.01340300
v -0.10607721 0.16600481 0.00728258
v -0.10100524 0.15851798 0.00765708
v -0.09538826 0.13540697 -0.01371294
v -0.09546361 0.13344922 0.00691133
v -0.11306086 0.16134366 -0.01438993
v -0.11366006 0.16119508 0.00776289
v -0.11193065 0.16364449 0.00763671
v -0.11094109 0.16447274 -0.01444126
v -0.10731770 0.16462933 -0.01439631
v -0.10803281 0.16344285 0.00806425
v -0.10372918 0.15867609 -0.01397845
v -0.10426063 0.15702737 0.00837452
v -0.09943780 0.13646200 -0.01331695
v -0.10060189 0.13602221 0.00872412
v -0.09821894 0.13276507 0.00768629
v -0.09799833 0.13494223 -0.01487224
v 0.01445083 0.09990595 0.03231907
v 0.00027036 0.09944734 0.04181009
v -0.00044531 0.10015801 -0.04788400
v 0.01166527 0.10022409 -0.03823218
v 0.01423511 0.12787067 -0.04226550
v 0.00100775 0.12767308 -0.05130162
v 0.01830387 0.12658647 0.03582642
v 0.00527392 0.12683417 0.04577103
v -0.01055971 0.09985755 -0.05401857
v -0.00893734 0.12777315 -0.05735066
v 0.02072779 0.09983265 -0.02609902
v 0.02132977 0.09963543 0.01763322
v 0.02376044 0.12700163 0.01991609
v -0.01938044 0.12788068 -0.06097676
v -0.02098634 0.09989007 -0.05864904
v -0.01661011 0.10028669 0.04749411
v -0.01235543 0.12746296 0.05181559
v 0.02695520 0.12775283 0.00412949
v 0.02623423 0.09965828 0.00357927
v 0.02797032 0.12843579 -0.01301247
v 0.02623098 0.09963002 -0.01245415
v 0.02408668 0.12835077 -0.02813453
v -0.01399417 0.12833074 0.04979464
v -0.01399417 0.12833074 0.04979464
v 0.00387786 0.12767319 0.04363839
v 0.01622691 0.12740420 0.03410599
v 0.02132379 0.12779940 0.01870105
v 0.02462819 0.12854553 0.00379988
v 0.02551124 0.12912831 -0.01235226
v 0.02173903 0.12897596 -0.02672258
v 0.01228358 0.12849877 -0.04031586
v -0.00050955 0.12839264 -0.04929152
v -0.01016853 0.12846763 -0.05517370
v -0.02108918 0.12858317 -0.05893127
v -0.02108918 0.12858317 -0.05893127
v -0.01842122 0.09957711 0.04524201
v -0.01842122 0.09957711 0.04524201
v -0.00123322 0.09864868 0.03927020
v 0.01223289 0.09909520 0.03022377
v 0.01884138 0.09881550 0.01626468
v 0.02386763 0.09887470 0.00322430
v 0.02376726 0.09871846 -0.01170768
v 0.01821104 0.09882945 -0.02458353
v 0.00957931 0.09929751 -0.03617633
v -0.00199091 0.09937052 -0.04560663
v -0.01177714 0.09909516 -0.05161102
v -0.02280914 0.09914943 -0.05665274
v -0.02280914 0.09914943 -0.05665274
v 0.03133772 0.12376190 0.02619005
v 0.02905748 0.12456846 0.02365800
v 0.02713450 0.10397725 0.02075158
v 0.02938654 0.10314773 0.02314038
v 0.02443584 0.10393871 0.02295873
v 0.02989826 0.12337429 0.02963030
v 0.02989826 0.12337429 0.02963030
v 0.02638483 0.12453138 0.02585661
v 0.02791138 0.10276281 0.02655711
v 0.02791138 0.10276281 0.02655711
v 0.01642955 0.11693254 0.01716504
v 0.01778774 0.11752268 -0.01737687
v -0.01546421 0.16627874 -0.04592743
v -0.03509625 0.16735052 -0.05187017
v -0.10114947 0.17238089 -0.00474751
v -0.07880533 0.17062534 -0.04100846
v -0.09035430 0.17110107 -0.02982593
v -0.09114920 0.17085431 0.02648344
v -0.07177490 0.16875115 0.04311479
v -0.05021705 0.16699110 0.05015696
v -0.02175373 0.16422461 0.04723356
v -0.00044364 0.16268215 0.03811667
v 0.00522099 0.16554026 -0.03731437
v -0.05832467 0.16890210 -0.05140355
v 0.02285141 0.13586232 -0.02253481
v 0.01626447 0.13163399 0.02156143
v -0.09771235 0.17215658 -0.01906943
v -0.09947139 0.17215847 0.00968681
v 0.01952989 0.15741404 0.02814987
v 0.01624705 0.16136848 0.03031347
v 0.01739000 0.10593429 -0.01496415
v 0.01739000 0.10593429 -0.01496415
v -0.00008765 0.11696305 -0.03218989
v -0.00008765 0.11696305 -0.03218989
v 0.00179793 0.13688480 -0.03504682
v -0.00255329 0.13335594 0.03763684
v -0.00255329 0.13335594 0.03763684
v -0.00255329 0.13335594 0.03763684
v 0.00030816 0.11476995 0.02788987
v 0.00030816 0.11476995 0.02788987
v 0.00817630 0.09983403 0.02156480
v 0.00817630 0.09983403 0.02156480
v 0.00817630 0.09983403 0.02156480
v 0.00817630 0.09983403 0.02156480
v 0.02079987 0.09303311 0.01082890
v 0.00368449 0.08798643 -0.02794217
v 0.02049804 0.09338012 -0.01409958
v -0.09953743 0.15159845 -0.00434454
v -0.09095739 0.15280285 -0.02917436
v -0.03805864 0.14273042 -0.04822627
v -0.03805864 0.14273042 -0.04822627
v -0.06062270 0.14783909 -0.04841703
v -0.06062270 0.14783909 -0.04841703
v -0.09255664 0.15109175 0.02282595
v -0.07085702 0.15020333 0.04036793
v -0.07085702 0.15020333 0.04036793
v -0.05743256 0.14890852 0.04456194
v -0.05743256 0.14890852 0.04456194
v -0.02408731 0.13806402 0.04442819
v -0.02408731 0.13806402 0.04442819
v -0.01687995 0.13996481 -0.04569623
v -0.01687995 0.13996481 -0.04569623
v -0.01687995 0.13996481 -0.04569623
v -0.07884199 0.15176589 -0.03882938
v -0.00255259 0.10712975 -0.03014666
v -0.00255259 0.10712975 -0.03014666
v -0.00293206 0.13244051 -0.03313093
v -0.00293206 0.13244051 -0.03313093
v -0.00293206 0.13244051 -0.03313093
v 0.02092969 0.13652657 -0.01903763
v 0.02092969 0.13652657 -0.01903763
v 0.01619374 0.11860449 -0.01416745
v 0.01619374 0.11860449 -0.01416745
v 0.01542765 0.11744380 0.01460655
v 0.01542765 0.11744380 0.01460655
v 0.01555747 0.13220532 0.01846196
v 0.01555747 0.13220532 0.01846196
v -0.00932126 0.13312312 0.03294868
v -0.00932126 0.13312312 0.03294868
v -0.00932126 0.13312312 0.03294868
v -0.00646378 0.11501657 0.03062703
v -0.00646378 0.11501657 0.03062703
v 0.01921207 0.09216398 0.00864230
v 0.01921207 0.09216398 0.00864230
v 0.01921207 0.09216398 0.00864230
v 0.01607623 0.10653442 -0.01173040
v 0.01607623 0.10653442 -0.01173040
v 0.01607623 0.10653442 -0.01173040
v 0.01960003 0.09237082 -0.01042395
v 0.01960003 0.09237082 -0.01042395
v -0.09912003 0.17250282 -0.00493936
v -0.09912003 0.17250282 -0.00493936
v -0.09583826 0.17236740 -0.01794100
v -0.09583826 0.17236740 -0.01794100
v -0.09138418 0.15085307 -0.02234844
v -0.09138418 0.15085307 -0.02234844
v -0.09553187 0.14881296 0.00241351
v -0.09553187 0.14881296 0.00241351
v -0.08936191 0.17180666 -0.02820798
v -0.08936191 0.17180666 -0.02820798
v -0.02764347 0.14021870 -0.04371077
v -0.02764347 0.14021870 -0.04371077
v -0.06031363 0.14661766 -0.04551263
v -0.06031363 0.14661766 -0.04551263
v -0.05761274 0.16967549 -0.04874183
v -0.05761274 0.16967549 -0.04874183
v -0.03590690 0.16849459 -0.04975196
v -0.03590690 0.16849459 -0.04975196
v -0.09758481 0.17240206 0.00941812
v -0.09758481 0.17240206 0.00941812
v -0.08955598 0.17126943 0.02557950
v -0.08955598 0.17126943 0.02557950
v -0.08580369 0.14888335 0.02527063
v -0.08580369 0.14888335 0.02527063
v -0.06313069 0.14777080 0.03812052
v -0.06313069 0.14777080 0.03812052
v -0.04990171 0.16758787 0.04808367
v -0.04990171 0.16758787 0.04808367
v -0.07099329 0.16933594 0.04105088
v -0.07099329 0.16933594 0.04105088
v -0.00141312 0.16350979 0.03591418
v -0.00141312 0.16350979 0.03591418
v -0.02226392 0.16485743 0.04485385
v -0.02226392 0.16485743 0.04485385
v -0.03476588 0.13936200 0.03984440
v -0.03476588 0.13936200 0.03984440
v -0.01588248 0.16729360 -0.04322580
v -0.01588248 0.16729360 -0.04322580
v 0.00424140 0.16655629 -0.03442981
v 0.00424140 0.16655629 -0.03442981
v 0.01508430 0.16213834 0.02781662
v 0.01508430 0.16213834 0.02781662
v 0.01830354 0.15802385 0.02597599
v 0.01830354 0.15802385 0.02597599
v -0.07749289 0.15080309 -0.03654325
v -0.07749289 0.15080309 -0.03654325
v -0.07716075 0.17076221 -0.03926888
v -0.07716075 0.17076221 -0.03926888
v 0.01561180 0.13463969 -0.03736426
v 0.01279575 0.09858542 -0.03147831
v -0.04080332 0.09562645 -0.05169017
v -0.08609826 0.09607300 -0.04136787
v -0.10076706 0.08740550 -0.03358323
v -0.11483335 0.10371340 -0.00395899
v -0.09991773 0.08630250 0.02803941
v -0.07897280 0.09667926 0.03960033
v -0.02280823 0.09078671 0.04065019
v -0.02280823 0.09078671 0.04065019
v 0.01062063 0.09978203 0.02693407
v 0.01299542 0.12969186 0.03640544
v -0.07917417 0.14004254 0.04241576
v -0.10165974 0.13499328 0.02451157
v -0.11425234 0.13199228 -0.00406269
v -0.09875787 0.13564911 -0.03105534
v -0.08280377 0.13962150 -0.04575954
v -0.03866633 0.13708012 -0.05595608
v 0.07805645 -0.00086706 -0.05685308
v 0.08327022 0.01924464 -0.04983454
v 0.09589642 0.04213656 -0.01072869
v 0.09544568 0.04213926 0.01027905
v 0.08780231 0.03462082 0.02889069
v 0.07668089 -0.00254089 0.04759179
v 0.06580016 -0.04904452 0.05295006
v 0.06580016 -0.04904452 0.05295006
v 0.11404453 -0.04454845 0.04920277
v 0.11404453 -0.04454845 0.04920277
v 0.11942965 -0.00692390 0.04606110
v 0.12584838 0.02470107 0.02669787
v 0.12327712 0.03763332 0.01084346
v 0.12292813 0.03819362 -0.01235351
v 0.11986377 0.01081186 -0.04465976
v 0.11820428 -0.00861846 -0.05186253
v 0.11728279 -0.04179511 -0.05560664
v 0.11728279 -0.04179511 -0.05560664
v 0.15113267 -0.03197818 0.01466775
v 0.15113267 -0.03197818 0.01466775
v 0.14952598 -0.03173359 -0.02182785
v 0.14952598 -0.03173359 -0.02182785
v 0.15076561 -0.01287619 -0.01892961
v 0.15160696 -0.01341757 0.01489376
v 0.04152064 0.06616039 0.00910436
v 0.02776191 0.08080980 0.00666597
v 0.02776191 0.08080980 0.00666597
v 0.02740799 0.08140943 -0.00846126
v 0.02740799 0.08140943 -0.00846126
v 0.02740799 0.08140943 -0.00846126
v 0.04065147 0.06608795 -0.01161280
v 0.03178145 0.03449622 -0.04303377
v 0.00434325 0.05685015 -0.04237489
v -0.01327217 0.09440324 -0.04543781
v -0.01327217 0.09440324 -0.04543781
v 0.02119498 0.01612659 -0.05124735
v -0.11429901 0.07370758 -0.00329254
v -0.12152573 0.04352969 -0.00305269
v -0.12930682 0.00115648 -0.00236240
v -0.13113496 -0.04701825 -0.00262023
v -0.13113496 -0.04701825 -0.00262023
v -0.10111684 -0.01864538 -0.04637694
v -0.10299414 -0.04734792 -0.04598633
v -0.10299414 -0.04734792 -0.04598633
v -0.11654870 0.04192621 -0.02405647
v -0.12204172 -0.04702332 -0.03153946
v -0.12204172 -0.04702332 -0.03153946
v -0.10869922 0.07167281 0.01618457
v -0.11452319 0.04294607 0.01729680
v -0.12145102 0.00466529 0.02414139
v -0.12526645 -0.04704155 0.02335200
v -0.12526645 -0.04704155 0.02335200
v -0.10562639 -0.04734175 0.04165072
v -0.10562639 -0.04734175 0.04165072
v -0.06060426 -0.04757211 0.04479603
v -0.06060426 -0.04757211 0.04479603
v -0.06098379 0.05093499 0.04599965
v -0.06098379 0.05093499 0.04599965
v -0.05116741 0.09669634 0.04488377
v -0.05353439 0.13859721 0.05114471
v -0.03349898 -0.04856323 0.04225121
v -0.03349898 -0.04856323 0.04225121
v -0.02630765 0.07020769 0.04266723
v -0.02322207 0.13234942 0.05071839
v 0.04407355 0.04588305 0.02828238
v -0.00006867 0.08669910 0.02994709
v -0.00365881 0.09680519 0.03355275
v -0.00365881 0.09680519 0.03355275
v 0.00115227 0.13107648 0.04269362
v 0.03316143 -0.04855395 -0.06066985
v 0.03316143 -0.04855395 -0.06066985
v 0.01158170 -0.00318950 -0.05554167
v 0.06125072 0.05422876 -0.01102376
v 0.06170649 0.05427037 0.00887932
v 0.02786670 0.00951245 0.03861846
v 0.01986579 -0.01499653 0.04148284
v 0.03166959 -0.04938916 0.04576468
v 0.03166959 -0.04938916 0.04576468
v 0.01508124 -0.04056276 0.03823230
v 0.01508124 -0.04056276 0.03823230
v -0.00481953 -0.04078356 -0.05151572
v -0.00481953 -0.04078356 -0.05151572
v -0.03038280 0.02365627 -0.05405703
v -0.02166688 -0.04046481 -0.05048651
v -0.02166688 -0.04046481 -0.05048651
v -0.02166688 -0.04046481 -0.05048651
v -0.12068431 -0.02004494 -0.03216389
v -0.13051273 -0.02060583 -0.00218669
v -0.12478480 -0.01956920 0.02394027
v -0.10622367 -0.01911241 0.04290869
v -0.05395353 0.06293009 -0.05529926
v -0.05395353 0.06293009 -0.05529926
v -0.03482251 0.07111307 -0.04811828
v -0.01417452 0.08005865 -0.04198035
v -0.01054813 -0.00458079 0.04214168
v -0.01850348 -0.03915839 0.03969971
v -0.01850348 -0.03915839 0.03969971
v -0.01850348 -0.03915839 0.03969971
v 0.07110350 -0.02840478 0.05173367
v 0.11682716 -0.02403968 0.04813557
v 0.14505348 -0.01747053 0.02870849
v 0.13432127 -0.03898036 0.04040765
v 0.13432127 -0.03898036 0.04040765
v 0.14572484 0.00516308 -0.01929026
v 0.14125448 0.02325211 -0.01155401
v 0.14097115 0.02262731 0.00616495
v 0.14630339 0.00366736 0.01710799
v 0.14456049 -0.01618551 -0.03076123
v 0.13351760 -0.03784417 -0.04524602
v 0.13351760 -0.03784417 -0.04524602
v -0.00551236 -0.02253253 -0.05589844
v 0.04474449 -0.02666584 -0.06240584
v 0.07777353 0.04803536 0.00915923
v 0.05396900 0.00363630 -0.05578331
v 0.07668987 0.04802987 -0.01084391
v 0.04601038 -0.04908071 0.04946601
v 0.04601038 -0.04908071 0.04946601
v 0.05526829 0.00216036 0.04536984
v 0.04913469 -0.02361317 0.04767351
v 0.15330039 -0.03043800 -0.00359462
v 0.15330039 -0.03043800 -0.00359462
v 0.15405194 -0.01201811 -0.00328730
v 0.15049350 0.00498943 -0.00281632
v 0.13406857 -0.01195054 -0.03945847
v 0.13530080 0.02500714 -0.01335053
v 0.13673711 0.02477674 0.00706466
v 0.11710306 -0.02369170 -0.05487092
v 0.07085753 -0.02708233 -0.06338220
v 0.01499455 0.11603011 -0.03438332
v 0.01160708 0.11480496 0.03098313
v -0.01553785 0.11674794 -0.04875623
v -0.03995686 0.11701882 -0.05230784
v -0.11403484 0.11836370 -0.00406057
v -0.08450258 0.11879492 -0.04466385
v -0.10035751 0.11767918 -0.03042765
v -0.10179853 0.11807357 0.02316597
v -0.02327720 0.11551453 0.04401348
v -0.00181201 0.11440746 0.03716893
v 0.08909361 0.03686690 -0.03607455
v 0.12287764 0.02506519 -0.03345386
v 0.04248319 0.05040224 -0.03113404
v 0.01637979 0.06883224 -0.02974263
v 0.08272587 0.01751180 0.04150539
v 0.12332713 0.01019566 0.03789727
v 0.03547140 0.02925425 0.03448777
v -0.07230221 -0.04813883 -0.05217168
v -0.07230221 -0.04813883 -0.05217168
v -0.07345731 -0.01970505 -0.05295386
v -0.07346196 0.00288289 -0.05244490
v -0.06707678 0.09649847 -0.04928395
v -0.06531556 0.11808178 -0.05109994
v -0.06371336 0.13998494 -0.05474219
v -0.11043149 0.10027645 -0.00381298
v -0.12578416 0.00369007 -0.00242359
v -0.11538410 0.00954557 -0.03437114
v 0.01222321 0.13626044 -0.03199389
v 0.01222321 0.13626044 -0.03199389
v 0.00985942 0.09858381 -0.02544366
v 0.00985942 0.09858381 -0.02544366
v 0.01022014 0.13159584 0.03071430
v 0.01022014 0.13159584 0.03071430
v 0.00886746 0.11492960 0.02549065
v 0.00886746 0.11492960 0.02549065
v -0.04805163 0.07435689 0.04525386
v -0.04805163 0.07435689 0.04525386
v -0.06497306 0.03318905 0.04751410
v -0.06497306 0.03318905 0.04751410
v -0.04171080 0.00181494 0.04553847
v -0.04171080 0.00181494 0.04553847
v -0.08599719 -0.04749822 0.04618794
v -0.08599719 -0.04749822 0.04618794
v -0.08608168 -0.01928281 0.04796702
v -0.09354849 0.06597958 0.03647114
v -0.10102409 0.04149593 0.03663371
v -0.10695545 0.13658160 -0.00429190
v -0.10695545 0.13658160 -0.00429190
v -0.09080803 0.14173382 -0.02828488
v -0.09080803 0.14173382 -0.02828488
v -0.07883019 0.14554466 -0.03849808
v -0.07883019 0.14554466 -0.03849808
v -0.03906363 0.08110698 -0.05333658
v -0.03906363 0.08110698 -0.05333658
v -0.09328345 0.14092746 0.02111438
v -0.09328345 0.14092746 0.02111438
v 0.01646890 0.08861170 -0.01191068
v 0.01646890 0.08861170 -0.01191068
v -0.06152337 0.03735787 -0.05518199
v -0.06152337 0.03735787 -0.05518199
v -0.04945406 0.01085553 -0.05386278
v -0.04945406 0.01085553 -0.05386278
v -0.03136645 -0.02099552 -0.05192215
v -0.03136645 -0.02099552 -0.05192215
v 0.02459823 -0.02486998 -0.05899809
v 0.02157777 -0.04209840 -0.05670757
v 0.02157777 -0.04209840 -0.05670757
v -0.03620090 -0.04853932 -0.05104387
v -0.03620090 -0.04853932 -0.05104387
v -0.12723375 0.00292737 -0.02165144
v -0.12189213 0.00481067 -0.02052991
v -0.12753106 0.00095317 0.01227103
v -0.12385356 0.00385957 0.01171432
v -0.12520154 0.02062843 -0.00298738
v -0.12000119 0.02101169 0.01810999
v -0.11487457 0.00645008 0.03290604
v -0.11230104 0.10054141 0.01034898
v -0.10759078 0.09586696 0.00987331
v -0.10776766 0.09737146 -0.01525899
v -0.11249664 0.10139855 -0.01658019
v -0.10872799 0.13299360 -0.01839321
v -0.10064463 0.13789543 -0.01723838
v -0.10064463 0.13789543 -0.01723838
v -0.10496267 0.13698657 0.00835322
v -0.10496267 0.13698657 0.00835322
v -0.11162054 0.13269666 0.01015334
v -0.10967351 0.11811703 -0.01759196
v -0.11091542 0.11788252 0.01013843
v -0.10781874 0.07122504 -0.02533962
v -0.11166701 0.13642156 -0.00443076
v -0.10619211 0.13712540 -0.01757216
v -0.09671937 0.14007578 -0.03010581
v -0.08163497 0.14549636 -0.04472869
v -0.06245128 0.14609762 -0.05434172
v -0.03789045 0.14188807 -0.05558300
v -0.01490471 0.13836161 -0.05172314
v -0.10965264 0.13651514 0.00906009
v -0.09889910 0.13980588 0.02366616
v -0.07354345 0.14829634 0.04490995
v -0.02326596 0.13608394 0.05002880
v 0.00659745 0.11667715 -0.03865623
v 0.00959559 0.13534273 -0.04239574
v 0.00592132 0.13705644 -0.03692760
v 0.00592132 0.13705644 -0.03692760
v 0.00513099 0.09738562 -0.03740216
v 0.00142389 0.09757575 -0.03137414
v 0.00142389 0.09757575 -0.03137414
v 0.00142389 0.09757575 -0.03137414
v 0.00142389 0.09757575 -0.03137414
v -0.12029711 0.01980540 -0.02231567
v -0.07335443 0.03800441 -0.05243275
v 0.08494048 -0.04800521 0.05336586
v 0.08494048 -0.04800521 0.05336586
v 0.09678622 -0.00471074 -0.05730735
v 0.10592949 0.03158069 0.03066580
v 0.09395709 -0.00472563 0.04796924
v 0.08854511 -0.02771000 0.05226714
v 0.10083833 0.01575354 -0.05070221
v 0.11009460 0.04373082 -0.01232270
v 0.11040204 0.04304499 0.01095493
v 0.08915951 -0.04596454 -0.06436543
v 0.08915951 -0.04596454 -0.06436543
v 0.09089152 -0.02669830 -0.06237246
v 0.10601346 0.03194787 -0.03790416
v 0.09996245 0.01534715 0.04349572
v 0.10063187 0.04462741 0.01072816
v 0.10022975 0.04620319 -0.01254725
v 0.01170652 0.11642816 -0.02877912
v 0.01170652 0.11642816 -0.02877912
v 0.14478310 -0.03472941 0.02842418
v 0.14478310 -0.03472941 0.02842418
v 0.14310711 -0.03406095 -0.03478163
v 0.14310711 -0.03406095 -0.03478163
v 0.13421719 0.01713686 -0.02454363
v 0.13650520 0.00635283 -0.03177801
v 0.13569742 0.01669779 0.01939069
v 0.13671078 0.00466424 0.02715244
v 0.13442082 -0.01110120 0.03505569
v 0.14285692 0.02368883 -0.00225587
v -0.06083835 0.14800135 0.04974431
v -0.04176142 0.14204102 0.00048911
v 0.00723738 0.13440524 -0.01207778
v 0.00723738 0.13440524 -0.01207778
v 0.00847997 0.13433866 0.01044404
v 0.00847997 0.13433866 0.01044404
v -0.01123156 0.13376578 0.03142720
v -0.01123156 0.13376578 0.03142720
v -0.01123156 0.13376578 0.03142720
v -0.00557890 0.13258486 -0.03191118
v -0.00557890 0.13258486 -0.03191118
v -0.00557890 0.13258486 -0.03191118
v 0.00885795 0.11688383 0.01051831
v 0.01021150 0.11721762 -0.01304918
v 0.01025555 0.13401404 -0.01302601
v 0.01147477 0.13387753 0.01143408
v 0.01476187 0.16375135 0.01520878
v 0.01391661 0.16407755 -0.01364156
v 0.00026969 0.16327813 -0.03260511
v -0.00344326 0.16092640 0.03475559
v -0.00296450 0.16297801 -0.03057780
v -0.00296450 0.16297801 -0.03057780
v 0.01086367 0.16509943 -0.01247548
v 0.01086367 0.16509943 -0.01247548
v 0.01221713 0.16457090 0.01385048
v 0.01221713 0.16457090 0.01385048
v -0.00585987 0.16186949 0.03278479
v -0.00585987 0.16186949 0.03278479
v -0.00341708 0.15726488 -0.03609141
v -0.00610978 0.15761928 -0.03427520
v -0.00610978 0.15761928 -0.03427520
v -0.00610978 0.15761928 -0.03427520
v -0.00944455 0.15749205 0.03435508
v -0.00944455 0.15749205 0.03435508
v -0.00944455 0.15749205 0.03435508
v -0.00694127 0.15611861 0.03582791
v 0.13174445 0.03043866 0.00934110
v 0.13062914 0.03113390 -0.01325628
v 0.02783055 0.16133837 -0.02733798
v 0.02636447 0.16522756 -0.02929165
v 0.02600117 0.16247023 -0.02400594
v 0.02600117 0.16247023 -0.02400594
v 0.02435971 0.16628599 -0.02539475
v 0.02435971 0.16628599 -0.02539475
v 0.01866418 0.16427217 0.00366641
v 0.01522932 0.16479113 0.00399093
v 0.01522932 0.16479113 0.00399093
v -0.02724394 0.08931563 -0.04997060
v -0.02724394 0.08931563 -0.04997060
v -0.07004880 0.06450784 -0.05169154
v -0.09401053 0.06639349 -0.04233813
v -0.09621949 0.13654376 -0.01533630
v -0.09845914 0.13514800 -0.00450932
v -0.09682548 0.13605704 0.00846166
v 0.01890937 0.10337135 0.01356973
v 0.01890937 0.10337135 0.01356973
v 0.01746724 0.10381911 0.01139208
v 0.01746724 0.10381911 0.01139208
v 0.01746724 0.10381911 0.01139208
v -0.07829665 0.11771690 0.03766192
v -0.05136627 0.11713930 0.04541419
v -0.08499646 0.00636426 0.04815851
v -0.08244525 0.04421727 0.04427454
v -0.08082960 0.06908926 0.04183326
v -0.03359860 0.03901348 0.04856969
v -0.06375458 0.00475461 0.04939623
v -0.09846356 0.00706755 -0.04536208
v -0.09590213 0.03945966 -0.04345358
v -0.00226181 0.02321624 0.03942717
v 0.00548756 0.04631843 0.03771790
v 0.01630967 0.06846097 0.03142073
v 0.06183519 0.02170582 0.03890181
v 0.06946930 0.03684559 0.02862832
v 0.07133888 0.03963568 -0.03355896
v 0.06298623 0.02294439 -0.04830187
v 0.04784141 -0.01385254 -0.06056699
v -0.01156302 0.04162593 -0.05005836
v 0.06546158 -0.04752056 -0.06559726
v 0.06546158 -0.04752056 -0.06559726
v 0.02979822 0.12300486 0.02232008
v 0.02979822 0.12300486 0.02232008
v 0.03199866 0.12247981 0.02353481
v 0.03199866 0.12247981 0.02353481
v 0.03305818 0.12191516 0.02588848
v 0.03305818 0.12191516 0.02588848
v 0.03266275 0.12156645 0.02815536
v 0.03266275 0.12156645 0.02815536
v 0.02008474 0.12128804 0.04028128
v 0.02008474 0.12128804 0.04028128
v 0.02008474 0.12128804 0.04028128
v 0.01790155 0.12157970 0.04055429
v 0.01790155 0.12157970 0.04055429
v 0.01571530 0.12212331 0.03937584
v 0.01571530 0.12212331 0.03937584
v 0.01466423 0.12267460 0.03710948
v 0.01466423 0.12267460 0.03710948
v 0.01505691 0.12298719 0.03491252
v 0.01505691 0.12298719 0.03491252
v 0.02760624 0.12325975 0.02262721
v 0.02760624 0.12325975 0.02262721
v 0.02053959 0.12558432 0.04106513
v 0.02053959 0.12558432 0.04106513
v 0.02053959 0.12558432 0.04106513
v 0.03247616 0.12678275 0.02442534
v 0.03247616 0.12678275 0.02442534
v 0.03026956 0.12731244 0.02317174
v 0.03026956 0.12731244 0.02317174
v 0.03354035 0.12620893 0.02681060
v 0.03354035 0.12620893 0.02681060
v 0.03314611 0.12585645 0.02908933
v 0.03314611 0.12585645 0.02908933
v 0.01834914 0.12587995 0.04129579
v 0.01834914 0.12587995 0.04129579
v 0.01615558 0.12643069 0.04007235
v 0.01615558 0.12643069 0.04007235
v 0.01510028 0.12698604 0.03778041
v 0.01510028 0.12698604 0.03778041
v 0.01549440 0.12730260 0.03558724
v 0.01549440 0.12730260 0.03558724
v 0.02807268 0.12757061 0.02345188
v 0.02807268 0.12757061 0.02345188
v 0.00966028 0.12302901 -0.04913394
v 0.00966028 0.12302901 -0.04913394
v 0.02172366 0.12181411 -0.04379100
v 0.02172366 0.12181411 -0.04379100
v 0.01999346 0.10556901 -0.04129842
v 0.01999346 0.10556901 -0.04129842
v 0.00782165 0.10552796 -0.04642760
v 0.00782165 0.10552796 -0.04642760
v 0.01540850 0.12224899 -0.04585520
v 0.01540850 0.12224899 -0.04585520
v 0.01369936 0.10575065 -0.04328346
v 0.01369936 0.10575065 -0.04328346
v 0.00745113 0.13105537 -0.05197037
v 0.00745113 0.13105537 -0.05197037
v 0.00514009 0.12212087 -0.05163193
v 0.00514009 0.12212087 -0.05163193
v 0.00514009 0.12212087 -0.05163193
v 0.00366715 0.12531107 -0.05317305
v 0.00366715 0.12531107 -0.05317305
v 0.00381656 0.09815313 -0.04728961
v 0.00381656 0.09815313 -0.04728961
v 0.00158954 0.10423937 -0.04995503
v 0.00158954 0.10423937 -0.04995503
v 0.00338961 0.10755173 -0.04945886
v 0.00338961 0.10755173 -0.04945886
v 0.00138264 0.10790553 -0.04623122
v 0.00138264 0.10790553 -0.04623122
v -0.00034139 0.10478542 -0.04666299
v -0.00034139 0.10478542 -0.04666299
v 0.00189008 0.12545706 -0.04968364
v 0.00189008 0.12545706 -0.04968364
v 0.00298658 0.12255288 -0.04832734
v 0.00298658 0.12255288 -0.04832734
v 0.00298658 0.12255288 -0.04832734
v 0.00761803 0.12374459 -0.04570602
v 0.00761803 0.12374459 -0.04570602
v 0.00551054 0.13155904 -0.04876153
v 0.00551054 0.13155904 -0.04876153
v 0.01106236 0.10641084 -0.03946359
v 0.01106236 0.10641084 -0.03946359
v 0.01602299 0.10660160 -0.03460300
v 0.01602299 0.10660160 -0.03460300
v 0.01789966 0.12291724 -0.03708700
v 0.01789966 0.12291724 -0.03708700
v 0.01294401 0.12297857 -0.04202234
v 0.01294401 0.12297857 -0.04202234
v 0.00569994 0.10605278 -0.04310293
v 0.00569994 0.10605278 -0.04310293
v 0.02406330 0.12184907 -0.04022220
v 0.02406330 0.12184907 -0.04022220
v 0.02406330 0.12184907 -0.04022220
v 0.02210594 0.12236428 -0.03689275
v 0.02210594 0.12236428 -0.03689275
v 0.02008816 0.10624863 -0.03417958
v 0.02008816 0.10624863 -0.03417958
v 0.02230140 0.10563888 -0.03821756
v 0.02230140 0.10563888 -0.03821756
v 0.02230140 0.10563888 -0.03821756
v 0.00173446 0.09862129 -0.04418951
v 0.00173446 0.09862129 -0.04418951
v -0.01038598 0.12062644 -0.06087317
v -0.01038598 0.12062644 -0.06087317
v -0.01140276 0.11094978 -0.05934053
v -0.01140276 0.11094978 -0.05934053
v -0.01401374 0.12583671 -0.06410894
v -0.01401374 0.12583671 -0.06410894
v -0.01401374 0.12583671 -0.06410894
v -0.00582950 0.12643388 -0.05929371
v -0.00582950 0.12643388 -0.05929371
v -0.00813486 0.10372931 -0.05591100
v -0.00813486 0.10372931 -0.05591100
v -0.01643423 0.10552704 -0.06137428
v -0.01643423 0.10552704 -0.06137428
v -0.00490312 0.13198149 -0.05991847
v -0.00490312 0.13198149 -0.05991847
v -0.00860019 0.09847403 -0.05512388
v -0.00860019 0.09847403 -0.05512388
v -0.01848625 0.10169285 -0.06176658
v -0.01848625 0.10169285 -0.06176658
v -0.01513270 0.13007986 -0.06569090
v -0.01513270 0.13007986 -0.06569090
v -0.02823141 0.11670072 -0.07079109
v -0.02823141 0.11670072 -0.07079109
v -0.02393682 0.11633287 -0.06815290
v -0.02393682 0.11633287 -0.06815290
v -0.01019981 0.10416135 -0.05257010
v -0.01019981 0.10416135 -0.05257010
v -0.01069892 0.09901696 -0.05200597
v -0.01069892 0.09901696 -0.05200597
v -0.00692725 0.13247690 -0.05666012
v -0.00692725 0.13247690 -0.05666012
v -0.00784780 0.12700917 -0.05584665
v -0.00784780 0.12700917 -0.05584665
v -0.01710399 0.13037578 -0.06230857
v -0.01710399 0.13037578 -0.06230857
v -0.01615932 0.12641738 -0.06086159
v -0.01615932 0.12641738 -0.06086159
v -0.01615932 0.12641738 -0.06086159
v -0.01209433 0.12134766 -0.05723106
v -0.01209433 0.12134766 -0.05723106
v -0.01332170 0.11156364 -0.05608994
v -0.01332170 0.11156364 -0.05608994
v -0.01845184 0.10610272 -0.05810804
v -0.01845184 0.10610272 -0.05810804
v -0.02032344 0.10207195 -0.05871011
v -0.02032344 0.10207195 -0.05871011
v -0.03016532 0.11730520 -0.06772916
v -0.03016532 0.11730520 -0.06772916
v -0.02590325 0.11684041 -0.06486219
v -0.02590325 0.11684041 -0.06486219
v -0.02018012 0.10759305 -0.06411142
v -0.02018012 0.10759305 -0.06411142
v -0.02345025 0.11275987 -0.06701688
v -0.02345025 0.11275987 -0.06701688
v -0.02674235 0.10945133 -0.06845062
v -0.02674235 0.10945133 -0.06845062
v -0.02275667 0.10447746 -0.06496136
v -0.02275667 0.10447746 -0.06496136
v -0.01985844 0.12795344 -0.06817407
v -0.01985844 0.12795344 -0.06817407
v -0.02510552 0.12372706 -0.07036686
v -0.02510552 0.12372706 -0.07036686
v -0.02264275 0.11979705 -0.06788407
v -0.02264275 0.11979705 -0.06788407
v -0.01781097 0.12450238 -0.06594563
v -0.01781097 0.12450238 -0.06594563
v -0.02698070 0.12422882 -0.06712620
v -0.02698070 0.12422882 -0.06712620
v -0.02187233 0.12839430 -0.06486008
v -0.02187233 0.12839430 -0.06486008
v -0.01972096 0.12497842 -0.06286246
v -0.01972096 0.12497842 -0.06286246
v -0.02439028 0.12045281 -0.06481496
v -0.02439028 0.12045281 -0.06481496
v -0.02473530 0.10500106 -0.06178591
v -0.02473530 0.10500106 -0.06178591
v -0.02886004 0.11004946 -0.06543123
v -0.02886004 0.11004946 -0.06543123
v -0.02552597 0.11340606 -0.06391614
v -0.02552597 0.11340606 -0.06391614
v -0.02208831 0.10815282 -0.06078939
v -0.02208831 0.10815282 -0.06078939
v 0.02735632 0.10527617 -0.03220069
v 0.02735632 0.10527617 -0.03220069
v 0.02794207 0.10501544 -0.03464518
v 0.02794207 0.10501544 -0.03464518
v 0.02537714 0.10555228 -0.03058582
v 0.02537714 0.10555228 -0.03058582
v 0.02309632 0.10572671 -0.03041078
v 0.02309632 0.10572671 -0.03041078
v 0.00712164 0.10610583 -0.04179615
v 0.00712164 0.10610583 -0.04179615
v 0.00796984 0.10619436 -0.03972641
v 0.00796984 0.10619436 -0.03972641
v 0.00796984 0.10619436 -0.03972641
v 0.00769154 0.10585045 -0.04421872
v 0.00769154 0.10585045 -0.04421872
v 0.00962107 0.10553559 -0.04579041
v 0.00962107 0.10553559 -0.04579041
v 0.01185794 0.10531455 -0.04593237
v 0.01185794 0.10531455 -0.04593237
v 0.02706844 0.10488968 -0.03670271
v 0.02706844 0.10488968 -0.03670271
v 0.02738346 0.10080191 -0.03394531
v 0.02738346 0.10080191 -0.03394531
v 0.02677469 0.10104620 -0.03149281
v 0.02677469 0.10104620 -0.03149281
v 0.02477769 0.10130972 -0.02987828
v 0.02477769 0.10130972 -0.02987828
v 0.02249597 0.10148005 -0.02971196
v 0.02249597 0.10148005 -0.02971196
v 0.00745872 0.10201033 -0.03916675
v 0.00745872 0.10201033 -0.03916675
v 0.00745872 0.10201033 -0.03916675
v 0.00661952 0.10192438 -0.04124570
v 0.00661952 0.10192438 -0.04124570
v 0.00719819 0.10167164 -0.04366985
v 0.00719819 0.10167164 -0.04366985
v 0.00913181 0.10135587 -0.04523361
v 0.00913181 0.10135587 -0.04523361
v 0.01136685 0.10113250 -0.04536263
v 0.01136685 0.10113250 -0.04536263
v 0.02652544 0.10068075 -0.03601363
v 0.02652544 0.10068075 -0.03601363

f 2244 2248 2250 2241
f 2219 2223 2242 2240
f 2250 2252 2239 2241
f 2215 2234 2253 2232
f 2230 2251 2249 2228
f 2226 2247 2245 2221
f 2219 2240 2238 2217
f 2217 2238 2236 2213
f 966 902 903 964
f 769 766 716 727
f 311 319 320 312
f 950 908 905 948
f 257 256 249 245
f 946 901 900 944
f 852 889 720 683
f 893 923 921 919
f 1317 1353 1351 1323
f 1148 1154 1156 1150
f 902 901 904 903
f 1688 1780 1800 1797
f 276 310 322 275
f 896 895 898 897
f 848 878 871 849
f 2205 2211 2209 2207
f 353 346 331 329
f 864 863 880 883
f 876 880 877 875
f 1794 1755 1746 2021
f 879 877 862 861
f 869 865 868 870
f 620 622 623 621
f 1411 1409 1415 1413
f 866 867 868 865
f 76 74 61 62
f 1104 1103 1082 1079
f 713 716 766 763
f 858 859 857 856
f 956 909 912 954
f 489 490 508 509
f 1489 1490 1484 1478
f 900 901 902 899
f 877 879 847 875
f 830 809 810 814
f 401 398 396 400
f 2129 2098 2156 2158
f 728 725 813 821
f 819 817 750 744
f 754 811 808 724
f 1807 1948 1786 1806
f 818 774 798 824
f 424 423 377 383
f 800 748 803 801
f 801 825 745 800
f 1069 1068 1047 1044
f 734 731 797 795
f 1183 1189 1191 1185
f 742 743 784 782
f 739 742 782 780
f 676 845 846 677
f 736 739 780 779
f 830 999 982 809
f 1788 1705 1803 1804
f 1730 1854 1670 1729
f 1667 1831 1998 1999
f 967 943 991 969
f 753 920 916 747
f 751 754 722 752
f 2213 2236 2234 2215
f 750 751 752 746
f 1548 1988 1987 1560
f 731 734 735 732
f 732 736 779 777
f 1116 1122 1123 1118
f 725 726 727 724
f 1663 1625 1621 1661
f 703 709 679 681
f 889 870 868 886
f 1048 1046 1045 1043
f 678 708 710 706
f 1693 1825 1946 1945
f 1947 1946 1825 1692
f 880 863 862 877
f 1669 1834 1887 1886
f 697 698 699 696
f 691 692 684 686
f 919 921 922 915
f 673 675 672 670
f 1226 1228 1235 1233
f 581 602 600 606
f 1402 1404 1342 1349
f 635 664 665 636
f 626 656 658 625
f 627 657 655 623
f 622 654 656 626
f 731 730 799 797
f 620 651 654 622
f 1003 835 832 1006
f 814 816 829 830
f 592 646 649 595
f 593 647 648 594
f 591 645 646 592
f 589 643 644 590
f 1526 1531 1534 1529
f 587 641 638 585
f 595 649 647 593
f 625 658 660 630
f 633 632 581 615
f 1739 1848 1850 2013
f 2004 1536 1565 1569
f 875 846 845 876
f 1910 1914 1715 1812
f 608 614 613 609
f 609 613 610 607
f 1758 1797 1800 1757
f 607 610 611 606
f 762 759 721 712
f 57 64 56 49
f 1637 1543 1544 1645
f 598 604 605 596
f 854 855 866 874
f 1167 1170 1171 1168
f 788 786 741 740
f 137 201 202 140
f 55 54 36 39
f 307 295 276 275
f 582 586 587 585
f 586 642 645 591
f 576 575 546 547
f 1813 1812 1996 1666
f 1608 1707 1709 1866
f 570 573 542 539
f 851 869 870 852
f 488 490 597 599
f 733 744 745 730
f 2031 2053 2057 2033
f 707 711 714 674
f 1948 1787 1788 1804
f 566 568 538 534
f 567 565 533 537
f 563 566 534 532
f 565 562 531 533
f 551 578 543 493
f 1105 1106 1092 1089
f 564 563 532 530
f 562 561 529 531
f 552 555 501 498
f 419 416 415 418
f 1678 1814 1897 1895
f 557 556 502 503
f 2087 2099 2161 2137
f 525 548 526 519
f 488 599 600 487
f 558 560 506 504
f 1040 1041 1015 1032
f 729 733 775 773
f 1088 1087 1081 1083
f 1617 1618 1552 1540
f 691 694 711 710
f 514 550 494 495
f 882 933 935 885
f 532 531 529 530
f 890 928 931 881
f 687 689 690 688
f 523 522 517 492
f 883 880 876 844
f 694 688 690 695
f 915 922 973 918
f 1681 1833 1903 1904
f 2038 2051 2061 2040
f 1150 1182 1157 1151
f 508 490 488 510
f 2232 2253 2251 2230
f 135 200 201 137
f 817 815 751 750
f 1582 1580 1908 1949
f 1954 1995 1972 1952
f 1416 1389 1387 1399
f 1744 1747 1749 1673
f 1109 1110 1102 1099
f 1409 1406 1441 1443
f 604 650 618 605
f 748 800 750 746
f 1990 1992 1655 1594
f 1157 1182 1164 1160
f 850 851 682 680
f 1985 1807 1806 1986
f 1983 1976 1974 1957
f 495 494 493 492
f 1237 1235 1228 1224
f 485 451 453 486
f 937 980 985 939
f 697 696 701 700
f 107 70 72 108
f 484 449 451 485
f 1666 1772 1998 1831
f 482 446 447 483
f 983 982 999 987
f 481 444 446 482
f 1665 1839 1915 1914
f 480 442 444 481
f 479 440 442 480
f 672 839 840 670
f 1466 1474 1454 1455
f 1429 1423 1384 1390
f 402 464 465 405
f 838 794 796 776
f 18 15 13 16
f 470 478 471 455
f 747 916 917 749
f 464 475 476 465
f 471 479 480 472
f 1911 1910 1812 1905
f 749 917 977 804
f 414 468 469 417
f 636 665 669 633
f 1904 1575 1586 1905
f 2189 2195 2193 2191
f 74 71 60 61
f 408 466 467 411
f 806 976 1004 833
f 399 463 464 402
f 397 462 463 399
f 1989 1595 1550 1987
f 394 461 462 397
f 1084 1086 1100 1101
f 631 662 659 628
f 204 214 215 205
f 549 552 498 496
f 290 323 313 289
f 200 212 213 201
f 1489 1496 1495 1490
f 198 211 212 199
f 263 273 274 264
f 2076 2090 2092 2094
f 194 209 210 195
f 1888 1834 1669 1889
f 310 311 312 314
f 242 264 274 241
f 948 905 901 946
f 303 302 295 296
f 514 495 513 512
f 2079 2073 2074 2080
f 590 644 641 587
f 1705 1782 1939 1700
f 534 533 531 532
f 834 836 826 802
f 771 769 727 726
f 1648 1651 1641 1642
f 2113 2110 2123 2122
f 123 196 197 126
f 209 217 218 210
f 2089 2128 2157 2145
f 249 248 247 246
f 102 110 111 103
f 808 813 725 724
f 1108 1109 1099 1096
f 206 215 216 207
f 118 193 194 114
f 2048 2069 2055 2029
f 964 903 906 962
f 1683 2023 2022 1820
f 586 588 590 587
f 1993 1963 1593 1966
f 177 192 176 169
f 968 899 902 966
f 221 185 187 222
f 1899 1678 1895 1906
f 608 616 617 615
f 492 543 544 526
f 188 186 173 174
f 1423 1429 1427 1425
f 759 757 675 721
f 67 65 57 58
f 357 345 326 325
f 168 167 154 157
f 854 861 862 855
f 815 811 754 751
f 159 208 193 118
f 827 836 1000 971
f 166 165 142 145
f 244 271 264 243
f 1814 1669 1886 1897
f 2086 2071 2076 2094
f 529 561 515 516
f 413 410 409 412
f 1267 1291 1282 1269
f 132 199 200 135
f 1928 1933 1820 1936
f 1484 1503 1502 1485
f 260 261 262 264
f 623 622 626 624
f 183 181 171 172
f 175 174 166 167
f 411 467 468 414
f 311 280 282 319
f 1833 1680 1902 1903
f 171 170 162 163
f 1320 1356 1354 1314
f 618 620 621 619
f 157 154 153 156
f 1578 1589 1541 1549
f 1038 1039 1029 1026
f 288 313 316 287
f 2211 2205 2175 2173
f 1735 1733 1728 1725
f 303 296 281 279
f 181 179 170 171
f 1135 1121 1119 1136
f 892 723 719 887
f 697 700 720 717
f 48 45 44 46
f 559 558 504 505
f 790 788 740 738
f 1060 1059 1055 1056
f 1576 1578 1549 1539
f 1392 1378 1437 1431
f 1757 1776 1778 1760
f 142 139 138 141
f 1270 1283 1293 1272
f 2162 2160 2164 2167
f 355 354 346 347
f 2013 1744 1846 1739
f 169 176 168 161
f 452 450 436 437
f 1221 1240 1259 1238
f 133 130 128 131
f 130 127 125 128
f 385 458 459 388
f 1517 1518 1496 1489
f 65 80 64 57
f 124 121 119 122
f 20 87 88 23
f 1659 1657 1555 1554
f 466 476 477 467
f 1195 1217 1202 1199
f 121 115 113 119
f 167 166 148 151
f 129 198 199 132
f 962 906 907 960
f 111 77 79 112
f 110 75 77 111
f 108 72 73 109
f 1695 1821 1933 1928
f 105 66 68 106
f 292 314 324 291
f 1977 1967 1966 1593
f 264 271 272 260
f 1238 1259 1257 1236
f 163 162 124 127
f 630 660 661 629
f 1651 1648 1646 1605
f 28 90 91 31
f 2000 1573 1574 1859
f 468 477 478 469
f 2115 2105 2116 2108
f 462 474 475 463
f 25 89 90 28
f 1635 1617 1540 1553
f 516 515 509 507
f 472 480 481 473
f 1793 1809 2027 1752
f 1131 1143 1142 1128
f 391 460 461 394
f 170 169 161 162
f 675 673 712 721
f 2203 2197 2177 2179
f 139 136 134 138
f 1717 1795 2024 1753
f 217 178 180 218
f 574 564 530 527
f 548 523 492 526
f 54 53 30 33
f 422 419 418 420
f 112 79 66 105
f 954 912 911 952
f 1675 1842 1561 1750
f 357 356 349 345
f 952 911 908 950
f 51 50 12 15
f 335 362 370 333
f 1627 1633 1631 1629
f 116 160 158 117
f 478 486 479 471
f 143 203 204 146
f 208 216 209 193
f 126 197 198 129
f 115 116 117 113
f 224 191 178 217
f 1219 1242 1240 1221
f 61 60 52 53
f 1868 1920 1998 1772
f 770 772 820 812
f 2032 2034 2047 2028
f 698 697 717 715
f 1186 1192 1193 1188
f 63 62 54 55
f 623 655 652 621
f 1455 1459 1460 1461
f 1110 1111 1085 1102
f 351 350 347 348
f 1889 1896 1816 1668
f 211 219 220 212
f 236 265 262 234
f 2139 2155 2097 2091
f 431 438 430 423
f 1095 1094 1090 1091
f 1815 1832 1831 1667
f 421 470 455 380
f 1685 1935 1936 1684
f 17 86 87 20
f 602 584 603 601
f 511 513 492 517
f 1348 1324 1385 1401
f 445 443 433 434
f 737 734 795 792
f 24 21 19 22
f 914 913 900 899
f 1479 1485 1494 1493
f 869 850 872 865
f 1090 1094 1097 1112
f 2231 2229 2222 2218
f 342 364 374 341
f 351 348 338 337
f 1328 1313 1318 1336
f 1770 1881 1720 1769
f 497 498 501 499
f 104 112 105 97
f 31 91 92 34
f 238 263 266 237
f 615 637 614 608
f 691 710 708 692
f 326 360 372 325
f 580 576 547 544
f 909 956 958 910
f 58 57 49 50
f 866 855 857 867
f 154 151 150 153
f 1665 1810 1937 1839
f 285 312 320 283
f 672 675 757 755
f 71 69 59 60
f 152 206 207 155
f 578 580 544 543
f 1924 1686 1824 1934
f 162 161 115 121
f 1346 1312 1324 1348
f 848 849 681 679
f 886 868 867 884
f 429 428 410 413
f 43 95 96 47
f 214 222 223 215
f 40 94 95 43
f 11 84 85 14
f 47 96 81 6
f 874 866 865 872
f 1664 1810 1910 1911
f 1469 1466 1455 1461
f 2108 2110 2113 2115
f 582 583 584 581
f 1572 1571 1918 1557
f 1232 1253 1251 1227
f 1724 1723 1829 1827
f 84 98 99 85
f 186 183 172 173
f 483 447 449 484
f 633 669 667 632
f 2060 2049 2066 2064
f 309 299 292 291
f 202 213 214 203
f 151 148 147 150
f 37 93 94 40
f 347 350 336 334
f 1947 1781 1783 1782
f 355 347 335 333
f 2044 2065 2067 2046
f 497 553 551 493
f 82 97 98 83
f 92 102 103 93
f 1732 1734 1771 1770
f 34 92 93 37
f 921 988 990 922
f 328 367 360 327
f 4 48 46 5
f 979 975 1002 1005
f 86 99 100 87
f 1186 1185 1191 1217
f 1390 1384 1382 1388
f 164 163 130 133
f 1925 1687 1780 1926
f 1740 1671 2012 1845
f 839 842 843 840
f 59 58 50 51
f 1455 1454 1458 1459
f 90 101 102 91
f 60 59 51 52
f 52 51 18 21
f 12 9 7 10
f 1107 1108 1096 1093
f 1757 1800 1799 1756
f 97 105 106 98
f 80 78 63 64
f 98 106 107 99
f 6 81 82 2
f 94 103 104 95
f 62 61 53 54
f 756 767 936 925
f 1073 1074 1064 1061
f 148 145 144 147
f 64 63 55 56
f 282 280 296 304
f 1773 1764 1871 1869
f 1999 1998 1920 2016
f 383 377 375 381
f 619 653 663 616
f 136 133 131 134
f 53 52 24 27
f 1372 1410 1412 1374
f 923 984 988 921
f 216 224 217 209
f 1016 1014 1008 1010
f 218 180 182 219
f 435 434 426 427
f 1708 2019 1746 1706
f 1162 1176 1175 1159
f 219 182 184 220
f 1962 1963 1964 1961
f 232 230 246 254
f 146 204 205 149
f 894 938 940 895
f 691 686 688 694
f 1325 1330 1380 1386
f 301 300 297 298
f 1883 1884 1730 1719
f 174 173 165 166
f 1674 1811 1819 1748
f 428 427 404 407
f 696 699 704 702
f 109 73 75 110
f 259 258 248 249
f 286 315 312 284
f 257 245 226 225
f 1893 1906 1907 1864
f 253 246 231 229
f 1471 1473 1463 1462
f 255 247 235 233
f 247 250 236 234
f 2010 2014 1847 2011
f 1597 1611 1556 1537
f 417 469 470 421
f 2159 2143 2149 2163
f 1116 1115 1121 1147
f 812 807 768 770
f 858 856 863 864
f 1943 1821 1986 1806
f 1636 1644 1641 1639
f 1134 1144 1143 1131
f 212 220 221 213
f 460 473 474 461
f 427 426 398 401
f 1502 1501 1494 1485
f 910 958 960 907
f 260 267 268 261
f 711 694 695 714
f 1490 1495 1505 1504
f 160 157 156 158
f 261 269 270 262
f 15 12 10 13
f 210 218 219 211
f 388 459 460 391
f 377 378 379 375
f 1184 1209 1216 1190
f 190 188 174 175
f 1477 1472 1457 1464
f 56 55 42 45
f 577 574 527 528
f 2197 2203 2201 2199
f 2025 1714 1713 1717
f 528 527 519 526
f 476 484 485 477
f 235 262 270 233
f 723 892 920 753
f 710 711 707 706
f 240 273 263 239
f 2 82 83 8
f 733 732 777 775
f 458 472 473 459
f 456 471 472 457
f 299 298 297 296
f 309 308 298 299
f 9 3 1 7
f 336 365 362 334
f 1396 1394 1433 1435
f 2181 2187 2185 2183
f 508 520 519 507
f 744 750 800 745
f 439 454 438 431
f 1046 1052 1055 1077
f 1776 2017 2013 1850
f 1811 1675 1750 1819
f 597 490 489 598
f 1132 1147 1121 1135
f 1425 1427 1394 1396
f 301 298 288 287
f 1445 1439 1419 1421
f 228 267 260 227
f 822 827 971 996
f 829 997 999 830
f 1428 1446 1448 1426
f 2001 1857 1894 2002
f 2019 1708 1570 1747
f 1356 1320 1312 1346
f 524 525 519 520
f 281 311 318 279
f 1680 1679 1901 1902
f 1436 1442 1444 1434
f 2119 2125 2074 2073
f 1151 1157 1158 1153
f 363 373 374 364
f 127 124 122 125
f 349 348 347 346
f 359 358 348 349
f 1817 1897 1886 1670
f 1137 1145 1144 1134
f 436 435 427 428
f 522 521 518 517
f 926 842 839 924
f 2033 2057 2059 2035
f 404 401 400 403
f 744 728 821 819
f 1893 1856 1899 1906
f 568 570 539 538
f 1046 1077 1051 1045
f 378 422 420 379
f 2233 2237 2239 2252
f 1488 1520 1521 1481
f 299 306 294 293
f 1223 1244 1242 1219
f 349 356 344 343
f 1195 1199 1200 1196
f 1676 1677 1817 2008
f 360 361 362 364
f 416 413 412 415
f 1338 1358 1347 1345
f 842 926 928 890
f 1202 1217 1191 1205
f 881 843 842 890
f 364 371 372 360
f 822 996 998 828
f 312 315 316 313
f 1602 1659 1554 1551
f 331 361 368 329
f 534 535 537 533
f 192 190 175 176
f 338 363 366 337
f 305 297 285 283
f 220 184 185 221
f 437 436 428 429
f 825 799 730 745
f 572 571 541 540
f 1637 1635 1553 1543
f 8 83 84 11
f 687 686 699 698
f 573 572 540 542
f 248 258 240 239
f 389 386 384 387
f 1796 2022 1822 1754
f 100 108 109 101
f 1929 1928 1936 1935
f 579 577 528 545
f 2174 2147 2145 2157
f 392 389 387 390
f 145 142 141 144
f 1793 1752 1876 1874
f 944 900 898 942
f 556 553 497 502
f 1014 1016 1030 1031
f 1007 945 965 963
f 395 392 390 393
f 2169 2167 2173 2171
f 398 395 393 396
f 571 569 536 541
f 1172 1180 1179 1169
f 410 407 406 409
f 856 855 862 863
f 245 252 228 227
f 1899 1856 1891 1900
f 1290 1288 1286 1300
f 425 424 386 389
f 423 430 422 378
f 1647 1649 1546 1547
f 606 611 612 581
f 30 27 26 29
f 700 701 682 683
f 430 429 416 419
f 33 30 29 32
f 1579 1573 2002 1865
f 1358 1338 1340 1371
f 295 302 278 277
f 173 172 164 165
f 432 431 423 424
f 699 686 684 704
f 433 432 424 425
f 2078 2114 2112 2072
f 434 433 425 426
f 36 33 32 35
f 885 935 938 894
f 608 609 597 596
f 298 308 290 289
f 1649 1643 1545 1546
f 39 36 35 38
f 1432 1438 1440 1430
f 1470 1469 1461 1456
f 942 898 895 940
f 2153 2178 2208 2182
f 1472 1470 1456 1457
f 441 439 431 432
f 1877 1827 1829 1872
f 443 441 432 433
f 2112 2121 2118 2072
f 550 549 496 494
f 2116 2096 2098 2129
f 450 448 435 436
f 2021 1746 1826 2020
f 774 776 796 798
f 454 452 437 438
f 676 677 706 707
f 380 455 456 376
f 581 612 637 615
f 1674 1567 1844 1811
f 914 970 974 973
f 1459 1458 1475 1467
f 896 986 981 891
f 1924 1929 1935 1686
f 1170 1182 1150 1156
f 405 465 466 408
f 981 984 923 891
f 1114 1139 1146 1120
f 913 922 990 992
f 994 897 913 992
f 196 210 211 197
f 993 941 939 985
f 386 383 381 384
f 1938 1838 1913 1558
f 621 652 653 619
f 1377 1408 1442 1436
f 2120 2122 2123 2127
f 1916 1840 1938 1558
f 997 989 987 999
f 755 924 839 672
f 972 1000 1002 975
f 629 661 662 631
f 1561 1584 1909 1750
f 172 171 163 164
f 179 177 169 170
f 313 323 324 314
f 1116 1147 1125 1122
f 176 175 167 168
f 965 945 943 967
f 348 358 340 339
f 1601 1605 1646 1656
f 1013 1011 1010 1008
f 575 579 545 546
f 1018 1017 1011 1013
f 1021 1020 1017 1018
f 1025 1024 1020 1021
f 1028 1027 1024 1025
f 1031 1030 1027 1028
f 1268 1271 1275 1277
f 1618 1624 1542 1552
f 1034 1033 1012 1009
f 1033 1035 1019 1012
f 726 729 773 771
f 253 252 245 246
f 1035 1036 1022 1019
f 2204 2186 2147 2174
f 448 445 434 435
f 1037 1038 1026 1023
f 1829 1723 2015 1830
f 1039 1040 1032 1029
f 249 256 244 243
f 1204 1214 1213 1201
f 1041 1034 1009 1015
f 1011 1017 1020 1042
f 1020 1024 1027 1042
f 1051 1049 1043 1045
f 1053 1052 1046 1048
f 1056 1055 1052 1053
f 899 968 970 914
f 1579 1581 1544 1543
f 1063 1062 1059 1060
f 1303 1304 1306 1309
f 1066 1065 1062 1063
f 1560 1550 1537 1559
f 1049 1051 1065 1066
f 1664 1911 1912 1837
f 1068 1070 1054 1047
f 114 194 195 120
f 1070 1071 1057 1054
f 120 195 196 123
f 1072 1073 1061 1058
f 1074 1075 1067 1064
f 1075 1076 1050 1067
f 585 638 639 583
f 1076 1069 1044 1050
f 1905 1812 1813 1681
f 1055 1059 1062 1077
f 1062 1065 1051 1077
f 583 639 603 584
f 1083 1081 1080 1078
f 1086 1084 1078 1080
f 618 650 651 620
f 1091 1090 1087 1088
f 1098 1097 1094 1095
f 628 659 657 627
f 310 317 318 311
f 1101 1100 1097 1098
f 616 663 666 617
f 78 76 62 63
f 294 321 314 293
f 1103 1105 1089 1082
f 1657 1647 1547 1555
f 1111 1104 1079 1085
f 1081 1112 1086 1080
f 1081 1087 1090 1112
f 1370 1331 1319 1359
f 1097 1100 1086 1112
f 2221 2245 2243 2224
f 1115 1116 1118 1113
f 2228 2249 2247 2226
f 1113 1119 1121 1115
f 1122 1125 1126 1123
f 1125 1129 1130 1126
f 1762 1875 1759 1761
f 359 349 342 341
f 1132 1135 1136 1133
f 353 352 345 346
f 1117 1138 1139 1114
f 1124 1140 1138 1117
f 1127 1141 1140 1124
f 23 88 89 25
f 1120 1146 1145 1137
f 1125 1147 1132 1129
f 360 367 368 361
f 1150 1151 1153 1148
f 702 680 701 696
f 1814 1678 1890 1896
f 361 369 370 362
f 1679 1890 1900 1901
f 1694 1695 1928 1929
f 1164 1167 1168 1165
f 1489 1478 1516 1517
f 1170 1156 1154 1171
f 1152 1173 1174 1149
f 1159 1175 1173 1152
f 1872 1829 1830 1870
f 1166 1178 1177 1163
f 1155 1181 1180 1172
f 1446 1428 1389 1416
f 1149 1174 1181 1155
f 1185 1186 1188 1183
f 1574 1542 1541 1589
f 278 317 310 277
f 1199 1202 1203 1200
f 1202 1205 1206 1203
f 1447 1453 1451 1449
f 2007 1600 1536 2004
f 259 249 242 241
f 1205 1191 1189 1206
f 1506 1505 1495 1497
f 1194 1210 1208 1187
f 894 895 896 891
f 1594 1655 1653 1627
f 632 667 640 582
f 255 254 246 247
f 1902 1860 1577 1903
f 1197 1211 1210 1194
f 1201 1213 1212 1198
f 1461 1460 1462 1456
f 1207 1215 1214 1204
f 1186 1217 1195 1192
f 474 482 483 475
f 2196 2190 2151 2176
f 1388 1382 1334 1332
f 438 437 429 430
f 261 230 232 269
f 1492 1491 1487 1486
f 1225 1246 1244 1223
f 2182 2208 2210 2180
f 1227 1251 1249 1230
f 2021 1686 1685 1794
f 1884 1731 1885 1855
f 1234 1255 1253 1232
f 297 300 286 284
f 1236 1257 1255 1234
f 1438 1432 1393 1418
f 1821 1696 1927 1933
f 2083 2088 2138 2144
f 149 205 206 152
f 1250 1254 1256 1247
f 155 207 208 159
f 1256 1258 1245 1247
f 1670 1854 2012 1671
f 2130 2168 2170 2132
f 1243 1245 1258 1239
f 1841 1843 1564 1562
f 1222 1220 1237 1224
f 1260 1264 1266 1279
f 1261 1287 1285 1263
f 1318 1332 1334 1336
f 473 481 482 474
f 1875 1751 1798 1759
f 1263 1285 1289 1265
f 475 483 484 476
f 1265 1289 1291 1267
f 1654 1991 1988 1548
f 2015 1723 1768 1836
f 2227 2220 2222 2229
f 1272 1293 1295 1274
f 677 846 847 678
f 1274 1295 1297 1276
f 1276 1297 1299 1278
f 1280 1301 1287 1261
f 851 852 683 682
f 1280 1278 1299 1301
f 809 982 936 767
f 1357 1347 1358 1350
f 1279 1266 1268 1277
f 1794 1685 1684 1796
f 1298 1281 1290 1300
f 477 485 486 478
f 1527 1528 1530 1533
f 1296 1292 1281 1298
f 1473 1476 1465 1463
f 1302 1305 1304 1303
f 1302 1307 1310 1305
f 1309 1306 1311 1308
f 1890 1678 1899 1900
f 362 365 366 363
f 1321 1322 1318 1313
f 2106 2082 2143 2159
f 1321 1315 1316 1322
f 1325 1313 1328 1330
f 1337 1335 1333 1339
f 1341 1329 1327 1344
f 1347 1349 1342 1345
f 1831 1832 1813 1666
f 1350 1352 1355 1357
f 1359 1319 1323 1351
f 407 404 403 406
f 1354 1363 1360 1314
f 1361 1367 1316 1315
f 1362 1364 1365 1369
f 1975 1982 1984 1968
f 376 456 457 382
f 1373 1375 1384 1378
f 1386 1380 1378 1392
f 1371 1340 1398 1400
f 1329 1341 1403 1379
f 1969 1971 1966 1967
f 231 261 268 229
f 2144 2138 2136 2150
f 1415 1417 1400 1398
f 1331 1370 1399 1387
f 1546 1545 1583 1585
f 1401 1385 1391 1405
f 1381 1397 1339 1333
f 101 109 110 102
f 1623 1621 1619 1616
f 99 107 108 100
f 1379 1403 1410 1372
f 2186 2204 2206 2184
f 103 111 112 104
f 1383 1414 1407 1376
f 1907 1908 1580 1864
f 2104 2070 2082 2106
f 1424 1450 1452 1422
f 1439 1445 1443 1441
f 222 187 189 223
f 1421 1419 1449 1451
f 1453 1447 1417 1415
f 1418 1393 1426 1448
f 1405 1391 1430 1440
f 1422 1452 1414 1383
f 1395 1420 1450 1424
f 1434 1444 1420 1395
f 69 67 58 59
f 1669 1814 1896 1889
f 1368 1366 1353 1317
f 1456 1462 1463 1457
f 1639 1623 1634 1636
f 1708 1706 1712 1710
f 1465 1464 1457 1463
f 1467 1468 1460 1459
f 1468 1471 1462 1460
f 1745 1741 2009 1818
f 1187 1208 1209 1184
f 1682 1683 1927 1923
f 1882 1881 1770 1731
f 226 260 272 225
f 1482 1481 1480 1483
f 1808 1698 1931 1932
f 1978 1969 1967 1977
f 1484 1485 1479 1478
f 1487 1483 1480 1486
f 1481 1482 1499 1488
f 1479 1515 1516 1478
f 1481 1521 1522 1480
f 1723 1724 1727 1768
f 106 68 70 107
f 2016 1726 1898 1999
f 1885 2010 2011 1855
f 1500 1513 1493 1494
f 1480 1522 1523 1486
f 1335 1337 1343 1326
f 165 164 136 139
f 1537 1556 1917 1559
f 594 648 643 589
f 569 567 537 536
f 213 221 222 214
f 1523 1524 1492 1486
f 1525 1512 1491 1492
f 1482 1508 1507 1499
f 1600 1602 1551 1536
f 1514 1515 1479 1493
f 1518 1519 1498 1496
f 96 104 97 81
f 1488 1499 1497 1498
f 1903 1577 1575 1904
f 1507 1506 1497 1499
f 2163 2149 2188 2198
f 1498 1497 1495 1496
f 2146 2140 2092 2090
f 2013 2017 2018 1744
f 27 24 22 26
f 1519 1520 1488 1498
f 1734 1851 1853 1771
f 1504 1503 1484 1490
f 1526 1529 1528 1527
f 1533 1530 1535 1532
f 805 831 834 802
f 1613 1591 1867 1615
f 884 867 857 859
f 251 250 247 248
f 1988 1991 1989 1987
f 1986 1695 1694 1985
f 1629 1631 1663 1661
f 1551 1563 1565 1536
f 1997 1775 1774 1863
f 1540 1552 1574 1573
f 50 49 3 9
f 2022 1796 1684 1820
f 1718 1898 1726 1719
f 1549 1541 1662 1630
f 1545 1544 1581 1583
f 1547 1546 1585 1563
f 973 974 978 918
f 1576 1539 1538 1588
f 1788 1787 1945 1946
f 1538 1548 1560 1588
f 1825 1693 1924 1934
f 1551 1555 1547 1563
f 1595 1597 1537 1550
f 1612 1614 1572 1557
f 1539 1549 1630 1632
f 1816 1896 1890 1679
f 1190 1216 1215 1207
f 1643 1645 1544 1545
f 1755 1794 1796 1754
f 743 741 786 784
f 1632 1652 1538 1539
f 1652 1654 1548 1538
f 344 371 364 343
f 1884 1855 1854 1730
f 1624 1662 1541 1542
f 215 223 224 216
f 1713 2023 1795 1717
f 1700 1801 1803 1705
f 1704 1702 1941 1789
f 1803 1704 1785 1804
f 1785 1786 1948 1804
f 1927 1683 1820 1933
f 1790 1698 1808 1805
f 1789 1805 1944 1785
f 1705 1788 1946 1782
f 1805 1697 1696 1944
f 1129 1132 1133 1130
f 1785 1944 1943 1786
f 21 18 16 19
f 1963 1993 1965 1964
f 1809 1932 1931 2027
f 1610 2006 2003 1570
f 1011 1042 1016 1010
f 2020 1826 1756 1799
f 3 4 5 1
f 14 85 86 17
f 1731 1770 1771 1885
f 1807 1985 1693 1945
f 2154 2152 2191 2193
f 1672 1818 2009 1740
f 729 726 725 728
f 1748 1819 1818 1672
f 88 100 101 89
f 2019 1747 1744 2018
f 345 352 328 327
f 914 973 922 913
f 1823 1714 1775 1571
f 332 330 346 354
f 2135 2166 2200 2194
f 1571 1572 1710 1823
f 1755 1754 1712 1706
f 1943 1944 1696 1821
f 1169 1179 1178 1166
f 2023 1713 1822 2022
f 262 265 266 263
f 582 640 642 586
f 1793 1874 1753 2024
f 223 189 191 224
f 1873 1792 1763 1767
f 1973 1975 1968 1965
f 986 896 897 994
f 1920 1830 2015 2016
f 1727 1721 1769 1768
f 140 202 203 143
f 1769 1721 1732 1770
f 1720 1879 1768 1769
f 49 56 48 4
f 314 321 322 310
f 1671 1740 2009 2008
f 1887 1718 1729 1670
f 1718 1888 1668 1898
f 1900 1891 1858 1901
f 251 248 238 237
f 1816 1679 1680 1815
f 1859 1574 1589 1861
f 1901 1858 1860 1902
f 1815 1680 1833 1832
f 1813 1832 1833 1681
f 521 524 520 518
f 1895 1897 1817 1677
f 1895 1677 1907 1906
f 1677 1676 1908 1907
f 1676 1741 1949 1908
f 1866 1961 1606 1608
f 1745 1818 1819 1750
f 1584 1582 1949 1909
f 511 510 488 487
f 1725 1828 1737 1852
f 1905 1586 1912 1911
f 1225 1229 1248 1246
f 2114 2078 2070 2104
f 1164 1182 1170 1167
f 1714 2025 1774 1775
f 486 453 440 479
f 1774 2025 1764 1773
f 1668 1816 1815 1667
f 1720 1835 1880 1879
f 1702 1704 1803 1801
f 1835 1720 1881 1882
f 1355 1352 1365 1364
f 1883 1835 1882 1884
f 1880 1835 1883 1919
f 1729 1718 1719 1730
f 1883 1719 1726 1919
f 1726 2016 1836 1919
f 1780 1688 1921 1926
f 2012 1854 1855 2011
f 1553 1573 1579 1543
f 1885 1771 1853 2010
f 554 559 505 500
f 2023 1683 1682 1795
f 1746 2019 2018 1826
f 1921 1690 1781 1926
f 1491 1511 1510 1487
f 1810 1665 1914 1910
f 1923 1932 1809 1682
f 1697 1808 1932 1923
f 1780 1687 1799 1800
f 1687 1925 1934 1824
f 1697 1923 1927 1696
f 2020 1799 1687 1824
f 1692 1825 1934 1925
f 1693 1694 1929 1924
f 45 42 41 44
f 1842 1675 1811 1844
f 1483 1509 1508 1482
f 2126 2124 2111 2075
f 1745 1909 1949 1741
f 1828 1878 1743 1737
f 1779 1743 1878 1766
f 560 557 503 506
f 1766 1762 1761 1779
f 1689 1798 1751 2026
f 1699 1691 1922 1930
f 1571 1775 1716 1918
f 1664 1837 1937 1810
f 1940 1784 1791 1942
f 1941 1790 1805 1789
f 2020 1824 1686 2021
f 161 168 160 116
f 1192 1195 1196 1193
f 1951 1950 1955 1953
f 1952 1972 1970 1960
f 1995 1954 1957 1974
f 1961 1866 1590 1962
f 1964 1965 1968 1604
f 2176 2151 2184 2206
f 2192 2202 2178 2153
f 1961 1964 1604 1606
f 1962 1590 1593 1963
f 2029 2055 2053 2031
f 426 425 392 395
f 1994 1973 1965 1993
f 1959 1979 1977 1593
f 1981 1956 1604 1984
f 1971 1994 1993 1966
f 42 39 38 41
f 361 330 332 369
f 1027 1030 1016 1042
f 2105 2107 2100 2103
f 1857 2001 2000 1892
f 1870 1830 1920 1868
f 1795 1682 1809 2024
f 1160 1164 1165 1161
f 1487 1510 1509 1483
f 1925 1926 1781 1692
f 555 554 500 501
f 687 698 715 689
f 1670 1671 2008 1817
f 2009 1741 1676 2008
f 2012 2011 1738 1845
f 731 732 733 730
f 2014 1853 1851 1736
f 1431 1437 1435 1433
f 1607 1605 1601 1599
f 1776 1757 1756 2017
f 2017 1756 1826 2018
f 1374 1412 1397 1381
f 1849 2014 1736 1742
f 1823 1710 1712 1822
f 1713 1714 1823 1822
f 2025 1717 1753 1764
f 1764 1753 1792 1871
f 2026 1930 1922 1689
f 382 457 458 385
f 1157 1160 1161 1158
f 305 304 296 297
f 2036 2039 2043 2045
f 617 666 668 634
f 2040 2061 2063 2042
f 835 1003 1001 837
f 2042 2063 2065 2044
f 2048 2046 2067 2069
f 307 306 299 295
f 2047 2034 2036 2045
f 2068 2066 2049 2058
f 2035 2059 2050 2037
f 2056 2054 2068 2058
f 2079 2080 2076 2071
f 2083 2071 2086 2088
f 2095 2093 2091 2097
f 2099 2087 2085 2102
f 2093 2095 2101 2084
f 1591 1598 1596 1594
f 2117 2077 2081 2109
f 2075 2111 2109 2081
f 340 373 363 339
f 2128 2089 2077 2117
f 2096 2116 2105 2103
f 2131 2133 2142 2136
f 498 497 493 496
f 1699 1791 1784 1691
f 2148 2142 2140 2146
f 2160 2162 2100 2107
f 2173 2175 2158 2156
f 2132 2170 2155 2139
f 2137 2161 2168 2130
f 2141 2172 2165 2134
f 2190 2196 2198 2188
f 1404 1402 1406 1409
f 2194 2200 2202 2192
f 738 737 792 790
f 2183 2185 2152 2154
f 2187 2181 2142 2148
f 2150 2136 2195 2189
f 2167 2164 2199 2201
f 2179 2177 2207 2209
f 2180 2210 2172 2141
f 2216 2214 2231 2218
f 1792 1874 1876 1763
f 634 668 664 635
f 3 49 4
f 12 50 9
f 18 51 15
f 24 52 21
f 30 53 27
f 36 54 33
f 42 55 39
f 48 56 45
f 82 81 97
f 84 83 98
f 86 85 99
f 88 87 100
f 90 89 101
f 92 91 102
f 94 93 103
f 96 95 104
f 115 161 116
f 124 162 121
f 130 163 127
f 136 164 133
f 142 165 139
f 148 166 145
f 154 167 151
f 160 168 157
f 194 193 209
f 196 195 210
f 198 197 211
f 200 199 212
f 202 201 213
f 204 203 214
f 206 205 215
f 208 207 216
f 264 262 263
f 245 249 246
f 314 312 313
f 295 299 296
f 364 362 363
f 345 349 346
f 377 423 378
f 386 424 383
f 392 425 389
f 398 426 395
f 404 427 401
f 410 428 407
f 416 429 413
f 422 430 419
f 456 455 471
f 458 457 472
f 460 459 473
f 462 461 474
f 464 463 475
f 466 465 476
f 468 467 477
f 470 469 478
f 493 494 496
f 500 499 501
f 502 499 503
f 504 499 505
f 506 499 504
f 503 499 506
f 505 499 500
f 497 499 502
f 507 509 508
f 487 491 512
f 487 512 511
f 512 513 511
f 517 518 510
f 517 510 511
f 519 530 529
f 510 518 520
f 510 520 508
f 536 537 535
f 538 539 535
f 540 541 535
f 542 540 535
f 539 542 535
f 541 536 535
f 534 538 535
f 492 493 543
f 527 530 519
f 526 546 545
f 526 547 546
f 526 545 528
f 526 544 547
f 513 495 492
f 529 516 507
f 529 507 519
f 589 590 588
f 591 592 588
f 593 594 588
f 595 593 588
f 592 595 588
f 594 589 588
f 586 591 588
f 596 597 598
f 487 600 601
f 487 601 491
f 601 600 602
f 606 600 599
f 606 599 607
f 608 618 619
f 599 597 609
f 599 609 607
f 625 624 626
f 627 624 628
f 629 624 630
f 631 624 629
f 628 624 631
f 630 624 625
f 623 624 627
f 581 632 582
f 616 608 619
f 615 634 635
f 615 635 636
f 615 617 634
f 615 636 633
f 602 581 584
f 618 608 596
f 618 596 605
f 676 671 841
f 676 841 845
f 676 674 671
f 686 687 688
f 680 682 701
f 677 678 706
f 674 676 707
f 720 700 683
f 705 685 693
f 703 705 693
f 703 693 709
f 718 722 724
f 735 736 732
f 734 737 735
f 737 738 735
f 736 735 739
f 735 740 741
f 735 742 739
f 743 742 735
f 738 740 735
f 729 728 744
f 729 744 733
f 754 724 722
f 756 758 761
f 756 761 767
f 764 761 758
f 764 758 760
f 761 764 765
f 724 727 716
f 724 716 718
f 743 735 741
f 761 765 768
f 761 768 807
f 767 761 807
f 767 807 809
f 807 810 809
f 820 772 774
f 820 774 818
f 823 818 824
f 838 783 785
f 787 838 785
f 791 793 838
f 793 794 838
f 776 778 838
f 781 838 778
f 791 838 789
f 787 789 838
f 838 781 783
f 855 856 857
f 850 869 851
f 846 875 847
f 844 876 845
f 889 852 870
f 873 860 853
f 871 878 860
f 871 860 873
f 888 891 893
f 904 901 905
f 903 904 906
f 906 904 907
f 905 908 904
f 904 909 910
f 904 908 911
f 912 904 911
f 907 904 910
f 898 900 913
f 898 913 897
f 923 893 891
f 930 927 925
f 930 925 936
f 932 929 927
f 932 927 930
f 934 932 930
f 891 888 885
f 891 885 894
f 912 909 904
f 930 980 937
f 930 937 934
f 936 982 980
f 936 980 930
f 980 982 983
f 993 991 943
f 993 943 941
f 991 989 997
f 991 997 995
f 1007 953 951
f 955 953 1007
f 959 1007 961
f 961 1007 963
f 945 1007 947
f 949 947 1007
f 959 957 1007
f 955 1007 957
f 1007 951 949
f 582 585 583
f 823 829 816
f 823 816 818
f 995 969 991
f 845 841 844
f 1220 1222 1218
f 1231 1226 1233
f 1241 1243 1239
f 1254 1250 1252
f 1275 1271 1273
f 1292 1296 1294
f 1286 1288 1284
f 1264 1260 1262
f 1398 1413 1415
f 1404 1409 1411
f 1380 1373 1378
f 1375 1382 1384
f 1619 1621 1625
f 1634 1623 1616
f 1641 1644 1642
f 1627 1653 1633
f 1594 1596 1990
f 1656 1658 1601
f 1613 1598 1591
f 1552 1542 1574
f 1553 1540 1573
f 1555 1551 1554
f 1785 1704 1789
f 1697 1805 1808
f 1781 1690 1783
f 1758 1757 1760
f 1946 1947 1782
f 1807 1787 1948
f 1846 1744 1673
f 1742 1777 1849
f 1849 1847 2014
f 1850 1778 1776
f 1567 1674 1748
f 1564 1843 1566
f 1568 1749 1747
f 1568 1747 1570
f 1746 1755 1706
f 1570 1708 1610
f 1711 1615 1867
f 1822 1712 1754
f 1694 1693 1985
f 1986 1821 1695
f 1753 1874 1792
f 1792 1873 1871
f 1836 1768 1879
f 1718 1887 1834
f 1718 1834 1888
f 1670 1886 1887
f 1668 1888 1889
f 1578 1861 1589
f 1909 1745 1750
f 1775 1997 1716
f 1863 1774 1773
f 1996 1812 1715
f 1915 1715 1914
f 1836 1879 1880
f 1880 1919 1836
f 1882 1731 1884
f 1668 1999 1898
f 1740 1845 1672
f 1772 1666 1862
f 1667 1999 1668
f 1692 1781 1947
f 1685 1686 1935
f 1820 1684 1936
f 1728 1733 1722
f 1701 1703 1802
f 1703 1701 1940
f 1703 1940 1942
f 1710 1572 1614
f 1560 1559 1588
f 1725 1852 1735
f 1939 1782 1783
f 2000 2001 1573
f 1573 2001 2002
f 1581 1579 1865
f 1620 1622 1950
f 1626 1628 1950
f 1622 1638 1950
f 1650 1955 1950
f 1958 1626 1950
f 1640 1650 1950
f 1638 1640 1950
f 1660 1620 1950
f 1628 1660 1950
f 1951 1958 1950
f 2005 1607 1599
f 1650 1603 1955
f 1592 1626 1958
f 1666 1996 1862
f 1560 1987 1550
f 1960 1970 1980
f 1604 1968 1984
f 1892 2000 1859
f 1865 2002 1894
f 1570 2003 1568
f 1609 1607 2005
f 1587 1558 1913
f 1877 1872 1765
f 1809 1793 2024
f 1806 1786 1943
f 2011 1847 1738
f 2014 2010 1853
f 1807 1945 1787
f 1836 2016 2015
f 1905 1681 1904
f 2030 2032 2028
f 2054 2056 2052
f 2062 2060 2064
f 2043 2039 2041
f 2138 2131 2136
f 2156 2171 2173
f 2133 2140 2142
f 2162 2167 2169
f 2220 2227 2225
f 2248 2244 2246
f 2214 2216 2212
f 2237 2233 2235
