# Blender 4.5.2 LTS
# www.blender.org
o reconstructed_pred
v -0.000928 0.711572 -0.505615
v -0.000928 0.861865 -0.425830
v -0.000928 0.707861 -0.357178
v -0.006494 0.711572 -0.357178
v 0.006494 0.711572 -0.357178
v -0.010205 0.720850 -0.353467
v 0.010205 0.720850 -0.353467
v -0.006494 0.730127 -0.351611
v 0.006494 0.730127 -0.351611
v -0.000928 0.733838 -0.349756
v -0.000928 0.949072 -0.295947
v 0.249561 0.717139 -0.286670
v -0.249561 0.717139 -0.286670
v -0.000928 0.808057 -0.238428
v -0.010205 0.813623 -0.234717
v 0.010205 0.813623 -0.234717
v -0.015772 0.826611 -0.229150
v 0.015772 0.826611 -0.229150
v -0.010205 0.841455 -0.223584
v 0.010205 0.841455 -0.223584
v -0.000928 0.847022 -0.219873
v -0.000928 0.683740 -0.199463
v -0.013916 0.691162 -0.199463
v 0.013916 0.691162 -0.199463
v -0.019482 0.707861 -0.197607
v 0.019482 0.707861 -0.197607
v -0.013916 0.722705 -0.197607
v 0.013916 0.722705 -0.197607
v -0.000928 0.730127 -0.195752
v 0.192041 0.605811 -0.160498
v -0.192041 0.605811 -0.160498
v 0.223584 0.600244 -0.149365
v -0.223584 0.600244 -0.149365
v 0.542725 0.290381 -0.147510
v -0.542725 0.290381 -0.147510
v 0.169775 0.637353 -0.147510
v -0.169775 0.637353 -0.147510
v -0.000928 0.466650 -0.143799
v 0.032471 0.466650 -0.143799
v -0.032471 0.466650 -0.143799
v -0.000928 0.526025 -0.143799
v 0.065869 0.526025 -0.141943
v -0.065869 0.526025 -0.141943
v -0.000928 0.585400 -0.141943
v 0.032471 0.585400 -0.141943
v -0.032471 0.585400 -0.141943
v -0.000928 0.895264 -0.128955
v 0.056592 0.535303 -0.128955
v -0.056592 0.535303 -0.128955
v -0.008350 0.898975 -0.127100
v 0.008350 0.898975 -0.127100
v 0.034326 0.574268 -0.125244
v -0.034326 0.574268 -0.125244
v 0.088135 0.548291 -0.123389
v -0.088135 0.548291 -0.123389
v -0.000928 0.761670 -0.121533
v 0.240283 0.624365 -0.121533
v -0.240283 0.624365 -0.121533
v 0.069580 0.579834 -0.119678
v -0.069580 0.579834 -0.119678
v -0.012061 0.906396 -0.119678
v 0.012061 0.906396 -0.119678
v 0.186475 0.661475 -0.119678
v -0.186475 0.661475 -0.119678
v 0.015772 0.769092 -0.119678
v -0.015772 0.769092 -0.119678
v -0.000928 0.462939 -0.117822
v 0.125244 0.561279 -0.114111
v -0.125244 0.561279 -0.114111
v 0.058447 0.531592 -0.112256
v -0.058447 0.531592 -0.112256
v -0.008350 0.915674 -0.112256
v 0.008350 0.915674 -0.112256
v 0.032471 0.462939 -0.112256
v -0.032471 0.462939 -0.112256
v 0.069580 0.527881 -0.112256
v -0.069580 0.527881 -0.112256
v 0.023193 0.787646 -0.110400
v -0.023193 0.787646 -0.110400
v 0.036182 0.589111 -0.110400
v -0.000928 0.589111 -0.110400
v -0.036182 0.589111 -0.110400
v 0.106689 0.592822 -0.110400
v -0.106689 0.592822 -0.110400
v -0.000928 0.919385 -0.108545
v 0.032471 0.576123 -0.108545
v -0.032471 0.576123 -0.108545
v 0.219873 0.654053 -0.106689
v -0.219873 0.654053 -0.106689
v 0.084424 0.540869 -0.104834
v -0.084424 0.540869 -0.104834
v 0.064014 0.581689 -0.104834
v -0.064014 0.581689 -0.104834
v 0.015772 0.808057 -0.102979
v -0.015772 0.808057 -0.102979
v 0.140088 0.475928 -0.102979
v -0.140088 0.475928 -0.102979
v 0.167920 0.568701 -0.101123
v -0.167920 0.568701 -0.101123
v 0.038037 0.659619 -0.101123
v -0.038037 0.659619 -0.101123
v -0.000928 0.659619 -0.101123
v -0.000928 0.815479 -0.099268
v 0.123389 0.577979 -0.097412
v -0.123389 0.577979 -0.097412
v 0.138232 0.615088 -0.097412
v -0.138232 0.615088 -0.097412
v 0.119678 0.553857 -0.093701
v -0.119678 0.553857 -0.093701
v 0.132666 0.383154 -0.093701
v -0.132666 0.383154 -0.093701
v 0.099268 0.592822 -0.093701
v -0.099268 0.592822 -0.093701
v -0.000928 0.381299 -0.089990
v -0.000928 0.639209 -0.084424
v 0.214307 0.566846 -0.082568
v -0.214307 0.566846 -0.082568
v 0.156787 0.557568 -0.078857
v -0.156787 0.557568 -0.078857
v 0.017627 0.646631 -0.078857
v -0.017627 0.646631 -0.078857
v 0.125244 0.607666 -0.073291
v -0.125244 0.607666 -0.073291
v 0.160498 0.650342 -0.071436
v -0.160498 0.650342 -0.071436
v 0.025049 0.665186 -0.067725
v -0.025049 0.665186 -0.067725
v 0.201318 0.592822 -0.067725
v -0.201318 0.592822 -0.067725
v 0.520459 0.225439 -0.065869
v -0.520459 0.225439 -0.065869
v 0.535303 0.223584 -0.065869
v -0.535303 0.223584 -0.065869
v 0.240283 0.483350 -0.062158
v -0.240283 0.483350 -0.062158
v 0.511182 0.236572 -0.062158
v -0.511182 0.236572 -0.062158
v 0.546436 0.231006 -0.060303
v -0.546436 0.231006 -0.060303
v 0.047314 0.652197 -0.060303
v -0.047314 0.652197 -0.060303
v -0.000928 0.722705 -0.060303
v 0.203174 0.555713 -0.060303
v -0.203174 0.555713 -0.060303
v 0.041748 0.722705 -0.060303
v -0.041748 0.722705 -0.060303
v 0.236572 0.609521 -0.056592
v -0.236572 0.609521 -0.056592
v 0.017627 0.683740 -0.056592
v -0.017627 0.683740 -0.056592
v 0.514893 0.249561 -0.056592
v -0.514893 0.249561 -0.056592
v 0.548291 0.243994 -0.054736
v -0.548291 0.243994 -0.054736
v 0.206885 0.646631 -0.051025
v -0.206885 0.646631 -0.051025
v -0.000928 0.691162 -0.051025
v 0.526025 0.256982 -0.051025
v -0.526025 0.256982 -0.051025
v 0.540869 0.255127 -0.051025
v -0.540869 0.255127 -0.051025
v 0.240283 0.590967 -0.051025
v -0.240283 0.590967 -0.051025
v 0.268115 0.474072 -0.047314
v -0.268115 0.474072 -0.047314
v 0.130811 0.652197 -0.047314
v -0.130811 0.652197 -0.047314
v 0.364600 0.516748 -0.036182
v -0.364600 0.516748 -0.036182
v 0.268115 0.592822 -0.034326
v -0.268115 0.592822 -0.034326
v 0.227295 0.602100 -0.032471
v -0.227295 0.602100 -0.032471
v 0.145654 0.652197 -0.028760
v -0.145654 0.652197 -0.028760
v 0.127100 0.290381 -0.026904
v -0.127100 0.290381 -0.026904
v 0.336768 0.579834 -0.025049
v -0.336768 0.579834 -0.025049
v 0.049170 0.694873 -0.021338
v -0.049170 0.694873 -0.021338
v -0.000928 0.702295 -0.021338
v -0.000928 0.288525 -0.021338
v 0.242139 0.407275 -0.017627
v -0.242139 0.407275 -0.017627
v 0.310791 0.435107 -0.015772
v -0.310791 0.435107 -0.015772
v 0.017627 0.709717 -0.013916
v -0.017627 0.709717 -0.013916
v 0.405420 0.423975 -0.010205
v -0.405420 0.423975 -0.010205
v 0.377588 0.474072 -0.010205
v -0.377588 0.474072 -0.010205
v 0.193896 0.648486 -0.010205
v -0.193896 0.648486 -0.010205
v -0.000928 0.837744 -0.006494
v 0.344189 0.381299 -0.002783
v -0.344189 0.381299 -0.002783
v 0.015772 0.843311 -0.002783
v -0.015772 0.843311 -0.002783
v 0.505615 0.190185 -0.000928
v -0.505615 0.190185 -0.000928
v 0.025049 0.726416 0.000928
v -0.025049 0.726416 0.000928
v 0.529736 0.184619 0.000928
v -0.529736 0.184619 0.000928
v 0.192041 0.670752 0.002783
v -0.192041 0.670752 0.002783
v 0.490771 0.210596 0.002783
v -0.490771 0.210596 0.002783
v 0.041748 0.772803 0.002783
v -0.041748 0.772803 0.002783
v 0.021338 0.860010 0.004639
v -0.021338 0.860010 0.004639
v -0.000928 0.772803 0.004639
v 0.436963 0.375732 0.008350
v -0.436963 0.375732 0.008350
v 0.240283 0.639209 0.008350
v -0.240283 0.639209 0.008350
v 0.550147 0.199463 0.008350
v -0.550146 0.199463 0.008350
v 0.264404 0.631787 0.010205
v -0.264404 0.631787 0.010205
v 0.494482 0.234717 0.010205
v -0.494482 0.234717 0.010205
v 0.119678 0.700439 0.012061
v -0.119678 0.700439 0.012061
v 0.015772 0.876709 0.012061
v -0.015772 0.876709 0.012061
v 0.038037 0.026904 0.012061
v -0.038037 0.026904 0.012061
v 0.379443 0.327490 0.013916
v -0.379443 0.327490 0.013916
v 0.553857 0.223584 0.013916
v -0.553857 0.223584 0.013916
v -0.000928 0.882275 0.013916
v 0.043604 -0.000928 0.015772
v -0.043604 -0.000928 0.015772
v -0.000928 0.201318 0.015772
v 0.273682 0.397998 0.015772
v -0.273682 0.397998 0.015772
v 0.514893 0.247705 0.015772
v -0.514893 0.247705 0.015772
v 0.017627 0.743115 0.015772
v -0.017627 0.743115 0.015772
v 0.323779 0.618799 0.017627
v -0.323779 0.618799 0.017627
v 0.099268 -0.025049 0.017627
v -0.099268 -0.025049 0.017627
v 0.539014 0.243994 0.017627
v -0.539014 0.243994 0.017627
v -0.000928 -0.002783 0.019482
v 0.104834 0.025049 0.021338
v -0.104834 0.025049 0.021338
v -0.000928 0.028760 0.021338
v -0.000928 0.750537 0.023193
v 0.303369 0.357178 0.023193
v -0.303369 0.357178 0.023193
v 0.043604 -0.049170 0.025049
v -0.043604 -0.049170 0.025049
v 0.334912 0.553857 0.026904
v -0.334912 0.553857 0.026904
v 0.364600 0.600244 0.026904
v -0.364600 0.600244 0.026904
v 0.047314 0.728271 0.026904
v -0.047314 0.728271 0.026904
v 0.405420 0.542725 0.030615
v -0.405420 0.542725 0.030615
v 0.062158 -0.065869 0.030615
v -0.062158 -0.065869 0.030615
v 0.225439 0.308936 0.030615
v -0.225439 0.308936 0.030615
v -0.000928 0.062158 0.030615
v -0.000928 -0.041748 0.030615
v -0.000928 0.128955 0.032471
v 0.455518 0.340478 0.032471
v -0.455518 0.340478 0.032471
v 0.409131 0.496338 0.034326
v -0.409131 0.496338 0.034326
v 0.106689 0.062158 0.036182
v -0.106689 0.062158 0.036182
v 0.438818 0.459228 0.038037
v -0.438818 0.459228 0.038037
v 0.524170 0.162353 0.038037
v -0.524170 0.162353 0.038037
v 0.407275 0.294092 0.039893
v -0.407275 0.294092 0.039893
v 0.466650 0.294092 0.039893
v -0.466650 0.294092 0.039893
v 0.475928 0.221729 0.041748
v -0.475928 0.221729 0.041748
v 0.440674 0.379443 0.043604
v -0.440674 0.379443 0.043604
v 0.164209 -0.193896 0.047314
v -0.164209 -0.193896 0.047314
v 0.410986 0.577979 0.049170
v -0.410986 0.577979 0.049170
v 0.373877 0.501904 0.049170
v -0.373877 0.501904 0.049170
v 0.199463 -0.600244 0.051025
v -0.199463 -0.600244 0.051025
v 0.114111 0.197607 0.051025
v -0.114111 0.197607 0.051025
v 0.563135 0.192041 0.052881
v -0.563135 0.192041 0.052881
v 0.488916 0.288525 0.054736
v -0.488916 0.288525 0.054736
v 0.448096 0.247705 0.054736
v -0.448096 0.247705 0.054736
v 0.524170 0.253272 0.054736
v -0.524170 0.253272 0.054736
v 0.435107 0.268115 0.056592
v -0.435107 0.268115 0.056592
v 0.282959 -0.594678 0.056592
v -0.282959 -0.594678 0.056592
v 0.307080 0.611377 0.056592
v -0.307080 0.611377 0.056592
v 0.102979 -0.212451 0.056592
v -0.102979 -0.212451 0.056592
v 0.581689 0.182764 0.056592
v -0.581689 0.182764 0.056592
v 0.457373 0.338623 0.058447
v -0.457373 0.338623 0.058447
v 0.197607 -0.563135 0.058447
v -0.197607 -0.563135 0.058447
v 0.468506 0.399854 0.058447
v -0.468506 0.399854 0.058447
v 0.264404 -0.895264 0.058447
v -0.264404 -0.895264 0.058447
v 0.483350 0.360889 0.060303
v -0.483350 0.360889 0.060303
v 0.032471 -0.091846 0.060303
v -0.032471 -0.091846 0.060303
v 0.336768 0.305225 0.060303
v -0.336768 0.305225 0.060303
v 0.407275 0.457373 0.060303
v -0.407275 0.457373 0.060303
v 0.166064 0.026904 0.062158
v -0.166064 0.026904 0.062158
v -0.000928 -0.091846 0.062158
v 0.136377 -0.041748 0.062158
v -0.136377 -0.041748 0.062158
v 0.487060 0.420264 0.062158
v -0.487061 0.420264 0.062158
v 0.277393 -0.553857 0.064014
v -0.277393 -0.553857 0.064014
v 0.203174 -0.898975 0.064014
v -0.203174 -0.898975 0.064014
v 0.106689 0.132666 0.064014
v -0.106689 0.132666 0.064014
v 0.425830 0.420264 0.064014
v -0.425830 0.420264 0.064014
v 0.218018 -0.177197 0.064014
v -0.218018 -0.177197 0.064014
v 0.147510 -0.128955 0.064014
v -0.147510 -0.128955 0.064014
v 0.581689 0.206885 0.064014
v -0.581689 0.206885 0.064014
v 0.590967 0.160498 0.065869
v -0.590967 0.160498 0.065869
v 0.490771 0.164209 0.065869
v -0.490771 0.164209 0.065869
v -0.000928 0.793213 0.065869
v 0.039893 0.793213 0.067725
v -0.039893 0.793213 0.067725
v 0.435107 0.590967 0.067725
v -0.435107 0.590967 0.067725
v 0.444385 0.533447 0.067725
v -0.444385 0.533447 0.067725
v 0.524170 0.158643 0.069580
v -0.524170 0.158643 0.069580
v 0.082568 -0.112256 0.069580
v -0.082568 -0.112256 0.069580
v 0.227295 -0.297803 0.069580
v -0.227295 -0.297803 0.069580
v 0.420264 0.231006 0.069580
v -0.420264 0.231006 0.069580
v 0.140088 -0.323779 0.069580
v -0.140088 -0.323779 0.069580
v 0.364600 0.275537 0.069580
v -0.364600 0.275537 0.069580
v 0.197607 -0.537158 0.071436
v -0.197607 -0.537158 0.071436
v 0.472217 0.190185 0.071436
v -0.472217 0.190185 0.071436
v 0.271826 0.383154 0.071436
v -0.271826 0.383154 0.071436
v 0.433252 0.158643 0.071436
v -0.433252 0.158643 0.071436
v 0.264404 -0.949072 0.071436
v -0.264404 -0.949072 0.071436
v 0.386865 0.624365 0.073291
v -0.386865 0.624365 0.073291
v 0.498193 0.385010 0.075146
v -0.498193 0.385010 0.075146
v 0.166064 0.062158 0.075146
v -0.166064 0.062158 0.075146
v 0.264404 -0.529736 0.077002
v -0.264404 -0.529736 0.077002
v 0.546436 0.177197 0.077002
v -0.546436 0.177197 0.077002
v 0.203174 -0.949072 0.077002
v -0.203174 -0.949072 0.077002
v 0.141943 -0.084424 0.077002
v -0.141943 -0.084424 0.077002
v 0.550147 0.175342 0.077002
v -0.550146 0.175342 0.077002
v 0.262549 -0.824756 0.077002
v -0.262549 -0.824756 0.077002
v 0.464795 0.485205 0.078857
v -0.464795 0.485205 0.078857
v 0.201318 -0.101123 0.078857
v -0.201318 -0.101123 0.078857
v 0.477783 0.221729 0.078857
v -0.477783 0.221729 0.078857
v -0.000928 0.826611 0.080713
v 0.039893 0.826611 0.080713
v -0.039893 0.826611 0.080713
v 0.210596 -0.826611 0.080713
v -0.210596 -0.826611 0.080713
v 0.477783 0.453662 0.080713
v -0.477783 0.453662 0.080713
v 0.550147 0.284814 0.080713
v -0.550146 0.284814 0.080713
v 0.459228 0.557568 0.082568
v -0.459229 0.557568 0.082568
v 0.212451 -0.711572 0.082568
v -0.212451 -0.711572 0.082568
v -0.000928 0.782080 0.082568
v 0.269971 0.355322 0.084424
v -0.269971 0.355322 0.084424
v 0.264404 -0.707861 0.084424
v -0.264404 -0.707861 0.084424
v 0.559424 0.086279 0.084424
v -0.559424 0.086279 0.084424
v 0.592822 0.219873 0.084424
v -0.592822 0.219873 0.084424
v 0.160498 -0.375732 0.084424
v -0.160498 -0.375732 0.084424
v 0.555713 0.206885 0.086279
v -0.555713 0.206885 0.086279
v 0.546436 0.208740 0.086279
v -0.546436 0.208740 0.086279
v 0.605811 0.154932 0.086279
v -0.605811 0.154932 0.086279
v 0.095557 -0.147510 0.086279
v -0.095557 -0.147510 0.086279
v 0.414697 0.626221 0.086279
v -0.414697 0.626221 0.086279
v 0.262549 -0.802490 0.088135
v -0.262549 -0.802490 0.088135
v 0.498193 0.420264 0.088135
v -0.498193 0.420264 0.088135
v 0.503760 0.240283 0.088135
v -0.503760 0.240283 0.088135
v 0.212451 -0.754248 0.088135
v -0.212451 -0.754248 0.088135
v 0.396143 0.249561 0.088135
v -0.396143 0.249561 0.088135
v 0.485205 0.626221 0.088135
v -0.485205 0.626221 0.088135
v 0.557568 0.149365 0.088135
v -0.557568 0.149365 0.088135
v 0.262549 -0.750537 0.088135
v -0.262549 -0.750537 0.088135
v 0.210596 -0.802490 0.088135
v -0.210596 -0.802490 0.088135
v 0.017627 0.789502 0.089990
v -0.017627 0.789502 0.089990
v 0.535303 0.232861 0.089990
v -0.535303 0.232861 0.089990
v 0.245850 0.297803 0.091846
v -0.245850 0.297803 0.091846
v 0.240283 -0.353467 0.091846
v -0.240283 -0.353467 0.091846
v 0.503760 0.399854 0.093701
v -0.503760 0.399854 0.093701
v 0.047314 0.754248 0.093701
v -0.047314 0.754248 0.093701
v 0.511182 -0.051025 0.097412
v -0.511182 -0.051025 0.097412
v 0.494482 0.436963 0.097412
v -0.494482 0.436963 0.097412
v 0.195752 -0.500049 0.097412
v -0.195752 -0.500049 0.097412
v 0.503760 0.603955 0.099268
v -0.503760 0.603955 0.099268
v 0.600244 0.128955 0.099268
v -0.600244 0.128955 0.099268
v 0.466650 0.320068 0.099268
v -0.466650 0.320068 0.099268
v 0.188330 -0.056592 0.101123
v -0.188330 -0.056592 0.101123
v 0.468506 0.650342 0.101123
v -0.468506 0.650342 0.101123
v 0.038037 0.845166 0.102979
v -0.038037 0.845166 0.102979
v -0.000928 0.845166 0.102979
v 0.251416 -0.490771 0.102979
v -0.251416 -0.490771 0.102979
v 0.453662 0.474072 0.102979
v -0.453662 0.474072 0.102979
v 0.427686 0.509326 0.102979
v -0.427686 0.509326 0.102979
v 0.115967 0.735693 0.102979
v -0.115967 0.735693 0.102979
v 0.513037 0.329346 0.104834
v -0.513037 0.329346 0.104834
v 0.025049 0.804346 0.104834
v -0.025049 0.804346 0.104834
v 0.470361 0.416553 0.104834
v -0.470361 0.416553 0.104834
v 0.607666 0.212451 0.104834
v -0.607666 0.212451 0.104834
v 0.557568 0.693018 0.104834
v -0.557568 0.693018 0.104834
v 0.179053 0.700439 0.104834
v -0.179053 0.700439 0.104834
v 0.392432 0.227295 0.106689
v -0.392432 0.227295 0.106689
v 0.490771 0.364600 0.106689
v -0.490771 0.364600 0.106689
v 0.416553 0.559424 0.106689
v -0.416553 0.559424 0.106689
v 0.615088 0.166064 0.106689
v -0.615088 0.166064 0.106689
v 0.182764 -0.427686 0.106689
v -0.182764 -0.427686 0.106689
v 0.583545 0.242139 0.106689
v -0.583545 0.242139 0.106689
v 0.373877 0.613232 0.106689
v -0.373877 0.613232 0.106689
v 0.238428 -0.418408 0.106689
v -0.238428 -0.418408 0.106689
v 0.284814 -0.804346 0.106689
v -0.284814 -0.804346 0.106689
v 0.192041 -0.743115 0.106689
v -0.192041 -0.743115 0.106689
v 0.193896 -0.782080 0.106689
v -0.193896 -0.782080 0.106689
v 0.492627 0.075146 0.108545
v -0.492627 0.075146 0.108545
v 0.294092 -0.895264 0.108545
v -0.294092 -0.895264 0.108545
v 0.286670 -0.824756 0.108545
v -0.286670 -0.824756 0.108545
v 0.284814 -0.769092 0.108545
v -0.284814 -0.769092 0.108545
v 0.321924 0.641064 0.108545
v -0.321924 0.641064 0.108545
v 0.282959 -0.733838 0.108545
v -0.282959 -0.733838 0.108545
v 0.501904 0.366455 0.110400
v -0.501904 0.366455 0.110400
v 0.264404 -0.281103 0.110400
v -0.264404 -0.281103 0.110400
v 0.260693 0.652197 0.110400
v -0.260693 0.652197 0.110400
v 0.262549 -0.132666 0.110400
v -0.262549 -0.132666 0.110400
v 0.561279 0.225439 0.110400
v -0.561279 0.225439 0.110400
v 0.234717 0.667041 0.110400
v -0.234717 0.667041 0.110400
v 0.281104 -0.700439 0.112256
v -0.281103 -0.700439 0.112256
v 0.308936 -0.590967 0.112256
v -0.308936 -0.590967 0.112256
v 0.192041 -0.462939 0.112256
v -0.192041 -0.462939 0.112256
v 0.505615 0.390576 0.112256
v -0.505615 0.390576 0.112256
v 0.576123 0.683740 0.112256
v -0.576123 0.683740 0.112256
v 0.273682 -0.197607 0.112256
v -0.273682 -0.197607 0.112256
v 0.616943 0.192041 0.114111
v -0.616943 0.192041 0.114111
v 0.407275 0.147510 0.114111
v -0.407275 0.147510 0.114111
v 0.576123 0.140088 0.114111
v -0.576123 0.140088 0.114111
v 0.539014 0.706006 0.114111
v -0.539014 0.706006 0.114111
v 0.498193 0.416553 0.114111
v -0.498193 0.416553 0.114111
v 0.240283 -0.451807 0.114111
v -0.240283 -0.451807 0.114111
v 0.299658 -0.552002 0.114111
v -0.299658 -0.552002 0.114111
v 0.260693 -0.344189 0.114111
v -0.260693 -0.344189 0.114111
v 0.490771 0.444385 0.115967
v -0.490771 0.444385 0.115967
v 0.475928 0.464795 0.117822
v -0.475928 0.464795 0.117822
v 0.017627 0.821045 0.117822
v -0.017627 0.821045 0.117822
v 0.626221 0.102979 0.119678
v -0.626221 0.102979 0.119678
v 0.468506 0.481494 0.119678
v -0.468506 0.481494 0.119678
v 0.175342 0.203174 0.119678
v -0.175342 0.203174 0.119678
v -0.000928 -0.121533 0.119678
v 0.459228 0.514893 0.121533
v -0.459229 0.514893 0.121533
v 0.025049 -0.130811 0.121533
v -0.025049 -0.130811 0.121533
v 0.281104 -0.526025 0.121533
v -0.281103 -0.526025 0.121533
v 0.295947 0.631787 0.121533
v -0.295947 0.631787 0.121533
v 0.099268 -0.342334 0.121533
v -0.099268 -0.342334 0.121533
v 0.470361 0.540869 0.123389
v -0.470361 0.540869 0.123389
v 0.184619 -0.707861 0.123389
v -0.184619 -0.707861 0.123389
v 0.269971 -0.334912 0.123389
v -0.269971 -0.334912 0.123389
v 0.256982 -0.410986 0.123389
v -0.256982 -0.410986 0.123389
v -0.000928 0.828467 0.125244
v 0.145654 -0.607666 0.125244
v -0.145654 -0.607666 0.125244
v 0.286670 0.344189 0.127100
v -0.286670 0.344189 0.127100
v 0.115967 -0.394287 0.127100
v -0.115967 -0.394287 0.127100
v 0.164209 -0.772803 0.127100
v -0.164209 -0.772803 0.127100
v 0.164209 -0.757959 0.127100
v -0.164209 -0.757959 0.127100
v 0.511182 0.592822 0.127100
v -0.511182 0.592822 0.127100
v 0.290381 -0.134521 0.127100
v -0.290381 -0.134521 0.127100
v 0.379443 0.642920 0.128955
v -0.379443 0.642920 0.128955
v 0.308936 -0.757959 0.128955
v -0.308936 -0.757959 0.128955
v 0.307080 -0.743115 0.128955
v -0.307080 -0.743115 0.128955
v 0.409131 0.639209 0.128955
v -0.409131 0.639209 0.128955
v 0.147510 -0.568701 0.128955
v -0.147510 -0.568701 0.128955
v 0.308936 0.307080 0.128955
v -0.308936 0.307080 0.128955
v 0.299658 -0.188330 0.128955
v -0.299658 -0.188330 0.128955
v 0.266260 -0.487061 0.128955
v -0.266260 -0.487061 0.128955
v 0.138232 -0.431396 0.130811
v -0.138232 -0.431396 0.130811
v 0.047314 -0.221729 0.130811
v -0.047314 -0.221729 0.130811
v 0.344189 0.273682 0.130811
v -0.344189 0.273682 0.130811
v 0.462939 0.659619 0.130811
v -0.462939 0.659619 0.130811
v 0.501904 0.396143 0.132666
v -0.501904 0.396143 0.132666
v 0.297803 -0.949072 0.132666
v -0.297803 -0.949072 0.132666
v 0.286670 -0.333057 0.132666
v -0.286670 -0.333057 0.132666
v 0.377588 0.255127 0.132666
v -0.377588 0.255127 0.132666
v 0.156787 -0.542725 0.134521
v -0.156787 -0.542725 0.134521
v 0.585400 0.680029 0.134521
v -0.585400 0.680029 0.134521
v 0.182764 0.060303 0.134521
v -0.182764 0.060303 0.134521
v 0.256982 -0.448096 0.134521
v -0.256982 -0.448096 0.134521
v 0.492627 0.433252 0.134521
v -0.492627 0.433252 0.134521
v 0.247705 -0.071436 0.134521
v -0.247705 -0.071436 0.134521
v 0.605811 0.086279 0.134521
v -0.605811 0.086279 0.134521
v 0.533447 0.711572 0.136377
v -0.533447 0.711572 0.136377
v 0.045459 0.763525 0.136377
v -0.045459 0.763525 0.136377
v 0.043604 -0.151221 0.136377
v -0.043604 -0.151221 0.136377
v 0.167920 0.134521 0.136377
v -0.167920 0.134521 0.136377
v 0.282959 -0.785791 0.136377
v -0.282959 -0.785791 0.136377
v 0.579834 0.216162 0.136377
v -0.579834 0.216162 0.136377
v 0.299658 -0.349756 0.138232
v -0.299658 -0.349756 0.138232
v 0.192041 -0.802490 0.138232
v -0.192041 -0.802490 0.138232
v 0.279248 -0.718994 0.138232
v -0.279248 -0.718994 0.138232
v 0.264404 -0.340479 0.138232
v -0.264404 -0.340479 0.138232
v 0.186475 -0.947217 0.138232
v -0.186475 -0.947217 0.138232
v 0.190185 -0.826611 0.138232
v -0.190186 -0.826611 0.138232
v 0.633643 0.117822 0.138232
v -0.633643 0.117822 0.138232
v 0.269971 -0.401709 0.140088
v -0.269971 -0.401709 0.140088
v 0.590967 0.156787 0.140088
v -0.590967 0.156787 0.140088
v 0.166064 -0.780225 0.140088
v -0.166064 -0.780225 0.140088
v 0.164209 -0.765381 0.140088
v -0.164209 -0.765381 0.140088
v 0.162353 -0.750537 0.140088
v -0.162354 -0.750537 0.140088
v 0.156787 -0.503760 0.140088
v -0.156787 -0.503760 0.140088
v 0.182764 -0.724561 0.140088
v -0.182764 -0.724561 0.140088
v 0.036182 0.860010 0.140088
v -0.036182 0.860010 0.140088
v 0.307080 -0.765381 0.140088
v -0.307080 -0.765381 0.140088
v 0.307080 -0.750537 0.140088
v -0.307080 -0.750537 0.140088
v 0.305225 -0.735693 0.140088
v -0.305225 -0.735693 0.140088
v -0.000928 0.860010 0.141943
v 0.273682 -0.249561 0.141943
v -0.273682 -0.249561 0.141943
v 0.182764 -0.902686 0.141943
v -0.182764 -0.902686 0.141943
v 0.496338 0.414697 0.141943
v -0.496338 0.414697 0.141943
v 0.550147 0.305225 0.141943
v -0.550146 0.305225 0.141943
v 0.661475 0.837744 0.141943
v -0.661475 0.837744 0.141943
v 0.440674 -0.082568 0.141943
v -0.440674 -0.082568 0.141943
v 0.138232 -0.464795 0.143799
v -0.138232 -0.464795 0.143799
v 0.453662 0.331201 0.143799
v -0.453662 0.331201 0.143799
v 0.208740 0.026904 0.143799
v -0.208740 0.026904 0.143799
v 0.620654 0.162353 0.145654
v -0.620654 0.162353 0.145654
v 0.331201 -0.351611 0.145654
v -0.331201 -0.351611 0.145654
v 0.494482 0.377588 0.145654
v -0.494482 0.377588 0.145654
v 0.277393 -0.084424 0.147510
v -0.277393 -0.084424 0.147510
v 0.446240 -0.095557 0.147510
v -0.446240 -0.095557 0.147510
v 0.305225 -0.323779 0.147510
v -0.305225 -0.323779 0.147510
v 0.294092 -0.373877 0.149365
v -0.294092 -0.373877 0.149365
v 0.269971 -0.314502 0.149365
v -0.269971 -0.314502 0.149365
v 0.590967 0.188330 0.149365
v -0.590967 0.188330 0.149365
v 0.435107 -0.069580 0.149365
v -0.435107 -0.069580 0.149365
v 0.258838 -0.366455 0.149365
v -0.258838 -0.366455 0.149365
v 0.264404 -0.153076 0.149365
v -0.264404 -0.153076 0.149365
v 0.422119 0.410986 0.149365
v -0.422119 0.410986 0.149365
v 0.462939 0.082568 0.151221
v -0.462939 0.082568 0.151221
v 0.637353 0.049170 0.151221
v -0.637354 0.049170 0.151221
v 0.166064 -0.772803 0.151221
v -0.166064 -0.772803 0.151221
v 0.164209 -0.757959 0.151221
v -0.164209 -0.757959 0.151221
v 0.305225 -0.757959 0.151221
v -0.305225 -0.757959 0.151221
v 0.474072 0.446240 0.153076
v -0.474072 0.446240 0.153076
v 0.305225 -0.743115 0.153076
v -0.305225 -0.743115 0.153076
v 0.301514 -0.231006 0.153076
v -0.301514 -0.231006 0.153076
v 0.273682 -0.290381 0.153076
v -0.273682 -0.290381 0.153076
v 0.307080 -0.138232 0.153076
v -0.307080 -0.138232 0.153076
v 0.333057 -0.333057 0.153076
v -0.333057 -0.333057 0.153076
v 0.329346 -0.372021 0.154932
v -0.329346 -0.372021 0.154932
v 0.362744 -0.349756 0.154932
v -0.362744 -0.349756 0.154932
v 0.576123 0.681885 0.154932
v -0.576123 0.681885 0.154932
v 0.043604 0.778369 0.154932
v -0.043604 0.778369 0.154932
v 0.540869 0.704150 0.156787
v -0.540869 0.704150 0.156787
v 0.381299 -0.106689 0.156787
v -0.381299 -0.106689 0.156787
v 0.501904 0.600244 0.156787
v -0.501904 0.600244 0.156787
v 0.611377 -0.026904 0.156787
v -0.611377 -0.026904 0.156787
v 0.279248 -0.822900 0.158643
v -0.279248 -0.822900 0.158643
v 0.403564 0.446240 0.158643
v -0.403564 0.446240 0.158643
v 0.461084 0.477783 0.158643
v -0.461084 0.477783 0.158643
v 0.182764 -0.706006 0.158643
v -0.182764 -0.706006 0.158643
v 0.362744 -0.336768 0.160498
v -0.362744 -0.336768 0.160498
v 0.468506 0.646631 0.160498
v -0.468506 0.646631 0.160498
v 0.364600 -0.362744 0.160498
v -0.364600 -0.362744 0.160498
v 0.448096 -0.101123 0.160498
v 0.615088 0.104834 0.160498
v -0.448096 -0.101123 0.160498
v -0.615088 0.104834 0.160498
v 0.628076 -0.058447 0.162353
v -0.628076 -0.058447 0.162353
v 0.277393 -0.798779 0.162353
v -0.277393 -0.798779 0.162353
v 0.292236 -0.290381 0.162353
v -0.292236 -0.290381 0.162353
v 0.435107 -0.065869 0.162353
v -0.435107 -0.065869 0.162353
v 0.615088 0.034326 0.164209
v -0.615088 0.034326 0.164209
v 0.481494 0.409131 0.164209
v -0.481494 0.409131 0.164209
v 0.457373 0.550147 0.164209
v -0.457373 0.550147 0.164209
v 0.557568 0.691162 0.164209
v -0.557568 0.691162 0.164209
v 0.435107 0.368311 0.164209
v -0.435107 0.368311 0.164209
v 0.275537 -0.770947 0.166064
v -0.275537 -0.770947 0.166064
v 0.249561 -0.106689 0.166064
v -0.249561 -0.106689 0.166064
v 0.273682 -0.735693 0.166064
v -0.273682 -0.735693 0.166064
v 0.446240 0.468506 0.166064
v -0.446240 0.468506 0.166064
v 0.390576 -0.130811 0.166064
v -0.390576 -0.130811 0.166064
v 0.461084 0.412842 0.166064
v -0.461084 0.412842 0.166064
v 0.475928 0.370166 0.166064
v -0.475928 0.370166 0.166064
v 0.496338 0.344189 0.167920
v -0.496338 0.344189 0.167920
v 0.412842 0.620654 0.167920
v -0.412842 0.620654 0.167920
v 0.372021 -0.084424 0.167920
v -0.372021 -0.084424 0.167920
v 0.271826 -0.698584 0.167920
v -0.271826 -0.698584 0.167920
v 0.650342 -0.091846 0.169775
v -0.650342 -0.091846 0.169775
v 0.297803 -0.101123 0.169775
v -0.297803 -0.101123 0.169775
v 0.192041 -0.782080 0.169775
v -0.192041 -0.782080 0.169775
v 0.483350 0.620654 0.169775
v -0.483350 0.620654 0.169775
v 0.186475 -0.744971 0.169775
v -0.186475 -0.744971 0.169775
v 0.583545 -0.071436 0.169775
v -0.583545 -0.071436 0.169775
v 0.563135 -0.039893 0.171631
v -0.563135 -0.039893 0.171631
v 0.642920 0.064014 0.171631
v -0.642920 0.064014 0.171631
v 0.320068 -0.175342 0.171631
v -0.320068 -0.175342 0.171631
v 0.427686 -0.327490 0.171631
v -0.427686 -0.327490 0.171631
v 0.268115 -0.199463 0.171631
v -0.268115 -0.199463 0.171631
v 0.674463 -0.158643 0.171631
v -0.674463 -0.158643 0.171631
v 0.362744 -0.331201 0.173486
v -0.362744 -0.331201 0.173486
v 0.364600 -0.368311 0.173486
v -0.364600 -0.368311 0.173486
v 0.334912 -0.323779 0.173486
v -0.334912 -0.323779 0.173486
v 0.327490 -0.379443 0.173486
v -0.327490 -0.379443 0.173486
v 0.308936 -0.312647 0.173486
v -0.308936 -0.312647 0.173486
v 0.273682 -0.305225 0.175342
v -0.273682 -0.305225 0.175342
v 0.440674 0.526025 0.175342
v -0.440674 0.526025 0.175342
v 0.292236 -0.385010 0.175342
v -0.292236 -0.385010 0.175342
v 0.448096 -0.097412 0.175342
v -0.448096 -0.097412 0.175342
v 0.780225 -0.030615 0.175342
v -0.780225 -0.030615 0.175342
v 0.284814 -0.342334 0.175342
v -0.284814 -0.342334 0.175342
v 0.256982 -0.375732 0.175342
v -0.256982 -0.375732 0.175342
v 0.269971 0.375732 0.175342
v -0.269971 0.375732 0.175342
v 0.436963 -0.071436 0.177197
v -0.436963 -0.071436 0.177197
v 0.642920 -0.004639 0.177197
v -0.642920 -0.004639 0.177197
v 0.598389 -0.110400 0.177197
v -0.598389 -0.110400 0.177197
v 0.372021 0.492627 0.177197
v -0.372021 0.492627 0.177197
v 0.420264 0.507471 0.179053
v -0.420264 0.507471 0.179053
v 0.143799 -0.607666 0.179053
v -0.143799 -0.607666 0.179053
v 0.657764 -0.036182 0.179053
v -0.657764 -0.036182 0.179053
v 0.611377 -0.173486 0.179053
v -0.611377 -0.173486 0.179053
v 0.700439 -0.082568 0.179053
v -0.700439 -0.082568 0.179053
v 0.739404 -0.064014 0.179053
v -0.739404 -0.064014 0.179053
v 0.385010 0.616943 0.180908
v -0.385010 0.616943 0.180908
v 0.577979 0.260693 0.180908
v -0.577978 0.260693 0.180908
v 0.229150 -0.025049 0.180908
v -0.229150 -0.025049 0.180908
v 0.130811 -0.435107 0.180908
v -0.130811 -0.435107 0.180908
v 0.149365 -0.513037 0.180908
v -0.149365 -0.513037 0.180908
v 0.310791 -0.943506 0.180908
v -0.310791 -0.943506 0.180908
v 0.442529 -0.084424 0.180908
v -0.442529 -0.084424 0.180908
v 0.431396 0.581689 0.182764
v -0.431396 0.581689 0.182764
v 0.143799 -0.570557 0.182764
v -0.143799 -0.570557 0.182764
v 0.735693 -0.052881 0.182764
v -0.735693 -0.052881 0.182764
v 0.153076 -0.544580 0.182764
v -0.153076 -0.544580 0.182764
v 0.589111 0.264404 0.182764
v -0.589111 0.264404 0.182764
v 0.292236 -0.294092 0.182764
v -0.292236 -0.294092 0.182764
v 0.268115 -0.051025 0.184619
v -0.268115 -0.051025 0.184619
v 0.060303 0.782080 0.184619
v -0.060303 0.782080 0.184619
v 0.303369 0.602100 0.184619
v -0.303369 0.602100 0.184619
v 0.659619 -0.028760 0.184619
v -0.659619 -0.028760 0.184619
v 0.253272 -0.496338 0.184619
v -0.253271 -0.496338 0.184619
v 0.746826 -0.073291 0.184619
v -0.746826 -0.073291 0.184619
v 0.362744 -0.334912 0.186475
v -0.362744 -0.334912 0.186475
v 0.696729 -0.058447 0.186475
v -0.696728 -0.058447 0.186475
v 0.557568 0.284814 0.186475
v -0.557568 0.284814 0.186475
v 0.143799 -0.507471 0.186475
v -0.143799 -0.507471 0.186475
v 0.364600 -0.362744 0.186475
v -0.364600 -0.362744 0.186475
v 0.077002 0.789502 0.186475
v -0.077002 0.789502 0.186475
v 0.251416 -0.741260 0.188330
v -0.251416 -0.741260 0.188330
v 0.290381 -0.594678 0.188330
v -0.290381 -0.594678 0.188330
v 0.273682 -0.533447 0.188330
v -0.273682 -0.533447 0.188330
v 0.269971 -0.410986 0.190185
v -0.269971 -0.410986 0.190185
v 0.409131 0.552002 0.190185
v -0.409131 0.552002 0.190185
v 0.685596 -0.056592 0.190185
v -0.685596 -0.056592 0.190185
v 0.622510 0.052881 0.190185
v -0.622510 0.052881 0.190185
v 0.680029 -0.195752 0.190185
v -0.680029 -0.195752 0.190185
v 0.073291 0.759814 0.190185
v -0.073291 0.759814 0.190185
v 0.301514 -0.897119 0.190185
v -0.301514 -0.897119 0.190185
v 0.108545 -0.401709 0.190185
v -0.108545 -0.401709 0.190185
v 0.396143 -0.141943 0.190185
v -0.396143 -0.141943 0.190185
v 0.266260 -0.490771 0.190185
v -0.266260 -0.490771 0.190185
v 0.130811 -0.470361 0.190185
v -0.130811 -0.470361 0.190185
v 0.711572 -0.102979 0.190185
v -0.711572 -0.102979 0.190185
v 0.286670 -0.555713 0.190185
v -0.286670 -0.555713 0.190185
v 0.299658 -0.251416 0.190185
v -0.299658 -0.251416 0.190185
v 0.086279 0.774658 0.192041
v -0.086279 0.774658 0.192041
v 0.362744 -0.347900 0.192041
v -0.362744 -0.347900 0.192041
v 0.255127 -0.796924 0.192041
v -0.255127 -0.796924 0.192041
v 0.199463 -0.746826 0.192041
v -0.199463 -0.746826 0.192041
v 0.199463 -0.800635 0.192041
v -0.199463 -0.800635 0.192041
v 0.188330 -0.945361 0.192041
v -0.188330 -0.945361 0.192041
v 0.333057 -0.331201 0.193896
v -0.333057 -0.331201 0.193896
v 0.735693 -0.045459 0.193896
v -0.735693 -0.045459 0.193896
v 0.039893 0.821045 0.193896
v -0.039893 0.821045 0.193896
v 0.611377 -0.041748 0.193896
v -0.611377 -0.041748 0.193896
v -0.000928 0.824756 0.193896
v 0.136377 -0.464795 0.193896
v -0.136377 -0.464795 0.193896
v 0.329346 -0.370166 0.193896
v -0.329346 -0.370166 0.193896
v 0.260693 -0.449951 0.193896
v -0.260693 -0.449951 0.193896
v 0.249561 -0.698584 0.193896
v -0.249561 -0.698584 0.193896
v 0.173486 0.663330 0.193896
v -0.173486 0.663330 0.193896
v 0.253272 -0.444385 0.193896
v -0.253271 -0.444385 0.193896
v 0.370166 -0.075146 0.193896
v -0.370166 -0.075146 0.193896
v 0.529736 0.316357 0.193896
v -0.529736 0.316357 0.193896
v 0.474072 0.340478 0.195752
v -0.474072 0.340478 0.195752
v 0.381299 0.268115 0.195752
v -0.381299 0.268115 0.195752
v 0.631787 -0.102979 0.195752
v -0.631787 -0.102979 0.195752
v 0.752393 -0.073291 0.195752
v -0.752393 -0.073291 0.195752
v 0.590967 0.234717 0.197607
v -0.590967 0.234717 0.197607
v 0.219873 -0.744971 0.197607
v -0.219873 -0.744971 0.197607
v 0.091846 0.741260 0.197607
v -0.091846 0.741260 0.197607
v 0.073291 0.802490 0.197607
v -0.073291 0.802490 0.197607
v 0.221729 -0.796924 0.199463
v -0.221729 -0.796924 0.199463
v 0.407275 0.566846 0.199463
v -0.407275 0.566846 0.199463
v 0.193896 -0.702295 0.199463
v -0.193896 -0.702295 0.199463
v 0.594678 0.273682 0.199463
v -0.594678 0.273682 0.199463
v 0.553857 -0.071436 0.199463
v -0.553857 -0.071436 0.199463
v 0.307080 -0.323779 0.199463
v -0.307080 -0.323779 0.199463
v 0.540869 -0.028760 0.201318
v -0.540869 -0.028760 0.201318
v 0.294092 -0.373877 0.201318
v -0.294092 -0.373877 0.201318
v 0.271826 -0.314502 0.201318
v -0.271826 -0.314502 0.201318
v 0.401709 0.236572 0.201318
v -0.401709 0.236572 0.201318
v 0.056592 0.800635 0.201318
v -0.056592 0.800635 0.201318
v 0.331201 -0.351611 0.201318
v -0.331201 -0.351611 0.201318
v 0.258838 -0.366455 0.201318
v -0.258838 -0.366455 0.201318
v 0.368311 0.598389 0.201318
v -0.368311 0.598389 0.201318
v 0.282959 -0.490771 0.201318
v -0.282959 -0.490771 0.201318
v 0.199463 -0.826611 0.203174
v -0.199463 -0.826611 0.203174
v 0.347900 0.284814 0.203174
v -0.347900 0.284814 0.203174
v 0.089990 -0.349756 0.203174
v -0.089990 -0.349756 0.203174
v 0.216162 -0.700439 0.203174
v -0.216162 -0.700439 0.203174
v 0.225439 0.637353 0.203174
v -0.225439 0.637353 0.203174
v 0.577979 0.292236 0.203174
v -0.577978 0.292236 0.203174
v 0.123389 -0.518604 0.203174
v -0.123389 -0.518604 0.203174
v 0.294092 -0.297803 0.205029
v -0.294092 -0.297803 0.205029
v 0.741260 -0.045459 0.205029
v -0.741260 -0.045459 0.205029
v 0.628076 -0.071436 0.205029
v -0.628076 -0.071436 0.205029
v 0.320068 0.316357 0.205029
v -0.320068 0.316357 0.205029
v 0.665186 -0.013916 0.205029
v -0.665186 -0.013916 0.205029
v 0.618799 -0.212451 0.205029
v -0.618799 -0.212451 0.205029
v 0.271826 0.355322 0.206885
v -0.271826 0.355322 0.206885
v 0.572412 -0.114111 0.206885
v -0.572412 -0.114111 0.206885
v 0.256982 -0.821045 0.206885
v -0.256982 -0.821045 0.206885
v 0.700439 -0.045459 0.206885
v -0.700439 -0.045459 0.206885
v 0.410986 0.169775 0.206885
v -0.410986 0.169775 0.206885
v 0.754248 -0.065869 0.206885
v -0.754248 -0.065869 0.206885
v 0.091846 0.772803 0.206885
v -0.091846 0.772803 0.206885
v 0.700439 -0.182764 0.206885
v -0.700439 -0.182764 0.206885
v 0.331201 0.540869 0.206885
v -0.331201 0.540869 0.206885
v 0.294092 0.355322 0.206885
v -0.294092 0.355322 0.206885
v 0.284814 -0.457373 0.208740
v -0.284814 -0.457373 0.208740
v 0.659619 0.023193 0.208740
v -0.659619 0.023193 0.208740
v 0.572412 -0.167920 0.208740
v -0.572412 -0.167920 0.208740
v 0.292236 -0.147510 0.208740
v -0.292236 -0.147510 0.208740
v 0.231006 -0.086279 0.208740
v -0.231006 -0.086279 0.208740
v 0.748682 -0.054736 0.210596
v -0.748682 -0.054736 0.210596
v 0.706006 -0.125244 0.210596
v -0.706006 -0.125244 0.210596
v 0.646631 -0.128955 0.210596
v -0.646631 -0.128955 0.210596
v 0.295947 -0.082568 0.210596
v -0.295947 -0.082568 0.210596
v 0.301514 -0.347900 0.210596
v -0.301514 -0.347900 0.210596
v 0.537158 0.292236 0.210596
v -0.537158 0.292236 0.210596
v 0.000928 0.834033 0.212451
v 0.266260 -0.340479 0.212451
v -0.266260 -0.340479 0.212451
v 0.680029 -0.234717 0.212451
v -0.680029 -0.234717 0.212451
v 0.114111 -0.485205 0.212451
v -0.114111 -0.485205 0.212451
v 0.603955 0.253272 0.212451
v -0.603955 0.253272 0.212451
v 0.188330 0.613232 0.212451
v -0.188330 0.613232 0.212451
v 0.082568 0.757959 0.214307
v -0.082568 0.757959 0.214307
v 0.314502 0.622510 0.214307
v -0.314502 0.622510 0.214307
v 0.720850 -0.108545 0.214307
v -0.720850 -0.108545 0.214307
v 0.251416 0.628076 0.214307
v -0.251416 0.628076 0.214307
v 0.327490 -0.188330 0.214307
v -0.327490 -0.188330 0.214307
v 0.080713 0.800635 0.214307
v -0.080713 0.800635 0.214307
v 0.169775 -0.544580 0.214307
v -0.169775 -0.544580 0.214307
v 0.015772 -0.115967 0.214307
v -0.015772 -0.115967 0.214307
v 0.273682 -0.301514 0.214307
v -0.273682 -0.301514 0.214307
v 0.221729 -0.822900 0.216162
v -0.221729 -0.822900 0.216162
v 0.038037 -0.229150 0.216162
v -0.038037 -0.229150 0.216162
v 0.160498 0.631787 0.216162
v -0.160498 0.631787 0.216162
v 0.028760 -0.149365 0.216162
v -0.028760 -0.149365 0.216162
v 0.394287 -0.132666 0.216162
v -0.394287 -0.132666 0.216162
v 0.000928 -0.119678 0.216162
v 0.646631 -0.242139 0.216162
v -0.646631 -0.242139 0.216162
v 0.264404 0.407275 0.218018
v -0.264404 0.407275 0.218018
v 0.039893 0.826611 0.218018
v -0.039893 0.826611 0.218018
v 0.288525 -0.347900 0.218018
v -0.288525 -0.347900 0.218018
v 0.256982 -0.218018 0.218018
v -0.256982 -0.218018 0.218018
v 0.381299 0.466650 0.218018
v -0.381299 0.466650 0.218018
v 0.448096 0.357178 0.218018
v -0.448096 0.357178 0.218018
v 0.088135 0.785791 0.218018
v -0.088135 0.785791 0.218018
v 0.375732 -0.086279 0.219873
v -0.375732 -0.086279 0.219873
v 0.616943 0.188330 0.219873
v -0.616943 0.188330 0.219873
v 0.286670 -0.858154 0.219873
v -0.286670 -0.858154 0.219873
v 0.427686 0.392432 0.219873
v -0.427686 0.392432 0.219873
v 0.616943 -0.025049 0.219873
v -0.616943 -0.025049 0.219873
v 0.251416 -0.596533 0.219873
v -0.251416 -0.596533 0.219873
v 0.403564 0.436963 0.219873
v -0.403564 0.436963 0.219873
v 0.448096 0.329346 0.221729
v -0.448096 0.329346 0.221729
v 0.249561 -0.529736 0.221729
v -0.249561 -0.529736 0.221729
v 0.243994 -0.535303 0.223584
v -0.243994 -0.535303 0.223584
v 0.563135 0.297803 0.223584
v -0.563135 0.297803 0.223584
v 0.672607 -0.008350 0.223584
v -0.672607 -0.008350 0.223584
v 0.065869 0.796924 0.223584
v -0.065869 0.796924 0.223584
v 0.468506 0.101123 0.225439
v -0.468506 0.101123 0.225439
v 0.164209 -0.596533 0.225439
v -0.164209 -0.596533 0.225439
v 0.190185 -0.900830 0.225439
v -0.190186 -0.900830 0.225439
v 0.706006 -0.231006 0.225439
v -0.706006 -0.231006 0.225439
v 0.247705 0.288525 0.225439
v -0.247705 0.288525 0.225439
v 0.249561 -0.559424 0.225439
v -0.249561 -0.559424 0.225439
v 0.203174 -0.646631 0.227295
v -0.203174 -0.646631 0.227295
v 0.171631 -0.603955 0.227295
v -0.171631 -0.603955 0.227295
v 0.681885 -0.277393 0.227295
v -0.681885 -0.277393 0.227295
v 0.136377 -0.539014 0.227295
v -0.136377 -0.539014 0.227295
v 0.205029 0.227295 0.227295
v -0.205029 0.227295 0.227295
v 0.271826 -0.351611 0.227295
v -0.271826 -0.351611 0.227295
v 0.281104 -0.513037 0.227295
v -0.281103 -0.513037 0.227295
v 0.264404 -0.045459 0.227295
v -0.264404 -0.045459 0.227295
v 0.585400 0.221729 0.227295
v -0.585400 0.221729 0.227295
v 0.264404 -0.579834 0.227295
v -0.264404 -0.579834 0.227295
v 0.385010 -0.110400 0.227295
v -0.385010 -0.110400 0.227295
v 0.177197 -0.542725 0.229150
v -0.177197 -0.542725 0.229150
v 0.243994 -0.641064 0.229150
v -0.243994 -0.641064 0.229150
v 0.060303 0.806201 0.229150
v -0.060303 0.806201 0.229150
v 0.242139 -0.496338 0.229150
v -0.242139 -0.496338 0.229150
v 0.696729 -0.041748 0.229150
v -0.696728 -0.041748 0.229150
v 0.559424 0.268115 0.229150
v -0.559424 0.268115 0.229150
v 0.711572 -0.049170 0.229150
v -0.711572 -0.049170 0.229150
v 0.158643 -0.548291 0.229150
v -0.158643 -0.548291 0.229150
v 0.661475 -0.271826 0.231006
v -0.661475 -0.271826 0.231006
v 0.117822 0.689307 0.231006
v -0.117822 0.689307 0.231006
v 0.078857 0.776514 0.231006
v -0.078857 0.776514 0.231006
v 0.633643 -0.054736 0.231006
v -0.633643 -0.054736 0.231006
v 0.206885 -0.602100 0.232861
v -0.206885 -0.602100 0.232861
v 0.171631 -0.566846 0.232861
v -0.171631 -0.566846 0.232861
v 0.169775 -0.503760 0.232861
v -0.169775 -0.503760 0.232861
v 0.184619 0.188330 0.232861
v -0.184619 0.188330 0.232861
v 0.258838 -0.847021 0.234717
v -0.258838 -0.847021 0.234717
v 0.704150 -0.173486 0.234717
v -0.704150 -0.173486 0.234717
v 0.240283 -0.008350 0.234717
v -0.240283 -0.008350 0.234717
v 0.205029 -0.540869 0.234717
v -0.205029 -0.540869 0.234717
v 0.299658 -0.243994 0.234717
v -0.299658 -0.243994 0.234717
v 0.262549 -0.533447 0.234717
v -0.262549 -0.533447 0.234717
v 0.726416 -0.093701 0.234717
v -0.726416 -0.093701 0.234717
v 0.598389 0.243994 0.236572
v -0.598389 0.243994 0.236572
v 0.377588 0.492627 0.236572
v -0.377588 0.492627 0.236572
v 0.498193 0.318213 0.236572
v -0.498193 0.318213 0.236572
v 0.143799 -0.427686 0.236572
v -0.143799 -0.427686 0.236572
v 0.370166 0.568701 0.236572
v -0.370166 0.568701 0.236572
v 0.407275 0.299658 0.236572
v -0.407275 0.299658 0.236572
v 0.151221 -0.513037 0.236572
v -0.151221 -0.513037 0.236572
v 0.205029 -0.564990 0.238428
v -0.205029 -0.564990 0.238428
v 0.143799 -0.448096 0.240283
v -0.143799 -0.448096 0.240283
v 0.282959 -0.444385 0.240283
v -0.282959 -0.444385 0.240283
v 0.277393 -0.266260 0.240283
v -0.277393 -0.266260 0.240283
v 0.659619 -0.136377 0.240283
v -0.659619 -0.136377 0.240283
v 0.180908 0.130811 0.240283
v -0.180908 0.130811 0.240283
v 0.203174 -0.861865 0.240283
v -0.203174 -0.861865 0.240283
v 0.249561 -0.427686 0.240283
v -0.249561 -0.427686 0.240283
v 0.260693 -0.498193 0.240283
v -0.260693 -0.498193 0.240283
v 0.706006 -0.275537 0.240283
v -0.706006 -0.275537 0.240283
v 0.678174 -0.192041 0.242139
v -0.678174 -0.192041 0.242139
v 0.720850 -0.069580 0.242139
v -0.720850 -0.069580 0.242139
v 0.531592 0.281104 0.242139
v -0.531592 0.281104 0.242139
v 0.223584 -0.847021 0.242139
v -0.223584 -0.847021 0.242139
v 0.600244 0.162353 0.242139
v -0.600244 0.162353 0.242139
v 0.158643 -0.466650 0.242139
v -0.158643 -0.466650 0.242139
v 0.238428 -0.590967 0.242139
v -0.238428 -0.590967 0.242139
v 0.119678 -0.474072 0.243994
v -0.119678 -0.474072 0.243994
v 0.195752 -0.598389 0.243994
v -0.195752 -0.598389 0.243994
v 0.242139 -0.455518 0.245850
v -0.242139 -0.455518 0.245850
v 0.678174 -0.166064 0.245850
v -0.678174 -0.166064 0.245850
v 0.557568 0.288525 0.247705
v -0.557568 0.288525 0.247705
v 0.201318 -0.503760 0.247705
v -0.201318 -0.503760 0.247705
v 0.318213 -0.947217 0.247705
v -0.318213 -0.947217 0.247705
v 0.321924 0.446240 0.247705
v -0.321924 0.446240 0.247705
v 0.180908 0.590967 0.247705
v -0.180908 0.590967 0.247705
v 0.564990 -0.156787 0.247705
v -0.564990 -0.156787 0.247705
v 0.375732 0.531592 0.247705
v -0.375732 0.531592 0.247705
v 0.657764 -0.307080 0.247705
v -0.657764 -0.307080 0.247705
v 0.717139 -0.110400 0.247705
v -0.717139 -0.110400 0.247705
v 0.240283 -0.947217 0.249561
v -0.240283 -0.947217 0.249561
v 0.247705 -0.418408 0.249561
v -0.247705 -0.418408 0.249561
v 0.613232 -0.208740 0.249561
v -0.613232 -0.208740 0.249561
v 0.646631 -0.295947 0.251416
v -0.646631 -0.295947 0.251416
v 0.117822 0.667041 0.251416
v -0.117822 0.667041 0.251416
v 0.268115 0.435107 0.251416
v -0.268115 0.435107 0.251416
v 0.134521 -0.444385 0.251416
v -0.134521 -0.444385 0.251416
v 0.733838 -0.190186 0.251416
v -0.733838 -0.190186 0.251416
v 0.427686 0.262549 0.251416
v -0.427686 0.262549 0.251416
v 0.093701 0.713428 0.251416
v -0.093701 0.713428 0.251416
v 0.564990 0.231006 0.253272
v -0.564990 0.231006 0.253272
v 0.641064 -0.232861 0.253272
v -0.641064 -0.232861 0.253272
v 0.303369 -0.097412 0.253272
v -0.303369 -0.097412 0.253272
v 0.299658 -0.891553 0.253272
v -0.299658 -0.891553 0.253272
v 0.258838 -0.425830 0.255127
v -0.258838 -0.425830 0.255127
v 0.221729 -0.106689 0.255127
v -0.221729 -0.106689 0.255127
v 0.733838 -0.169775 0.255127
v -0.733838 -0.169775 0.255127
v 0.654053 0.045459 0.255127
v -0.654053 0.045459 0.255127
v 0.583545 0.249561 0.255127
v 0.399854 0.327490 0.255127
v -0.399854 0.327490 0.255127
v -0.583545 0.249561 0.255127
v 0.678174 -0.212451 0.255127
v -0.678174 -0.212451 0.255127
v 0.190185 -0.574268 0.255127
v -0.190186 -0.574268 0.255127
v 0.325635 -0.171631 0.255127
v -0.325635 -0.171631 0.255127
v 0.243994 -0.564990 0.255127
v -0.243994 -0.564990 0.255127
v 0.615088 0.102979 0.256982
v -0.615088 0.102979 0.256982
v 0.086279 0.737549 0.256982
v -0.086279 0.737549 0.256982
v 0.461084 0.294092 0.256982
v -0.461084 0.294092 0.256982
v 0.533447 -0.008350 0.256982
v -0.533447 -0.008350 0.256982
v 0.373877 0.357178 0.256982
v -0.373877 0.357178 0.256982
v 0.659619 -0.264404 0.256982
v -0.659619 -0.264404 0.256982
v 0.141943 -0.527881 0.258838
v -0.141943 -0.527881 0.258838
v 0.618799 0.188330 0.258838
v -0.618799 0.188330 0.258838
v 0.180908 -0.947217 0.258838
v -0.180908 -0.947217 0.258838
v 0.544580 0.255127 0.258838
v -0.544580 0.255127 0.258838
v 0.279248 -0.501904 0.258838
v -0.279248 -0.501904 0.258838
v 0.693018 -0.218018 0.258838
v -0.693018 -0.218018 0.258838
v 0.069580 0.795068 0.258838
v -0.069580 0.795068 0.258838
v 0.347900 0.396143 0.258838
v -0.347900 0.396143 0.258838
v 0.179053 -0.555713 0.260693
v -0.179053 -0.555713 0.260693
v 0.566846 0.268115 0.260693
v -0.566846 0.268115 0.260693
v 0.307080 0.574268 0.260693
v -0.307080 0.574268 0.260693
v 0.179053 -0.527881 0.260693
v -0.179053 -0.527881 0.260693
v 0.145654 0.592822 0.260693
v -0.145654 0.592822 0.260693
v 0.646631 -0.060303 0.260693
v -0.646631 -0.060303 0.260693
v 0.271826 -0.284814 0.260693
v -0.271826 -0.284814 0.260693
v 0.102979 0.717139 0.260693
v -0.102979 0.717139 0.260693
v 0.238428 -0.197607 0.260693
v -0.238428 -0.197607 0.260693
v 0.546436 -0.045459 0.262549
v -0.546436 -0.045459 0.262549
v 0.717139 -0.151221 0.262549
v -0.717139 -0.151221 0.262549
v 0.307080 0.472217 0.262549
v -0.307080 0.472217 0.262549
v 0.733838 -0.206885 0.262549
v -0.733838 -0.206885 0.262549
v 0.156787 0.587256 0.264404
v -0.156787 0.587256 0.264404
v 0.266260 0.455518 0.264404
v -0.266260 0.455518 0.264404
v 0.099268 0.733838 0.264404
v -0.099268 0.733838 0.264404
v 0.680029 -0.310791 0.264404
v -0.680029 -0.310791 0.264404
v 0.657764 -0.229150 0.264404
v -0.657764 -0.229150 0.264404
v 0.279248 -0.468506 0.264404
v -0.279248 -0.468506 0.264404
v 0.579834 0.169775 0.266260
v -0.579834 0.169775 0.266260
v 0.269971 -0.065869 0.266260
v -0.269971 -0.065869 0.266260
v 0.219873 0.576123 0.266260
v -0.219873 0.576123 0.266260
v 0.772803 -0.186475 0.266260
v -0.772803 -0.186475 0.266260
v 0.132666 -0.496338 0.266260
v -0.132666 -0.496338 0.266260
v 0.711572 -0.089990 0.266260
v -0.711572 -0.089990 0.266260
v 0.249561 -0.544580 0.266260
v -0.249561 -0.544580 0.266260
v 0.043604 0.832178 0.268115
v -0.043604 0.832178 0.268115
v 0.676318 -0.151221 0.268115
v -0.676318 -0.151221 0.268115
v 0.665186 -0.117822 0.268115
v -0.665186 -0.117822 0.268115
v 0.240283 0.548291 0.268115
v -0.240283 0.548291 0.268115
v 0.195752 -0.466650 0.268115
v -0.195752 -0.466650 0.268115
v 0.700439 -0.260693 0.268115
v -0.700439 -0.260693 0.268115
v 0.590967 0.197607 0.268115
v -0.590967 0.197607 0.268115
v 0.772803 -0.177197 0.268115
v -0.772803 -0.177197 0.268115
v 0.245850 -0.513037 0.268115
v -0.245850 -0.513037 0.268115
v 0.650342 -0.290381 0.269971
v -0.650342 -0.290381 0.269971
v 0.555713 -0.078857 0.269971
v -0.555713 -0.078857 0.269971
v 0.629932 -0.021338 0.269971
v -0.629932 -0.021338 0.269971
v 0.121533 -0.392432 0.269971
v -0.121533 -0.392432 0.269971
v 0.652197 -0.038037 0.269971
v -0.652197 -0.038037 0.269971
v 0.242139 -0.392432 0.269971
v -0.242139 -0.392432 0.269971
v 0.628076 0.043604 0.269971
v -0.628076 0.043604 0.269971
v 0.301514 -0.212451 0.269971
v -0.301514 -0.212451 0.269971
v 0.665186 0.013916 0.271826
v -0.665186 0.013916 0.271826
v 0.000928 0.843311 0.271826
v 0.186475 -0.423975 0.271826
v -0.186475 -0.423975 0.271826
v 0.674463 -0.262549 0.271826
v -0.674463 -0.262549 0.271826
v 0.733838 -0.158643 0.271826
v -0.733838 -0.158643 0.271826
v 0.770947 -0.195752 0.271826
v -0.770947 -0.195752 0.271826
v 0.316357 -0.132666 0.271826
v -0.316357 -0.132666 0.271826
v 0.195752 -0.876709 0.271826
v -0.195752 -0.876709 0.271826
v 0.164209 -0.479639 0.273682
v -0.164209 -0.479639 0.273682
v 0.089990 0.696729 0.273682
v -0.089990 0.696729 0.273682
v 0.631787 0.119678 0.273682
v -0.631787 0.119678 0.273682
v 0.102979 0.706006 0.273682
v -0.102979 0.706006 0.273682
v 0.258838 0.494482 0.273682
v -0.258838 0.494482 0.273682
v 0.208740 0.021338 0.275537
v -0.208740 0.021338 0.275537
v 0.303369 0.516748 0.275537
v -0.303369 0.516748 0.275537
v 0.564990 -0.128955 0.275537
v -0.564990 -0.128955 0.275537
v 0.674463 -0.268115 0.275537
v -0.674463 -0.268115 0.275537
v 0.141943 -0.410986 0.275537
v -0.141943 -0.410986 0.275537
v 0.659619 -0.086279 0.275537
v -0.659619 -0.086279 0.275537
v 0.770947 -0.171631 0.277393
v -0.770947 -0.171631 0.277393
v 0.602100 0.193896 0.277393
v -0.602100 0.193896 0.277393
v 0.262549 -0.869287 0.277393
v -0.262549 -0.869287 0.277393
v 0.223584 -0.151221 0.277393
v -0.223584 -0.151221 0.277393
v 0.245850 -0.353467 0.277393
v -0.245850 -0.353467 0.277393
v 0.251416 0.362744 0.277393
v -0.251416 0.362744 0.277393
v 0.592822 0.110400 0.277393
v -0.592822 0.110400 0.277393
v 0.193896 0.056592 0.277393
v -0.193896 0.056592 0.277393
v 0.245850 -0.461084 0.277393
v -0.245850 -0.461084 0.277393
v 0.479639 0.130811 0.279248
v -0.479639 0.130811 0.279248
v 0.078857 0.744971 0.279248
v -0.078857 0.744971 0.279248
v 0.227295 -0.867432 0.279248
v -0.227295 -0.867432 0.279248
v 0.095557 0.739404 0.279248
v -0.095557 0.739404 0.279248
v 0.238428 -0.036182 0.281104
v -0.238428 -0.036182 0.281104
v 0.173486 -0.520459 0.281104
v -0.173486 -0.520459 0.281104
v 0.809912 -0.184619 0.281104
v -0.809912 -0.184619 0.281104
v 0.676318 -0.218018 0.281104
v -0.676318 -0.218018 0.281104
v 0.770947 -0.197607 0.281104
v -0.770947 -0.197607 0.281104
v 0.704150 -0.268115 0.281104
v -0.704150 -0.268115 0.281104
v 0.238428 -0.550146 0.282959
v -0.238428 -0.550146 0.282959
v 0.731982 -0.210596 0.282959
v -0.731982 -0.210596 0.282959
v 0.680029 -0.294092 0.282959
v -0.680029 -0.294092 0.282959
v 0.195752 -0.559424 0.282959
v -0.195752 -0.559424 0.282959
v 0.104834 -0.336768 0.284814
v -0.104834 -0.336768 0.284814
v 0.277393 -0.227295 0.284814
v -0.277393 -0.227295 0.284814
v 0.661475 -0.288525 0.284814
v -0.661475 -0.288525 0.284814
v 0.102979 0.624365 0.286670
v -0.102979 0.624365 0.286670
v 0.770947 -0.173486 0.286670
v -0.770947 -0.173486 0.286670
v 0.605811 -0.017627 0.288525
v -0.605811 -0.017627 0.288525
v 0.641064 0.052881 0.288525
v -0.641064 0.052881 0.288525
v 0.249561 -0.509326 0.288525
v -0.249561 -0.509326 0.288525
v 0.663330 -0.060303 0.288525
v -0.663330 -0.060303 0.288525
v 0.681885 -0.012061 0.288525
v -0.681885 -0.012061 0.288525
v 0.151221 0.136377 0.288525
v -0.151221 0.136377 0.288525
v 0.618799 -0.192041 0.288525
v -0.618799 -0.192041 0.288525
v 0.282959 -0.108545 0.288525
v -0.282959 -0.108545 0.288525
v 0.164209 -0.470361 0.290381
v -0.164209 -0.470361 0.290381
v 0.099268 0.711572 0.290381
v -0.099268 0.711572 0.290381
v 0.438818 0.193896 0.290381
v -0.438818 0.193896 0.290381
v 0.615088 0.125244 0.290381
v -0.615088 0.125244 0.290381
v 0.770947 -0.192041 0.290381
v -0.770947 -0.192041 0.290381
v 0.605811 0.049170 0.290381
v -0.605811 0.049170 0.290381
v 0.203174 0.568701 0.290381
v -0.203174 0.568701 0.290381
v 0.295947 -0.162354 0.290381
v -0.295947 -0.162354 0.290381
v 0.615088 -0.331201 0.290381
v -0.615088 -0.331201 0.290381
v 0.731982 -0.162354 0.292236
v -0.731982 -0.162354 0.292236
v 0.770947 -0.180908 0.292236
v -0.770947 -0.180908 0.292236
v 0.082568 0.704150 0.292236
v -0.082568 0.704150 0.292236
v 0.095557 0.728271 0.292236
v -0.095557 0.728271 0.292236
v 0.720850 -0.218018 0.292236
v -0.720850 -0.218018 0.292236
v 0.715283 -0.145654 0.292236
v -0.715283 -0.145654 0.292236
v 0.674463 -0.156787 0.292236
v -0.674463 -0.156787 0.292236
v 0.629932 0.054736 0.292236
v -0.629932 0.054736 0.292236
v 0.223584 0.277393 0.292236
v -0.223584 0.277393 0.292236
v 0.527881 0.260693 0.294092
v -0.527881 0.260693 0.294092
v 0.548291 0.182764 0.294092
v -0.548291 0.182764 0.294092
v 0.071436 0.581689 0.294092
v -0.071436 0.581689 0.294092
v 0.219873 0.540869 0.295947
v -0.219873 0.540869 0.295947
v 0.193896 -0.399854 0.295947
v -0.193896 -0.399854 0.295947
v 0.243994 -0.459229 0.295947
v -0.243994 -0.459229 0.295947
v 0.078857 0.652197 0.295947
v -0.078857 0.652197 0.295947
v 0.676318 -0.307080 0.297803
v -0.676318 -0.307080 0.297803
v 0.077002 0.728271 0.297803
v -0.077002 0.728271 0.297803
v 0.062158 -0.221729 0.297803
v -0.062158 -0.221729 0.297803
v 0.540869 0.004639 0.297803
v -0.540869 0.004639 0.297803
v 0.167920 -0.366455 0.299658
v -0.167920 -0.366455 0.299658
v 0.661475 -0.297803 0.299658
v -0.661475 -0.297803 0.299658
v 0.731982 -0.199463 0.299658
v -0.731982 -0.199463 0.299658
v 0.514893 0.166064 0.299658
v -0.514893 0.166064 0.299658
v 0.642920 -0.219873 0.299658
v -0.642920 -0.219873 0.299658
v 0.175342 0.216162 0.299658
v -0.175342 0.216162 0.299658
v 0.080713 0.678174 0.301514
v -0.080713 0.678174 0.301514
v 0.078857 0.715283 0.301514
v -0.078857 0.715283 0.301514
v 0.555713 -0.110400 0.301514
v -0.555713 -0.110400 0.301514
v 0.711572 -0.067725 0.303369
v -0.711572 -0.067725 0.303369
v 0.674463 -0.203174 0.303369
v -0.674463 -0.203174 0.303369
v 0.069580 0.772803 0.303369
v -0.069580 0.772803 0.303369
v 0.731982 -0.179053 0.303369
v -0.731982 -0.179053 0.303369
v 0.624365 0.056592 0.303369
v -0.624365 0.056592 0.303369
v 0.485205 0.238428 0.303369
v -0.485205 0.238428 0.303369
v 0.051025 -0.147510 0.303369
v -0.051025 -0.147510 0.303369
v 0.038037 -0.119678 0.303369
v -0.038037 -0.119678 0.303369
v 0.231006 -0.949072 0.303369
v -0.231006 -0.949072 0.303369
v 0.663330 -0.256982 0.305225
v -0.663330 -0.256982 0.305225
v 0.639209 0.023193 0.305225
v -0.639209 0.023193 0.305225
v 0.077002 0.561279 0.305225
v -0.077002 0.561279 0.305225
v 0.325635 -0.949072 0.305225
v -0.325635 -0.949072 0.305225
v 0.236572 -0.514893 0.307080
v -0.236572 -0.514893 0.307080
v 0.253272 -0.101123 0.307080
v -0.253271 -0.101123 0.307080
v 0.268115 -0.173486 0.307080
v -0.268115 -0.173486 0.307080
v 0.674463 -0.177197 0.307080
v -0.674463 -0.177197 0.307080
v 0.307080 -0.910107 0.307080
v -0.307080 -0.910107 0.307080
v 0.192041 -0.524170 0.307080
v -0.192041 -0.524170 0.307080
v 0.724561 -0.266260 0.308936
v -0.724561 -0.266260 0.308936
v 0.093701 0.654053 0.310791
v -0.093701 0.654053 0.310791
v 0.552002 -0.023193 0.310791
v -0.552002 -0.023193 0.310791
v 0.663330 0.017627 0.310791
v -0.663330 0.017627 0.310791
v 0.681885 0.004639 0.310791
v -0.681885 0.004639 0.310791
v 0.622510 -0.177197 0.312646
v -0.622510 -0.177197 0.312646
v 0.596533 -0.028760 0.312646
v -0.596533 -0.028760 0.312646
v 0.093701 0.670752 0.312646
v -0.093701 0.670752 0.312646
v 0.088135 0.718994 0.312646
v -0.088135 0.718994 0.312646
v 0.654053 -0.071436 0.312646
v -0.654053 -0.071436 0.312646
v 0.240283 -0.299658 0.312646
v -0.240283 -0.299658 0.312646
v 0.231006 -0.464795 0.314502
v -0.231006 -0.464795 0.314502
v 0.073291 0.635498 0.314502
v -0.073291 0.635498 0.314502
v 0.186475 -0.474072 0.316357
v -0.186475 -0.474072 0.316357
v 0.594678 0.043604 0.316357
v -0.594678 0.043604 0.316357
v 0.564990 0.026904 0.316357
v -0.564990 0.026904 0.316357
v 0.693018 -0.193896 0.316357
v -0.693018 -0.193896 0.316357
v 0.188330 -0.910107 0.316357
v -0.188330 -0.910107 0.316357
v 0.654053 -0.203174 0.316357
v -0.654053 -0.203174 0.316357
v 0.655908 -0.288525 0.316357
v -0.655908 -0.288525 0.316357
v 0.231006 -0.893408 0.316357
v -0.231006 -0.893408 0.316357
v 0.173486 -0.949072 0.316357
v -0.173486 -0.949072 0.316357
v 0.243994 0.390576 0.318213
v -0.243994 0.390576 0.318213
v 0.266260 -0.893408 0.318213
v -0.266260 -0.893408 0.318213
v 0.655908 0.002783 0.318213
v -0.655908 0.002783 0.318213
v 0.045459 0.819189 0.318213
v -0.045459 0.819189 0.318213
v 0.245850 0.429541 0.320068
v -0.245850 0.429541 0.320068
v 0.088135 0.642920 0.321924
v -0.088135 0.642920 0.321924
v 0.240283 0.481494 0.321924
v -0.240283 0.481494 0.321924
v 0.613232 -0.340479 0.321924
v -0.613232 -0.340479 0.321924
v 0.693018 -0.310791 0.321924
v -0.693018 -0.310791 0.321924
v 0.069580 0.748682 0.323779
v -0.069580 0.748682 0.323779
v 0.052881 0.581689 0.323779
v -0.052881 0.581689 0.323779
v 0.075146 0.685596 0.323779
v -0.075146 0.685596 0.323779
v 0.644775 0.021338 0.323779
v -0.644775 0.021338 0.323779
v 0.689307 -0.012061 0.323779
v -0.689307 -0.012061 0.323779
v 0.698584 -0.056592 0.325635
v -0.698584 -0.056592 0.325635
v 0.552002 -0.049170 0.325635
v -0.552002 -0.049170 0.325635
v 0.718994 -0.125244 0.325635
v -0.718994 -0.125244 0.325635
v -0.028760 0.561279 0.325635
v 0.028760 0.561279 0.325635
v 0.089990 0.676318 0.327490
v -0.089990 0.676318 0.327490
v 0.071436 0.717139 0.329346
v -0.071436 0.717139 0.329346
v 0.603955 0.013916 0.329346
v -0.603955 0.013916 0.329346
v 0.605811 -0.049170 0.331201
v -0.605811 -0.049170 0.331201
v 0.629932 -0.067725 0.331201
v -0.629932 -0.067725 0.331201
v 0.084424 0.685596 0.331201
v -0.084424 0.685596 0.331201
v 0.574268 -0.000928 0.331201
v -0.574268 -0.000928 0.331201
v 0.095557 0.544580 0.331201
v -0.095557 0.544580 0.331201
v 0.681885 -0.249561 0.331201
v -0.681885 -0.249561 0.331201
v 0.153076 -0.312647 0.333057
v -0.153076 -0.312647 0.333057
v 0.141943 0.045459 0.333057
v -0.141943 0.045459 0.333057
v 0.702295 -0.249561 0.333057
v -0.702295 -0.249561 0.333057
v 0.114111 0.132666 0.334912
v -0.114111 0.132666 0.334912
v 0.000928 0.828467 0.334912
v 0.173486 -0.052881 0.336768
v -0.173486 -0.052881 0.336768
v 0.680029 0.030615 0.336768
v -0.680029 0.030615 0.336768
v 0.615088 -0.166064 0.336768
v -0.615088 -0.166064 0.336768
v 0.084424 0.648486 0.336768
v -0.084424 0.648486 0.336768
v 0.067725 0.644775 0.336768
v -0.067725 0.644775 0.336768
v 0.668896 -0.286670 0.338623
v -0.668896 -0.286670 0.338623
v 0.095557 -0.088135 0.338623
v -0.095557 -0.088135 0.338623
v 0.691162 0.023193 0.338623
v -0.691162 0.023193 0.338623
v 0.672607 -0.253271 0.340478
v -0.672607 -0.253271 0.340478
v 0.086279 0.665186 0.340478
v -0.086279 0.665186 0.340478
v 0.125244 0.208740 0.340478
v -0.125244 0.208740 0.340478
v 0.145654 0.006494 0.340478
v -0.145654 0.006494 0.340478
v 0.681885 -0.294092 0.342334
v -0.681885 -0.294092 0.342334
v 0.069580 0.670752 0.342334
v -0.069580 0.670752 0.342334
v 0.199463 -0.114111 0.342334
v -0.199463 -0.114111 0.342334
v 0.546436 -0.099268 0.342334
v -0.546436 -0.099268 0.342334
v 0.084424 0.685596 0.342334
v -0.084424 0.685596 0.342334
v 0.073291 0.706006 0.342334
v -0.073291 0.706006 0.342334
v 0.223584 -0.190186 0.344189
v -0.223584 -0.190186 0.344189
v 0.071436 0.544580 0.344189
v -0.071436 0.544580 0.344189
v 0.637353 0.012061 0.344189
v -0.637354 0.012061 0.344189
v 0.670752 0.032471 0.344189
v -0.670752 0.032471 0.344189
v 0.707861 -0.255127 0.344189
v -0.707861 -0.255127 0.344189
v 0.681885 -0.021338 0.344189
v -0.681885 -0.021338 0.344189
v 0.099268 0.039893 0.344189
v -0.099268 0.039893 0.344189
v 0.058447 0.609521 0.344189
v -0.058447 0.609521 0.344189
v 0.616943 -0.010205 0.346045
v -0.616943 -0.010205 0.346045
v 0.025049 -0.095557 0.346045
v -0.025049 -0.095557 0.346045
v 0.323779 -0.949072 0.346045
v -0.323779 -0.949072 0.346045
v 0.308936 -0.915674 0.346045
v -0.308936 -0.915674 0.346045
v 0.058447 0.763525 0.347900
v -0.058447 0.763525 0.347900
v 0.078857 0.670752 0.347900
v -0.078857 0.670752 0.347900
v 0.694873 0.013916 0.347900
v -0.694873 0.013916 0.347900
v 0.134521 0.514893 0.347900
v -0.134521 0.514893 0.347900
v 0.067725 0.737549 0.347900
v -0.067725 0.737549 0.347900
v 0.071436 0.637353 0.349756
v -0.071436 0.637353 0.349756
v 0.080713 0.706006 0.349756
v -0.080713 0.706006 0.349756
v 0.110400 -0.143799 0.349756
v -0.110400 -0.143799 0.349756
v 0.065869 0.707861 0.349756
v -0.065869 0.707861 0.349756
v 0.000928 -0.104834 0.349756
v 0.639209 -0.192041 0.349756
v -0.639209 -0.192041 0.349756
v 0.064014 0.605811 0.351611
v -0.064014 0.605811 0.351611
v 0.724561 -0.188330 0.351611
v -0.724561 -0.188330 0.351611
v 0.140088 0.253272 0.353467
v -0.140088 0.253272 0.353467
v 0.576123 -0.021338 0.353467
v -0.576123 -0.021338 0.353467
v 0.047314 0.590967 0.353467
v -0.047314 0.590967 0.353467
v 0.665186 0.030615 0.355322
v -0.665186 0.030615 0.355322
v 0.088135 -0.000928 0.357178
v -0.088135 -0.000928 0.357178
v 0.707861 -0.117822 0.357178
v -0.707861 -0.117822 0.357178
v 0.078857 0.668896 0.357178
v -0.078857 0.668896 0.357178
v 0.644775 -0.004639 0.357178
v -0.644775 -0.004639 0.357178
v 0.186475 -0.913818 0.357178
v -0.186475 -0.913818 0.357178
v 0.663330 -0.017627 0.357178
v -0.663330 -0.017627 0.357178
v 0.234717 -0.902686 0.357178
v -0.234717 -0.902686 0.357178
v 0.678174 -0.295947 0.359033
v -0.678174 -0.295947 0.359033
v 0.132666 -0.208740 0.359033
v -0.132666 -0.208740 0.359033
v 0.071436 0.637353 0.359033
v -0.071436 0.637353 0.359033
v 0.082568 -0.021338 0.359033
v -0.082568 -0.021338 0.359033
v 0.691162 0.012061 0.359033
v -0.691162 0.012061 0.359033
v 0.058447 0.637353 0.360889
v -0.058447 0.637353 0.360889
v 0.052881 0.579834 0.360889
v -0.052881 0.579834 0.360889
v 0.064014 0.605811 0.360889
v -0.064014 0.605811 0.360889
v 0.663330 -0.286670 0.360889
v -0.663330 -0.286670 0.360889
v 0.000928 0.108545 0.360889
v 0.041748 0.789502 0.360889
v -0.041748 0.789502 0.360889
v 0.175342 -0.949072 0.360889
v -0.175342 -0.949072 0.360889
v 0.062158 0.726416 0.360889
v -0.062158 0.726416 0.360889
v 0.234717 -0.949072 0.360889
v -0.234717 -0.949072 0.360889
v 0.047314 0.032471 0.362744
v -0.047314 0.032471 0.362744
v 0.000928 0.028760 0.362744
v 0.694873 -0.112256 0.362744
v -0.694873 -0.112256 0.362744
v 0.051025 0.117822 0.362744
v -0.051025 0.117822 0.362744
v 0.069580 0.683740 0.364600
v -0.069580 0.683740 0.364600
v 0.670752 0.023193 0.364600
v -0.670752 0.023193 0.364600
v 0.702295 -0.130811 0.366455
v -0.702295 -0.130811 0.366455
v 0.017627 0.564990 0.366455
v -0.017627 0.564990 0.366455
v 0.000928 0.550147 0.366455
v 0.659619 -0.245850 0.366455
v -0.659619 -0.245850 0.366455
v 0.028760 -0.052881 0.366455
v -0.028760 -0.052881 0.366455
v 0.680029 0.013916 0.366455
v -0.680029 0.013916 0.366455
v 0.685596 -0.054736 0.368311
v -0.685596 -0.054736 0.368311
v 0.039893 -0.008350 0.368311
v -0.039893 -0.008350 0.368311
v 0.071436 0.513037 0.370166
v -0.071436 0.513037 0.370166
v 0.652197 -0.177197 0.370166
v -0.652197 -0.177197 0.370166
v 0.000928 0.535303 0.370166
v 0.000928 -0.008350 0.372021
v 0.540869 -0.062158 0.372021
v -0.540869 -0.062158 0.372021
v 0.071436 0.681885 0.372021
v -0.071436 0.681885 0.372021
v 0.000928 -0.060303 0.372021
v 0.052881 0.583545 0.373877
v -0.052881 0.583545 0.373877
v 0.726416 -0.249561 0.373877
v -0.726416 -0.249561 0.373877
v 0.158643 0.472217 0.373877
v -0.158643 0.472217 0.373877
v 0.683740 -0.101123 0.373877
v -0.683740 -0.101123 0.373877
v 0.000928 0.798779 0.375732
v 0.056592 0.717139 0.375732
v -0.056592 0.717139 0.375732
v 0.166064 0.329346 0.375732
v -0.166064 0.329346 0.375732
v 0.704150 0.065869 0.375732
v -0.704150 0.065869 0.375732
v 0.047314 0.744971 0.377588
v -0.047314 0.744971 0.377588
v 0.704150 -0.167920 0.377588
v -0.704150 -0.167920 0.377588
v 0.611377 -0.149365 0.377588
v -0.611377 -0.149365 0.377588
v 0.635498 -0.045459 0.377588
v -0.635498 -0.045459 0.377588
v 0.000928 0.557568 0.377588
v 0.279248 -0.908252 0.379443
v -0.279248 -0.908252 0.379443
v 0.654053 -0.279248 0.379443
v -0.654053 -0.279248 0.379443
v 0.552002 -0.117822 0.379443
v -0.552002 -0.117822 0.379443
v 0.700439 -0.145654 0.379443
v -0.700439 -0.145654 0.379443
v 0.169775 0.372021 0.381299
v -0.169775 0.372021 0.381299
v 0.245850 -0.908252 0.381299
v -0.245850 -0.908252 0.381299
v 0.051025 0.704150 0.381299
v -0.051025 0.704150 0.381299
v 0.613232 -0.329346 0.383154
v -0.613232 -0.329346 0.383154
v 0.052881 0.711572 0.383154
v -0.052881 0.711572 0.383154
v 0.718994 -0.106689 0.383154
v -0.718994 -0.106689 0.383154
v 0.167920 0.416553 0.385010
v -0.167920 0.416553 0.385010
v 0.726416 -0.121533 0.385010
v -0.726416 -0.121533 0.385010
v 0.574268 -0.026904 0.385010
v -0.574268 -0.026904 0.385010
v 0.019482 0.552002 0.385010
v -0.019482 0.552002 0.385010
v 0.694873 -0.299658 0.386865
v -0.694873 -0.299658 0.386865
v 0.702295 -0.093701 0.388721
v -0.702295 -0.093701 0.388721
v 0.000928 0.511182 0.388721
v 0.000928 0.548291 0.390576
v 0.049170 0.629932 0.390576
v -0.049170 0.629932 0.390576
v 0.064014 0.219873 0.390576
v -0.064014 0.219873 0.390576
v 0.054736 0.683740 0.392432
v -0.054736 0.683740 0.392432
v 0.709717 -0.097412 0.392432
v -0.709717 -0.097412 0.392432
v 0.043604 0.667041 0.392432
v -0.043604 0.667041 0.392432
v 0.672607 -0.102979 0.392432
v -0.672607 -0.102979 0.392432
v 0.038037 0.693018 0.392432
v -0.038037 0.693018 0.392432
v 0.043604 0.581689 0.392432
v -0.043604 0.581689 0.392432
v 0.041748 0.598389 0.392432
v -0.041748 0.598389 0.392432
v 0.581689 -0.128955 0.394287
v -0.581689 -0.128955 0.394287
v 0.670752 -0.219873 0.394287
v -0.670752 -0.219873 0.394287
v 0.073291 0.264404 0.394287
v -0.073291 0.264404 0.394287
v 0.279248 -0.949072 0.394287
v -0.279248 -0.949072 0.394287
v 0.025049 0.750537 0.394287
v -0.025049 0.750537 0.394287
v 0.000928 0.223584 0.394287
v 0.629932 -0.169775 0.394287
v -0.629932 -0.169775 0.394287
v 0.670752 -0.232861 0.396143
v -0.670752 -0.232861 0.396143
v 0.045459 0.676318 0.396143
v -0.045459 0.676318 0.396143
v 0.724561 -0.132666 0.396143
v -0.724561 -0.132666 0.396143
v 0.038037 0.681885 0.396143
v -0.038037 0.681885 0.396143
v -0.038037 0.706006 0.396143
v 0.038037 0.706006 0.396143
v 0.540869 -0.132666 0.396143
v -0.540869 -0.132666 0.396143
v 0.000928 0.750537 0.397998
v 0.691162 -0.147510 0.397998
v -0.691162 -0.147510 0.397998
v 0.663330 -0.273682 0.397998
v -0.663330 -0.273682 0.397998
v 0.049170 0.733838 0.397998
v -0.049170 0.733838 0.397998
v 0.663330 -0.097412 0.399854
v -0.663330 -0.097412 0.399854
v 0.245850 -0.949072 0.399854
v -0.245850 -0.949072 0.399854
v 0.702295 -0.232861 0.399854
v -0.702295 -0.232861 0.399854
v 0.069580 0.472217 0.401709
v -0.069580 0.472217 0.401709
v 0.706006 -0.218018 0.401709
v -0.706006 -0.218018 0.401709
v 0.564990 -0.056592 0.403564
v -0.564990 -0.056592 0.403564
v 0.047314 0.718994 0.405420
v -0.047314 0.718994 0.405420
v 0.000928 0.258838 0.405420
v 0.704150 -0.099268 0.405420
v -0.704150 -0.099268 0.405420
v 0.592822 -0.125244 0.405420
v -0.592822 -0.125244 0.405420
v 0.566846 -0.141943 0.407275
v -0.566846 -0.141943 0.407275
v 0.672607 -0.117822 0.407275
v -0.672607 -0.117822 0.407275
v 0.531592 -0.106689 0.407275
v -0.531592 -0.106689 0.407275
v 0.052881 0.674463 0.407275
v -0.052881 0.674463 0.407275
v 0.681885 -0.281103 0.407275
v -0.681885 -0.281103 0.407275
v 0.019482 0.557568 0.407275
v -0.019482 0.557568 0.407275
v 0.021338 0.693018 0.407275
v -0.021338 0.693018 0.407275
v 0.743115 -0.088135 0.407275
v -0.743115 -0.088135 0.407275
v 0.746826 -0.095557 0.409131
v -0.746826 -0.095557 0.409131
v 0.680029 -0.136377 0.409131
v -0.680029 -0.136377 0.409131
v 0.717139 -0.134521 0.409131
v -0.717139 -0.134521 0.409131
v -0.047314 0.579834 0.409131
v 0.047314 0.579834 0.409131
v 0.021338 0.594678 0.410986
v -0.021338 0.594678 0.410986
v 0.021338 0.698584 0.410986
v -0.021338 0.698584 0.410986
v 0.019482 0.696729 0.412842
v -0.019482 0.696729 0.412842
v 0.739404 -0.084424 0.412842
v -0.739404 -0.084424 0.412842
v 0.596533 -0.082568 0.412842
v -0.596533 -0.082568 0.412842
v 0.631787 -0.134521 0.412842
v -0.631787 -0.134521 0.412842
v 0.026904 0.576123 0.412842
v -0.026904 0.576123 0.412842
v 0.056592 0.650342 0.412842
v -0.056592 0.650342 0.412842
v 0.000928 0.555713 0.414697
v 0.746826 -0.101123 0.414697
v -0.746826 -0.101123 0.414697
v 0.707861 -0.154932 0.414697
v -0.707861 -0.154932 0.414697
v 0.626221 -0.102979 0.414697
v -0.626221 -0.102979 0.414697
v 0.208740 -0.949072 0.414697
v -0.208740 -0.949072 0.414697
v 0.661475 -0.253271 0.414697
v -0.661475 -0.253271 0.414697
v 0.052881 0.594678 0.414697
v -0.052881 0.594678 0.414697
v 0.000928 0.594678 0.414697
v 0.000928 0.702295 0.416553
v 0.021338 0.587256 0.416553
v -0.021338 0.587256 0.416553
v 0.531592 -0.140088 0.416553
v -0.531592 -0.140088 0.416553
v 0.019482 0.553857 0.416553
v -0.019482 0.553857 0.416553
v 0.702295 -0.110400 0.416553
v -0.702295 -0.110400 0.416553
v 0.680029 -0.262549 0.416553
v -0.680029 -0.262549 0.416553
v 0.637353 -0.158643 0.418408
v -0.637354 -0.158643 0.418408
v 0.000928 0.702295 0.418408
v 0.069580 0.412842 0.418408
v -0.069580 0.412842 0.418408
v 0.000928 0.475928 0.418408
v 0.707861 -0.125244 0.418408
v -0.707861 -0.125244 0.418408
v 0.000928 0.730127 0.418408
v 0.019482 0.676318 0.418408
v -0.019482 0.676318 0.418408
v 0.025049 0.631787 0.418408
v -0.025049 0.631787 0.418408
v 0.077002 0.366455 0.418408
v -0.077002 0.366455 0.418408
v 0.019482 0.730127 0.418408
v -0.019482 0.730127 0.418408
v 0.000928 0.685596 0.418408
v 0.735693 -0.084424 0.420264
v -0.735693 -0.084424 0.420264
v 0.056592 0.622510 0.420264
v -0.056592 0.622510 0.420264
v 0.000928 0.587256 0.420264
v 0.000928 0.698584 0.420264
v 0.743115 -0.102979 0.422119
v -0.743115 -0.102979 0.422119
v 0.000928 0.550147 0.422119
v 0.021338 0.713428 0.422119
v -0.021338 0.713428 0.422119
v 0.577979 -0.130811 0.422119
v -0.577978 -0.130811 0.422119
v 0.646631 -0.208740 0.422119
v -0.646631 -0.208740 0.422119
v 0.080713 0.325635 0.422119
v -0.080713 0.325635 0.422119
v 0.019482 0.665186 0.422119
v -0.019482 0.665186 0.422119
v 0.552002 -0.151221 0.422119
v -0.552002 -0.151221 0.422119
v 0.000928 0.576123 0.422119
v 0.000928 0.713428 0.423975
v 0.019482 0.696729 0.423975
v -0.019482 0.696729 0.423975
v 0.674463 -0.145654 0.423975
v -0.674463 -0.145654 0.423975
v 0.735693 -0.089990 0.423975
v -0.735693 -0.089990 0.423975
v 0.000928 0.672607 0.425830
v 0.522314 -0.128955 0.425830
v -0.522314 -0.128955 0.425830
v 0.737549 -0.097412 0.425830
v -0.737549 -0.097412 0.425830
v 0.613232 -0.305225 0.425830
v -0.613232 -0.305225 0.425830
v 0.000928 0.631787 0.427686
v 0.000928 0.665186 0.427686
v 0.000928 0.694873 0.429541
v 0.548291 -0.093701 0.429541
v -0.548291 -0.093701 0.429541
v 0.000928 0.702295 0.429541
v -0.004639 0.691162 0.429541
v 0.004639 0.691162 0.429541
v 0.574268 -0.110400 0.431396
v -0.574268 -0.110400 0.431396
v -0.008350 0.687451 0.431396
v 0.008350 0.687451 0.431396
v 0.000928 0.581689 0.431396
v 0.769092 -0.058447 0.433252
v -0.769092 -0.058447 0.433252
v -0.004639 0.583545 0.433252
v 0.004639 0.583545 0.433252
v 0.021338 0.570557 0.433252
v -0.021338 0.570557 0.433252
v -0.004639 0.681885 0.433252
v 0.004639 0.681885 0.433252
v 0.019482 0.676318 0.433252
v -0.019482 0.676318 0.433252
v 0.000928 0.680029 0.433252
v -0.008350 0.589111 0.435107
v 0.008350 0.589111 0.435107
v -0.004639 0.594678 0.436963
v 0.004639 0.594678 0.436963
v 0.644775 -0.242139 0.436963
v -0.644775 -0.242139 0.436963
v 0.000928 0.596533 0.436963
v 0.715283 -0.208740 0.436963
v -0.715283 -0.208740 0.436963
v 0.000928 0.418408 0.436963
v 0.000928 0.570557 0.438818
v 0.000928 0.672607 0.438818
v 0.564990 -0.145654 0.438818
v -0.564990 -0.145654 0.438818
v -0.004639 0.670752 0.438818
v 0.004639 0.670752 0.438818
v 0.000928 0.676318 0.438818
v -0.008350 0.665186 0.438818
v 0.008350 0.665186 0.438818
v 0.000928 0.333057 0.438818
v 0.021338 0.654053 0.440674
v -0.021338 0.654053 0.440674
v -0.004639 0.659619 0.440674
v 0.004639 0.659619 0.440674
v 0.000928 0.657764 0.440674
v 0.526025 -0.203174 0.440674
v -0.526025 -0.203174 0.440674
v 0.655908 -0.199463 0.442529
v -0.655908 -0.199463 0.442529
v 0.000928 0.600244 0.442529
v 0.023193 0.590967 0.442529
v -0.023193 0.590967 0.442529
v -0.004639 0.602100 0.442529
v 0.004639 0.602100 0.442529
v -0.008350 0.607666 0.444385
v 0.008350 0.607666 0.444385
v 0.000928 0.373877 0.444385
v 0.000928 0.654053 0.444385
v 0.000928 0.622510 0.446240
v -0.004639 0.624365 0.446240
v 0.004639 0.624365 0.446240
v -0.008350 0.629932 0.446240
v 0.008350 0.629932 0.446240
v -0.004639 0.635498 0.446240
v 0.004639 0.635498 0.446240
v 0.000928 0.637353 0.446240
v -0.004639 0.613232 0.446240
v 0.004639 0.613232 0.446240
v 0.021338 0.618799 0.446240
v -0.021338 0.618799 0.446240
v 0.000928 0.615088 0.446240
v 0.000928 0.590967 0.448096
v 0.687451 -0.262549 0.448096
v -0.687451 -0.262549 0.448096
v 0.000928 0.616943 0.451807
v 0.557568 -0.132666 0.451807
v -0.557568 -0.132666 0.451807
v 0.683740 -0.193896 0.453662
v -0.683740 -0.193896 0.453662
v 0.531592 -0.117822 0.453662
v -0.531592 -0.117822 0.453662
v 0.650342 -0.238428 0.455518
v -0.650342 -0.238428 0.455518
v 0.663330 -0.243994 0.461084
v -0.663330 -0.243994 0.461084
v 0.000928 0.704150 0.488916
v 0.000928 0.566846 0.490771
v 0.000928 0.674463 0.498193
v 0.000928 0.590967 0.501904
v 0.000928 0.628076 0.505615
vn -0.5100 -0.8500 -0.1320
vn -0.4431 0.8862 0.1355
vn -0.9440 -0.3191 -0.0843
vn 0.9440 -0.3191 -0.0843
vn 0.9323 -0.3606 0.0265
vn -0.9323 -0.3606 0.0265
vn -0.5171 0.8557 0.0185
vn -0.4500 -0.8928 -0.0214
vn 0.4526 -0.8265 -0.3348
vn -0.5054 -0.7992 -0.3254
vn -0.9370 0.3093 0.1625
vn 0.9370 0.3093 0.1625
vn -0.9429 -0.3295 -0.0485
vn -0.9429 0.3295 0.0485
vn -0.4602 -0.8599 -0.2209
vn -0.5131 0.8317 0.2121
vn 0.0185 0.0104 -0.9998
vn 0.0192 -0.0102 0.9998
vn 0.0185 0.0208 -0.9996
vn -0.0192 0.0210 -0.9996
vn 0.4710 0.8227 0.3183
vn -0.4288 0.8428 0.3253
vn -0.9448 0.2971 0.1384
vn -0.9448 -0.2971 -0.1384
vn -0.9374 -0.3410 -0.0707
vn 0.9374 -0.3410 -0.0707
vn -0.0107 0.9917 0.1280
vn -0.0113 -0.9917 -0.1280
vn 0.8683 -0.4914 -0.0675
vn -0.8683 -0.4914 -0.0675
vn 0.7338 0.3666 0.5720
vn -0.7338 0.3666 0.5720
vn -0.8641 -0.4809 0.1485
vn -0.8641 0.4809 -0.1485
vn -0.0000 0.9932 -0.1168
vn -0.0000 -0.9932 0.1168
vn 0.4376 0.8689 0.2313
vn 0.4802 -0.8478 -0.2250
vn -0.1158 -0.1701 0.9786
vn 0.1158 -0.1701 0.9786
vn 0.0940 -0.8795 -0.4666
vn 0.0940 0.8795 0.4666
vn -0.3988 0.8803 0.2570
vn -0.3988 -0.8803 -0.2570
vn -0.1668 -0.2114 0.9631
vn 0.1668 -0.2114 0.9631
vn 0.1424 -0.9786 0.1486
vn 0.1424 0.9786 -0.1486
vn 0.3882 -0.8882 -0.2459
vn 0.3882 0.8882 0.2459
vn -0.7256 0.6582 -0.2009
vn 0.7256 0.6582 -0.2009
vn 0.2692 -0.9486 0.1666
vn 0.2692 0.9486 -0.1666
vn -0.0000 0.1304 -0.9915
vn -0.2357 -0.2357 0.9428
vn 0.2357 -0.2357 0.9428
vn 0.8874 -0.4542 -0.0788
vn -0.8874 -0.4542 -0.0788
vn 0.0341 -0.1856 -0.9820
vn 0.0343 0.1853 0.9821
vn -0.2361 0.9215 0.3083
vn 0.2361 0.9215 0.3083
vn -0.5007 0.8605 -0.0939
vn -0.5007 -0.8605 0.0939
vn 0.0548 0.9792 0.1954
vn -0.0548 0.9792 0.1954
vn 0.8118 0.5438 0.2128
vn -0.8118 0.5438 0.2128
vn 0.3563 0.0938 -0.9297
vn -0.3563 0.0938 -0.9297
vn -0.1214 0.9108 0.3947
vn -0.1214 -0.9108 -0.3947
vn -0.0000 0.5432 -0.8396
vn -0.0000 -0.5432 0.8396
vn -0.4993 0.2780 0.8206
vn 0.4993 0.2780 0.8206
vn -0.4445 0.7743 0.4504
vn -0.4851 -0.7557 -0.4401
vn -0.1684 -0.5399 0.8247
vn 0.1684 -0.5399 0.8247
vn -0.7397 0.6222 -0.2564
vn -0.7397 -0.6222 0.2564
vn 0.3829 -0.8353 -0.3946
vn -0.4354 -0.8132 -0.3861
vn -0.9503 0.2604 0.1707
vn 0.9503 0.2604 0.1707
vn 0.9445 -0.2801 -0.1718
vn -0.9445 -0.2801 -0.1718
vn 0.9822 0.0775 -0.1713
vn -0.9822 0.0775 -0.1713
vn -0.8344 0.5287 -0.1557
vn 0.8344 0.5287 -0.1557
vn -0.0203 -0.5891 -0.8078
vn 0.0206 -0.5891 -0.8078
vn -0.9485 -0.3136 -0.0440
vn -0.9485 0.3136 0.0440
vn -0.9456 -0.2915 -0.1446
vn -0.9456 0.2915 0.1446
vn 0.3739 0.8894 0.2629
vn 0.4255 -0.8683 -0.2549
vn 0.5002 0.0918 -0.8611
vn -0.5002 0.0918 -0.8611
vn -0.4614 -0.7826 -0.4179
vn 0.5026 -0.7628 -0.4069
vn 0.0847 0.9963 -0.0160
vn 0.0847 -0.9963 0.0160
vn 0.8043 0.5015 0.3188
vn 0.8043 -0.5015 -0.3188
vn 0.0956 0.1453 -0.9848
vn -0.0956 0.1453 -0.9848
vn 0.1386 0.8535 0.5023
vn -0.1386 0.8535 0.5023
vn -0.7622 -0.4808 -0.4335
vn 0.7622 -0.4808 -0.4335
vn -0.1723 -0.7313 0.6599
vn -0.1723 0.7313 -0.6599
vn -0.6321 0.6908 0.3509
vn 0.6321 0.6908 0.3509
vn 0.0134 -0.7874 0.6163
vn 0.0140 0.7874 -0.6162
vn 0.2929 -0.4091 -0.8642
vn 0.2929 0.4091 0.8642
vn -0.5422 0.4788 0.6905
vn 0.5422 0.4788 0.6905
vn -0.4137 -0.6676 0.6190
vn 0.4137 -0.6676 0.6190
vn 0.9418 -0.2621 0.2106
vn -0.9418 -0.2621 0.2106
vn -0.3077 -0.7062 0.6377
vn -0.3077 0.7062 -0.6377
vn 0.9872 -0.1150 -0.1102
vn -0.9872 -0.1150 -0.1102
vn -0.5484 0.8359 0.0214
vn 0.5484 0.8359 0.0214
vn -0.8239 -0.5567 -0.1056
vn -0.8239 0.5567 0.1056
vn -0.2960 -0.7368 0.6078
vn 0.2960 -0.7368 0.6078
vn -0.1321 -0.9782 -0.1601
vn 0.1321 -0.9782 -0.1601
vn 0.2651 -0.6039 -0.7517
vn -0.2651 -0.6039 -0.7517
vn 0.9907 0.1162 -0.0707
vn -0.9907 0.1162 -0.0707
vn -0.0471 0.0965 0.9942
vn 0.0471 0.0965 0.9942
vn 0.2328 0.7469 -0.6229
vn 0.2328 -0.7469 0.6229
vn -0.6973 -0.4321 0.5719
vn -0.6973 0.4321 -0.5719
vn 0.0991 -0.2664 -0.9588
vn 0.0991 0.2664 0.9588
vn -0.8425 0.0215 0.5383
vn 0.8425 0.0215 0.5383
vn 0.0979 -0.5410 -0.8353
vn -0.0994 -0.5410 -0.8351
vn -0.3206 -0.3990 -0.8591
vn -0.3206 0.3990 0.8591
vn -0.1167 -0.2597 0.9586
vn 0.1167 -0.2597 0.9586
vn 0.1279 0.2415 -0.9619
vn 0.1279 -0.2415 0.9619
vn 0.6270 0.3847 -0.6774
vn 0.6270 -0.3847 0.6774
vn -0.0905 -0.0000 0.9959
vn 0.0905 -0.0000 0.9959
vn -0.1535 -0.0452 -0.9871
vn 0.1605 -0.0459 -0.9860
vn 0.0297 0.2308 0.9726
vn 0.0297 -0.2308 -0.9726
vn -0.1149 -0.2264 -0.9672
vn -0.1198 0.2262 0.9667
vn -0.7555 -0.2045 0.6224
vn 0.7555 -0.2045 0.6224
vn 0.2827 -0.4334 -0.8557
vn -0.2827 -0.4334 -0.8557
vn 0.3196 0.5862 0.7445
vn -0.3196 0.5862 0.7445
vn 0.0804 0.4514 -0.8887
vn -0.0813 0.4501 -0.8893
vn -0.1414 -0.9170 -0.3730
vn 0.1414 -0.9170 -0.3730
vn 0.7889 0.4951 0.3641
vn -0.7889 0.4951 0.3641
vn -0.0000 -0.9514 0.3078
vn -0.0000 0.9514 -0.3078
vn -0.5981 0.7604 0.2532
vn 0.5981 0.7604 0.2532
vn 0.7571 0.1157 -0.6430
vn 0.7571 -0.1157 0.6430
vn -0.2805 0.2173 0.9349
vn 0.2848 0.2173 0.9336
vn 0.4319 -0.7707 -0.4684
vn -0.4719 -0.7532 -0.4583
vn -0.6324 0.1641 0.7571
vn 0.6324 0.1641 0.7571
vn -0.9578 0.2115 -0.1945
vn -0.9578 -0.2115 0.1945
vn 0.1627 0.2085 -0.9644
vn -0.1655 0.2084 -0.9639
vn 0.8604 -0.3193 -0.3972
vn -0.8604 -0.3193 -0.3972
vn -0.0000 0.3162 0.9487
vn -0.0000 -0.3162 -0.9487
vn 0.5351 -0.6369 -0.5550
vn 0.5351 0.6369 0.5550
vn -0.1315 -0.5688 -0.8119
vn 0.1379 -0.5678 -0.8116
vn 0.3037 0.6548 0.6921
vn -0.3037 0.6548 0.6921
vn 0.9872 -0.1495 -0.0563
vn -0.9872 -0.1495 -0.0563
vn -0.6332 -0.0770 0.7701
vn -0.6332 0.0770 -0.7701
vn -0.1839 -0.1776 0.9668
vn -0.1839 0.1776 -0.9668
vn -0.9904 -0.1341 0.0333
vn -0.9904 0.1341 -0.0333
vn -0.3195 0.1558 0.9347
vn 0.3195 0.1558 0.9347
vn 0.5641 -0.8257 -0.0082
vn 0.5641 0.8257 0.0082
vn -0.9478 0.2649 0.1776
vn 0.9478 0.2649 0.1776
vn 0.5242 0.2940 -0.7992
vn -0.5242 0.2940 -0.7992
vn -0.0977 -0.4957 0.8630
vn -0.0977 0.4957 -0.8630
vn -0.0142 0.1935 -0.9810
vn -0.0142 -0.1935 0.9810
vn -0.7995 -0.5879 -0.1233
vn 0.7995 -0.5879 -0.1233
vn -0.1849 -0.9722 -0.1436
vn -0.1849 0.9722 0.1436
vn 0.3854 0.1664 0.9076
vn 0.3854 -0.1664 -0.9076
vn 0.4059 0.8762 -0.2598
vn -0.4059 0.8762 -0.2598
vn -0.5351 -0.8246 0.1837
vn 0.5351 -0.8246 0.1837
vn 0.0494 0.1914 -0.9803
vn -0.0494 0.1914 -0.9803
vn 0.2815 0.8967 -0.3415
vn -0.2815 0.8967 -0.3415
vn -0.4865 0.1377 0.8628
vn -0.4865 -0.1377 -0.8628
vn 0.4044 0.8936 -0.1946
vn 0.4044 -0.8936 0.1946
vn 0.9484 0.2890 0.1306
vn 0.9484 -0.2890 -0.1306
vn 0.3940 -0.3884 -0.8330
vn 0.3940 0.3884 0.8330
vn 0.0116 0.1669 0.9859
vn 0.0116 -0.1669 -0.9859
vn -0.2010 -0.9573 0.2079
vn 0.2010 -0.9573 0.2079
vn 0.0269 -0.4578 0.8887
vn -0.0269 -0.4578 0.8887
vn -0.2003 -0.6965 -0.6891
vn 0.2003 -0.6965 -0.6891
vn -0.1738 -0.2540 0.9515
vn -0.1738 0.2540 -0.9515
vn 0.3375 -0.2604 0.9046
vn -0.3375 -0.2604 0.9046
vn -0.3010 0.0539 0.9521
vn -0.3010 -0.0539 -0.9521
vn 0.4509 0.8700 -0.1993
vn -0.4509 0.8700 -0.1993
vn 0.5411 0.0767 0.8374
vn -0.5411 0.0767 0.8374
vn -0.5937 -0.0958 0.7990
vn 0.5937 -0.0958 0.7990
vn -0.0145 -0.4632 0.8861
vn 0.0145 -0.4632 0.8861
vn -0.7849 -0.5816 0.2136
vn 0.7849 -0.5816 0.2136
vn -0.4082 -0.8165 -0.4083
vn 0.4471 -0.8002 -0.3997
vn 0.0806 0.2418 0.9670
vn -0.0806 0.2418 0.9670
vn 0.0704 -0.2567 -0.9639
vn 0.0704 0.2567 0.9639
vn 0.9624 0.1481 -0.2278
vn -0.9624 0.1481 -0.2278
vn -0.5342 0.2588 0.8048
vn -0.5342 -0.2588 -0.8048
vn 0.3035 0.5662 -0.7664
vn 0.3035 -0.5662 0.7664
vn 0.7614 0.5698 -0.3091
vn -0.7614 0.5698 -0.3091
vn -0.0911 0.2419 -0.9660
vn 0.0911 0.2419 -0.9660
vn 0.7666 0.6103 0.1995
vn -0.7666 0.6103 0.1995
vn 0.2802 0.0510 -0.9586
vn -0.2802 0.0510 -0.9586
vn 0.5113 -0.2470 0.8232
vn -0.5113 -0.2470 0.8232
vn 0.3773 0.4771 0.7937
vn 0.3773 -0.4771 -0.7937
vn -0.5341 -0.0021 0.8454
vn 0.5341 -0.0021 0.8454
vn -0.8289 -0.1545 0.5376
vn 0.8289 -0.1545 0.5376
vn -0.0210 -0.3845 0.9229
vn 0.0220 -0.3845 0.9229
vn -0.3542 -0.5499 0.7564
vn 0.3542 -0.5499 0.7564
vn -0.6595 -0.2992 0.6896
vn 0.6595 -0.2992 0.6896
vn -0.2377 -0.5573 -0.7956
vn 0.2377 -0.5573 -0.7956
vn -0.9190 -0.3211 0.2288
vn 0.9190 -0.3211 0.2288
vn -0.6148 -0.4115 0.6729
vn 0.6148 -0.4115 0.6729
vn 0.1255 -0.2884 -0.9493
vn -0.1255 -0.2884 -0.9493
vn 0.9100 0.1433 -0.3890
vn -0.9100 0.1433 -0.3890
vn -0.1379 -0.3892 0.9107
vn -0.1379 0.3892 -0.9108
vn -0.8781 -0.2550 0.4048
vn 0.8781 -0.2550 0.4048
vn 0.8261 0.4218 -0.3737
vn -0.8261 0.4218 -0.3737
vn -0.9212 -0.3503 0.1692
vn 0.9212 -0.3503 0.1692
vn 0.0398 -0.3711 0.9277
vn 0.0398 0.3711 -0.9277
vn -0.4298 0.0898 0.8985
vn 0.4298 0.0898 0.8985
vn 0.7675 -0.5147 -0.3821
vn 0.7675 0.5147 0.3821
vn 0.0260 -0.1086 -0.9937
vn -0.0260 -0.1086 -0.9937
vn -0.0231 -0.4802 0.8768
vn 0.0231 -0.4802 0.8768
vn -0.8847 -0.2128 0.4147
vn -0.8847 0.2128 -0.4147
vn 0.2257 -0.8662 0.4458
vn 0.2257 0.8662 -0.4458
vn 0.0018 -0.5637 0.8260
vn 0.0018 0.5637 -0.8260
vn -0.0000 -0.0000 1.0000
vn -0.8283 -0.1263 0.5459
vn -0.8283 0.1263 -0.5459
vn -0.0930 0.9269 0.3635
vn 0.0930 0.9269 0.3635
vn -0.7994 -0.1812 -0.5728
vn 0.7994 -0.1812 -0.5728
vn -0.8130 0.0843 -0.5761
vn 0.8130 0.0843 -0.5761
vn 0.8778 -0.2351 -0.4173
vn 0.8778 0.2351 0.4173
vn -0.1335 -0.8543 -0.5023
vn 0.1422 -0.8531 -0.5021
vn -0.0000 -0.7682 0.6402
vn -0.0000 0.7682 -0.6402
vn 0.6099 0.1912 -0.7691
vn -0.6099 0.1912 -0.7691
vn -0.7791 0.0822 0.6214
vn -0.7791 -0.0822 -0.6214
vn 0.7418 -0.2230 -0.6325
vn -0.7418 -0.2230 -0.6325
vn 0.8616 -0.1387 -0.4883
vn 0.8616 0.1387 0.4883
vn 0.7295 0.5960 -0.3355
vn 0.7295 -0.5960 0.3355
vn 0.9947 0.0949 -0.0396
vn -0.9947 0.0949 -0.0396
vn 0.7284 0.2896 0.6209
vn -0.7284 0.2896 0.6209
vn -0.0922 0.9433 -0.3189
vn -0.0922 -0.9433 0.3189
vn -0.7255 -0.1762 0.6653
vn 0.7255 -0.1762 0.6653
vn 0.7809 0.2708 0.5629
vn 0.7809 -0.2708 -0.5629
vn 0.7533 -0.0838 -0.6523
vn -0.7533 -0.0838 -0.6523
vn -0.9383 -0.3291 0.1065
vn 0.9383 -0.3291 0.1066
vn 0.8305 0.1466 -0.5374
vn -0.8305 0.1466 -0.5374
vn 0.7201 -0.0330 -0.6931
vn 0.7201 0.0330 0.6931
vn 0.1178 -0.2817 -0.9522
vn -0.1178 -0.2817 -0.9522
vn -0.9746 0.1410 0.1738
vn -0.9746 -0.1410 -0.1738
vn -0.6632 -0.7067 -0.2463
vn 0.6632 -0.7067 -0.2463
vn -0.7942 0.3252 -0.5134
vn 0.7942 0.3252 -0.5134
vn -0.6626 -0.0159 0.7488
vn -0.6626 0.0159 -0.7488
vn 0.7071 -0.0000 0.7071
vn -0.7071 -0.0000 0.7071
vn 0.9704 0.2392 0.0342
vn -0.9704 0.2392 0.0342
vn 0.8713 -0.3309 -0.3625
vn 0.8713 0.3309 0.3625
vn 0.9194 0.3890 -0.0589
vn -0.9194 0.3890 -0.0589
vn -0.7740 0.0167 -0.6330
vn -0.7740 -0.0167 0.6330
vn 0.6190 0.3584 0.6989
vn -0.6190 0.3584 0.6989
vn 0.3395 -0.1471 -0.9290
vn 0.3395 0.1471 0.9290
vn 0.8611 0.1587 -0.4831
vn 0.8611 -0.1587 0.4831
vn 0.1528 -0.3976 0.9047
vn -0.1528 -0.3976 0.9047
vn -0.7573 0.1055 -0.6445
vn 0.7573 0.1055 -0.6445
vn -0.7802 -0.6127 0.1262
vn -0.7802 0.6127 -0.1262
vn -0.4632 -0.6209 -0.6324
vn 0.4632 -0.6209 -0.6324
vn -0.8660 -0.3471 0.3601
vn -0.8660 0.3471 -0.3601
vn 0.0967 0.9514 -0.2924
vn -0.0967 0.9514 -0.2924
vn 0.0097 0.9998 -0.0165
vn 0.0097 -0.9998 0.0165
vn -0.9641 -0.0631 -0.2579
vn -0.9641 0.0631 0.2579
vn -0.5226 -0.8368 -0.1632
vn 0.5226 -0.8368 -0.1632
vn 0.9515 -0.1199 0.2835
vn -0.9515 -0.1199 0.2835
vn 0.5514 0.4525 -0.7008
vn -0.5514 0.4525 -0.7008
vn 0.0040 0.3238 -0.9461
vn -0.0040 0.3238 -0.9461
vn 0.7935 0.4561 -0.4030
vn -0.7935 0.4561 -0.4030
vn -0.7274 0.5447 0.4174
vn 0.7274 0.5447 0.4174
vn 0.2824 0.9493 0.1384
vn -0.2824 0.9493 0.1384
vn -0.0524 0.1774 0.9827
vn 0.0524 0.1774 0.9827
vn -0.7880 0.2193 -0.5752
vn 0.7880 0.2193 -0.5752
vn 0.6021 0.6777 0.4221
vn -0.6021 0.6777 0.4221
vn 0.9366 -0.0882 0.3391
vn -0.9366 -0.0882 0.3391
vn 0.4598 0.4527 0.7640
vn -0.4598 0.4527 0.7640
vn -0.3186 0.8911 -0.3232
vn 0.3186 0.8911 -0.3232
vn 0.8992 0.0698 -0.4319
vn 0.8992 -0.0698 0.4319
vn 0.9604 0.2693 0.0714
vn -0.9604 0.2693 0.0714
vn -0.3176 -0.5452 -0.7758
vn 0.3176 -0.5452 -0.7758
vn -0.9648 -0.2524 -0.0735
vn 0.9648 -0.2524 -0.0735
vn -0.5774 -0.0199 -0.8162
vn -0.5774 0.0199 0.8162
vn -0.7106 0.5740 0.4069
vn -0.7106 -0.5740 -0.4069
vn 0.9954 0.0955 0.0123
vn -0.9954 0.0955 0.0123
vn 0.6441 0.0477 -0.7634
vn -0.6441 0.0477 -0.7634
vn 0.7390 -0.1532 -0.6561
vn -0.7390 -0.1532 -0.6561
vn 0.5201 0.0628 -0.8518
vn 0.5201 -0.0628 0.8518
vn 0.7588 0.3203 -0.5672
vn 0.7588 -0.3203 0.5672
vn 0.5430 -0.7695 0.3362
vn -0.5430 -0.7695 0.3362
vn 0.0089 -0.9315 0.3637
vn 0.0093 0.9315 -0.3637
vn 0.4591 0.2891 0.8400
vn -0.4591 0.2891 0.8400
vn -0.6250 0.0075 -0.7806
vn -0.6250 -0.0075 0.7806
vn 0.6989 -0.6224 0.3525
vn -0.6989 -0.6224 0.3525
vn -0.9517 0.1842 -0.2456
vn 0.9517 0.1842 -0.2456
vn -0.6622 -0.5263 -0.5334
vn 0.6622 -0.5263 -0.5334
vn 0.8100 -0.1874 0.5556
vn -0.8100 -0.1874 0.5556
vn 0.5693 0.6971 0.4357
vn 0.5693 -0.6971 -0.4357
vn -0.8143 -0.5441 0.2021
vn 0.8143 -0.5441 0.2021
vn -0.6304 0.6855 0.3643
vn -0.6304 -0.6855 -0.3643
vn -0.6766 0.5613 -0.4767
vn -0.6766 -0.5613 0.4767
vn -0.5478 -0.7636 0.3418
vn 0.5478 -0.7636 0.3418
vn 0.5916 -0.2416 -0.7692
vn 0.5916 0.2416 0.7692
vn 0.1561 0.5647 0.8104
vn -0.1561 0.5647 0.8104
vn 0.6848 -0.1767 -0.7069
vn -0.6848 -0.1767 -0.7069
vn -0.4993 -0.4265 0.7542
vn 0.4993 -0.4265 0.7542
vn -0.7604 -0.5687 -0.3137
vn 0.7604 -0.5687 -0.3137
vn 0.9679 0.2380 0.0804
vn 0.9679 -0.2380 -0.0804
vn -0.9773 -0.0035 0.2117
vn -0.9773 0.0035 -0.2117
vn 0.3528 0.9351 -0.0343
vn -0.3528 0.9351 -0.0343
vn -0.9974 -0.0624 -0.0356
vn 0.9974 -0.0623 -0.0356
vn -0.9881 -0.0768 -0.1333
vn 0.9881 -0.0768 -0.1333
vn 0.5751 -0.3958 -0.7160
vn -0.5751 -0.3958 -0.7160
vn 0.9889 0.1236 0.0824
vn -0.9889 0.1236 0.0824
vn 0.9521 0.2678 0.1479
vn -0.9521 0.2678 0.1479
vn -0.9208 -0.3466 -0.1788
vn -0.9208 0.3466 0.1788
vn 0.8149 0.5680 0.1152
vn -0.8149 0.5680 0.1152
vn -0.5363 -0.5572 -0.6340
vn -0.5363 0.5572 0.6340
vn 0.9102 0.3514 0.2192
vn -0.9102 0.3514 0.2192
vn -0.8231 -0.5556 -0.1174
vn -0.8231 0.5556 0.1174
vn -0.9894 -0.1236 0.0761
vn 0.9894 -0.1236 0.0761
vn 0.9864 -0.0000 0.1644
vn -0.9864 -0.0000 0.1644
vn 0.9796 0.2009 -0.0000
vn -0.9796 0.2009 -0.0000
vn -0.1647 -0.5178 -0.8395
vn -0.1647 0.5178 0.8395
vn 0.7201 -0.5889 0.3669
vn -0.7201 -0.5889 0.3669
vn 0.0681 0.3521 -0.9335
vn -0.0681 0.3521 -0.9335
vn 0.3854 0.4910 -0.7813
vn -0.3854 0.4910 -0.7813
vn 0.9290 0.2839 0.2374
vn -0.9290 0.2839 0.2374
vn -0.0917 -0.3873 -0.9174
vn -0.0917 0.3873 0.9174
vn -0.6914 0.6200 -0.3709
vn 0.6914 0.6200 -0.3709
vn -0.9717 -0.2125 -0.1028
vn 0.9717 -0.2125 -0.1028
vn -0.9504 0.0075 0.3111
vn 0.9504 0.0075 0.3111
vn -0.9537 0.2263 -0.1983
vn 0.9537 0.2263 -0.1983
vn 0.9889 0.1236 -0.0824
vn -0.9889 0.1236 -0.0824
vn -0.8406 0.3991 -0.3663
vn 0.8406 0.3991 -0.3663
vn -0.8592 -0.5104 0.0363
vn 0.8592 -0.5104 0.0363
vn 0.5517 -0.7126 -0.4334
vn 0.5517 0.7126 0.4334
vn 0.8417 0.0119 0.5398
vn -0.8417 0.0119 0.5398
vn 0.9924 0.0551 0.1102
vn -0.9924 0.0551 0.1102
vn 0.2573 0.3014 -0.9181
vn 0.2573 -0.3014 0.9181
vn -0.1720 0.4340 0.8843
vn 0.1720 0.4340 0.8843
vn 0.3335 -0.8387 -0.4304
vn 0.3335 0.8387 0.4304
vn -0.9316 -0.3622 -0.0313
vn 0.9316 -0.3622 -0.0313
vn 0.9958 0.0912 0.0039
vn -0.9958 0.0912 0.0039
vn 0.7577 0.3377 0.5585
vn -0.7577 0.3377 0.5585
vn 0.5297 -0.6882 0.4958
vn -0.5297 -0.6882 0.4958
vn 0.4151 0.7573 0.5041
vn 0.4151 -0.7573 -0.5041
vn -0.5646 -0.6913 0.4509
vn 0.5646 -0.6913 0.4509
vn 0.6985 -0.5433 -0.4657
vn 0.6985 0.5433 0.4657
vn 0.7686 0.6255 0.1342
vn -0.7686 0.6255 0.1342
vn 0.0970 0.8977 0.4298
vn 0.0970 -0.8977 -0.4298
vn -0.9664 -0.1512 -0.2077
vn 0.9664 -0.1512 -0.2077
vn 0.9300 -0.3665 -0.0268
vn -0.9300 -0.3665 -0.0268
vn 0.5888 0.8082 0.0075
vn -0.5889 0.8082 0.0075
vn -0.4648 0.2179 0.8582
vn 0.4648 0.2179 0.8582
vn -0.9821 -0.1040 0.1573
vn 0.9821 -0.1040 0.1573
vn -0.0638 -0.3925 -0.9175
vn 0.0638 -0.3925 -0.9175
vn 0.2560 0.3551 -0.8991
vn -0.2560 0.3551 -0.8991
vn -0.4170 -0.8416 -0.3432
vn 0.4170 -0.8416 -0.3432
vn -0.1489 0.8834 0.4443
vn -0.1489 -0.8834 -0.4443
vn 0.2613 -0.3920 -0.8821
vn -0.2613 -0.3920 -0.8821
vn 0.9983 -0.0293 0.0511
vn -0.9983 -0.0293 0.0511
vn 0.8345 0.5271 0.1603
vn -0.8345 0.5271 0.1603
vn -0.3428 0.3204 -0.8831
vn 0.3428 0.3204 -0.8831
vn -0.3287 0.3474 -0.8782
vn 0.3287 0.3474 -0.8782
vn 0.0774 -0.1813 0.9804
vn 0.0774 0.1813 -0.9804
vn 0.9837 0.1535 -0.0940
vn 0.9837 -0.1535 0.0940
vn 0.9384 -0.3411 0.0558
vn 0.9384 0.3411 -0.0558
vn -0.8401 -0.5179 -0.1611
vn 0.8401 -0.5179 -0.1611
vn -0.6990 -0.6287 -0.3407
vn 0.6990 -0.6287 -0.3407
vn 0.8918 0.0337 -0.4511
vn -0.8918 0.0337 -0.4511
vn -0.2276 0.2483 0.9415
vn 0.2276 0.2483 0.9415
vn 0.9640 0.2541 0.0780
vn -0.9640 0.2541 0.0780
vn 0.4538 0.8738 0.1750
vn -0.4538 0.8738 0.1750
vn -0.5073 -0.8014 -0.3169
vn 0.5073 -0.8014 -0.3169
vn 0.9762 -0.2168 0.0032
vn 0.4151 -0.0183 0.9096
vn 0.4151 0.0183 -0.9096
vn -0.8282 -0.5415 0.1446
vn 0.8282 -0.5415 0.1446
vn -0.0071 0.3696 -0.9292
vn -0.0071 -0.3696 0.9292
vn -0.3549 -0.8927 -0.2777
vn -0.3549 0.8927 0.2777
vn -0.9791 -0.0976 -0.1785
vn 0.9791 -0.0976 -0.1785
vn 0.6032 0.0862 -0.7929
vn -0.6032 0.0862 -0.7929
vn -0.9406 -0.3091 -0.1402
vn 0.9406 -0.3091 -0.1402
vn 0.0051 -0.9974 0.0718
vn 0.0051 0.9974 -0.0718
vn -0.9864 -0.0508 -0.1566
vn -0.9864 0.0508 0.1566
vn 0.1938 0.9034 -0.3826
vn 0.1938 -0.9034 0.3826
vn 0.1333 0.9690 0.2078
vn 0.1333 -0.9690 -0.2078
vn -0.1990 0.3980 0.8955
vn -0.1990 -0.3980 -0.8955
vn 0.5168 0.6984 -0.4951
vn 0.5168 -0.6984 0.4951
vn -0.3250 0.2729 -0.9055
vn -0.3250 -0.2729 0.9055
vn 0.1744 -0.3542 -0.9188
vn 0.1744 0.3542 0.9188
vn 0.1159 -0.3917 0.9128
vn 0.1159 0.3917 -0.9128
vn 0.2141 0.9039 0.3704
vn -0.2141 0.9039 0.3704
vn 0.9824 0.1853 -0.0217
vn -0.9824 0.1853 -0.0217
vn 0.3601 0.8372 -0.4116
vn -0.3601 0.8372 -0.4116
vn -0.1728 0.2665 0.9482
vn -0.1728 -0.2665 -0.9482
vn -0.1165 0.9202 0.3737
vn -0.1165 -0.9202 -0.3737
vn -0.9899 0.1414 -0.0000
vn 0.9899 0.1414 -0.0000
vn -0.9358 -0.3322 0.1182
vn 0.9358 -0.3322 0.1182
vn 0.9663 -0.2508 -0.0583
vn 0.9663 0.2508 0.0583
vn 0.9059 0.3527 0.2345
vn -0.9059 0.3527 0.2345
vn -0.2239 -0.8859 0.4062
vn 0.2239 -0.8859 0.4062
vn -0.1859 -0.1663 -0.9684
vn 0.1859 -0.1663 -0.9684
vn -0.4527 -0.5084 -0.7325
vn -0.4527 0.5084 0.7325
vn -0.2791 0.8936 0.3516
vn -0.2791 -0.8936 -0.3516
vn -0.4473 -0.8760 0.1805
vn -0.4473 0.8760 -0.1805
vn -0.8011 0.5947 0.0682
vn 0.8011 0.5947 0.0682
vn -0.3774 0.8139 0.4417
vn 0.3774 0.8139 0.4417
vn -0.7836 -0.4597 0.4179
vn -0.7836 0.4597 -0.4179
vn 0.7074 0.6872 -0.1652
vn 0.7074 -0.6872 0.1652
vn -0.0526 -0.8183 -0.5724
vn -0.0552 0.8182 0.5723
vn 0.8325 0.5279 -0.1682
vn -0.8325 0.5279 -0.1682
vn 0.1530 -0.2701 0.9506
vn -0.1530 -0.2701 0.9506
vn 0.9882 -0.0673 -0.1379
vn -0.9882 -0.0672 -0.1379
vn -0.9144 -0.3814 -0.1355
vn 0.9144 -0.3814 -0.1355
vn -0.9782 -0.2075 -0.0000
vn -0.1347 -0.9875 0.0819
vn -0.1347 0.9877 -0.0792
vn -0.3867 0.2133 -0.8972
vn 0.3867 0.2133 -0.8972
vn 0.4491 0.1204 -0.8854
vn 0.4491 -0.1204 0.8854
vn 0.2933 -0.9027 0.3149
vn -0.2933 -0.9027 0.3149
vn 0.0720 0.2357 0.9691
vn 0.0720 -0.2357 -0.9691
vn 0.0248 -0.3369 -0.9412
vn 0.0248 0.3369 0.9412
vn 0.8512 0.5203 0.0686
vn -0.8512 0.5203 0.0686
vn 0.9861 -0.1620 -0.0361
vn 0.9861 0.1620 0.0361
vn 0.1340 0.3894 0.9113
vn -0.1340 0.3894 0.9113
vn 0.7866 0.5883 -0.1875
vn -0.7866 0.5883 -0.1875
vn -0.9964 -0.0494 0.0687
vn 0.9964 -0.0494 0.0687
vn 0.1106 0.0600 0.9921
vn 0.1106 -0.0600 -0.9921
vn 0.9860 0.0798 0.1467
vn -0.9860 0.0798 0.1467
vn 0.4313 0.0921 -0.8975
vn -0.4313 0.0921 -0.8975
vn -0.9857 0.1284 0.1093
vn -0.9857 -0.1284 -0.1093
vn -0.7231 -0.0723 -0.6869
vn 0.7231 -0.0723 -0.6869
vn -0.9322 -0.1200 0.3415
vn 0.9322 -0.1200 0.3415
vn 0.9559 -0.2708 -0.1139
vn 0.9559 0.2708 0.1139
vn -0.7361 0.0287 -0.6762
vn -0.7361 -0.0287 0.6762
vn -0.8581 -0.1772 -0.4819
vn 0.8581 -0.1772 -0.4819
vn 0.5723 -0.0139 0.8199
vn -0.5723 -0.0139 0.8199
vn -0.9296 -0.0874 0.3580
vn 0.9296 -0.0874 0.3580
vn 0.9712 -0.2262 -0.0750
vn 0.9712 0.2262 0.0750
vn -0.9676 0.2503 0.0345
vn 0.9676 0.2503 0.0345
vn -0.9171 -0.0561 0.3946
vn 0.9171 -0.0561 0.3946
vn 0.2196 0.9218 0.3195
vn 0.2196 -0.9218 -0.3195
vn 0.2661 -0.8863 0.3791
vn -0.2661 -0.8863 0.3791
vn 0.1301 -0.2736 0.9530
vn 0.1301 0.2736 -0.9530
vn -0.3132 -0.4560 -0.8331
vn 0.3132 -0.4560 -0.8331
vn -0.7444 -0.4963 0.4467
vn 0.7444 -0.4963 0.4467
vn 0.1863 -0.3906 -0.9015
vn -0.1863 -0.3906 -0.9015
vn -0.3473 -0.8608 -0.3721
vn -0.3473 0.8608 0.3721
vn 0.4480 -0.8095 -0.3794
vn -0.4480 -0.8095 -0.3794
vn 0.7443 0.3052 0.5940
vn -0.7443 0.3052 0.5940
vn -0.6185 -0.0747 0.7822
vn 0.6185 -0.0747 0.7822
vn 0.6703 -0.6978 0.2525
vn 0.6703 0.6978 -0.2525
vn 0.1701 -0.9069 0.3854
vn -0.1701 -0.9069 0.3854
vn 0.1948 -0.9015 0.3865
vn 0.1948 0.9015 -0.3865
vn 0.6648 0.7102 0.2315
vn 0.6648 -0.7102 -0.2315
vn 0.2325 0.8995 0.3700
vn 0.2325 -0.8995 -0.3700
vn 0.2141 0.9039 -0.3704
vn -0.2141 0.9039 -0.3704
vn 0.2320 -0.1491 -0.9612
vn 0.2320 0.1491 0.9612
vn 0.0415 0.9274 0.3719
vn 0.0415 -0.9274 -0.3719
vn -0.6604 -0.3872 -0.6434
vn -0.6604 0.3872 0.6434
vn -0.0525 0.9000 -0.4328
vn -0.0525 -0.9000 0.4328
vn 0.2103 -0.3712 0.9044
vn -0.2103 -0.3712 0.9044
vn -0.8432 -0.3604 0.3989
vn 0.8432 -0.3604 0.3989
vn 0.2955 -0.2382 0.9252
vn 0.2955 0.2382 -0.9252
vn 0.1467 0.3364 0.9302
vn -0.1467 0.3364 0.9302
vn -0.1795 0.8354 -0.5195
vn -0.1795 -0.8354 0.5195
vn -0.4171 -0.5241 0.7425
vn -0.4171 0.5241 -0.7425
vn -0.7663 -0.3336 -0.5490
vn -0.7663 0.3336 0.5490
vn 0.2136 -0.6176 0.7569
vn -0.2136 -0.6176 0.7569
vn 0.0205 -0.3360 -0.9416
vn 0.0205 0.3360 0.9416
vn -0.2475 -0.3392 -0.9076
vn 0.2475 -0.3392 -0.9076
vn 0.7158 0.2784 0.6404
vn 0.7158 -0.2784 -0.6404
vn -0.6706 0.2256 -0.7066
vn -0.6706 -0.2256 0.7066
vn 0.6730 0.0981 0.7331
vn -0.6730 0.0981 0.7331
vn -0.2815 0.3478 -0.8943
vn 0.2815 0.3478 -0.8943
vn 0.8665 0.4708 0.1660
vn -0.8665 0.4708 0.1660
vn 0.3768 -0.8780 -0.2952
vn -0.3768 -0.8780 -0.2952
vn -0.2452 -0.0627 -0.9674
vn -0.2452 0.0627 0.9674
vn -0.0597 -0.5130 -0.8563
vn -0.0597 0.5130 0.8563
vn -0.9852 0.1360 0.1039
vn -0.9852 -0.1360 -0.1039
vn -0.2925 0.0116 0.9562
vn 0.2925 0.0116 0.9562
vn -0.5554 -0.6229 0.5509
vn -0.5554 0.6229 -0.5510
vn 0.2815 -0.1038 0.9539
vn -0.2815 -0.1038 0.9539
vn -0.9081 -0.2512 0.3349
vn -0.9081 0.2512 -0.3349
vn -0.5804 0.7306 0.3597
vn 0.5804 0.7306 0.3597
vn 0.2996 0.3854 0.8728
vn -0.2996 0.3854 0.8728
vn -0.8280 -0.2299 0.5115
vn -0.8280 0.2299 -0.5115
vn -0.9825 -0.1626 0.0911
vn 0.9825 -0.1626 0.0911
vn 0.7663 -0.0425 -0.6411
vn -0.7663 -0.0424 -0.6411
vn 0.4673 0.1600 -0.8695
vn -0.4673 0.1600 -0.8695
vn 0.6543 -0.0276 0.7557
vn -0.6543 -0.0276 0.7557
vn -0.1962 -0.1615 0.9672
vn -0.1962 0.1615 -0.9672
vn 0.3859 0.8662 0.3173
vn 0.3859 -0.8662 -0.3173
vn -0.7141 0.0135 -0.6999
vn 0.7141 0.0135 -0.6999
vn 0.6440 -0.0887 0.7598
vn -0.6440 -0.0887 0.7598
vn 0.7233 -0.6049 -0.3331
vn 0.7233 0.6049 0.3331
vn 0.4494 0.4168 0.7902
vn -0.4494 0.4168 0.7902
vn -0.3036 -0.3229 -0.8964
vn -0.3036 0.3229 0.8964
vn -0.2300 0.3834 -0.8945
vn 0.2300 0.3834 -0.8945
vn 0.4347 -0.4253 -0.7938
vn -0.4347 -0.4253 -0.7938
vn -0.9551 -0.2861 0.0764
vn -0.9551 0.2861 -0.0764
vn -0.9919 0.1256 0.0206
vn 0.9919 0.1256 0.0206
vn 0.1872 0.5284 0.8281
vn 0.1872 -0.5284 -0.8281
vn 0.1530 0.9313 -0.3306
vn -0.1528 0.9355 -0.3187
vn -0.8666 -0.0619 0.4952
vn -0.8666 0.0619 -0.4952
vn -0.6993 -0.5245 0.4856
vn 0.6993 -0.5245 0.4856
vn 0.1374 0.3766 0.9161
vn -0.1374 0.3766 0.9161
vn 0.0580 0.4557 0.8883
vn -0.0580 0.4557 0.8883
vn -0.0585 0.9449 -0.3220
vn 0.0585 0.9449 -0.3220
vn 0.0497 0.3529 -0.9343
vn -0.0497 0.3529 -0.9343
vn -0.8508 0.2848 0.4417
vn -0.8508 -0.2848 -0.4417
vn 0.3143 0.7881 0.5293
vn -0.3143 0.7881 0.5293
vn -0.6845 -0.6971 0.2135
vn -0.6845 0.6971 -0.2135
vn 0.6606 -0.0249 0.7503
vn 0.6606 0.0249 -0.7503
vn -0.1496 -0.3821 -0.9119
vn -0.1496 0.3821 0.9119
vn -0.8712 -0.4174 0.2584
vn 0.8712 -0.4174 0.2584
vn 0.6742 0.3228 0.6642
vn -0.6742 0.3228 0.6642
vn -0.9674 -0.2518 0.0263
vn 0.9674 -0.2518 0.0263
vn 0.8498 0.2327 -0.4729
vn -0.8498 0.2327 -0.4729
vn -0.8072 -0.0382 -0.5890
vn 0.8072 -0.0382 -0.5890
vn 0.8602 0.5096 -0.0177
vn -0.8602 0.5096 -0.0177
vn 0.8540 0.5015 -0.1383
vn -0.8540 0.5015 -0.1383
vn -0.0049 -0.9941 -0.1080
vn -0.0049 0.9941 0.1080
vn -0.5892 0.3114 0.7455
vn 0.5892 0.3114 0.7455
vn 0.4557 -0.6870 -0.5660
vn -0.4557 -0.6870 -0.5660
vn -0.0978 0.9785 0.1817
vn 0.0978 0.9785 0.1817
vn 0.2879 -0.2464 0.9254
vn 0.2879 0.2464 -0.9254
vn 0.9251 0.1125 -0.3626
vn -0.9251 0.1125 -0.3626
vn 0.7862 -0.5767 0.2221
vn -0.7862 -0.5767 0.2221
vn -0.8118 -0.3461 0.4703
vn -0.8118 0.3461 -0.4703
vn 0.8363 -0.0161 0.5481
vn 0.8363 0.0161 -0.5481
vn 0.2657 -0.9063 -0.3287
vn 0.2657 0.9063 0.3287
vn -0.9064 0.0432 -0.4202
vn -0.9064 -0.0432 0.4202
vn 0.1332 0.2978 -0.9453
vn -0.1332 0.2978 -0.9453
vn -0.7571 -0.6300 0.1730
vn -0.7571 0.6300 -0.1730
vn 0.2334 0.3873 0.8919
vn -0.2334 0.3873 0.8919
vn -0.4056 -0.2011 -0.8916
vn 0.4056 -0.2011 -0.8916
vn 0.8407 -0.2333 0.4886
vn -0.8407 -0.2333 0.4886
vn -0.0062 0.9988 0.0477
vn 0.0062 0.9988 0.0477
vn -0.9621 -0.2689 0.0451
vn 0.9621 -0.2689 0.0451
vn -0.8532 0.5201 0.0387
vn 0.8532 0.5201 0.0387
vn -0.9768 -0.0988 -0.1902
vn -0.9768 0.0988 0.1902
vn -0.6017 0.7326 -0.3183
vn -0.6017 -0.7326 0.3183
vn 0.7499 0.6236 -0.2207
vn -0.7499 0.6236 -0.2207
vn -0.9299 0.1815 -0.3198
vn -0.9299 -0.1815 0.3198
vn 0.9235 0.1781 -0.3398
vn 0.9235 -0.1781 0.3398
vn 0.0024 0.9354 0.3535
vn -0.0024 0.9354 0.3535
vn 0.4519 0.8439 -0.2892
vn -0.4519 0.8439 -0.2892
vn 0.7529 0.2692 -0.6005
vn -0.7529 0.2692 -0.6005
vn 0.1118 0.3992 0.9100
vn -0.1118 0.3992 0.9100
vn 0.4185 0.6389 0.6455
vn -0.4185 0.6389 0.6455
vn -0.4340 -0.4900 -0.7560
vn 0.4340 -0.4900 -0.7560
vn 0.7300 -0.6730 0.1187
vn -0.7300 -0.6730 0.1187
vn -0.2450 -0.6462 0.7228
vn 0.2450 -0.6462 0.7228
vn 0.9567 0.2808 -0.0763
vn -0.9567 0.2808 -0.0763
vn -0.6859 -0.3433 -0.6416
vn -0.6859 0.3433 0.6416
vn -0.7253 -0.0116 -0.6883
vn 0.7253 -0.0117 -0.6883
vn -0.5362 0.4868 -0.6896
vn 0.5362 0.4868 -0.6896
vn -0.9973 0.0481 -0.0550
vn 0.9973 0.0481 -0.0550
vn -0.8899 -0.2651 0.3711
vn 0.8899 -0.2651 0.3711
vn -0.1394 -0.7295 -0.6696
vn 0.1394 -0.7295 -0.6696
vn -0.7699 -0.5105 -0.3828
vn 0.7699 -0.5105 -0.3828
vn 0.4840 -0.6155 -0.6220
vn -0.4840 -0.6155 -0.6220
vn 0.4664 -0.2762 -0.8404
vn -0.4664 -0.2762 -0.8404
vn -0.7172 -0.5755 -0.3930
vn -0.7172 0.5755 0.3930
vn -0.0017 0.7973 0.6036
vn 0.0017 0.7973 0.6036
vn -0.7137 -0.7003 0.0135
vn 0.7137 -0.7003 0.0135
vn 0.3745 0.6578 0.6535
vn 0.3745 -0.6578 -0.6535
vn 0.2924 -0.1275 0.9478
vn 0.2924 0.1275 -0.9478
vn -0.9394 -0.3252 -0.1084
vn -0.9394 0.3252 0.1084
vn -0.9509 -0.3095 0.0020
vn -0.9509 0.3095 -0.0020
vn 0.4360 0.4310 -0.7901
vn 0.4359 -0.4310 0.7901
vn -0.2575 -0.1400 -0.9561
vn -0.2575 0.1400 0.9561
vn -0.3227 0.9077 0.2683
vn 0.3227 0.9077 0.2683
vn -0.9891 -0.0082 -0.1469
vn -0.9891 0.0082 0.1469
vn 0.6975 0.7163 -0.0188
vn -0.6975 0.7163 -0.0188
vn -0.9173 -0.3080 0.2526
vn -0.9173 0.3080 -0.2526
vn 0.1503 0.1503 -0.9771
vn -0.1503 0.1503 -0.9771
vn 0.1692 -0.7622 -0.6248
vn 0.1692 0.7622 0.6248
vn 0.4892 0.3639 -0.7926
vn -0.4892 0.3639 -0.7926
vn -0.0649 0.9767 0.2046
vn 0.0649 0.9767 0.2046
vn -0.0822 0.9272 0.3653
vn 0.0822 0.9272 0.3653
vn 0.7338 0.5610 0.3831
vn -0.7339 0.5610 0.3831
vn 0.4520 0.2465 -0.8573
vn -0.4520 0.2465 -0.8573
vn -0.5672 0.1408 -0.8115
vn -0.5672 -0.1408 0.8115
vn -0.1863 0.1704 0.9676
vn -0.1863 -0.1704 -0.9676
vn 0.3697 -0.1945 0.9085
vn -0.3697 -0.1945 0.9085
vn 0.3851 0.6771 0.6271
vn -0.3851 0.6771 0.6271
vn 0.9383 0.3456 0.0117
vn 0.9383 -0.3456 -0.0117
vn 0.0441 -0.2834 0.9580
vn 0.0441 0.2834 -0.9580
vn -0.3081 -0.2468 0.9188
vn -0.3081 0.2468 -0.9188
vn 0.9029 -0.1990 0.3810
vn -0.9029 -0.1990 0.3810
vn -0.9949 0.0751 -0.0668
vn -0.9949 -0.0751 0.0668
vn 0.3377 0.3467 0.8751
vn -0.3377 0.3467 0.8751
vn -0.9129 -0.3523 0.2060
vn 0.9129 -0.3523 0.2060
vn -0.9255 -0.0150 0.3784
vn -0.9255 0.0150 -0.3784
vn -0.3207 0.8339 -0.4491
vn 0.3207 0.8339 -0.4491
vn -0.4474 -0.2709 -0.8523
vn 0.4474 -0.2709 -0.8523
vn 0.6103 0.6876 0.3933
vn -0.6103 0.6876 0.3933
vn -0.9160 -0.3111 0.2535
vn -0.9160 0.3111 -0.2535
vn -0.6293 -0.2479 0.7366
vn 0.6293 -0.2479 0.7366
vn 0.9516 -0.1396 -0.2737
vn 0.9516 0.1396 0.2737
vn 0.3901 0.3603 0.8473
vn -0.3901 0.3603 0.8473
vn 0.0527 -0.6202 -0.7827
vn 0.0527 0.6202 0.7827
vn -0.5162 0.7553 -0.4038
vn -0.5162 -0.7553 0.4038
vn 0.4349 0.2417 0.8675
vn 0.4349 -0.2417 -0.8675
vn 0.8804 0.4737 -0.0218
vn -0.8804 0.4737 -0.0218
vn 0.9389 0.3428 -0.0324
vn -0.9389 0.3428 -0.0324
vn -0.0206 -0.9403 0.3397
vn 0.0206 -0.9403 0.3397
vn 0.6671 -0.0356 -0.7441
vn -0.6671 -0.0356 -0.7441
vn 0.4606 -0.3577 0.8123
vn -0.4606 -0.3577 0.8123
vn 0.2731 -0.4592 -0.8453
vn -0.2731 -0.4592 -0.8453
vn 0.2225 0.9651 -0.1384
vn 0.2133 -0.9671 0.1384
vn 0.7770 0.6240 -0.0830
vn 0.7770 -0.6240 0.0830
vn 0.9951 -0.0343 0.0926
vn -0.9951 -0.0343 0.0926
vn -0.5706 0.1902 -0.7989
vn 0.5706 0.1902 -0.7989
vn -0.3344 -0.4802 -0.8109
vn 0.3344 -0.4802 -0.8109
vn -0.3873 0.8591 -0.3345
vn 0.3873 0.8591 -0.3345
vn 0.9615 0.2536 0.1057
vn -0.9615 0.2536 0.1057
vn -0.3642 0.7012 0.6129
vn 0.3642 0.7012 0.6129
vn 0.5944 0.7056 0.3858
vn -0.5944 0.7056 0.3858
vn 0.8518 -0.1836 0.4906
vn -0.8518 -0.1836 0.4906
vn 0.4572 -0.3555 0.8152
vn 0.4572 0.3555 -0.8152
vn 0.4645 0.4170 -0.7812
vn -0.4645 0.4170 -0.7812
vn -0.9633 -0.1445 -0.2262
vn 0.9633 -0.1445 -0.2262
vn -0.1649 -0.1558 0.9739
vn 0.1649 -0.1558 0.9739
vn -0.9682 0.2496 -0.0136
vn 0.9682 0.2496 -0.0136
vn 0.0920 -0.4320 0.8972
vn -0.0920 -0.4320 0.8972
vn -0.9888 -0.0821 -0.1247
vn 0.9888 -0.0821 -0.1247
vn 0.7395 0.5285 -0.4170
vn 0.7395 -0.5285 0.4170
vn -0.8860 -0.3844 0.2595
vn -0.8860 0.3844 -0.2595
vn -0.9228 0.2509 -0.2925
vn -0.9228 -0.2509 0.2925
vn 0.7941 0.4129 0.4461
vn 0.7941 -0.4129 -0.4461
vn -0.3042 0.4056 0.8619
vn 0.3042 0.4056 0.8619
vn 0.7813 0.5574 0.2811
vn 0.7813 -0.5574 -0.2811
vn -0.9172 0.3911 -0.0758
vn 0.9172 0.3911 -0.0758
vn 0.8514 0.3207 -0.4150
vn -0.8514 0.3207 -0.4150
vn 0.2647 0.5864 0.7656
vn -0.2647 0.5864 0.7656
vn -0.1600 0.5380 0.8276
vn 0.1600 0.5380 0.8276
vn -0.8360 -0.5416 0.0885
vn 0.8360 -0.5416 0.0885
vn 0.7098 0.3431 0.6152
vn -0.7098 0.3431 0.6152
vn 0.5965 0.1583 -0.7868
vn -0.5965 0.1583 -0.7868
vn -0.5071 0.1260 -0.8527
vn -0.5071 -0.1260 0.8527
vn -0.3309 -0.2558 -0.9083
vn -0.3309 0.2558 0.9083
vn -0.3923 0.2310 -0.8903
vn -0.3923 -0.2310 0.8903
vn 0.4352 -0.5027 -0.7470
vn -0.4352 -0.5027 -0.7470
vn -0.3653 -0.6560 -0.6605
vn 0.3653 -0.6560 -0.6605
vn -0.1852 0.4557 -0.8706
vn -0.1852 -0.4557 0.8706
vn 0.7408 0.4564 0.4928
vn -0.7408 0.4564 0.4928
vn -0.0647 0.1988 -0.9779
vn 0.0647 0.1988 -0.9779
vn 0.6664 -0.5663 0.4850
vn -0.6664 -0.5663 0.4850
vn -0.6970 0.0147 0.7169
vn 0.6970 0.0147 0.7169
vn 0.9601 -0.0804 0.2678
vn -0.9601 -0.0804 0.2678
vn -0.0842 -0.8819 -0.4639
vn 0.0842 -0.8819 -0.4639
vn -0.9534 -0.1361 0.2694
vn -0.9534 0.1361 -0.2694
vn 0.3904 -0.0673 0.9182
vn 0.3904 0.0673 -0.9182
vn -0.5671 -0.3265 0.7562
vn 0.5671 -0.3265 0.7562
vn 0.4441 -0.8065 -0.3902
vn -0.4441 -0.8065 -0.3902
vn -0.8469 -0.3146 -0.4287
vn 0.8469 -0.3146 -0.4287
vn 0.8997 0.3749 -0.2233
vn 0.8997 -0.3749 0.2233
vn 0.1437 0.8266 -0.5442
vn 0.1437 -0.8266 0.5442
vn 0.3386 0.1734 -0.9248
vn 0.3386 -0.1734 0.9248
vn 0.7919 -0.5717 0.2147
vn -0.7919 -0.5717 0.2147
vn 0.6028 0.1946 -0.7738
vn -0.6028 0.1946 -0.7738
vn -0.8428 0.2787 0.4605
vn 0.8428 0.2787 0.4605
vn -0.4338 0.1443 0.8894
vn 0.4338 0.1443 0.8894
vn 0.3486 -0.5243 -0.7769
vn -0.3486 -0.5243 -0.7769
vn -0.8553 0.3749 -0.3576
vn 0.8553 0.3749 -0.3576
vn 0.0653 0.2658 -0.9618
vn -0.0653 0.2658 -0.9618
vn -0.0339 0.4502 0.8923
vn 0.0339 0.4502 0.8923
vn -0.8567 -0.3860 0.3421
vn 0.8567 -0.3860 0.3421
vn 0.8618 0.2751 -0.4262
vn -0.8618 0.2751 -0.4262
vn -0.5826 0.6667 0.4650
vn 0.5826 0.6667 0.4650
vn -0.9105 0.1944 -0.3648
vn -0.9105 -0.1944 0.3648
vn -0.9717 0.1629 -0.1708
vn -0.9717 -0.1629 0.1708
vn -0.0950 -0.2421 -0.9656
vn -0.0950 0.2421 0.9656
vn -0.1387 0.3267 -0.9349
vn 0.1387 0.3267 -0.9349
vn -0.1483 -0.9064 -0.3955
vn -0.1483 0.9064 0.3955
vn -0.9986 0.0100 -0.0523
vn 0.9986 0.0100 -0.0523
vn 0.9907 0.0836 0.1074
vn 0.9907 -0.0836 -0.1074
vn -0.3201 0.1623 -0.9334
vn -0.3201 -0.1623 0.9334
vn -0.9629 -0.2335 -0.1354
vn 0.9629 -0.2335 -0.1354
vn -0.3356 -0.8032 0.4923
vn -0.3356 0.8032 -0.4923
vn 0.1106 -0.2423 0.9639
vn -0.1106 -0.2423 0.9639
vn -0.3197 -0.6159 0.7200
vn 0.3197 -0.6159 0.7200
vn 0.1673 -0.8699 0.4640
vn -0.1673 -0.8699 0.4640
vn 0.0274 -0.1767 -0.9839
vn -0.0274 -0.1767 -0.9839
vn 0.8651 -0.2174 0.4520
vn -0.8651 -0.2174 0.4520
vn -0.9591 -0.0067 -0.2831
vn 0.9591 -0.0067 -0.2831
vn 0.3403 0.9147 -0.2180
vn -0.3403 0.9147 -0.2180
vn 0.0574 -0.3348 -0.9405
vn 0.0574 0.3348 0.9405
vn 0.1290 -0.9743 -0.1845
vn -0.1290 -0.9743 -0.1845
vn -0.6649 0.5420 0.5140
vn 0.6649 0.5420 0.5140
vn -0.6604 -0.3982 -0.6366
vn 0.6604 -0.3982 -0.6366
vn -0.9276 -0.3694 0.0562
vn 0.9276 -0.3694 0.0562
vn 0.7671 -0.0061 -0.6415
vn 0.7671 0.0061 0.6415
vn 0.0957 -0.6481 -0.7555
vn -0.0957 -0.6481 -0.7555
vn -0.9711 -0.1813 -0.1554
vn -0.9711 0.1813 0.1554
vn 0.7174 0.6363 -0.2837
vn -0.7174 0.6363 -0.2837
vn -0.3275 0.3452 -0.8795
vn -0.3275 -0.3452 0.8795
vn 0.7404 0.2653 0.6176
vn 0.7404 -0.2653 -0.6176
vn -0.3124 0.9370 0.1562
vn 0.3124 0.9370 0.1562
vn 0.5315 -0.3718 -0.7611
vn -0.5315 -0.3718 -0.7611
vn -0.0000 -0.9994 -0.0333
vn 0.6873 0.2460 0.6834
vn -0.6873 0.2460 0.6834
vn -0.1449 -0.3520 -0.9247
vn 0.1449 -0.3520 -0.9247
vn 0.5137 -0.0571 -0.8561
vn -0.5137 -0.0571 -0.8561
vn 0.9280 0.3683 -0.0562
vn -0.9280 0.3683 -0.0562
vn 0.6309 0.4997 0.5934
vn 0.6309 -0.4997 -0.5934
vn 0.1029 0.9720 0.2111
vn -0.1029 0.9720 0.2111
vn 0.2306 0.5903 0.7736
vn -0.2306 0.5903 0.7736
vn 0.7161 0.5134 -0.4729
vn -0.7161 0.5134 -0.4729
vn -0.7779 -0.4554 -0.4329
vn -0.7779 0.4554 0.4329
vn 0.2965 0.9351 0.1939
vn -0.2965 0.9351 0.1939
vn -0.9661 -0.1960 -0.1680
vn 0.9661 -0.1960 -0.1680
vn -0.3287 0.9376 -0.1131
vn 0.3029 0.9460 -0.1151
vn -0.9297 -0.2754 0.2446
vn -0.9297 0.2754 -0.2446
vn -0.0065 -0.9994 -0.0343
vn -0.0065 0.9994 0.0343
vn -0.4626 0.7745 -0.4314
vn 0.4626 0.7745 -0.4314
vn -0.7644 -0.4132 0.4950
vn -0.7644 0.4132 -0.4950
vn -0.7697 -0.0438 0.6369
vn -0.7697 0.0438 -0.6369
vn 0.7389 0.3119 0.5973
vn 0.7389 -0.3119 -0.5973
vn -0.6220 -0.4486 -0.6418
vn -0.6220 0.4486 0.6418
vn 0.7812 -0.1245 -0.6117
vn -0.7812 -0.1245 -0.6117
vn 0.8299 -0.2912 0.4759
vn 0.8299 0.2912 -0.4759
vn -0.8628 -0.4646 -0.1991
vn -0.8628 0.4646 0.1991
vn 0.8662 0.4736 0.1595
vn -0.8662 0.4736 0.1595
vn 0.2177 0.7255 0.6529
vn -0.2177 0.7255 0.6529
vn -0.9503 0.0755 -0.3021
vn 0.9503 0.0755 -0.3021
vn -0.5874 0.2342 -0.7746
vn 0.5874 0.2342 -0.7746
vn 0.0313 0.4970 0.8672
vn -0.0313 0.4970 0.8672
vn -0.2852 0.8062 -0.5183
vn -0.2852 -0.8062 0.5183
vn -0.7011 -0.2344 -0.6734
vn 0.7011 -0.2344 -0.6734
vn -0.5309 -0.7942 -0.2957
vn 0.5309 -0.7942 -0.2957
vn -0.7661 -0.4032 -0.5006
vn -0.7661 0.4032 0.5006
vn -0.3651 -0.5020 0.7841
vn -0.3651 0.5020 -0.7841
vn -0.5619 0.0685 0.8243
vn 0.5619 0.0685 0.8243
vn 0.9626 -0.2667 0.0479
vn -0.9626 -0.2667 0.0479
vn 0.0904 -0.8266 0.5554
vn -0.0904 -0.8266 0.5554
vn -0.9890 -0.1245 0.0799
vn 0.9890 -0.1245 0.0799
vn 0.4528 0.2764 0.8477
vn 0.4528 -0.2764 -0.8477
vn -0.1921 -0.2052 0.9597
vn 0.1921 -0.2052 0.9597
vn -0.2293 0.1235 -0.9655
vn -0.2293 -0.1235 0.9655
vn -0.2616 -0.5494 -0.7936
vn -0.2616 0.5494 0.7936
vn -0.4800 -0.4050 -0.7782
vn 0.4800 -0.4050 -0.7782
vn -0.5346 0.1596 0.8299
vn 0.5346 0.1596 0.8299
vn -0.1180 0.5544 -0.8239
vn 0.1180 0.5544 -0.8239
vn -0.9219 -0.0855 -0.3778
vn -0.9219 0.0855 0.3778
vn 0.6745 0.6758 0.2971
vn 0.6745 -0.6758 -0.2971
vn 0.2610 -0.1678 0.9507
vn -0.2610 -0.1677 0.9507
vn 0.4038 0.4638 -0.7885
vn 0.4038 -0.4638 0.7885
vn -0.3248 0.7719 0.5466
vn -0.3248 -0.7719 -0.5466
vn -0.9943 -0.0600 0.0887
vn 0.9943 -0.0600 0.0887
vn -0.1746 -0.0339 -0.9840
vn -0.1746 0.0339 0.9840
vn -0.9560 -0.0357 -0.2912
vn 0.9560 -0.0357 -0.2912
vn -0.0221 -0.8419 -0.5391
vn 0.0221 -0.8419 -0.5391
vn 0.0153 0.8362 0.5483
vn 0.0153 -0.8362 -0.5483
vn -0.4854 -0.0881 0.8698
vn -0.4854 0.0881 -0.8698
vn 0.5125 0.1255 0.8494
vn -0.5125 0.1256 0.8494
vn 0.2718 0.9355 0.2256
vn 0.2615 -0.9383 -0.2264
vn 0.8331 -0.0492 -0.5509
vn 0.8331 0.0492 0.5509
vn -0.7817 -0.2236 0.5822
vn 0.7817 -0.2236 0.5822
vn -0.0633 -0.5723 -0.8176
vn 0.0633 -0.5723 -0.8176
vn 0.9231 -0.0928 0.3732
vn -0.9231 -0.0928 0.3732
vn -0.9718 -0.1381 -0.1909
vn 0.9718 -0.1381 -0.1909
vn -0.8184 -0.0058 -0.5746
vn -0.8184 0.0058 0.5746
vn -0.6470 0.0092 0.7625
vn 0.6470 0.0092 0.7625
vn 0.6303 -0.6162 -0.4723
vn -0.6303 -0.6162 -0.4723
vn 0.0661 -0.1576 0.9853
vn -0.0661 -0.1576 0.9853
vn 0.7112 -0.2706 0.6489
vn 0.2442 -0.7792 -0.5772
vn 0.6309 0.4858 -0.6049
vn 0.6309 -0.4858 0.6049
vn 0.6893 0.0949 -0.7182
vn 0.6893 -0.0949 0.7182
vn 0.2895 -0.4752 0.8309
vn 0.2895 0.4752 -0.8309
vn -0.0118 -0.1426 -0.9897
vn 0.0118 -0.1426 -0.9897
vn 0.5504 0.6502 0.5238
vn 0.5504 -0.6502 -0.5238
vn -0.7109 -0.6830 0.1678
vn 0.7109 -0.6830 0.1678
vn 0.6811 0.2226 0.6976
vn -0.6811 0.2226 0.6976
vn 0.6097 0.3116 0.7288
vn -0.6097 0.3116 0.7288
vn -0.9915 -0.0090 -0.1297
vn 0.9915 -0.0090 -0.1297
vn 0.9620 0.1103 0.2500
vn -0.9620 0.1103 0.2500
vn 0.5552 -0.7004 -0.4484
vn -0.5552 -0.7004 -0.4485
vn -0.4076 -0.4585 -0.7897
vn -0.4076 0.4585 0.7897
vn 0.0535 -0.1584 0.9859
vn -0.0535 -0.1584 0.9859
vn -0.6962 0.1224 -0.7074
vn 0.6962 0.1224 -0.7074
vn 0.7743 0.2793 0.5678
vn -0.7743 0.2793 0.5678
vn -0.7189 -0.2575 0.6457
vn 0.7189 -0.2575 0.6457
vn -0.6950 0.1011 0.7119
vn 0.6950 0.1011 0.7119
vn 0.7026 -0.2310 0.6731
vn -0.7026 -0.2310 0.6731
vn 0.5087 0.3601 0.7820
vn 0.5087 -0.3601 -0.7820
vn 0.2436 0.5460 0.8016
vn -0.2436 0.5460 0.8016
vn -0.5643 -0.8130 0.1434
vn 0.5643 -0.8130 0.1434
vn -0.7245 0.6879 0.0436
vn 0.7245 0.6879 0.0436
vn -0.8504 0.5200 -0.0805
vn -0.8504 -0.5200 0.0805
vn 0.5928 0.3036 -0.7459
vn -0.5928 0.3036 -0.7459
vn -0.9440 0.0823 -0.3195
vn 0.9440 0.0823 -0.3195
vn 0.6139 -0.4019 0.6794
vn -0.6139 -0.4019 0.6794
vn -0.4952 -0.6892 -0.5289
vn 0.4952 -0.6892 -0.5289
vn 0.8098 -0.3649 -0.4593
vn 0.8098 0.3649 0.4593
vn 0.1749 -0.3826 -0.9072
vn -0.1749 -0.3826 -0.9072
vn 0.5557 0.0748 -0.8280
vn -0.5557 0.0748 -0.8280
vn -0.4767 -0.6384 0.6043
vn 0.4767 -0.6384 0.6043
vn -0.9823 -0.0871 -0.1658
vn 0.9823 -0.0871 -0.1658
vn -0.0723 0.2705 0.9600
vn -0.0723 -0.2705 -0.9600
vn -0.5545 -0.1558 -0.8175
vn 0.5545 -0.1558 -0.8175
vn -0.2899 -0.6571 -0.6958
vn 0.2899 -0.6571 -0.6958
vn 0.7084 -0.2662 0.6537
vn -0.7084 -0.2662 0.6537
vn 0.7636 0.5834 0.2765
vn -0.7636 0.5834 0.2765
vn 0.9079 0.4183 0.0292
vn -0.9079 0.4183 0.0292
vn -0.6882 0.2294 -0.6883
vn 0.6882 0.2294 -0.6883
vn 0.4070 -0.8939 -0.1876
vn 0.4070 0.8939 0.1876
vn -0.9099 -0.2705 -0.3146
vn -0.9099 0.2705 0.3146
vn 0.6228 0.1289 -0.7717
vn -0.6228 0.1289 -0.7717
vn -0.2167 0.8865 -0.4088
vn 0.2167 0.8865 -0.4088
vn 0.6849 0.7284 -0.0168
vn -0.6849 0.7284 -0.0168
vn -0.0856 0.4001 0.9125
vn -0.0856 -0.4001 -0.9125
vn 0.9653 -0.1149 0.2344
vn -0.9653 -0.1149 0.2344
vn -0.8279 0.3298 0.4536
vn 0.8279 0.3298 0.4536
vn 0.9313 0.0986 -0.3506
vn 0.9313 -0.0986 0.3506
vn 0.8734 0.3716 0.3147
vn -0.8734 0.3716 0.3147
vn -0.2887 -0.6957 -0.6578
vn -0.2887 0.6957 0.6578
vn -0.9864 -0.0333 -0.1607
vn -0.9864 0.0333 0.1607
vn 0.3580 0.5430 0.7596
vn -0.3580 0.5430 0.7596
vn 0.9972 0.0068 -0.0746
vn -0.9972 0.0068 -0.0746
vn -0.0000 -1.0000 -0.0000
vn 0.9526 0.0461 0.3007
vn -0.9526 0.0461 0.3007
vn -0.7199 0.2321 0.6541
vn 0.7199 0.2321 0.6541
vn -0.1072 0.2411 0.9646
vn -0.1072 -0.2411 -0.9646
vn -0.3902 0.6260 -0.6752
vn -0.3902 -0.6260 0.6752
vn 0.2263 -0.2166 0.9497
vn -0.2263 -0.2166 0.9497
vn 0.2891 -0.9444 -0.1568
vn 0.2891 0.9444 0.1568
vn -0.0000 1.0000 -0.0000
vn -0.7195 0.3549 -0.5970
vn -0.7195 -0.3549 0.5970
vn 0.3922 0.9110 0.1275
vn -0.3922 0.9110 0.1275
vn -0.9435 0.3310 0.0144
vn 0.9435 0.3310 0.0144
vn 0.0422 -0.2157 0.9755
vn 0.0422 0.2157 -0.9755
vn -0.6853 -0.7156 0.1349
vn 0.6853 -0.7156 0.1349
vn -0.1304 0.6279 0.7673
vn -0.1304 -0.6279 -0.7673
vn -0.0000 -0.1414 -0.9899
vn 0.5195 -0.8501 -0.0861
vn 0.5195 0.8501 0.0861
vn 0.6698 -0.6857 0.2850
vn -0.4249 -0.1591 0.8912
vn 0.8619 0.4292 0.2699
vn -0.8619 0.4292 0.2699
vn 0.1957 -0.1227 0.9730
vn 0.1957 0.1227 -0.9730
vn 0.2344 0.2204 0.9468
vn -0.2344 0.2204 0.9468
vn -0.9132 0.3571 -0.1963
vn 0.9132 0.3571 -0.1963
vn 0.2376 0.3215 -0.9166
vn -0.2376 0.3215 -0.9166
vn 0.4952 0.6892 0.5289
vn 0.4953 -0.6892 -0.5289
vn -0.7956 0.1333 0.5909
vn -0.7956 -0.1333 -0.5909
vn -0.9552 0.0414 -0.2931
vn -0.9552 -0.0414 0.2931
vn -0.3664 -0.7505 -0.5500
vn 0.3530 -0.7550 -0.5526
vn 0.2694 0.6601 0.7012
vn -0.2694 0.6601 0.7012
vn -0.0933 -0.1088 -0.9897
vn 0.0933 -0.1088 -0.9897
vn -0.8705 -0.3109 -0.3816
vn -0.8705 0.3109 0.3816
vn -0.0000 -0.9734 -0.2290
vn 0.5709 0.1484 0.8075
vn -0.5709 0.1484 0.8075
vn 0.6491 -0.0506 0.7590
vn -0.6491 -0.0506 0.7590
vn -0.9833 0.0105 0.1818
vn 0.9833 0.0105 0.1818
vn -0.0560 -0.4042 -0.9129
vn 0.0560 -0.4042 -0.9129
vn 0.3724 0.0095 0.9280
vn -0.3724 0.0095 0.9280
vn 0.2458 0.7092 0.6607
vn -0.2458 0.7092 0.6607
vn 0.1459 0.7376 0.6593
vn 0.1429 -0.7366 -0.6611
vn -0.8966 -0.1804 -0.4044
vn 0.8966 -0.1804 -0.4044
vn -0.9743 0.2240 0.0224
vn -0.9743 -0.2240 -0.0224
vn 0.9928 0.0737 0.0940
vn -0.9928 0.0737 0.0940
vn 0.9734 -0.2291 -0.0000
vn 0.9734 0.2291 -0.0000
vn -0.9140 -0.0351 -0.4043
vn 0.9140 -0.0351 -0.4043
vn 0.5711 -0.3693 -0.7331
vn 0.5711 0.3693 0.7331
vn 0.4419 -0.4623 0.7688
vn -0.4419 -0.4623 0.7688
vn -0.5223 0.2250 -0.8225
vn 0.5223 0.2250 -0.8225
vn 0.2590 0.1577 0.9529
vn 0.2590 -0.1577 -0.9529
vn 0.7490 -0.6618 -0.0327
vn 0.7490 0.6618 0.0327
vn -0.5957 -0.6737 0.4373
vn -0.5957 0.6737 -0.4373
vn 0.2729 0.4322 -0.8595
vn 0.2909 -0.4305 0.8544
vn 0.9422 0.3101 0.1270
vn -0.9422 0.3101 0.1270
vn -0.9172 0.3931 -0.0655
vn 0.9172 0.3931 -0.0655
vn 0.8971 0.0214 0.4414
vn 0.8971 -0.0214 -0.4414
vn -0.1802 -0.1442 0.9730
vn -0.1802 0.1442 -0.9730
vn -0.0208 0.0117 0.9997
vn 0.0200 0.0117 0.9997
vn 0.1974 -0.0508 0.9790
vn -0.1974 -0.0508 0.9790
vn -0.1362 -0.8478 -0.5125
vn -0.1362 0.8478 0.5125
vn 0.0333 -0.1840 -0.9824
vn 0.0347 0.1838 0.9823
vn 0.6951 -0.5927 -0.4069
vn -0.6951 -0.5927 -0.4069
vn 0.9354 0.1416 0.3241
vn 0.9354 -0.1416 -0.3241
vn -0.7243 -0.2716 -0.6338
vn 0.7243 -0.2716 -0.6338
vn -0.1413 0.0353 -0.9893
vn -0.1339 -0.0345 0.9904
vn -0.5197 0.2913 -0.8031
vn 0.5197 0.2913 -0.8031
vn -0.7243 -0.3196 -0.6110
vn 0.7243 -0.3196 -0.6110
vn -0.8668 -0.1199 0.4840
vn 0.8668 -0.1199 0.4840
vn 0.9623 -0.2067 0.1768
vn -0.9623 -0.2067 0.1768
vn -0.8715 0.2262 -0.4351
vn 0.8715 0.2262 -0.4351
vn -0.9446 0.1857 -0.2706
vn -0.9446 -0.1857 0.2706
vn 0.4659 0.8665 0.1790
vn -0.4659 0.8665 0.1790
vn 0.2452 0.5935 0.7666
vn 0.2452 -0.5935 -0.7666
vn -0.5975 -0.1337 0.7907
vn 0.5975 -0.1337 0.7907
vn -0.8092 -0.1955 -0.5540
vn 0.8092 -0.1955 -0.5540
vn 0.0292 -0.2730 0.9616
vn 0.0283 0.2729 -0.9616
vn 0.2672 0.8018 -0.5345
vn -0.2672 0.8018 -0.5345
vn -0.6332 0.7604 0.1444
vn -0.6332 -0.7604 -0.1444
vn -0.6398 0.5701 0.5155
vn 0.6398 0.5701 0.5155
vn 0.3039 0.4706 0.8284
vn 0.2888 -0.4752 -0.8311
vn -0.2229 -0.5016 -0.8359
vn -0.2229 0.5016 0.8359
vn -0.6994 0.7092 -0.0887
vn 0.6994 0.7092 -0.0887
vn 0.9996 0.0228 0.0147
vn -0.9996 0.0228 0.0147
vn 0.9256 -0.2231 -0.3058
vn -0.9256 -0.2231 -0.3058
vn -0.0191 0.9785 0.2052
vn 0.0191 0.9785 0.2052
vn -0.1617 0.3471 0.9238
vn 0.1617 0.3471 0.9238
vn -0.2039 0.4160 0.8862
vn 0.2039 0.4160 0.8862
vn 0.4409 -0.4003 0.8033
vn -0.4409 -0.4003 0.8033
vn -0.9564 0.0755 -0.2821
vn 0.9564 0.0755 -0.2821
vn 0.8840 0.1549 0.4411
vn 0.8840 -0.1549 -0.4411
vn 0.7146 -0.2438 0.6557
vn -0.7146 -0.2438 0.6557
vn 0.8262 0.1823 0.5330
vn 0.8262 -0.1823 -0.5330
vn 0.1023 0.3767 0.9207
vn -0.1023 0.3767 0.9207
vn -0.9657 0.1920 -0.1747
vn 0.9657 0.1920 -0.1747
vn 0.9145 -0.3903 0.1064
vn -0.9145 -0.3903 0.1064
vn -0.2424 -0.4363 -0.8665
vn 0.2424 -0.4363 -0.8665
vn -0.1482 0.9882 0.0378
vn 0.1482 0.9882 0.0378
vn -0.1928 0.9738 0.1205
vn 0.1753 0.9771 0.1205
vn -0.7837 -0.3951 -0.4793
vn 0.7837 -0.3951 -0.4793
vn 0.6781 -0.2122 0.7037
vn 0.6781 0.2122 -0.7037
vn -0.0375 0.7452 0.6658
vn 0.0375 0.7452 0.6658
vn -0.2265 -0.5066 -0.8319
vn 0.2265 -0.5066 -0.8319
vn -0.2020 -0.6111 -0.7653
vn -0.1970 0.6118 0.7661
vn -0.2965 -0.2471 -0.9225
vn 0.2965 -0.2471 -0.9225
vn 0.7025 0.5724 0.4228
vn 0.7025 -0.5724 -0.4228
vn 0.4088 -0.9060 0.1098
vn 0.4088 0.9060 -0.1098
vn 0.6287 0.1886 -0.7544
vn 0.6287 -0.1886 0.7544
vn -0.1095 0.1941 -0.9749
vn 0.1066 0.1938 -0.9752
vn -0.4174 -0.7248 -0.5482
vn 0.4174 -0.7248 -0.5482
vn -0.2807 -0.8100 0.5149
vn -0.2807 0.8100 -0.5149
vn 0.0622 0.7775 -0.6258
vn -0.0622 0.7775 -0.6258
vn -0.4252 0.0201 -0.9049
vn -0.4252 -0.0201 0.9049
vn 0.2237 -0.1699 -0.9598
vn -0.2237 -0.1699 -0.9598
vn -0.3462 0.0030 -0.9381
vn 0.3462 0.0030 -0.9381
vn 0.8455 0.2132 -0.4896
vn -0.8455 0.2132 -0.4896
vn 0.8590 -0.4065 -0.3111
vn -0.8590 -0.4065 -0.3111
vn -0.2701 -0.4908 -0.8283
vn -0.2701 0.4908 0.8283
vn 0.6722 -0.2750 0.6874
vn -0.6722 -0.2750 0.6874
vn 0.7532 -0.5309 -0.3883
vn -0.7532 -0.5309 -0.3883
vn 0.2123 -0.9755 0.0574
vn -0.1938 -0.9794 0.0576
vn -0.7142 0.1708 -0.6788
vn 0.7142 0.1708 -0.6788
vn 0.7429 0.1101 0.6603
vn -0.7429 0.1101 0.6603
vn -0.6633 -0.3172 -0.6778
vn 0.6633 -0.3172 -0.6778
vn -0.3578 0.6730 0.6474
vn -0.3578 -0.6730 -0.6474
vn -0.7643 -0.0701 -0.6410
vn -0.7643 0.0701 0.6410
vn 0.2753 0.4344 0.8576
vn 0.2753 -0.4344 -0.8576
vn 0.5415 -0.8405 0.0161
vn -0.5415 -0.8405 0.0161
vn 0.0923 -0.4448 -0.8909
vn 0.0923 0.4448 0.8909
vn 0.3715 -0.9246 0.0848
vn -0.3715 -0.9246 0.0848
vn -0.7512 -0.1610 -0.6401
vn -0.7512 0.1610 0.6401
vn 0.0543 -0.7327 -0.6784
vn -0.0590 -0.7322 -0.6785
vn 0.9838 0.0079 -0.1790
vn -0.9838 0.0079 -0.1790
vn 0.5864 -0.5970 0.5475
vn -0.5864 -0.5970 0.5475
vn 0.0345 -0.6892 0.7237
vn -0.0345 -0.6892 0.7237
vn -0.8162 -0.3642 -0.4486
vn 0.8162 -0.3642 -0.4486
vn 0.5386 0.8354 -0.1099
vn 0.5386 -0.8354 0.1099
vn 0.6996 -0.6653 0.2606
vn -0.6996 -0.6653 0.2606
vn -0.1806 -0.8353 -0.5193
vn -0.1806 0.8353 0.5193
vn -0.4973 -0.2888 -0.8181
vn 0.4973 -0.2888 -0.8181
vn -0.8473 -0.1422 -0.5118
vn 0.8473 -0.1422 -0.5118
vn -0.1863 -0.1264 0.9743
vn -0.1863 0.1264 -0.9743
vn 0.3034 0.0121 -0.9528
vn 0.3034 -0.0121 0.9528
vn 0.1516 -0.3450 -0.9263
vn 0.1516 0.3450 0.9263
vn -0.3412 0.3551 -0.8703
vn 0.3181 0.3538 -0.8796
vn -0.4691 0.2538 -0.8459
vn -0.4378 -0.2584 0.8612
vn 0.1589 -0.4139 0.8963
vn 0.1552 0.4140 -0.8970
vn -0.1439 -0.5938 -0.7916
vn 0.1322 -0.5948 -0.7930
vn -0.5302 0.5955 0.6036
vn -0.5302 -0.5955 -0.6036
vn -0.7996 -0.1706 -0.5757
vn 0.7996 -0.1706 -0.5757
vn 0.2509 0.5017 0.8279
vn 0.2298 -0.5054 -0.8317
vn 0.7542 -0.1680 0.6347
vn -0.7542 -0.1680 0.6347
vn 0.0947 -0.5786 0.8101
vn 0.0869 0.5790 -0.8107
vn 0.2698 -0.2679 0.9249
vn -0.2504 -0.2683 0.9302
vn -0.2696 0.0129 -0.9629
vn 0.2509 0.0180 -0.9678
vn -0.2288 0.5013 -0.8345
vn 0.2288 0.5013 -0.8345
vn -0.2565 -0.2791 -0.9254
vn 0.2501 -0.2796 -0.9270
vn 0.1873 0.4766 0.8589
vn 0.1873 -0.4766 -0.8589
vn -0.9050 -0.1378 0.4025
vn 0.9050 -0.1378 0.4025
vn 0.0458 0.2697 0.9618
vn -0.0418 0.2696 0.9621
vn -0.2631 0.9648 -0.0000
vn 0.2873 0.9578 -0.0000
vn -0.2770 0.0674 0.9585
vn 0.2770 0.0674 0.9585
vn -0.6168 0.7851 0.0561
vn 0.6169 0.7851 0.0561
vn -0.2931 -0.2748 -0.9158
vn -0.2684 0.2769 0.9227
vn -0.6060 -0.2811 -0.7441
vn -0.6060 0.2811 0.7441
vn 0.3284 -0.0251 0.9442
vn 0.3047 0.0275 -0.9521
vn -0.6730 0.4029 -0.6203
vn -0.6730 -0.4029 0.6203
vn 0.8519 -0.5039 -0.1430
vn -0.8519 -0.5039 -0.1430
vn -0.2435 -0.6555 0.7149
vn -0.2650 0.6523 -0.7101
vn 0.8042 -0.5780 -0.1387
vn -0.8042 -0.5780 -0.1387
vn -0.3009 -0.1020 -0.9482
vn 0.2940 -0.1016 -0.9504
vn 0.5987 0.1615 0.7845
vn 0.5987 -0.1615 -0.7845
vn -0.6410 0.1469 -0.7534
vn 0.6410 0.1469 -0.7534
vn -0.2632 0.0100 -0.9647
vn -0.2575 -0.0103 0.9662
vn 0.3170 0.3522 0.8806
vn 0.4718 0.4601 0.7521
vn -0.4718 0.4601 0.7521
vn -0.3350 0.4083 0.8491
vn -0.3350 -0.4083 -0.8491
vn -0.8229 0.0988 -0.5596
vn 0.8229 0.0988 -0.5596
vn 0.9353 -0.2065 -0.2875
vn 0.9353 0.2065 0.2875
vn -0.2038 0.2820 0.9375
vn 0.2222 0.2815 0.9335
vn -0.2301 0.4114 -0.8820
vn -0.2126 -0.4123 0.8859
vn 0.3196 0.5263 0.7879
vn -0.3196 0.5263 0.7879
vn -0.1939 0.1733 0.9656
vn 0.2108 0.1727 0.9621
vn -0.2363 -0.1248 0.9636
vn -0.2555 0.1235 -0.9589
vn -0.4474 0.0482 -0.8931
vn -0.4474 -0.0482 0.8931
vn -0.3604 0.3070 0.8809
vn -0.3604 -0.3070 -0.8809
vn -0.9207 0.1199 -0.3714
vn 0.9207 0.1199 -0.3714
vn -0.2907 0.3553 0.8884
vn -0.9427 -0.1431 -0.3013
vn 0.9427 -0.1431 -0.3013
vn 0.4534 0.8874 -0.0839
vn 0.9913 0.0188 0.1303
vn 0.9913 -0.0188 -0.1303
vn -0.9612 0.2170 0.1705
vn -0.9921 0.0244 -0.1230
vn -0.8890 0.0684 0.4528
vn 0.7454 0.6662 0.0233
vn 0.9905 -0.0236 -0.1358
vn -0.8914 -0.2903 -0.3479
vn 0.3336 0.5121 -0.7915
vn 0.5176 -0.6754 -0.5253
vn -0.8513 0.3390 0.4004
vn 0.5156 -0.5929 -0.6186
vn 0.7454 -0.6662 -0.0233
vn -0.5546 -0.8318 -0.0208
vn 0.4471 -0.8942 -0.0224
vn 0.9327 0.3591 0.0350
vn 0.9338 -0.3548 -0.0467
vn -0.9199 0.3839 -0.0795
vn -0.9183 -0.3855 0.0907
vn -0.5226 0.8440 -0.1206
vn -0.4176 -0.8995 0.1285
vn 0.5663 0.7922 0.2275
vn 0.4969 -0.8341 -0.2395
vn 0.9303 0.3424 0.1316
vn -0.9304 0.3389 0.1397
vn -0.9354 0.3535 -0.0072
vn 0.9343 0.3562 -0.0155
vn -0.5314 0.8449 0.0609
vn 0.4632 0.8839 0.0637
vn -0.0891 0.7667 0.6358
vn -0.0891 -0.7667 -0.6358
vn 0.7515 0.2857 0.5947
vn 0.7515 -0.2857 -0.5947
vn -0.8938 0.4106 0.1804
vn 0.8938 0.4106 0.1804
vn 0.7726 -0.6295 0.0820
vn -0.7726 -0.6295 0.0820
vn -0.4836 -0.8331 -0.2684
vn -0.4043 0.8706 0.2805
vn -0.9342 -0.3286 -0.1386
vn 0.9356 -0.3211 -0.1467
vn -0.9353 0.3530 0.0264
vn -0.9332 -0.3588 -0.0181
vn 0.4966 -0.8573 -0.1358
vn 0.4161 0.8981 0.1423
vn 0.8499 0.4375 0.2936
vn 0.8499 -0.4375 -0.2936
vn -0.0756 -0.9370 -0.3409
vn -0.0756 0.9370 0.3409
vn 0.0921 -0.0526 -0.9944
vn 0.0921 0.0526 0.9944
vn 0.2459 0.1631 -0.9555
vn 0.2459 -0.1631 0.9555
vn 0.1558 -0.3187 -0.9349
vn -0.1647 -0.3183 -0.9336
vn 0.0957 0.7661 0.6355
vn -0.0957 0.7661 0.6355
vn -0.7272 -0.4267 -0.5377
vn -0.7272 0.4267 0.5377
vn 0.6401 -0.6221 -0.4508
vn 0.6401 0.6221 0.4508
vn -0.9753 -0.0034 0.2210
vn -0.9753 0.0034 -0.2210
vn 0.9348 -0.3268 0.1394
vn 0.9348 0.3268 -0.1394
vn 0.9897 -0.0954 -0.1071
vn 0.9897 0.0954 0.1071
vn -0.6031 0.7803 0.1657
vn 0.6031 0.7803 0.1657
vn 0.8448 0.4972 0.1979
vn -0.8448 0.4972 0.1979
vn -0.1165 -0.9321 -0.3428
vn -0.1165 0.9321 0.3428
vn 0.3960 0.0945 -0.9134
vn -0.3960 0.0945 -0.9134
vn 0.2832 -0.4793 -0.8307
vn 0.2832 0.4793 0.8307
vn 0.1361 0.2722 -0.9526
vn -0.1361 0.2722 -0.9526
vn -0.1979 -0.8095 0.5528
vn -0.1979 0.8095 -0.5528
vn 0.4482 0.7239 -0.5245
vn 0.4482 -0.7239 0.5245
vn 0.1133 0.2569 -0.9598
vn -0.1133 0.2569 -0.9598
vn -0.2117 0.2616 -0.9417
vn -0.2218 -0.2610 0.9395
vn -0.0110 -0.9661 -0.2580
vn 0.0110 -0.9661 -0.2580
vn -0.4685 0.6247 0.6247
vn -0.4685 -0.6247 -0.6247
vn -0.7783 -0.5998 -0.1859
vn -0.7783 0.5998 0.1859
vn 0.2783 0.5675 0.7749
vn 0.2783 -0.5675 -0.7749
vn -0.1392 -0.6721 -0.7273
vn -0.1392 0.6721 0.7273
vn 0.4520 0.0388 0.8912
vn -0.4520 0.0388 0.8912
vn -0.8451 0.4001 0.3545
vn -0.8451 -0.4001 -0.3545
vn 0.8177 0.1049 -0.5661
vn -0.8177 0.1049 -0.5661
vn -0.5474 0.2103 0.8100
vn 0.5474 0.2103 0.8100
vn 0.7003 -0.6239 -0.3469
vn -0.7003 -0.6239 -0.3469
vn -0.2290 -0.8084 -0.5422
vn 0.2290 -0.8084 -0.5422
vn -0.6895 -0.6960 -0.2003
vn -0.6895 0.6960 0.2003
vn 0.8954 0.0620 -0.4408
vn 0.8954 -0.0620 0.4408
vn -0.7998 0.1219 -0.5877
vn -0.7998 -0.1219 0.5877
vn -0.8072 -0.5000 -0.3137
vn 0.8072 -0.5000 -0.3137
vn 0.6821 0.6937 -0.2312
vn 0.6821 -0.6937 0.2312
vn 0.9981 -0.0602 0.0135
vn 0.9981 0.0602 -0.0135
vn -0.8547 -0.4115 -0.3165
vn -0.8547 0.4115 0.3165
vn 0.9456 0.1956 -0.2599
vn -0.9456 0.1956 -0.2599
vn -0.7448 0.0828 0.6621
vn 0.7448 0.0828 0.6621
vn 0.9979 -0.0034 0.0645
vn 0.9979 0.0034 -0.0645
vn -0.3622 0.0211 0.9319
vn -0.3622 -0.0211 -0.9319
vn 0.1937 -0.3718 0.9079
vn 0.1937 0.3718 -0.9079
vn 0.7632 -0.1303 -0.6329
vn 0.7632 0.1303 0.6329
vn 0.9717 0.1041 0.2121
vn 0.9717 -0.1041 -0.2121
vn 0.3033 0.4822 0.8219
vn 0.3033 -0.4822 -0.8219
vn 0.5853 -0.1984 0.7862
vn -0.5853 -0.1984 0.7862
vn -0.8293 0.3808 0.4090
vn 0.8293 0.3808 0.4090
vn 0.6544 -0.6787 0.3333
vn 0.6544 0.6787 -0.3333
vn 0.8207 -0.1641 -0.5472
vn 0.8207 0.1641 0.5472
vn -0.2776 0.8680 0.4117
vn -0.2776 -0.8680 -0.4117
vn 0.3889 -0.8858 0.2531
vn 0.3889 0.8858 -0.2531
vn -0.9794 -0.1247 -0.1591
vn 0.9794 -0.1248 -0.1591
vn 0.9969 -0.0554 0.0554
vn 0.9969 0.0554 -0.0554
vn 0.8147 -0.4122 0.4078
vn -0.8147 -0.4122 0.4078
vn -0.7116 0.6816 -0.1704
vn 0.7116 0.6816 -0.1704
vn 0.9762 0.2162 -0.0196
vn 0.6342 -0.6234 -0.4573
vn -0.6342 -0.6234 -0.4573
vn -0.1057 -0.9353 -0.3376
vn 0.1057 -0.9353 -0.3376
vn -0.9714 0.2373 0.0093
vn 0.9714 0.2373 0.0093
vn 0.7617 0.0496 0.6461
vn 0.7617 -0.0496 -0.6461
vn -0.5955 -0.4461 -0.6681
vn 0.5955 -0.4461 -0.6681
vn -0.3877 0.1363 -0.9117
vn -0.3877 -0.1363 0.9117
vn 0.9735 0.0348 0.2260
vn 0.9735 -0.0348 -0.2260
vn 0.1975 -0.2826 -0.9387
vn -0.1975 -0.2826 -0.9387
vn -0.9976 -0.0673 0.0151
vn -0.9976 0.0673 -0.0151
vn 0.9854 0.1701 0.0047
vn 0.9854 -0.1701 -0.0047
vn -0.9946 -0.0737 0.0737
vn -0.9946 0.0737 -0.0737
vn -0.9753 -0.0379 -0.2178
vn -0.9753 0.0379 0.2178
vn 0.9695 0.2445 0.0169
vn -0.9695 0.2445 0.0169
vn 0.1008 0.3919 -0.9145
vn 0.1008 -0.3919 0.9145
vn -0.3394 0.3291 0.8812
vn 0.3394 0.3291 0.8812
vn 0.9957 0.0742 0.0547
vn -0.9957 0.0742 0.0547
vn 0.9537 0.2836 -0.1004
vn 0.9537 -0.2836 0.1004
vn -0.9659 0.2175 -0.1407
vn 0.0636 -0.9173 0.3932
vn 0.0636 0.9173 -0.3932
vn 0.5038 -0.7940 -0.3403
vn -0.5038 -0.7940 -0.3403
vn -0.7989 0.0268 -0.6009
vn 0.7989 0.0268 -0.6009
vn -0.7298 -0.5952 0.3364
vn -0.7298 0.5952 -0.3364
vn 0.9864 -0.1644 -0.0000
vn 0.6252 0.5320 0.5711
vn 0.6252 -0.5320 -0.5711
vn -0.0470 0.9605 0.2744
vn 0.0470 0.9605 0.2744
vn 0.5185 -0.7860 0.3369
vn 0.5185 0.7860 -0.3369
vn -0.8286 -0.5300 -0.1800
vn -0.8286 0.5300 0.1800
vn 0.2678 -0.2232 0.9373
vn -0.2678 -0.2232 0.9373
vn -0.2185 0.3675 0.9040
vn -0.2185 -0.3675 -0.9040
vn 0.9688 0.2471 0.0198
vn 0.9688 -0.2471 -0.0198
vn 0.1629 0.3886 0.9069
vn 0.1629 -0.3886 -0.9069
vn -0.3679 0.2858 -0.8849
vn 0.3679 0.2858 -0.8849
vn -0.4532 0.7417 -0.4945
vn -0.4532 -0.7417 0.4945
vn 0.9951 0.0566 0.0809
vn -0.9951 0.0566 0.0809
vn -0.6994 0.6234 0.3497
vn 0.6994 0.6234 0.3497
vn -0.2636 0.9556 0.1318
vn -0.2636 -0.9556 -0.1318
vn -0.8609 0.4777 -0.1750
vn -0.8609 -0.4777 0.1750
vn 0.8998 0.3455 -0.2664
vn 0.8998 -0.3455 0.2664
vn 0.8590 0.4365 -0.2676
vn -0.8590 0.4365 -0.2676
vn 0.2871 0.6512 0.7025
vn 0.2871 -0.6512 -0.7025
vn 0.6999 0.1150 0.7049
vn 0.6999 -0.1150 -0.7049
vn -0.8131 -0.4949 0.3064
vn -0.8131 0.4949 -0.3064
vn 0.8065 0.5208 -0.2797
vn 0.8065 -0.5208 0.2797
vn -0.7326 -0.6396 0.2326
vn -0.7326 0.6396 -0.2326
vn -0.5483 -0.4551 -0.7016
vn 0.5483 -0.4551 -0.7016
vn -0.9887 0.0801 0.1264
vn -0.9887 -0.0801 -0.1264
vn 0.9654 -0.2527 -0.0648
vn 0.9654 0.2527 0.0648
vn -0.7229 -0.5736 -0.3851
vn 0.7229 -0.5737 -0.3851
vn -0.7924 -0.5623 0.2364
vn -0.7924 0.5623 -0.2364
vn -0.9658 -0.2542 -0.0508
vn -0.9658 0.2542 0.0508
vn 0.7295 0.5416 0.4178
vn 0.7295 -0.5416 -0.4178
vn -0.9972 -0.0734 0.0122
vn -0.9972 0.0734 -0.0122
vn -0.5063 0.4684 -0.7241
vn 0.5063 0.4684 -0.7241
vn -0.5463 -0.6302 -0.5517
vn 0.5463 -0.6302 -0.5517
vn 0.9827 0.0064 0.1853
vn -0.9827 0.0064 0.1853
vn 0.9334 0.3588 -0.0042
vn 0.9334 -0.3588 0.0042
vn -0.9363 0.2030 0.2865
vn 0.9363 0.2030 0.2865
vn 0.7821 0.2838 0.5548
vn -0.7821 0.2838 0.5548
vn 0.9870 -0.1208 0.1063
vn 0.9870 0.1209 -0.1063
vn 0.8950 0.1365 -0.4247
vn 0.8950 -0.1365 0.4247
vn 0.7844 0.5615 0.2634
vn -0.7844 0.5615 0.2634
vn -0.8485 -0.5283 0.0320
vn -0.8485 0.5283 -0.0320
vn 0.4899 0.3515 -0.7977
vn 0.4899 -0.3515 0.7977
vn 0.5393 -0.1547 0.8278
vn -0.5393 -0.1547 0.8278
vn 0.0044 0.9996 0.0283
vn 0.0044 -0.9996 -0.0283
vn -0.9648 -0.2631 -0.0000
vn -0.9648 0.2631 -0.0000
vn -0.9940 -0.0503 0.0973
vn -0.9940 0.0503 -0.0973
vn -0.2003 0.7635 -0.6140
vn 0.2003 0.7635 -0.6140
vn -0.8480 -0.5257 0.0678
vn -0.8480 0.5257 -0.0678
vn 0.5809 -0.4602 0.6714
vn 0.5809 0.4602 -0.6714
vn -0.9598 -0.2799 0.0200
vn 0.9598 -0.2800 0.0200
vn -0.7509 -0.5570 0.3548
vn -0.7509 0.5570 -0.3548
vn -0.8639 0.4109 -0.2912
vn 0.8639 0.4109 -0.2912
vn -0.7454 -0.5645 -0.3546
vn -0.7454 0.5645 0.3546
vn -0.9599 -0.2792 0.0248
vn 0.9599 -0.2792 0.0248
vn -0.9925 -0.1198 0.0233
vn 0.9925 -0.1198 0.0233
vn -0.2356 -0.8195 -0.5224
vn -0.2356 0.8195 0.5224
vn -1.0000 -0.0000 -0.0000
vn -0.9506 -0.2819 0.1297
vn -0.9506 0.2819 -0.1297
vn -0.9800 0.1498 -0.1311
vn 0.9800 0.1498 -0.1311
vn 0.6883 0.6260 -0.3666
vn -0.6883 0.6260 -0.3666
vn 0.9721 0.2346 -0.0015
vn 0.9721 -0.2346 0.0015
vn -0.8326 -0.4596 -0.3091
vn -0.8326 0.4596 0.3091
vn -0.7070 -0.5555 0.4377
vn -0.7070 0.5555 -0.4377
vn -0.8092 0.4357 -0.3942
vn 0.8092 0.4357 -0.3942
vn -0.7659 0.6418 -0.0393
vn -0.7659 -0.6418 0.0393
vn -0.3572 -0.1831 0.9159
vn -0.3572 0.1831 -0.9159
vn 0.8373 0.1854 -0.5144
vn 0.8373 -0.1854 0.5144
vn -0.0352 0.9627 -0.2682
vn 0.0352 0.9627 -0.2682
vn 0.3371 -0.5330 -0.7760
vn 0.3371 0.5330 0.7760
vn -0.8504 -0.2110 -0.4819
vn -0.8504 0.2110 0.4819
vn -0.3215 -0.8390 0.4390
vn 0.3215 -0.8390 0.4390
vn -0.3107 0.9321 0.1864
vn 0.3107 0.9321 0.1864
vn 0.4481 -0.6645 0.5980
vn -0.4481 -0.6645 0.5980
vn 0.4249 -0.1591 0.8912
vn 0.6136 0.6903 -0.3835
vn 0.2945 0.9371 0.1874
vn 0.2945 -0.9371 -0.1874
vn -0.6059 0.7063 0.3661
vn -0.6059 -0.7063 -0.3661
vn 0.9592 0.1998 0.1998
vn 0.9592 -0.1998 -0.1998
vn 0.2748 -0.8245 0.4947
vn 0.2748 0.8245 -0.4947
vn 0.1043 0.0163 0.9944
vn 0.1043 -0.0163 -0.9944
vn 0.8555 -0.2685 0.4427
vn -0.8555 -0.2685 0.4427
vn -0.2747 -0.5769 -0.7692
vn -0.2747 0.5769 0.7692
vn -0.2572 0.1588 -0.9532
vn -0.2572 -0.1588 0.9532
vn -0.7295 -0.6663 0.1546
vn -0.7295 0.6663 -0.1546
vn 0.9631 -0.1204 0.2407
vn -0.9631 -0.1204 0.2407
vn 1.0000 -0.0000 -0.0000
vn -0.7005 -0.4131 -0.5819
vn 0.7005 -0.4131 -0.5819
vn 0.8312 0.5052 0.2322
vn 0.8312 -0.5052 -0.2322
vn -0.2498 -0.2107 -0.9451
vn -0.2498 0.2107 0.9451
vn 0.0154 -0.2666 -0.9637
vn 0.0154 0.2666 0.9637
vn 0.6892 -0.5110 0.5137
vn 0.6892 0.5110 -0.5137
vn 0.3254 -0.8745 -0.3598
vn -0.3254 -0.8745 -0.3598
vn -0.6136 0.6903 -0.3835
vn 0.7112 0.2706 -0.6489
vn -0.7701 0.3731 0.5175
vn 0.7701 0.3731 0.5175
vn -0.9292 -0.2386 -0.2820
vn 0.9292 -0.2386 -0.2820
vn 0.7022 -0.6152 -0.3584
vn -0.7022 -0.6152 -0.3584
vn 0.5744 0.6461 0.5026
vn 0.5744 -0.6461 -0.5026
vn 0.2211 0.8846 0.4107
vn 0.2211 -0.8846 -0.4107
vn 0.9291 -0.3207 0.1840
vn 0.9291 0.3207 -0.1840
vn 0.2519 -0.6771 0.6914
vn -0.2519 -0.6771 0.6914
vn -0.3517 -0.3354 0.8740
vn -0.3517 0.3354 -0.8740
vn 0.2794 0.0089 -0.9601
vn 0.2794 -0.0089 0.9601
vn 0.6295 -0.5786 0.5186
vn 0.6295 0.5786 -0.5186
vn 0.9359 -0.1740 0.3064
vn -0.9359 -0.1740 0.3064
vn -0.9340 0.1838 -0.3062
vn -0.9340 -0.1838 0.3062
vn -0.8781 0.3845 -0.2848
vn -0.8781 -0.3845 0.2848
vn 0.5744 -0.6461 -0.5025
vn -0.8967 0.4340 0.0868
vn 0.9380 -0.1354 0.3191
vn 0.9380 0.1354 -0.3191
vn -0.4564 -0.5007 0.7355
vn 0.4564 -0.5007 0.7355
vn -0.2774 -0.0116 -0.9607
vn -0.2774 0.0116 0.9607
vn -0.2773 0.7916 -0.5446
vn 0.2773 0.7916 -0.5446
vn 0.6446 -0.7253 0.2417
vn -0.6072 -0.7591 0.2346
vn -0.9356 -0.0218 0.3525
vn 0.9356 -0.0218 0.3525
vn -0.7791 0.1520 0.6081
vn -0.7984 -0.1460 -0.5842
vn -0.3646 0.4274 -0.8273
vn -0.3646 -0.4274 0.8273
vn -0.5192 0.6789 0.5192
vn -0.5192 -0.6789 -0.5192
vn 0.6085 -0.7740 0.1752
vn -0.6085 -0.7740 0.1752
vn 0.9186 -0.3012 0.2560
vn -0.9186 -0.3012 0.2560
vn -0.9397 0.0171 -0.3417
vn -0.9397 -0.0171 0.3417
vn 0.6598 -0.3418 -0.6692
vn -0.6598 -0.3418 -0.6692
vn 0.2465 0.2049 0.9473
vn -0.2465 0.2049 0.9473
vn -0.4741 0.3633 -0.8020
vn -0.4741 -0.3633 0.8020
vn -0.2499 -0.0566 0.9666
vn -0.2499 0.0566 -0.9666
vn 0.5541 0.6927 -0.4617
vn 0.5946 -0.6690 0.4459
vn 0.8733 -0.3119 0.3743
vn 0.8733 0.3119 -0.3743
vn -0.6720 0.5077 -0.5391
vn -0.6720 -0.5077 0.5391
vn -0.1891 -0.5987 -0.7783
vn 0.1844 -0.5993 -0.7790
vn 0.3366 -0.8856 -0.3200
vn 0.3366 0.8856 0.3200
vn 0.9000 0.0348 0.4345
vn 0.9000 -0.0348 -0.4345
vn 0.9417 -0.0285 0.3353
vn -0.9417 -0.0285 0.3353
vn 0.5743 0.7636 0.2952
vn 0.5743 -0.7636 -0.2952
vn 0.9378 0.1244 0.3242
vn 0.9378 -0.1244 -0.3242
vn -0.3334 -0.6666 -0.6667
vn 0.3334 -0.6666 -0.6667
vn -0.7226 0.5144 0.4618
vn 0.7226 0.5144 0.4618
vn 0.7544 -0.6287 -0.1886
vn -0.7544 -0.6287 -0.1886
vn 0.2054 -0.6556 0.7267
vn -0.2054 -0.6556 0.7267
vn -0.2306 0.1537 -0.9608
vn -0.2306 -0.1537 0.9608
vn 0.4043 -0.1222 -0.9064
vn -0.4043 -0.1222 -0.9064
vn 0.7830 0.3698 0.5002
vn -0.7830 0.3698 0.5002
vn 0.8715 0.2664 0.4116
vn 0.8715 -0.2664 -0.4116
vn -0.5258 -0.5104 -0.6805
vn 0.5258 -0.5104 -0.6805
vn 0.3700 0.0107 0.9290
vn -0.3700 0.0107 0.9290
vn 0.3060 0.6732 0.6732
vn -0.2826 0.6783 0.6783
vn 0.6285 0.1222 -0.7681
vn 0.6285 -0.1222 0.7681
vn 0.2120 -0.7420 0.6360
vn -0.2120 -0.7420 0.6360
vn -0.8893 0.3234 0.3234
vn 0.8893 0.3234 0.3234
vn -0.0048 -0.2053 -0.9787
vn -0.0048 0.2053 0.9787
vn -0.5264 0.8084 -0.2632
vn 0.5264 0.8084 -0.2632
vn 0.5902 0.3340 0.7349
vn -0.5902 0.3340 0.7349
vn -0.8018 0.5345 -0.2672
vn -0.8018 -0.5345 0.2672
vn 0.6026 -0.4427 -0.6640
vn 0.6026 0.4427 0.6640
vn 0.6104 -0.4233 0.6695
vn 0.6104 0.4233 -0.6695
vn -0.2371 0.3635 -0.9009
vn -0.2371 -0.3635 0.9009
vn 0.0570 -0.3609 -0.9308
vn 0.0570 0.3609 0.9308
vn -0.7868 -0.1586 -0.5965
vn 0.7868 -0.1586 -0.5965
vn -0.3804 0.1336 0.9151
vn -0.3804 -0.1336 -0.9151
vn 0.5221 -0.8440 -0.1229
vn 0.5221 0.8440 0.1229
vn 0.7493 -0.5208 -0.4091
vn -0.7493 -0.5208 -0.4091
vn 0.8917 -0.4132 -0.1849
vn 0.8917 0.4132 0.1849
vn 0.9503 -0.0147 -0.3109
vn 0.9503 0.0147 0.3109
vn 0.5500 -0.8251 0.1289
vn -0.7028 -0.7028 0.1098
vn 0.7249 -0.6840 0.0817
vn 0.7286 0.6773 -0.1026
vn -0.8401 -0.4695 0.2718
vn -0.8422 0.4789 -0.2477
vn -0.3748 -0.8994 -0.2248
vn -0.5186 0.8295 0.2074
vn -0.2925 -0.8774 0.3802
vn -0.4171 0.8339 -0.3614
vn 0.8410 0.5360 0.0742
vn -0.8429 0.5289 0.0992
vn 0.8342 -0.4498 -0.3190
vn -0.8374 -0.4597 -0.2955
vn -0.2801 0.8405 0.4637
vn 0.4010 0.8021 0.4425
vn 0.3160 -0.9483 0.0296
vn -0.4469 -0.8941 0.0279
vn -0.8312 0.5542 0.0433
vn 0.8319 0.5547 0.0173
vn -0.8444 -0.4932 0.2090
vn 0.8451 -0.5020 0.1841
vn -0.3048 -0.9147 0.2655
vn -0.4328 0.8658 -0.2513
vn -0.3129 -0.9384 -0.1466
vn -0.4430 0.8858 0.1384
vn -0.8355 -0.5489 -0.0246
vn -0.8385 0.5426 0.0493
vn 0.8401 -0.4695 -0.2718
vn -0.8422 -0.4789 -0.2477
vn -0.2925 0.8774 0.3802
vn 0.4171 0.8339 0.3614
vn -0.3149 -0.9450 0.0886
vn -0.4455 0.8914 -0.0836
vn -0.8268 -0.5512 0.1120
vn -0.8290 0.5526 -0.0863
vn 0.8231 -0.5488 -0.1458
vn -0.8260 -0.5507 -0.1205
vn -0.3127 0.9385 0.1466
vn -0.4428 -0.8859 -0.1384
vn 0.7804 -0.3468 0.5203
vn 0.7804 0.3468 -0.5203
vn -0.7784 0.0726 0.6235
vn 0.7784 0.0726 0.6235
vn -0.6698 -0.6857 0.2850
vn 0.2442 0.7792 0.5772
vn -0.2651 0.5965 0.7575
vn -0.2651 -0.5965 -0.7575
vn 0.7308 -0.1527 -0.6653
vn -0.1335 0.2358 0.9626
vn -0.5603 0.5307 0.6359
vn -0.7308 -0.1527 -0.6653
vn -0.9650 -0.0813 0.2494
vn 0.7818 -0.0630 0.6204
vn 0.1778 0.4182 0.8908
vn 0.1778 -0.4182 -0.8908
vn -0.7818 -0.0630 0.6204
vn -0.8391 -0.5377 0.0826
vn 0.7681 0.3546 -0.5332
vn -0.1031 0.0701 0.9922
vn 0.1031 0.0701 0.9922
vn 0.7681 -0.3546 0.5332
vn -0.8391 0.5377 -0.0826
vn -0.1794 0.3197 -0.9304
vn 0.1794 0.3197 -0.9304
vn 0.0252 -0.5082 -0.8609
vn 0.7002 0.2325 0.6750
vn 0.8979 0.0587 0.4363
vn 0.8979 -0.0587 -0.4363
vn -0.7002 0.2325 0.6750
vn 0.0252 0.5082 0.8609
vn 0.5603 0.5307 0.6359
vn 0.0959 -0.3379 -0.9363
vn -0.0959 -0.3379 -0.9363
vn 0.9650 -0.0813 0.2494
vn 0.4757 0.6558 0.5861
vn -0.4757 0.6558 0.5861
s 0
f 3//1 22//1 23//1 4//1
f 24//2 5//2 3//2 22//2
f 6//3 4//3 23//3 25//3
f 7//4 26//4 24//4 5//4
f 8//5 27//5 25//5 6//5
f 9//6 7//6 26//6 28//6
f 10//7 8//7 27//7 29//7
f 28//8 29//8 10//8 9//8
f 16//9 65//9 56//9 14//9
f 56//10 66//10 15//10 14//10
f 18//11 16//11 65//11 78//11
f 17//12 79//12 66//12 15//12
f 20//13 18//13 78//13 94//13
f 19//14 17//14 79//14 95//14
f 94//15 103//15 21//15 20//15
f 21//16 19//16 95//16 103//16
f 39//17 38//17 41//17 42//17
f 41//18 43//18 40//18 38//18
f 45//19 42//19 41//19 44//19
f 41//20 43//20 46//20 44//20
f 22//21 23//21 121//21 115//21
f 120//22 24//22 22//22 115//22
f 24//23 120//23 126//23 26//23
f 23//24 121//24 127//24 25//24
f 26//25 126//25 149//25 28//25
f 25//26 27//26 150//26 127//26
f 39//27 38//27 67//27 74//27
f 67//28 75//28 40//28 38//28
f 42//29 76//29 74//29 39//29
f 75//30 77//30 43//30 40//30
f 98//31 30//31 36//31 106//31
f 37//32 31//32 99//32 107//32
f 76//33 80//33 45//33 42//33
f 46//34 43//34 77//34 82//34
f 80//35 45//35 44//35 81//35
f 44//36 81//36 82//36 46//36
f 149//37 28//37 29//37 157//37
f 29//38 157//38 150//38 27//38
f 59//39 52//39 48//39 54//39
f 49//40 53//40 60//40 55//40
f 32//41 116//41 98//41 30//41
f 99//42 31//42 33//42 117//42
f 54//43 48//43 70//43 90//43
f 71//44 91//44 55//44 49//44
f 83//45 59//45 54//45 68//45
f 55//46 60//46 84//46 69//46
f 92//47 86//47 52//47 59//47
f 53//48 60//48 93//48 87//48
f 108//49 90//49 54//49 68//49
f 55//50 69//50 109//50 91//50
f 63//51 36//51 106//51 124//51
f 107//52 37//52 64//52 125//52
f 112//53 92//53 59//53 83//53
f 60//54 84//54 113//54 93//54
f 100//55 80//55 81//55 102//55
f 102//55 81//55 82//55 101//55
f 106//56 83//56 68//56 98//56
f 69//57 84//57 107//57 99//57
f 57//58 147//58 116//58 32//58
f 117//59 148//59 58//59 33//59
f 110//60 114//60 74//60 96//60
f 75//61 97//61 111//61 114//61
f 118//62 98//62 68//62 108//62
f 69//63 99//63 119//63 109//63
f 106//64 83//64 112//64 122//64
f 113//65 123//65 107//65 84//65
f 88//66 63//66 124//66 155//66
f 125//67 64//67 89//67 156//67
f 147//68 57//68 88//68 155//68
f 89//69 58//69 148//69 156//69
f 128//70 134//70 96//70 104//70
f 97//71 135//71 129//71 105//71
f 143//72 116//72 98//72 118//72
f 99//73 119//73 144//73 117//73
f 145//74 100//74 102//74 142//74
f 102//75 142//75 146//75 101//75
f 134//76 96//76 110//76 184//76
f 111//77 97//77 135//77 185//77
f 65//78 56//78 182//78 188//78
f 182//79 189//79 66//79 56//79
f 166//80 140//80 104//80 128//80
f 105//81 141//81 167//81 129//81
f 124//82 106//82 122//82 174//82
f 123//83 175//83 125//83 107//83
f 51//84 199//84 196//84 47//84
f 196//85 200//85 50//85 47//85
f 62//86 51//86 199//86 213//86
f 61//87 214//87 200//87 50//87
f 78//88 203//88 188//88 65//88
f 79//89 66//89 189//89 204//89
f 145//90 180//90 140//90 100//90
f 146//91 101//91 141//91 181//91
f 172//92 147//92 116//92 143//92
f 117//93 148//93 173//93 144//93
f 176//94 183//94 114//94 110//94
f 114//95 183//95 177//95 111//95
f 73//96 62//96 213//96 228//96
f 72//97 61//97 214//97 229//97
f 94//98 78//98 203//98 244//98
f 95//99 79//99 204//99 245//99
f 228//100 73//100 85//100 236//100
f 85//101 236//101 229//101 72//101
f 170//102 164//102 134//102 162//102
f 135//103 165//103 171//103 163//103
f 244//104 256//104 103//104 94//104
f 103//105 256//105 245//105 95//105
f 155//106 124//106 174//106 194//106
f 175//107 195//107 156//107 125//107
f 172//108 147//108 155//108 194//108
f 156//109 195//109 173//109 148//109
f 178//110 168//110 164//110 170//110
f 165//111 169//111 179//111 171//111
f 205//112 132//112 130//112 201//112
f 131//113 133//113 206//113 202//113
f 136//114 130//114 201//114 209//114
f 202//115 131//115 137//115 210//115
f 166//116 226//116 180//116 140//116
f 181//117 141//117 167//117 227//117
f 138//118 132//118 205//118 220//118
f 206//119 133//119 139//119 221//119
f 211//120 215//120 142//120 145//120
f 142//121 146//121 212//121 215//121
f 168//122 192//122 186//122 164//122
f 187//123 165//123 169//123 193//123
f 184//124 110//124 176//124 271//124
f 177//125 111//125 185//125 272//125
f 218//126 207//126 128//126 162//126
f 129//127 208//127 219//127 163//127
f 151//128 224//128 209//128 136//128
f 152//129 137//129 210//129 225//129
f 207//130 226//130 166//130 128//130
f 167//131 129//131 208//131 227//131
f 138//132 153//132 234//132 220//132
f 139//133 221//133 235//133 154//133
f 158//134 151//134 224//134 242//134
f 225//135 152//135 159//135 243//135
f 234//136 250//136 160//136 153//136
f 161//137 154//137 235//137 251//137
f 170//138 222//138 218//138 162//138
f 219//139 223//139 171//139 163//139
f 250//140 242//140 158//140 160//140
f 159//141 243//141 251//141 161//141
f 186//142 240//142 184//142 164//142
f 185//143 241//143 187//143 165//143
f 211//144 265//144 180//144 145//144
f 212//145 146//145 181//145 266//145
f 190//146 192//146 186//146 197//146
f 187//147 193//147 191//147 198//147
f 246//148 178//148 170//148 222//148
f 171//149 223//149 247//149 179//149
f 267//150 263//150 178//150 168//150
f 179//151 169//151 268//151 264//151
f 216//152 232//152 197//152 190//152
f 198//153 191//153 217//153 233//153
f 278//154 267//154 168//154 192//154
f 169//155 268//155 279//155 193//155
f 176//156 302//156 239//156 183//156
f 239//157 303//157 177//157 183//157
f 197//158 257//158 240//158 186//158
f 241//159 187//159 198//159 258//159
f 205//160 242//160 224//160 209//160
f 225//161 243//161 206//161 210//161
f 220//162 205//162 242//162 234//162
f 243//163 235//163 221//163 206//163
f 282//164 190//164 192//164 278//164
f 193//165 279//165 283//165 191//165
f 253//166 230//166 237//166 248//166
f 238//167 231//167 254//167 249//167
f 230//168 237//168 252//168 255//168
f 252//169 238//169 231//169 255//169
f 248//170 237//170 259//170 269//170
f 260//171 270//171 249//171 238//171
f 237//172 259//172 274//172 252//172
f 274//173 252//173 238//173 260//173
f 282//174 190//174 216//174 326//174
f 217//175 191//175 283//175 327//175
f 276//176 286//176 232//176 216//176
f 233//177 287//177 277//177 217//177
f 232//178 197//178 257//178 334//178
f 258//179 198//179 233//179 335//179
f 280//180 253//180 230//180 273//180
f 231//181 254//181 281//181 273//181
f 205//182 370//182 361//182 201//182
f 362//183 371//183 206//183 202//183
f 361//184 201//184 209//184 384//184
f 210//185 202//185 362//185 385//185
f 364//186 363//186 215//186 211//186
f 215//187 212//187 365//187 363//187
f 220//188 205//188 370//188 406//188
f 371//189 206//189 221//189 407//189
f 326//190 330//190 276//190 216//190
f 277//191 217//191 327//191 331//191
f 302//192 239//192 275//192 349//192
f 275//193 239//193 303//193 350//193
f 199//194 468//194 429//194 196//194
f 429//195 469//195 200//195 196//195
f 341//196 338//196 253//196 248//196
f 254//197 339//197 342//197 249//197
f 414//198 224//198 209//198 384//198
f 415//199 225//199 210//199 385//199
f 280//200 273//200 275//200 349//200
f 275//201 273//201 281//201 350//201
f 386//202 430//202 271//202 184//202
f 272//203 431//203 387//203 185//203
f 288//204 276//204 286//204 312//204
f 287//205 313//205 289//205 277//205
f 271//206 603//206 302//206 176//206
f 303//207 177//207 272//207 604//207
f 332//208 340//208 274//208 259//208
f 274//209 340//209 333//209 260//209
f 286//210 232//210 334//210 380//210
f 335//211 233//211 287//211 381//211
f 440//212 406//212 220//212 234//212
f 441//213 235//213 221//213 407//213
f 330//214 276//214 288//214 306//214
f 289//215 307//215 331//215 277//215
f 304//216 310//216 290//216 284//216
f 291//217 285//217 305//217 311//217
f 364//218 211//218 265//218 478//218
f 365//219 212//219 266//219 479//219
f 296//220 261//220 298//220 368//220
f 299//221 262//221 297//221 369//221
f 242//222 454//222 414//222 224//222
f 415//223 225//223 243//223 455//223
f 213//224 199//224 468//224 509//224
f 214//225 510//225 469//225 200//225
f 338//226 253//226 280//226 396//226
f 281//227 254//227 339//227 397//227
f 392//228 316//228 261//228 296//228
f 262//229 297//229 393//229 317//229
f 306//230 310//230 290//230 308//230
f 291//231 309//231 307//231 311//231
f 234//232 440//232 470//232 250//232
f 471//233 441//233 235//233 251//233
f 470//234 454//234 242//234 250//234
f 243//235 251//235 471//235 455//235
f 290//236 376//236 388//236 284//236
f 389//237 285//237 291//237 377//237
f 517//238 207//238 226//238 505//238
f 227//239 208//239 518//239 506//239
f 563//240 517//240 207//240 218//240
f 208//241 518//241 564//241 219//241
f 314//242 300//242 324//242 345//242
f 325//243 301//243 315//243 346//243
f 505//244 226//244 265//244 478//244
f 266//245 227//245 506//245 479//245
f 394//246 343//246 292//246 322//246
f 293//247 323//247 395//247 344//247
f 557//248 222//248 218//248 563//248
f 219//249 564//249 558//249 223//249
f 228//250 597//250 509//250 213//250
f 229//251 598//251 510//251 214//251
f 404//252 372//252 269//252 341//252
f 270//253 342//253 405//253 373//253
f 294//254 318//254 378//254 374//254
f 379//255 375//255 295//255 319//255
f 549//256 557//256 222//256 246//256
f 223//257 558//257 550//257 247//257
f 343//258 421//258 351//258 292//258
f 352//259 422//259 344//259 293//259
f 286//260 312//260 458//260 380//260
f 459//261 313//261 287//261 381//261
f 353//262 412//262 355//262 294//262
f 356//263 295//263 354//263 413//263
f 294//264 355//264 446//264 318//264
f 447//265 356//265 295//265 319//265
f 368//266 298//266 336//266 410//266
f 337//267 411//267 369//267 299//267
f 263//268 246//268 549//268 531//268
f 550//269 247//269 264//269 532//269
f 312//270 458//270 376//270 308//270
f 377//271 459//271 313//271 309//271
f 368//272 425//272 366//272 296//272
f 367//273 426//273 369//273 297//273
f 398//274 382//274 324//274 345//274
f 325//275 383//275 399//275 346//275
f 523//276 531//276 263//276 267//276
f 264//277 532//277 524//277 268//277
f 597//278 624//278 236//278 228//278
f 236//279 624//279 598//279 229//279
f 390//280 328//280 347//280 402//280
f 348//281 329//281 391//281 403//281
f 432//282 427//282 300//282 314//282
f 301//283 315//283 433//283 428//283
f 267//284 523//284 503//284 278//284
f 268//285 279//285 504//285 524//285
f 488//286 304//286 284//286 434//286
f 285//287 435//287 489//287 305//287
f 366//288 296//288 392//288 448//288
f 393//289 449//289 367//289 297//289
f 282//290 278//290 503//290 501//290
f 504//291 279//291 283//291 502//291
f 328//292 347//292 419//292 408//292
f 420//293 348//293 329//293 409//293
f 334//294 257//294 386//294 627//294
f 387//295 258//295 335//295 628//295
f 421//296 351//296 336//296 410//296
f 337//297 352//297 422//297 411//297
f 357//298 442//298 400//298 320//298
f 401//299 443//299 358//299 321//299
f 359//300 320//300 400//300 462//300
f 401//301 463//301 360//301 321//301
f 374//302 555//302 353//302 294//302
f 354//303 556//303 375//303 295//303
f 444//304 436//304 357//304 320//304
f 358//305 437//305 445//305 321//305
f 364//306 417//306 416//306 363//306
f 416//307 418//307 365//307 363//307
f 423//308 507//308 306//308 310//308
f 307//309 508//309 424//309 311//309
f 529//310 423//310 310//310 304//310
f 311//311 424//311 530//311 305//311
f 284//312 434//312 541//312 388//312
f 542//313 435//313 285//313 389//313
f 282//314 326//314 511//314 501//314
f 283//315 502//315 512//315 327//315
f 396//316 691//316 349//316 280//316
f 350//317 692//317 397//317 281//317
f 374//318 474//318 438//318 378//318
f 439//319 475//319 375//319 379//319
f 452//320 476//320 394//320 343//320
f 453//321 344//321 395//321 477//321
f 412//322 492//322 404//322 355//322
f 405//323 356//323 413//323 493//323
f 507//324 521//324 330//324 306//324
f 331//325 522//325 508//325 307//325
f 452//326 343//326 421//326 482//326
f 422//327 344//327 453//327 483//327
f 326//328 330//328 521//328 511//328
f 327//329 512//329 522//329 331//329
f 408//330 450//330 466//330 419//330
f 467//331 420//331 409//331 451//331
f 460//332 366//332 425//332 486//332
f 426//333 367//333 461//333 487//333
f 553//334 490//334 322//334 394//334
f 323//335 395//335 554//335 491//335
f 464//336 456//336 427//336 432//336
f 428//337 457//337 465//337 433//337
f 460//338 494//338 448//338 366//338
f 449//339 495//339 461//339 367//339
f 567//340 589//340 345//340 314//340
f 346//341 315//341 568//341 590//341
f 436//342 561//342 442//342 357//342
f 443//343 358//343 437//343 562//343
f 398//344 499//344 484//344 382//344
f 485//345 383//345 399//345 500//345
f 450//346 464//346 456//346 466//346
f 457//346 465//346 451//346 467//346
f 543//347 545//347 408//347 328//347
f 409//348 329//348 544//348 546//348
f 444//349 359//349 462//349 581//349
f 463//350 360//350 445//350 582//350
f 388//351 579//351 519//351 376//351
f 520//352 580//352 389//352 377//352
f 324//353 300//353 625//353 647//353
f 626//354 301//354 325//354 648//354
f 565//355 432//355 314//355 567//355
f 566//356 433//356 315//356 568//356
f 332//357 608//357 605//357 340//357
f 605//358 609//358 333//358 340//358
f 417//359 496//359 498//359 416//359
f 498//360 416//360 418//360 497//360
f 559//361 575//361 353//361 412//361
f 354//362 576//362 560//362 413//362
f 492//363 750//363 338//363 341//363
f 339//364 342//364 493//364 751//364
f 603//365 691//365 349//365 302//365
f 350//366 692//366 604//366 303//366
f 543//367 665//367 390//367 328//367
f 391//368 329//368 544//368 666//368
f 589//369 345//369 398//369 610//369
f 399//370 611//370 590//370 346//370
f 364//371 417//371 687//371 478//371
f 365//372 479//372 688//372 418//372
f 614//373 378//373 318//373 657//373
f 319//374 379//374 615//374 658//374
f 392//375 316//375 612//375 639//375
f 613//376 640//376 393//376 317//376
f 545//377 535//377 450//377 408//377
f 451//378 536//378 546//378 409//378
f 300//379 625//379 618//379 427//379
f 619//380 428//380 301//380 626//380
f 591//381 474//381 374//381 555//381
f 375//382 475//382 592//382 556//382
f 606//383 368//383 410//383 601//383
f 607//384 602//384 411//384 369//384
f 513//385 577//385 444//385 436//385
f 445//386 578//386 514//386 437//386
f 551//387 547//387 464//387 432//387
f 465//388 433//388 552//388 548//388
f 533//389 527//389 438//389 474//389
f 439//390 528//390 534//390 475//390
f 476//391 394//391 553//391 571//391
f 477//392 395//392 554//392 572//392
f 659//393 649//393 334//393 380//393
f 335//394 650//394 660//394 381//394
f 382//395 324//395 647//395 671//395
f 648//396 325//396 383//396 672//396
f 547//397 464//397 450//397 535//397
f 451//398 536//398 548//398 465//398
f 456//399 537//399 539//399 466//399
f 540//400 538//400 457//400 467//400
f 452//401 482//401 585//401 476//401
f 453//402 477//402 586//402 483//402
f 425//403 616//403 606//403 368//403
f 426//404 617//404 607//404 369//404
f 410//405 601//405 595//405 421//405
f 411//406 422//406 596//406 602//406
f 427//407 456//407 537//407 618//407
f 538//408 619//408 428//408 457//408
f 438//409 378//409 614//409 629//409
f 615//410 379//410 439//410 630//410
f 515//411 573//411 486//411 460//411
f 487//412 461//412 516//412 574//412
f 488//413 304//413 529//413 752//413
f 530//414 753//414 489//414 305//414
f 583//415 494//415 460//415 515//415
f 461//416 495//416 584//416 516//416
f 446//417 318//417 657//417 689//417
f 658//418 319//418 447//418 690//418
f 593//419 595//419 421//419 482//419
f 422//420 483//420 594//420 596//420
f 446//421 689//421 608//421 372//421
f 609//422 690//422 447//422 373//422
f 675//423 396//423 338//423 750//423
f 339//424 751//424 676//424 397//424
f 448//425 392//425 639//425 645//425
f 640//426 393//426 449//426 646//426
f 390//427 402//427 705//427 665//427
f 706//428 666//428 391//428 403//428
f 736//429 347//429 402//429 705//429
f 737//430 348//430 403//430 706//430
f 669//431 659//431 380//431 458//431
f 381//432 660//432 670//432 459//432
f 419//433 707//433 736//433 347//433
f 420//434 348//434 737//434 708//434
f 681//435 559//435 412//435 492//435
f 413//436 560//436 682//436 493//436
f 499//437 484//437 569//437 587//437
f 570//438 485//438 500//438 588//438
f 610//439 398//439 499//439 653//439
f 500//440 399//440 611//440 654//440
f 486//441 425//441 616//441 635//441
f 617//442 426//442 487//442 636//442
f 513//443 436//443 561//443 695//443
f 562//444 437//444 514//444 696//444
f 587//445 533//445 527//445 569//445
f 528//446 534//446 588//446 570//446
f 484//447 382//447 671//447 721//447
f 672//448 383//448 485//448 722//448
f 541//449 388//449 579//449 778//449
f 580//450 389//450 542//450 779//450
f 466//451 699//451 707//451 419//451
f 467//452 420//452 708//452 700//452
f 438//453 629//453 655//453 527//453
f 656//454 630//454 439//454 528//454
f 494//455 448//455 645//455 661//455
f 646//456 449//456 495//456 662//456
f 599//457 444//457 525//457 709//457
f 526//458 710//458 600//458 445//458
f 585//459 663//459 571//459 476//459
f 586//460 477//460 572//460 664//460
f 599//461 683//461 581//461 444//461
f 582//462 684//462 600//462 445//462
f 593//463 482//463 585//463 679//463
f 594//464 680//464 586//464 483//464
f 539//465 631//465 633//465 537//465
f 634//466 538//466 540//466 632//466
f 573//467 486//467 635//467 673//467
f 636//468 674//468 574//468 487//468
f 496//469 806//469 687//469 417//469
f 497//470 418//470 688//470 807//470
f 643//471 641//471 547//471 551//471
f 548//472 642//472 644//472 552//472
f 677//473 587//473 533//473 622//473
f 534//474 588//474 678//474 623//474
f 637//475 651//475 575//475 559//475
f 576//476 560//476 638//476 652//476
f 653//477 499//477 587//477 677//477
f 588//478 678//478 654//478 500//478
f 583//479 685//479 661//479 494//479
f 662//480 686//480 584//480 495//480
f 725//481 733//481 498//481 496//481
f 498//482 497//482 726//482 733//482
f 569//483 527//483 655//483 746//483
f 656//484 528//484 570//484 747//484
f 569//485 484//485 721//485 746//485
f 722//486 747//486 570//486 485//486
f 553//487 756//487 748//487 490//487
f 749//488 757//488 554//488 491//488
f 663//489 571//489 553//489 756//489
f 664//490 757//490 554//490 572//490
f 577//491 768//491 695//491 513//491
f 696//492 769//492 578//492 514//492
f 577//493 768//493 713//493 525//493
f 714//494 769//494 578//494 526//494
f 539//495 631//495 715//495 699//495
f 716//496 700//496 540//496 632//496
f 529//497 966//497 740//497 423//497
f 741//498 967//498 530//498 424//498
f 727//499 641//499 547//499 693//499
f 548//500 694//500 728//500 642//500
f 723//501 537//501 633//501 719//501
f 634//502 720//502 724//502 538//502
f 731//503 701//503 551//503 643//503
f 552//504 702//504 732//504 644//504
f 926//505 814//505 434//505 488//505
f 435//506 489//506 927//506 815//506
f 886//507 814//507 434//507 541//507
f 435//508 815//508 887//508 542//508
f 620//509 667//509 711//509 622//509
f 712//510 668//510 621//510 623//510
f 758//511 681//511 559//511 637//511
f 560//512 682//512 759//512 638//512
f 593//513 679//513 788//513 595//513
f 789//514 680//514 594//514 596//514
f 585//515 679//515 738//515 663//515
f 586//516 680//516 739//516 664//516
f 555//517 620//517 794//517 734//517
f 556//518 621//518 795//518 735//518
f 505//519 478//519 687//519 1077//519
f 688//520 479//520 506//520 1078//520
f 633//521 631//521 717//521 719//521
f 634//522 720//522 718//522 632//522
f 535//523 545//523 816//523 836//523
f 536//524 837//524 817//524 546//524
f 792//525 734//525 575//525 651//525
f 576//526 735//526 793//526 652//526
f 643//527 731//527 729//527 641//527
f 644//528 642//528 730//528 732//528
f 858//529 862//529 511//529 501//529
f 859//530 502//530 512//530 863//530
f 511//531 521//531 864//531 862//531
f 512//532 522//532 865//532 863//532
f 866//533 507//533 521//533 864//533
f 522//534 508//534 867//534 865//534
f 709//535 831//535 713//535 525//535
f 714//536 526//536 710//536 833//536
f 820//537 788//537 595//537 601//537
f 821//538 602//538 596//538 789//538
f 858//539 932//539 503//539 501//539
f 504//540 502//540 859//540 933//540
f 717//541 631//541 715//541 782//541
f 718//542 783//542 716//542 632//542
f 729//543 786//543 727//543 641//543
f 730//544 642//544 728//544 787//544
f 816//545 1012//545 543//545 545//545
f 817//546 546//546 544//546 1013//546
f 780//547 842//547 683//547 599//547
f 684//548 600//548 781//548 843//548
f 812//549 846//549 616//549 635//549
f 617//550 847//550 813//550 636//550
f 762//551 697//551 703//551 766//551
f 704//552 698//552 763//552 767//552
f 667//553 620//553 794//553 838//553
f 795//554 621//554 668//554 839//554
f 606//555 910//555 820//555 601//555
f 607//556 602//556 821//556 911//556
f 697//557 764//557 772//557 703//557
f 773//558 704//558 698//558 765//558
f 804//559 673//559 635//559 812//559
f 636//560 674//560 805//560 813//560
f 523//561 503//561 932//561 1002//561
f 524//562 1003//562 933//562 504//562
f 599//563 780//563 888//563 709//563
f 600//564 710//564 889//564 781//564
f 567//565 565//565 872//565 996//565
f 568//566 997//566 873//566 566//566
f 784//567 782//567 717//567 719//567
f 785//568 720//568 718//568 783//568
f 846//569 616//569 606//569 910//569
f 607//570 617//570 847//570 911//570
f 627//571 1155//571 922//571 386//571
f 923//572 1156//572 628//572 387//572
f 685//573 808//573 826//573 661//573
f 827//574 662//574 686//574 809//574
f 663//575 738//575 844//575 756//575
f 845//576 739//576 664//576 757//576
f 790//577 786//577 729//577 731//577
f 791//578 732//578 730//578 787//578
f 754//579 697//579 762//579 798//579
f 763//580 799//580 755//580 698//580
f 800//581 754//581 697//581 764//581
f 698//582 755//582 801//582 765//582
f 826//583 868//583 645//583 661//583
f 646//584 662//584 827//584 869//584
f 625//585 618//585 822//585 934//585
f 626//586 935//586 823//586 619//586
f 725//587 1044//587 806//587 496//587
f 726//588 497//588 807//588 1045//588
f 738//589 679//589 788//589 844//589
f 789//590 680//590 739//590 845//590
f 727//591 786//591 852//591 693//591
f 853//592 787//592 728//592 694//592
f 731//593 701//593 856//593 790//593
f 857//594 791//594 732//594 702//594
f 878//595 782//595 715//595 699//595
f 716//596 783//596 879//596 700//596
f 882//597 784//597 719//597 723//597
f 720//598 724//598 883//598 785//598
f 1002//599 523//599 531//599 1107//599
f 532//600 524//600 1003//600 1108//600
f 868//601 645//601 639//601 944//601
f 640//602 945//602 869//602 646//602
f 589//603 567//603 996//603 1024//603
f 590//604 1025//604 997//604 568//604
f 1137//605 1269//605 472//605 430//605
f 1138//606 431//606 473//606 1270//606
f 740//607 507//607 866//607 1063//607
f 867//608 508//608 741//608 1064//608
f 838//609 792//609 734//609 794//609
f 735//610 793//610 839//610 795//610
f 1012//611 543//611 665//611 954//611
f 1013//612 955//612 666//612 544//612
f 760//613 860//613 810//613 744//613
f 811//614 861//614 761//614 745//614
f 802//615 754//615 798//615 824//615
f 799//616 755//616 803//616 825//616
f 563//617 1119//617 1057//617 517//617
f 1058//618 1120//618 564//618 518//618
f 639//619 612//619 974//619 944//619
f 975//620 945//620 640//620 613//620
f 828//621 800//621 754//621 802//621
f 755//622 801//622 829//622 803//622
f 647//623 960//623 934//623 625//623
f 648//624 626//624 935//624 961//624
f 1024//625 589//625 610//625 998//625
f 611//626 590//626 1025//626 999//626
f 770//627 744//627 810//627 870//627
f 811//628 745//628 771//628 871//628
f 756//629 748//629 850//629 844//629
f 851//630 749//630 757//630 845//630
f 788//631 820//631 818//631 776//631
f 819//632 777//632 789//632 821//632
f 519//633 1099//633 1145//633 579//633
f 520//634 1100//634 1146//634 580//634
f 671//635 964//635 960//635 647//635
f 672//636 965//636 961//636 648//636
f 950//637 1014//637 629//637 655//637
f 630//638 1015//638 951//638 656//638
f 1093//639 778//639 541//639 886//639
f 542//640 779//640 1094//640 887//640
f 1159//641 926//641 488//641 752//641
f 489//642 927//642 1160//642 753//642
f 844//643 788//643 776//643 850//643
f 777//644 789//644 845//644 851//644
f 653//645 1018//645 998//645 610//645
f 654//646 611//646 999//646 1019//646
f 1107//647 531//647 549//647 1192//647
f 550//648 532//648 1108//648 1193//648
f 1057//649 1313//649 505//649 517//649
f 506//650 1314//650 1058//650 518//650
f 697//651 762//651 1095//651 764//651
f 786//652 790//652 856//652 852//652
f 857//653 853//653 787//653 791//653
f 1099//654 1067//654 669//654 519//654
f 670//655 1068//655 1100//655 520//655
f 876//656 796//656 774//656 854//656
f 775//657 855//657 877//657 797//657
f 557//658 1196//658 1119//658 563//658
f 1120//659 564//659 558//659 1197//659
f 721//660 671//660 964//660 988//660
f 722//661 989//661 965//661 672//661
f 882//662 878//662 782//662 784//662
f 783//663 879//663 883//663 785//663
f 1115//664 614//664 629//664 1014//664
f 1116//665 1015//665 630//665 615//665
f 665//666 954//666 1038//666 705//666
f 1039//667 706//667 666//667 955//667
f 950//668 655//668 746//668 1020//668
f 951//669 656//669 747//669 1021//669
f 906//670 762//670 766//670 908//670
f 767//671 909//671 907//671 763//671
f 1192//672 549//672 557//672 1196//672
f 558//673 1197//673 1193//673 550//673
f 890//674 796//674 774//674 894//674
f 775//675 895//675 891//675 797//675
f 970//676 758//676 681//676 948//676
f 682//677 949//677 971//677 759//677
f 848//678 804//678 812//678 880//678
f 813//679 881//679 849//679 805//679
f 860//680 890//680 796//680 810//680
f 797//681 811//681 861//681 891//681
f 870//682 876//682 796//682 810//682
f 797//683 811//683 871//683 877//683
f 764//684 772//684 920//684 912//684
f 921//685 773//685 765//685 913//685
f 677//686 1053//686 1018//686 653//686
f 678//687 654//687 1019//687 1054//687
f 798//688 762//688 906//688 902//688
f 907//689 763//689 799//689 903//689
f 808//690 826//690 880//690 848//690
f 881//691 849//691 809//691 827//691
f 904//692 800//692 764//692 912//692
f 765//693 913//693 905//693 801//693
f 838//694 667//694 918//694 968//694
f 839//695 969//695 919//695 668//695
f 966//696 529//696 752//696 1237//696
f 967//697 1238//697 753//697 530//697
f 1000//698 1053//698 677//698 711//698
f 1001//699 1054//699 678//699 712//699
f 746//700 1020//700 988//700 721//700
f 747//701 722//701 989//701 1021//701
f 824//702 898//702 902//702 798//702
f 903//703 899//703 825//703 799//703
f 814//704 834//704 884//704 886//704
f 885//705 835//705 815//705 887//705
f 888//706 1006//706 831//706 709//706
f 833//707 710//707 889//707 1007//707
f 900//708 828//708 800//708 904//708
f 801//709 905//709 901//709 829//709
f 1067//710 1113//710 659//710 669//710
f 660//711 670//711 1068//711 1114//711
f 472//712 603//712 1281//712 1269//712
f 1282//713 604//713 473//713 1270//713
f 830//714 760//714 860//714 1016//714
f 861//715 761//715 832//715 1017//715
f 1010//716 972//716 806//716 687//716
f 807//717 688//717 1011//717 973//717
f 1113//718 659//718 649//718 1131//718
f 650//719 1132//719 1114//719 660//719
f 725//720 1044//720 1048//720 733//720
f 1048//721 733//721 726//721 1045//721
f 1131//722 649//722 627//722 1155//722
f 628//723 650//723 1132//723 1156//723
f 910//724 930//724 818//724 820//724
f 819//725 931//725 911//725 821//725
f 1036//726 1111//726 707//726 699//726
f 1037//727 700//727 708//727 1112//727
f 657//728 614//728 1115//728 1210//728
f 658//729 1211//729 1116//729 615//729
f 763//730 765//730 913//730 1096//730
f 1204//731 1218//731 605//731 608//731
f 605//732 609//732 1205//732 1218//732
f 880//733 812//733 846//733 958//733
f 847//734 813//734 881//734 959//734
f 936//735 834//735 814//735 926//735
f 815//736 927//736 937//736 835//736
f 840//737 1061//737 870//737 770//737
f 871//738 1062//738 841//738 771//738
f 834//739 884//739 928//739 874//739
f 929//740 875//740 835//740 885//740
f 880//741 958//741 868//741 826//741
f 869//742 827//742 881//742 959//742
f 689//743 608//743 1204//743 1214//743
f 1205//744 609//744 690//744 1215//744
f 1026//745 968//745 838//745 792//745
f 1027//746 969//746 839//746 793//746
f 976//747 780//747 842//747 1046//747
f 843//748 781//748 977//748 1047//748
f 778//749 579//749 1145//749 1261//749
f 1146//750 580//750 779//750 1262//750
f 736//751 705//751 1038//751 1265//751
f 737//752 1266//752 1039//752 706//752
f 896//753 874//753 928//753 938//753
f 929//754 939//754 897//754 875//754
f 689//755 1214//755 1210//755 657//755
f 690//756 658//756 1211//756 1215//756
f 936//757 1004//757 874//757 834//757
f 875//758 1005//758 937//758 835//758
f 1111//759 707//759 736//759 1265//759
f 1112//760 708//760 737//760 1266//760
f 852//761 1032//761 994//761 856//761
f 995//762 1033//762 853//762 857//762
f 780//763 976//763 1133//763 888//763
f 781//764 889//764 1134//764 977//764
f 603//765 1281//765 1325//765 691//765
f 604//766 1282//766 1326//766 692//766
f 872//767 856//767 994//767 1055//767
f 995//768 1056//768 873//768 857//768
f 816//769 1141//769 1032//769 836//769
f 1033//770 1142//770 817//770 837//770
f 910//771 846//771 958//771 1083//771
f 959//772 847//772 911//772 1084//772
f 1085//773 822//773 882//773 1034//773
f 1086//774 1035//774 883//774 823//774
f 918//775 1225//775 1000//775 711//775
f 919//776 1226//776 1001//776 712//776
f 906//777 762//777 1095//777 1091//777
f 907//778 1092//778 1096//778 763//778
f 1034//779 882//779 878//779 1036//779
f 1035//780 1037//780 879//780 883//780
f 982//781 898//781 902//781 1040//781
f 903//782 1041//782 983//782 899//782
f 900//783 990//783 1051//783 904//783
f 1052//784 991//784 901//784 905//784
f 942//785 962//785 984//785 940//785
f 985//786 941//786 943//786 963//786
f 958//787 1083//787 944//787 868//787
f 945//788 1084//788 959//788 869//788
f 972//789 1101//789 1044//789 806//789
f 1045//790 1102//790 973//790 807//790
f 942//791 980//791 1022//791 940//791
f 1023//792 981//792 943//792 941//792
f 1040//793 1091//793 906//793 902//793
f 907//794 903//794 1041//794 1092//794
f 1016//795 1198//795 890//795 860//795
f 891//796 1199//796 1017//796 861//796
f 886//797 1093//797 1089//797 884//797
f 1090//798 1094//798 887//798 885//798
f 1169//799 1004//799 874//799 896//799
f 875//800 1005//800 1170//800 897//800
f 914//801 1216//801 1016//801 830//801
f 1017//802 832//802 915//802 1217//802
f 904//803 1051//803 1095//803 912//803
f 1096//804 1052//804 905//804 913//804
f 1061//805 1173//805 876//805 870//805
f 877//806 871//806 1062//806 1174//806
f 966//807 740//807 1063//807 1305//807
f 1064//808 1306//808 967//808 741//808
f 1091//809 906//809 908//809 1097//809
f 909//810 1098//810 1092//810 907//810
f 1095//811 912//811 920//811 1105//811
f 921//812 913//812 1096//812 1106//812
f 1028//813 1010//813 972//813 992//813
f 973//814 993//814 1029//814 1011//814
f 924//815 840//815 1061//815 1235//815
f 1062//816 1236//816 925//816 841//816
f 884//817 928//817 1139//817 1089//817
f 1140//818 1090//818 885//818 929//818
f 1173//819 876//819 854//819 1165//819
f 855//820 1166//820 1174//820 877//820
f 1083//821 1153//821 930//821 910//821
f 931//822 1154//822 1084//822 911//822
f 1085//823 1275//823 934//823 822//823
f 935//824 1276//824 1086//824 823//824
f 940//825 984//825 1129//825 1069//825
f 1130//826 1070//826 941//826 985//826
f 976//827 1046//827 1129//827 984//827
f 1130//828 1047//828 977//828 985//828
f 1042//829 962//829 984//829 1143//829
f 985//830 1144//830 1043//830 963//830
f 946//831 1087//831 1121//831 986//831
f 947//832 1088//832 1122//832 987//832
f 864//833 1231//833 1241//833 862//833
f 1242//834 863//834 865//834 1232//834
f 1079//835 1101//835 972//835 992//835
f 973//836 1102//836 1080//836 993//836
f 944//837 1083//837 1153//837 974//837
f 1154//838 975//838 945//838 1084//838
f 1030//839 1103//839 1040//839 982//839
f 1041//840 1104//840 1031//840 983//840
f 862//841 858//841 1247//841 1241//841
f 1248//842 1242//842 863//842 859//842
f 996//843 872//843 1055//843 1245//843
f 1056//844 1246//844 997//844 873//844
f 928//845 1139//845 1161//845 938//845
f 1162//846 1140//846 929//846 939//846
f 990//847 1051//847 1103//847 1030//847
f 1104//848 1052//848 991//848 1031//848
f 816//849 1141//849 1239//849 1012//849
f 1240//850 1142//850 817//850 1013//850
f 1198//851 1227//851 894//851 890//851
f 895//852 1228//852 1199//852 891//852
f 1032//853 1081//853 1075//853 994//853
f 1076//854 995//854 1033//854 1082//854
f 940//855 1022//855 1171//855 1069//855
f 1172//856 1070//856 941//856 1023//856
f 1125//857 968//857 918//857 1225//857
f 1126//858 969//858 919//858 1226//858
f 1081//859 1075//859 1034//859 1036//859
f 1035//860 1076//860 1082//860 1037//860
f 1143//861 1133//861 976//861 984//861
f 977//862 985//862 1144//862 1134//862
f 1055//863 1117//863 1075//863 994//863
f 1076//864 1118//864 1056//864 995//864
f 984//865 940//865 1194//865 1143//865
f 985//866 941//866 1195//866 1144//866
f 980//867 1022//867 1194//867 1071//867
f 1195//868 1023//868 981//868 1072//868
f 1133//869 888//869 1006//869 1243//869
f 1007//870 889//870 1134//870 1244//870
f 1257//871 1159//871 926//871 936//871
f 927//872 937//872 1258//872 1160//872
f 1365//873 691//873 675//873 1628//873
f 1366//874 1629//874 676//874 692//874
f 1087//875 1186//875 1073//875 946//875
f 1074//876 1187//876 1088//876 947//876
f 1109//877 978//877 1059//877 1157//877
f 1060//878 979//878 1110//878 1158//878
f 952//879 1049//879 1184//879 1123//879
f 1185//880 1050//880 953//880 1124//880
f 1075//881 1117//881 1085//881 1034//881
f 1086//882 1035//882 1076//882 1118//882
f 1063//883 866//883 1065//883 1345//883
f 1066//884 1346//884 1064//884 867//884
f 932//885 858//885 1229//885 1343//885
f 1230//886 859//886 933//886 1344//886
f 956//887 1293//887 1216//887 914//887
f 1217//888 1294//888 957//888 915//888
f 1149//889 1190//889 1010//889 1028//889
f 1011//890 1029//890 1150//890 1191//890
f 956//891 924//891 1235//891 1293//891
f 1236//892 925//892 957//892 1294//892
f 1103//893 1175//893 1091//893 1040//893
f 1092//894 1041//894 1104//894 1176//894
f 1051//895 1095//895 1175//895 1103//895
f 1176//896 1096//896 1052//896 1104//896
f 1081//897 1208//897 1111//897 1036//897
f 1112//898 1209//898 1082//898 1037//898
f 876//899 890//899 1198//899 1459//899
f 877//900 891//900 1199//900 1460//900
f 1026//901 968//901 1125//901 1335//901
f 1027//902 1336//902 1126//902 969//902
f 1141//903 1032//903 1081//903 1208//903
f 1082//904 1209//904 1142//904 1033//904
f 1044//905 1048//905 1179//905 1223//905
f 1048//906 1045//906 1224//906 1179//906
f 1275//907 1321//907 960//907 934//907
f 961//908 935//908 1276//908 1322//908
f 1004//909 1303//909 1257//909 936//909
f 1258//910 1304//910 1005//910 937//910
f 1175//911 1091//911 1097//911 1180//911
f 1098//912 1092//912 1176//912 1181//912
f 1008//913 1135//913 1219//913 1182//913
f 1220//914 1136//914 1009//914 1183//914
f 1255//915 1121//915 986//915 1177//915
f 987//916 1122//916 1256//916 1178//916
f 1095//917 1105//917 1180//917 1175//917
f 1181//918 1106//918 1096//918 1176//918
f 1321//919 1295//919 964//919 960//919
f 965//920 961//920 1322//920 1296//920
f 1202//921 952//921 1123//921 1279//921
f 1124//922 953//922 1203//922 1280//922
f 1287//923 1331//923 948//923 970//923
f 949//924 971//924 1288//924 1332//924
f 1024//925 1271//925 1245//925 996//925
f 1246//926 997//926 1025//926 1272//926
f 1188//927 1212//927 1057//927 1119//927
f 1058//928 1120//928 1189//928 1213//928
f 1233//929 1200//929 992//929 1149//929
f 993//930 1201//930 1234//930 1150//930
f 998//931 1253//931 1271//931 1024//931
f 1272//932 1254//932 999//932 1025//932
f 752//933 1159//933 1449//933 1237//933
f 753//934 1238//934 1450//934 1160//934
f 1295//935 964//935 988//935 1323//935
f 989//936 965//936 1296//936 1324//936
f 1018//937 998//937 1253//937 1301//937
f 1254//938 999//938 1019//938 1302//938
f 750//939 675//939 1628//939 1602//939
f 1629//940 676//940 751//940 1603//940
f 1093//941 778//941 1261//941 1469//941
f 1262//942 779//942 1094//942 1470//942
f 1127//943 1307//943 1143//943 1042//943
f 1144//944 1043//944 1128//944 1308//944
f 1151//945 1008//945 1182//945 1267//945
f 1183//946 1009//946 1152//946 1268//946
f 1285//947 1251//947 978//947 1109//947
f 979//948 1252//948 1286//948 1110//948
f 1079//949 1101//949 1259//949 1200//949
f 1260//950 1102//950 1080//950 1201//950
f 1245//951 1319//951 1117//951 1055//951
f 1118//952 1056//952 1246//952 1320//952
f 1347//953 1385//953 1020//953 950//953
f 1348//954 951//954 1021//954 1386//954
f 1071//955 1147//955 1339//955 1194//955
f 1340//956 1148//956 1072//956 1195//956
f 1323//957 1385//957 1020//957 988//957
f 1021//958 989//958 1324//958 1386//958
f 1002//959 1409//959 1343//959 932//959
f 1344//960 933//960 1003//960 1410//960
f 1194//961 1363//961 1171//961 1022//961
f 1172//962 1023//962 1195//962 1364//962
f 1053//963 1018//963 1301//963 1393//963
f 1054//964 1019//964 1302//964 1394//964
f 1319//965 1117//965 1085//965 1275//965
f 1086//966 1118//966 1320//966 1276//966
f 1299//967 1223//967 1044//967 1259//967
f 1045//968 1260//968 1300//968 1224//968
f 1133//969 1243//969 1317//969 1143//969
f 1318//970 1244//970 1134//970 1144//970
f 1225//971 1283//971 1206//971 1125//971
f 1207//972 1284//972 1226//972 1126//972
f 1149//973 1233//973 1315//973 1190//973
f 1316//974 1234//974 1150//974 1191//974
f 954//975 1038//975 1415//975 1401//975
f 1416//976 1039//976 955//976 1402//976
f 1012//977 954//977 1401//977 1441//977
f 1013//978 1442//978 1402//978 955//978
f 1186//979 1073//979 1289//979 1341//979
f 1290//980 1074//980 1187//980 1342//980
f 1221//981 922//981 1137//981 1624//981
f 1222//982 923//982 1138//982 1625//982
f 1216//983 1016//983 1198//983 1459//983
f 1199//984 1460//984 1217//984 1017//984
f 1347//985 950//985 1014//985 1567//985
f 1015//986 951//986 1348//986 1568//986
f 1417//987 1000//987 1053//987 1393//987
f 1418//988 1001//988 1054//988 1394//988
f 1004//989 1303//989 1413//989 1169//989
f 1005//990 1304//990 1414//990 1170//990
f 1235//991 1061//991 1173//991 1439//991
f 1174//992 1062//992 1236//992 1440//992
f 1359//993 1157//993 1059//993 1369//993
f 1060//994 1158//994 1360//994 1370//994
f 1431//995 1099//995 1067//995 1351//995
f 1068//996 1100//996 1432//996 1352//996
f 1182//997 1219//997 1311//997 1277//997
f 1312//998 1220//998 1183//998 1278//998
f 1167//999 1127//999 1307//999 1377//999
f 1308//1000 1128//1000 1168//1000 1378//1000
f 1233//1001 1315//1001 1259//1001 1200//1001
f 1260//1002 1316//1002 1234//1002 1201//1002
f 1049//1003 1357//1003 1389//1003 1184//1003
f 1390//1004 1358//1004 1050//1004 1185//1004
f 1351//1005 1452//1005 1113//1005 1067//1005
f 1114//1006 1453//1006 1352//1006 1068//1006
f 1173//1007 1439//1007 1459//1007 876//1007
f 1174//1008 877//1008 1460//1008 1440//1008
f 1212//1009 1423//1009 1313//1009 1057//1009
f 1314//1010 1058//1010 1213//1010 1424//1010
f 1167//1011 1147//1011 1339//1011 1377//1011
f 1340//1012 1148//1012 1168//1012 1378//1012
f 1125//1013 1206//1013 1361//1013 1335//1013
f 1362//1014 1207//1014 1126//1014 1336//1014
f 1157//1015 1109//1015 1285//1015 1483//1015
f 1158//1016 1484//1016 1286//1016 1110//1016
f 1339//1017 1377//1017 1143//1017 1194//1017
f 1144//1018 1378//1018 1340//1018 1195//1018
f 1327//1019 1381//1019 1208//1019 1141//1019
f 1209//1020 1382//1020 1328//1020 1142//1020
f 1237//1021 1555//1021 1305//1021 966//1021
f 1306//1022 1556//1022 1238//1022 967//1022
f 1208//1023 1381//1023 1367//1023 1111//1023
f 1368//1024 1382//1024 1209//1024 1112//1024
f 1267//1025 1373//1025 1277//1025 1182//1025
f 1278//1026 1374//1026 1268//1026 1183//1026
f 1341//1027 1451//1027 1121//1027 1186//1027
f 1122//1028 1187//1028 1342//1028 1454//1028
f 1345//1029 1065//1029 1249//1029 1467//1029
f 1250//1030 1066//1030 1346//1030 1468//1030
f 1419//1031 1407//1031 1161//1031 1135//1031
f 1162//1032 1408//1032 1420//1032 1136//1032
f 1349//1033 1107//1033 1192//1033 1495//1033
f 1193//1034 1496//1034 1350//1034 1108//1034
f 1245//1035 1271//1035 1355//1035 1319//1035
f 1356//1036 1320//1036 1246//1036 1272//1036
f 1190//1037 1077//1037 1433//1037 1465//1037
f 1191//1038 1078//1038 1434//1038 1466//1038
f 1093//1039 1089//1039 1509//1039 1469//1039
f 1094//1040 1090//1040 1510//1040 1470//1040
f 1471//1041 1452//1041 1113//1041 1131//1041
f 1114//1042 1132//1042 1472//1042 1453//1042
f 1271//1043 1355//1043 1333//1043 1253//1043
f 1334//1044 1254//1044 1272//1044 1356//1044
f 1255//1045 1177//1045 1379//1045 1397//1045
f 1380//1046 1178//1046 1256//1046 1398//1046
f 1329//1047 1151//1047 1267//1047 1485//1047
f 1330//1048 1152//1048 1268//1048 1486//1048
f 1437//1049 1219//1049 1135//1049 1419//1049
f 1136//1050 1220//1050 1438//1050 1420//1050
f 1184//1051 1123//1051 1537//1051 1389//1051
f 1185//1052 1124//1052 1538//1052 1390//1052
f 1319//1053 1275//1053 1321//1053 1355//1053
f 1322//1054 1276//1054 1320//1054 1356//1054
f 1533//1055 1405//1055 1188//1055 1119//1055
f 1189//1056 1120//1056 1534//1056 1406//1056
f 1471//1057 1131//1057 1155//1057 1489//1057
f 1156//1058 1132//1058 1472//1058 1490//1058
f 1143//1059 1317//1059 1501//1059 1307//1059
f 1502//1060 1318//1060 1144//1060 1308//1060
f 1439//1061 1173//1061 1165//1061 1445//1061
f 1166//1062 1174//1062 1440//1062 1446//1062
f 1451//1063 1121//1063 1255//1063 1397//1063
f 1256//1064 1122//1064 1454//1064 1398//1064
f 1489//1065 1155//1065 1221//1065 1403//1065
f 1222//1066 1156//1066 1490//1066 1404//1066
f 1249//1067 1351//1067 1452//1067 1231//1067
f 1453//1068 1232//1068 1250//1068 1352//1068
f 1355//1069 1333//1069 1295//1069 1321//1069
f 1296//1070 1322//1070 1356//1070 1334//1070
f 1301//1071 1399//1071 1333//1071 1253//1071
f 1334//1072 1400//1072 1302//1072 1254//1072
f 1405//1073 1188//1073 1212//1073 1499//1073
f 1213//1074 1189//1074 1406//1074 1500//1074
f 1089//1075 1509//1075 1563//1075 1139//1075
f 1090//1076 1510//1076 1564//1076 1140//1076
f 1297//1077 1387//1077 1391//1077 1273//1077
f 1392//1078 1274//1078 1298//1078 1388//1078
f 1399//1079 1323//1079 1295//1079 1333//1079
f 1296//1080 1334//1080 1400//1080 1324//1080
f 1283//1081 1622//1081 1417//1081 1000//1081
f 1284//1082 1001//1082 1418//1082 1623//1082
f 1503//1083 1361//1083 1206//1083 1283//1083
f 1504//1084 1362//1084 1207//1084 1284//1084
f 1229//1085 1403//1085 1489//1085 1247//1085
f 1490//1086 1404//1086 1230//1086 1248//1086
f 1115//1087 1014//1087 1567//1087 1660//1087
f 1116//1088 1661//1088 1568//1088 1015//1088
f 1099//1089 1145//1089 1690//1089 1431//1089
f 1100//1090 1146//1090 1691//1090 1432//1090
f 1459//1091 1198//1091 1227//1091 1507//1091
f 1228//1092 1199//1092 1460//1092 1508//1092
f 1241//1093 1231//1093 1452//1093 1471//1093
f 1453//1094 1232//1094 1242//1094 1472//1094
f 1305//1095 1063//1095 1345//1095 1722//1095
f 1346//1096 1064//1096 1306//1096 1723//1096
f 1537//1097 1123//1097 1279//1097 1475//1097
f 1538//1098 1124//1098 1280//1098 1476//1098
f 1457//1099 1309//1099 1263//1099 1391//1099
f 1264//1100 1310//1100 1458//1100 1392//1100
f 1169//1101 1413//1101 1511//1101 1329//1101
f 1170//1102 1414//1102 1512//1102 1330//1102
f 1311//1103 1421//1103 1411//1103 1277//1103
f 1412//1104 1422//1104 1312//1104 1278//1104
f 1495//1105 1549//1105 1196//1105 1192//1105
f 1197//1106 1193//1106 1496//1106 1550//1106
f 1194//1107 1363//1107 1547//1107 1339//1107
f 1548//1108 1340//1108 1195//1108 1364//1108
f 1241//1109 1247//1109 1489//1109 1471//1109
f 1490//1110 1472//1110 1242//1110 1248//1110
f 1473//1111 1311//1111 1219//1111 1437//1111
f 1220//1112 1312//1112 1474//1112 1438//1112
f 1159//1113 1449//1113 1577//1113 1257//1113
f 1160//1114 1258//1114 1578//1114 1450//1114
f 1497//1115 1475//1115 1279//1115 1202//1115
f 1280//1116 1476//1116 1498//1116 1203//1116
f 1477//1117 1383//1117 1289//1117 1341//1117
f 1290//1118 1384//1118 1478//1118 1342//1118
f 1343//1119 1513//1119 1403//1119 1229//1119
f 1404//1120 1514//1120 1344//1120 1230//1120
f 1467//1121 1431//1121 1351//1121 1249//1121
f 1352//1122 1432//1122 1468//1122 1250//1122
f 1223//1123 1179//1123 1579//1123 1543//1123
f 1579//1124 1544//1124 1224//1124 1179//1124
f 1299//1125 1223//1125 1543//1125 1487//1125
f 1544//1126 1488//1126 1300//1126 1224//1126
f 1157//1127 1359//1127 1527//1127 1483//1127
f 1158//1128 1484//1128 1528//1128 1360//1128
f 1293//1129 1216//1129 1459//1129 1588//1129
f 1460//1130 1217//1130 1294//1130 1589//1130
f 1293//1131 1588//1131 1439//1131 1235//1131
f 1440//1132 1589//1132 1294//1132 1236//1132
f 1285//1133 1251//1133 1559//1133 1483//1133
f 1560//1134 1252//1134 1286//1134 1484//1134
f 1315//1135 1634//1135 1465//1135 1190//1135
f 1316//1136 1191//1136 1466//1136 1635//1136
f 1277//1137 1411//1137 1523//1137 1373//1137
f 1524//1138 1412//1138 1278//1138 1374//1138
f 1441//1139 1239//1139 1327//1139 1618//1139
f 1328//1140 1240//1140 1442//1140 1619//1140
f 1337//1141 1541//1141 1461//1141 1291//1141
f 1462//1142 1542//1142 1338//1142 1292//1142
f 1393//1143 1551//1143 1399//1143 1301//1143
f 1400//1144 1302//1144 1394//1144 1552//1144
f 1551//1145 1399//1145 1323//1145 1385//1145
f 1324//1146 1400//1146 1552//1146 1386//1146
f 1267//1147 1373//1147 1553//1147 1485//1147
f 1268//1148 1486//1148 1554//1148 1374//1148
f 1429//1149 1447//1149 1395//1149 1375//1149
f 1396//1150 1448//1150 1430//1150 1376//1150
f 1590//1151 1367//1151 1265//1151 1479//1151
f 1591//1152 1480//1152 1266//1152 1368//1152
f 1387//1153 1461//1153 1457//1153 1391//1153
f 1458//1154 1462//1154 1388//1154 1392//1154
f 1139//1155 1407//1155 1606//1155 1563//1155
f 1140//1156 1564//1156 1607//1156 1408//1156
f 1632//1157 1261//1157 1145//1157 1690//1157
f 1146//1158 1691//1158 1633//1158 1262//1158
f 1660//1159 1740//1159 1210//1159 1115//1159
f 1211//1160 1116//1160 1661//1160 1741//1160
f 1624//1161 1137//1161 1269//1161 1720//1161
f 1625//1162 1138//1162 1270//1162 1721//1162
f 1313//1163 1433//1163 1594//1163 1423//1163
f 1595//1164 1424//1164 1314//1164 1434//1164
f 1397//1165 1379//1165 1481//1165 1493//1165
f 1482//1166 1380//1166 1398//1166 1494//1166
f 1287//1167 1331//1167 1640//1167 1531//1167
f 1641//1168 1532//1168 1288//1168 1332//1168
f 1473//1169 1311//1169 1421//1169 1561//1169
f 1474//1170 1562//1170 1422//1170 1312//1170
f 1491//1171 1309//1171 1353//1171 1642//1171
f 1354//1172 1310//1172 1492//1172 1643//1172
f 1377//1173 1307//1173 1501//1173 1612//1173
f 1502//1174 1308//1174 1378//1174 1613//1174
f 1429//1175 1375//1175 1455//1175 1515//1175
f 1456//1176 1376//1176 1430//1176 1516//1176
f 1678//1177 1577//1177 1257//1177 1303//1177
f 1258//1178 1578//1178 1679//1178 1304//1178
f 1499//1179 1212//1179 1423//1179 1666//1179
f 1424//1180 1213//1180 1500//1180 1667//1180
f 1580//1181 1551//1181 1385//1181 1347//1181
f 1386//1182 1552//1182 1581//1182 1348//1182
f 1377//1183 1339//1183 1547//1183 1612//1183
f 1548//1184 1613//1184 1378//1184 1340//1184
f 1409//1185 1604//1185 1495//1185 1349//1185
f 1496//1186 1350//1186 1410//1186 1605//1186
f 1343//1187 1513//1187 1604//1187 1409//1187
f 1605//1188 1410//1188 1344//1188 1514//1188
f 1592//1189 1537//1189 1389//1189 1357//1189
f 1390//1190 1538//1190 1593//1190 1358//1190
f 1359//1191 1527//1191 1630//1191 1369//1191
f 1631//1192 1528//1192 1360//1192 1370//1192
f 1513//1193 1403//1193 1425//1193 1519//1193
f 1426//1194 1520//1194 1514//1194 1404//1194
f 1616//1195 1477//1195 1341//1195 1451//1195
f 1342//1196 1478//1196 1617//1196 1454//1196
f 1493//1197 1451//1197 1435//1197 1481//1197
f 1436//1198 1454//1198 1494//1198 1482//1198
f 1335//1199 1575//1199 1662//1199 1361//1199
f 1663//1200 1576//1200 1336//1200 1362//1200
f 1596//1201 1477//1201 1383//1201 1463//1201
f 1384//1202 1478//1202 1597//1202 1464//1202
f 1371//1203 1674//1203 1541//1203 1337//1203
f 1372//1204 1338//1204 1542//1204 1675//1204
f 1618//1205 1636//1205 1381//1205 1327//1205
f 1382//1206 1637//1206 1619//1206 1328//1206
f 1214//1207 1210//1207 1740//1207 1774//1207
f 1215//1208 1211//1208 1741//1208 1775//1208
f 1393//1209 1417//1209 1580//1209 1551//1209
f 1581//1210 1552//1210 1394//1210 1418//1210
f 1521//1211 1465//1211 1433//1211 1505//1211
f 1434//1212 1466//1212 1522//1212 1506//1212
f 1636//1213 1590//1213 1367//1213 1381//1213
f 1368//1214 1591//1214 1637//1214 1382//1214
f 1718//1215 1555//1215 1237//1215 1449//1215
f 1238//1216 1556//1216 1719//1216 1450//1216
f 1776//1217 1774//1217 1214//1217 1204//1217
f 1777//1218 1775//1218 1215//1218 1205//1218
f 1447//1219 1395//1219 1545//1219 1584//1219
f 1546//1220 1585//1220 1448//1220 1396//1220
f 1535//1221 1429//1221 1447//1221 1557//1221
f 1448//1222 1558//1222 1536//1222 1430//1222
f 1720//1223 1754//1223 1281//1223 1269//1223
f 1282//1224 1755//1224 1721//1224 1270//1224
f 1473//1225 1437//1225 1525//1225 1582//1225
f 1526//1226 1438//1226 1474//1226 1583//1226
f 1511//1227 1329//1227 1485//1227 1712//1227
f 1486//1228 1330//1228 1512//1228 1713//1228
f 1616//1229 1451//1229 1435//1229 1529//1229
f 1436//1230 1454//1230 1617//1230 1530//1230
f 1586//1231 1515//1231 1429//1231 1535//1231
f 1430//1232 1516//1232 1587//1232 1536//1232
f 1373//1233 1523//1233 1656//1233 1553//1233
f 1657//1234 1524//1234 1374//1234 1554//1234
f 1592//1235 1497//1235 1475//1235 1537//1235
f 1476//1236 1498//1236 1593//1236 1538//1236
f 1439//1237 1445//1237 1620//1237 1588//1237
f 1621//1238 1446//1238 1440//1238 1589//1238
f 1742//1239 1632//1239 1261//1239 1469//1239
f 1262//1240 1633//1240 1743//1240 1470//1240
f 1686//1241 1642//1241 1353//1241 1427//1241
f 1354//1242 1643//1242 1687//1242 1428//1242
f 1598//1243 1505//1243 1433//1243 1594//1243
f 1434//1244 1506//1244 1599//1244 1595//1244
f 1325//1245 1365//1245 1680//1245 1754//1245
f 1326//1246 1366//1246 1681//1246 1755//1246
f 1425//1247 1221//1247 1624//1247 1844//1247
f 1426//1248 1222//1248 1625//1248 1845//1248
f 1485//1249 1553//1249 1582//1249 1525//1249
f 1583//1250 1526//1250 1486//1250 1554//1250
f 1588//1251 1459//1251 1507//1251 1620//1251
f 1508//1252 1460//1252 1589//1252 1621//1252
f 1698//1253 1517//1253 1405//1253 1533//1253
f 1406//1254 1534//1254 1699//1254 1518//1254
f 1584//1255 1429//1255 1515//1255 1654//1255
f 1585//1256 1655//1256 1516//1256 1430//1256
f 1413//1257 1539//1257 1714//1257 1511//1257
f 1414//1258 1540//1258 1715//1258 1512//1258
f 1527//1259 1483//1259 1559//1259 1630//1259
f 1560//1260 1631//1260 1528//1260 1484//1260
f 1487//1261 1315//1261 1634//1261 1766//1261
f 1488//1262 1767//1262 1635//1262 1316//1262
f 1614//1263 1584//1263 1447//1263 1557//1263
f 1448//1264 1558//1264 1615//1264 1585//1264
f 1513//1265 1604//1265 1600//1265 1519//1265
f 1601//1266 1605//1266 1514//1266 1520//1266
f 1580//1267 1744//1267 1567//1267 1347//1267
f 1568//1268 1745//1268 1581//1268 1348//1268
f 1461//1269 1652//1269 1658//1269 1457//1269
f 1659//1270 1653//1270 1462//1270 1458//1270
f 1604//1271 1600//1271 1549//1271 1495//1271
f 1550//1272 1601//1272 1605//1272 1496//1272
f 1503//1273 1820//1273 1622//1273 1283//1273
f 1623//1274 1821//1274 1504//1274 1284//1274
f 1732//1275 1443//1275 1371//1275 1674//1275
f 1733//1276 1675//1276 1372//1276 1444//1276
f 1638//1277 1521//1277 1465//1277 1634//1277
f 1466//1278 1522//1278 1639//1278 1635//1278
f 1485//1279 1650//1279 1608//1279 1525//1279
f 1609//1280 1526//1280 1486//1280 1651//1280
f 1654//1281 1646//1281 1455//1281 1515//1281
f 1456//1282 1647//1282 1655//1282 1516//1282
f 1582//1283 1473//1283 1561//1283 1664//1283
f 1562//1284 1474//1284 1583//1284 1665//1284
f 1555//1285 1724//1285 1722//1285 1305//1285
f 1723//1286 1725//1286 1556//1286 1306//1286
f 1303//1287 1539//1287 1762//1287 1678//1287
f 1304//1288 1679//1288 1763//1288 1540//1288
f 1672//1289 1573//1289 1463//1289 1596//1289
f 1464//1290 1597//1290 1673//1290 1574//1290
f 1722//1291 1772//1291 1467//1291 1345//1291
f 1468//1292 1773//1292 1723//1292 1346//1292
f 1521//1293 1505//1293 1598//1293 1688//1293
f 1522//1294 1506//1294 1599//1294 1689//1294
f 1437//1295 1419//1295 1682//1295 1752//1295
f 1683//1296 1420//1296 1438//1296 1753//1296
f 1622//1297 1417//1297 1580//1297 1744//1297
f 1581//1298 1745//1298 1623//1298 1418//1298
f 1477//1299 1616//1299 1692//1299 1596//1299
f 1693//1300 1597//1300 1478//1300 1617//1300
f 1586//1301 1515//1301 1654//1301 1648//1301
f 1655//1302 1516//1302 1587//1302 1649//1302
f 1772//1303 1690//1303 1431//1303 1467//1303
f 1432//1304 1691//1304 1773//1304 1468//1304
f 1786//1305 1778//1305 1415//1305 1401//1305
f 1416//1305 1779//1305 1787//1305 1402//1305
f 1423//1306 1594//1306 1734//1306 1666//1306
f 1735//1307 1595//1307 1424//1307 1667//1307
f 1656//1308 1664//1308 1582//1308 1553//1308
f 1583//1309 1665//1309 1657//1309 1554//1309
f 1692//1310 1626//1310 1529//1310 1616//1310
f 1530//1311 1627//1311 1693//1311 1617//1311
f 1796//1312 1786//1312 1401//1312 1441//1312
f 1797//1313 1442//1313 1402//1313 1787//1313
f 1533//1314 1698//1314 1728//1314 1549//1314
f 1534//1315 1699//1315 1729//1315 1550//1315
f 1704//1316 1584//1316 1545//1316 1716//1316
f 1546//1317 1585//1317 1705//1317 1717//1317
f 1499//1318 1726//1318 1784//1318 1517//1318
f 1785//1319 1727//1319 1500//1319 1518//1319
f 1682//1320 1407//1320 1606//1320 1810//1320
f 1607//1321 1408//1321 1683//1321 1811//1321
f 1449//1322 1577//1322 1782//1322 1718//1322
f 1783//1323 1719//1323 1450//1323 1578//1323
f 1614//1324 1584//1324 1704//1324 1668//1324
f 1705//1325 1585//1325 1615//1325 1669//1325
f 1521//1326 1688//1326 1710//1326 1638//1326
f 1522//1327 1639//1327 1711//1327 1689//1327
f 1961//1328 1204//1328 1218//1328 1985//1328
f 1218//1329 1205//1329 1962//1329 1985//1329
f 1469//1330 1509//1330 1804//1330 1742//1330
f 1470//1331 1510//1331 1805//1331 1743//1331
f 1778//1332 1842//1332 1479//1332 1415//1332
f 1480//1333 1416//1333 1779//1333 1843//1333
f 1688//1334 1598//1334 1594//1334 1708//1334
f 1595//1335 1599//1335 1689//1335 1709//1335
f 1658//1336 1798//1336 1642//1336 1491//1336
f 1643//1337 1492//1337 1659//1337 1799//1337
f 1806//1338 1672//1338 1573//1338 1565//1338
f 1574//1339 1566//1339 1807//1339 1673//1339
f 1628//1340 1365//1340 1680//1340 1900//1340
f 1681//1341 1901//1341 1629//1341 1366//1341
f 1531//1342 1684//1342 1790//1342 1640//1342
f 1791//1343 1641//1343 1532//1343 1685//1343
f 1712//1344 1800//1344 1650//1344 1485//1344
f 1651//1345 1801//1345 1713//1345 1486//1345
f 1674//1346 1788//1346 1652//1346 1541//1346
f 1653//1347 1542//1347 1675//1347 1789//1347
f 1780//1348 1752//1348 1525//1348 1608//1348
f 1526//1349 1609//1349 1781//1349 1753//1349
f 1487//1350 1543//1350 1850//1350 1766//1350
f 1851//1351 1544//1351 1488//1351 1767//1351
f 1710//1352 1638//1352 1634//1352 1738//1352
f 1635//1353 1639//1353 1711//1353 1739//1353
f 1704//1255 1584//1255 1654//1255 1768//1255
f 1705//1256 1769//1256 1655//1256 1585//1256
f 1852//1354 1519//1354 1425//1354 1844//1354
f 1426//1355 1520//1355 1853//1355 1845//1355
f 1575//1356 1662//1356 1792//1356 1700//1356
f 1793//1357 1663//1357 1576//1357 1701//1357
f 1608//1358 1746//1358 1736//1358 1650//1358
f 1737//1359 1747//1359 1609//1359 1651//1359
f 1648//1360 1654//1360 1748//1360 1694//1360
f 1749//1361 1695//1361 1649//1361 1655//1361
f 1596//1362 1672//1362 1770//1362 1692//1362
f 1771//1363 1673//1363 1597//1363 1693//1363
f 1796//1364 1846//1364 1618//1364 1441//1364
f 1619//1365 1847//1365 1797//1365 1442//1365
f 1600//1366 1856//1366 1728//1366 1549//1366
f 1729//1367 1550//1367 1601//1367 1857//1367
f 1806//1368 1565//1368 1569//1368 1808//1368
f 1570//1369 1809//1369 1807//1369 1566//1369
f 1770//1370 1692//1370 1626//1370 1696//1370
f 1627//1371 1693//1371 1771//1371 1697//1371
f 1834//1372 1842//1372 1479//1372 1590//1372
f 1835//1373 1591//1373 1480//1373 1843//1373
f 1654//1374 1748//1374 1764//1374 1646//1374
f 1765//1375 1749//1375 1655//1375 1647//1375
f 1874//1376 1804//1376 1509//1376 1563//1376
f 1510//1377 1805//1377 1875//1377 1564//1377
f 1718//1378 1555//1378 1724//1378 1828//1378
f 1725//1379 1829//1379 1719//1379 1556//1379
f 1750//1380 1772//1380 1690//1380 1632//1380
f 1691//1381 1773//1381 1751//1381 1633//1381
f 1710//1382 1688//1382 1708//1382 1738//1382
f 1709//1383 1739//1383 1711//1383 1689//1383
f 1668//1384 1706//1384 1768//1384 1704//1384
f 1769//1385 1705//1385 1669//1385 1707//1385
f 1732//1386 1822//1386 1730//1386 1571//1386
f 1731//1387 1823//1387 1733//1387 1572//1387
f 1730//1388 1610//1388 1686//1388 1826//1388
f 1687//1389 1611//1389 1731//1389 1827//1389
f 1652//1390 1658//1390 1798//1390 1788//1390
f 1799//1391 1659//1391 1653//1391 1789//1391
f 1856//1392 1600//1392 1519//1392 1852//1392
f 1857//1393 1601//1393 1520//1393 1853//1393
f 1577//1394 1782//1394 1848//1394 1678//1394
f 1849//1395 1679//1395 1578//1395 1783//1395
f 1694//1396 1706//1396 1768//1396 1748//1396
f 1769//1397 1707//1397 1695//1397 1749//1397
f 1744//1398 1567//1398 1660//1398 1898//1398
f 1661//1399 1899//1399 1745//1399 1568//1399
f 1840//1400 1636//1400 1590//1400 1834//1400
f 1591//1401 1835//1401 1841//1401 1637//1401
f 1539//1402 1714//1402 1876//1402 1762//1402
f 1540//1403 1763//1403 1877//1403 1715//1403
f 1724//1404 1750//1404 1772//1404 1722//1404
f 1773//1405 1723//1405 1725//1405 1751//1405
f 1708//1406 1594//1406 1756//1406 1866//1406
f 1709//1407 1867//1407 1757//1407 1595//1407
f 1618//1408 1846//1408 1840//1408 1636//1408
f 1841//1409 1847//1409 1619//1409 1637//1409
f 1517//1410 1784//1410 1894//1410 1698//1410
f 1895//1411 1699//1411 1518//1411 1785//1411
f 1830//1412 1750//1412 1632//1412 1742//1412
f 1633//1413 1743//1413 1831//1413 1751//1413
f 1684//1414 1790//1414 1792//1414 1700//1414
f 1793//1415 1791//1415 1685//1415 1701//1415
f 1850//1416 1543//1416 1579//1416 1906//1416
f 1579//1417 1906//1417 1851//1417 1544//1417
f 1870//1418 1676//1418 1569//1418 1808//1418
f 1570//1419 1809//1419 1871//1419 1677//1419
f 1826//1420 1686//1420 1642//1420 1798//1420
f 1643//1421 1687//1421 1827//1421 1799//1421
f 1704//1422 1768//1422 1794//1422 1716//1422
f 1795//1423 1769//1423 1705//1423 1717//1423
f 1780//1424 1838//1424 1746//1424 1608//1424
f 1781//1425 1609//1425 1747//1425 1839//1425
f 1766//1426 1634//1426 1738//1426 1862//1426
f 1767//1427 1863//1427 1739//1427 1635//1427
f 1674//1428 1788//1428 1822//1428 1732//1428
f 1823//1429 1733//1429 1675//1429 1789//1429
f 1868//1430 1770//1430 1696//1430 1670//1430
f 1697//1431 1771//1431 1869//1431 1671//1431
f 1650//1432 1800//1432 1860//1432 1736//1432
f 1861//1433 1801//1433 1651//1433 1737//1433
f 1748//1434 1768//1434 1794//1434 1764//1434
f 1795//1435 1769//1435 1749//1435 1765//1435
f 1824//1436 1864//1436 1726//1436 1666//1436
f 1785//1437 1727//1437 1878//1437 1946//1437
f 1836//1438 1752//1438 1682//1438 1810//1438
f 1683//1439 1811//1439 1837//1439 1753//1439
f 1814//1440 1802//1440 1734//1440 1756//1440
f 1735//1441 1757//1441 1815//1441 1803//1441
f 1820//1442 1898//1442 1744//1442 1622//1442
f 1745//1443 1623//1443 1821//1443 1899//1443
f 1828//1444 1830//1444 1750//1444 1724//1444
f 1751//1445 1831//1445 1829//1445 1725//1445
f 1868//1446 1806//1446 1672//1446 1770//1446
f 1673//1447 1771//1447 1869//1447 1807//1447
f 1911//1448 1760//1448 1606//1448 1810//1448
f 1607//1449 1761//1449 1912//1449 1811//1449
f 1602//1450 1628//1450 1900//1450 1929//1450
f 1901//1451 1629//1451 1603//1451 1930//1451
f 1602//1452 1929//1452 1907//1452 1640//1452
f 1908//1453 1930//1453 1603//1453 1641//1453
f 1874//1454 1563//1454 1760//1454 1937//1454
f 1875//1455 1938//1455 1761//1455 1564//1455
f 1882//1456 1866//1456 1708//1456 1738//1456
f 1883//1457 1739//1457 1709//1457 1867//1457
f 1854//1458 1824//1458 1734//1458 1802//1458
f 1735//1459 1825//1459 1855//1459 1803//1459
f 1782//1460 1884//1460 1828//1460 1718//1460
f 1829//1461 1719//1461 1783//1461 1885//1461
f 1788//1462 1822//1462 1826//1462 1798//1462
f 1827//1463 1823//1463 1789//1463 1799//1463
f 1662//1464 1820//1464 1943//1464 1792//1464
f 1944//1465 1821//1465 1663//1465 1793//1465
f 1712//1466 1832//1466 1902//1466 1800//1466
f 1903//1467 1833//1467 1713//1467 1801//1467
f 1896//1468 1836//1468 1752//1468 1780//1468
f 1753//1469 1837//1469 1897//1469 1781//1469
f 1892//1470 1830//1470 1742//1470 1804//1470
f 1743//1471 1831//1471 1893//1471 1805//1471
f 1680//1472 1754//1472 1927//1472 1904//1472
f 1928//1473 1755//1473 1681//1473 1905//1473
f 1790//1474 1640//1474 1907//1474 1935//1474
f 1908//1475 1936//1475 1791//1475 1641//1475
f 1698//1476 1894//1476 1973//1476 1728//1476
f 1974//1477 1895//1477 1699//1477 1729//1477
f 1814//1478 1880//1478 1866//1478 1756//1478
f 1867//1479 1881//1479 1815//1479 1757//1479
f 1868//1480 1670//1480 1812//1480 1947//1480
f 1813//1481 1671//1481 1869//1481 1948//1481
f 1870//1482 1676//1482 1818//1482 1953//1482
f 1819//1483 1954//1483 1871//1483 1677//1483
f 1898//1484 1660//1484 1740//1484 2016//1484
f 1741//1485 1661//1485 1899//1485 2017//1485
f 1802//1486 1854//1486 1913//1486 1814//1486
f 1803//1487 1815//1487 1914//1487 1855//1487
f 1754//1488 1720//1488 1992//1488 1927//1488
f 1993//1489 1721//1489 1755//1489 1928//1489
f 1953//1490 1868//1490 1806//1490 1808//1490
f 1807//1491 1869//1491 1954//1491 1809//1491
f 1917//1492 1838//1492 1780//1492 1896//1492
f 1781//1493 1897//1493 1918//1493 1839//1493
f 1884//1494 1892//1494 1830//1494 1828//1494
f 1831//1495 1893//1495 1885//1495 1829//1495
f 1919//1496 1981//1496 1774//1496 1776//1496
f 1775//1497 1982//1497 1920//1497 1777//1497
f 1808//1498 1921//1498 1909//1498 1806//1498
f 1910//1499 1922//1499 1809//1499 1807//1499
f 1862//1500 1738//1500 1882//1500 1975//1500
f 1863//1501 1976//1501 1883//1501 1739//1501
f 1832//1502 1836//1502 1896//1502 1902//1502
f 1897//1503 1903//1503 1833//1503 1837//1503
f 1792//1504 1943//1504 1935//1504 1790//1504
f 1936//1505 1944//1505 1793//1505 1791//1505
f 1848//1506 1959//1506 1884//1506 1782//1506
f 1885//1507 1960//1507 1849//1507 1783//1507
f 1720//1508 1624//1508 2089//1508 1992//1508
f 2090//1509 1625//1509 1721//1509 1993//1509
f 1872//1510 1678//1510 1848//1510 2063//1510
f 1849//1511 1679//1511 1873//1511 2064//1511
f 1965//1512 1963//1512 1786//1512 1796//1512
f 1966//1513 1797//1513 1787//1513 1964//1513
f 1800//1514 1860//1514 1931//1514 1902//1514
f 1932//1515 1861//1515 1801//1515 1903//1515
f 1816//1516 1979//1516 1941//1516 1758//1516
f 1942//1517 1759//1517 1817//1517 1980//1517
f 1872//1518 1762//1518 1876//1518 2002//1518
f 1873//1519 1763//1519 1877//1519 2003//1519
f 1981//1520 2016//1520 1740//1520 1774//1520
f 1741//1521 2017//1521 1982//1521 1775//1521
f 1854//1522 1824//1522 1915//1522 1913//1522
f 1916//1523 1825//1523 1855//1523 1914//1523
f 1986//1524 1836//1524 1810//1524 1911//1524
f 1811//1525 1837//1525 1987//1525 1912//1525
f 1832//1526 1836//1526 1923//1526 1951//1526
f 1924//1527 1952//1527 1833//1527 1837//1527
f 1880//1528 1925//1528 1913//1528 1814//1528
f 1881//1529 1815//1529 1914//1529 1926//1529
f 1994//1530 1892//1530 1804//1530 1874//1530
f 1805//1531 1893//1531 1995//1531 1875//1531
f 1921//1532 1971//1532 1870//1532 1808//1532
f 1922//1533 1972//1533 1871//1533 1809//1533
f 1967//1534 1766//1534 1850//1534 2033//1534
f 1851//1535 1767//1535 1968//1535 2034//1535
f 1880//1536 1925//1536 1933//1536 1866//1536
f 1934//1537 1867//1537 1881//1537 1926//1537
f 1979//1538 1816//1538 1890//1538 1939//1538
f 1980//1539 1817//1539 1891//1539 1940//1539
f 1856//1540 1728//1540 1973//1540 2082//1540
f 1974//1541 1729//1541 1857//1541 2083//1541
f 2012//1542 2039//1542 1778//1542 1840//1542
f 2013//1543 1841//1543 1779//1543 2040//1543
f 2039//1544 2035//1544 1842//1544 1778//1544
f 1843//1544 2036//1544 2040//1544 1779//1544
f 1983//1545 1933//1545 1866//1545 1882//1545
f 1984//1546 1883//1546 1867//1546 1934//1546
f 2006//1547 1947//1547 1812//1547 1886//1547
f 1813//1548 1948//1548 2007//1548 1887//1548
f 1896//1549 1917//1549 1931//1549 1902//1549
f 1897//1550 1918//1550 1932//1550 1903//1550
f 2010//1551 1953//1551 1818//1551 1888//1551
f 1819//1552 1889//1552 2011//1552 1954//1552
f 1943//1553 2016//1553 1898//1553 1820//1553
f 1899//1554 2017//1554 1944//1554 1821//1554
f 2012//1555 2008//1555 1834//1555 1840//1555
f 1835//1556 1841//1556 2013//1556 2009//1556
f 1963//1557 1786//1557 1778//1557 2160//1557
f 1779//1557 1787//1557 1964//1557 2161//1557
f 1844//1558 1624//1558 2089//1558 2110//1558
f 2090//1559 2111//1559 1845//1559 1625//1559
f 1965//1560 1796//1560 1846//1560 2102//1560
f 1847//1561 1797//1561 1966//1561 2103//1561
f 2008//1562 1834//1562 1842//1562 2035//1562
f 2009//1563 2036//1563 1843//1563 1835//1563
f 1913//1564 1925//1564 1933//1564 1915//1564
f 1934//1565 1916//1565 1914//1565 1926//1565
f 1911//1566 2097//1566 1937//1566 1760//1566
f 1938//1567 2098//1567 1912//1567 1761//1567
f 1959//1568 1884//1568 1892//1568 1994//1568
f 1893//1569 1995//1569 1960//1569 1885//1569
f 1935//1570 1981//1570 1919//1570 1907//1570
f 1920//1570 1982//1570 1936//1570 1908//1570
f 1998//1571 1947//1571 1868//1571 1949//1571
f 1869//1572 1950//1572 1999//1572 1948//1572
f 1996//1573 2054//1573 1879//1573 1864//1573
f 1667//1574 1500//1574 1727//1574
f 2057//1575 1923//1575 1836//1575 1986//1575
f 1837//1576 1924//1576 2058//1576 1987//1576
f 1907//1577 1929//1577 2020//1577 1919//1577
f 2021//1578 1920//1578 1908//1578 1930//1578
f 1929//1579 1900//1579 1955//1579 2000//1579
f 1956//1580 1901//1580 1930//1580 2001//1580
f 1971//1581 1870//1581 1953//1581 2022//1581
f 1972//1582 2023//1582 1954//1582 1871//1582
f 2006//1583 2010//1583 1888//1583 1886//1583
f 1889//1584 2011//1584 2007//1584 1887//1584
f 2010//1585 1953//1585 1868//1585 2006//1585
f 1869//1586 2007//1586 2011//1586 1954//1586
f 1990//1587 1832//1587 1951//1587 2080//1587
f 1952//1588 2081//1588 1991//1588 1833//1588
f 1975//1589 1882//1589 1983//1589 2037//1589
f 1976//1590 1883//1590 1984//1590 2038//1590
f 2033//1591 2086//1591 1906//1591 1850//1591
f 1906//1592 2086//1592 2034//1592 1851//1592
f 1894//1593 1945//1593 2067//1593 1973//1593
f 2068//1594 1946//1594 1895//1594 1974//1594
f 1935//1595 1943//1595 2016//1595 1981//1595
f 2017//1596 1944//1596 1936//1596 1982//1596
f 1975//1597 2093//1597 1967//1597 1862//1597
f 1968//1598 1863//1598 1976//1598 2094//1598
f 1846//1599 2102//1599 2112//1599 1840//1599
f 2113//1599 2103//1599 1847//1599 1841//1599
f 1852//1600 1856//1600 2082//1600 2122//1600
f 2083//1601 1857//1601 1853//1601 2123//1601
f 1844//1602 1852//1602 2122//1602 2110//1602
f 2123//1603 1853//1603 1845//1603 2111//1603
f 2112//1604 1840//1604 1778//1604 2188//1604
f 2113//1605 2189//1605 1779//1605 1841//1605
f 2014//1606 2030//1606 1923//1606 1951//1606
f 1924//1607 2031//1607 2015//1607 1952//1607
f 1955//1608 1904//1608 2046//1608 2041//1608
f 2047//1609 1905//1609 1956//1609 2042//1609
f 1848//1610 1959//1610 2099//1610 2063//1610
f 2100//1611 1960//1611 1849//1611 2064//1611
f 1945//1612 1879//1612 2071//1612 2067//1612
f 2071//1613 2068//1613 1946//1613 1878//1613
f 1876//1614 1990//1614 2095//1614 2002//1614
f 2096//1615 1991//1615 1877//1615 2003//1615
f 2004//1616 1969//1616 1977//1616 2018//1616
f 2005//1617 1970//1617 1978//1617 2019//1617
f 2073//1618 2106//1618 1937//1618 1874//1618
f 2074//1619 1875//1619 1938//1619 2107//1619
f 1977//1620 2018//1620 2028//1620 1988//1620
f 1978//1621 2019//1621 2029//1621 1989//1621
f 1939//1622 2004//1622 2075//1622 1979//1622
f 1940//1623 1980//1623 2076//1623 2005//1623
f 1998//1624 2050//1624 2006//1624 1947//1624
f 2007//1625 1948//1625 1999//1625 2051//1625
f 2022//1626 2061//1626 2010//1626 1953//1626
f 2011//1627 2062//1627 2023//1627 1954//1627
f 1904//1628 2046//1628 2138//1628 1927//1628
f 2139//1629 2047//1629 1905//1629 1928//1629
f 2000//1630 1955//1630 2041//1630 2065//1630
f 2042//1631 2066//1631 2001//1631 1956//1631
f 1994//1632 2126//1632 2073//1632 1874//1632
f 2074//1633 1875//1633 1995//1633 2127//1633
f 2069//1634 2097//1634 1911//1634 1986//1634
f 1912//1635 1987//1635 2070//1635 2098//1635
f 2077//1636 1985//1636 1962//1636 2060//1636
f 1961//1637 2059//1637 2077//1637 1985//1637
f 2063//1638 2132//1638 2002//1638 1872//1638
f 2064//1639 1873//1639 2003//1639 2133//1639
f 2028//1640 1988//1640 2026//1640 2078//1640
f 2029//1641 2079//1641 2027//1641 1989//1641
f 2030//1642 1923//1642 2057//1642 2104//1642
f 2058//1643 2105//1643 2031//1643 1924//1643
f 2061//1644 2050//1644 2006//1644 2010//1644
f 2007//1645 2011//1645 2062//1645 2051//1645
f 2041//1646 2046//1646 2032//1646 2043//1646
f 2032//1647 2047//1647 2042//1647 2043//1647
f 2020//1648 2000//1648 2065//1648 2059//1648
f 2066//1649 2001//1649 2021//1649 2060//1649
f 2099//1650 2126//1650 1994//1650 1959//1650
f 1995//1651 1960//1651 2100//1651 2127//1651
f 2043//1652 2072//1652 2066//1652 2042//1652
f 2065//1653 2041//1653 2043//1653 2072//1653
f 1951//1654 2080//1654 2130//1654 2014//1654
f 2131//1655 2081//1655 1952//1655 2015//1655
f 2114//1656 2140//1656 1933//1656 1983//1656
f 2115//1657 2141//1657 1934//1657 1984//1657
f 1965//1658 1963//1658 2160//1658 2102//1658
f 2161//1659 1964//1659 1966//1659 2103//1659
f 2059//1660 2077//1660 2072//1660 2065//1660
f 2072//1661 2066//1661 2060//1661 2077//1661
f 1992//1662 1927//1662 2138//1662 2158//1662
f 2139//1663 1928//1663 1993//1663 2159//1663
f 2093//1664 2162//1664 2033//1664 1967//1664
f 2034//1665 2163//1665 2094//1665 1968//1665
f 2167//1666 2069//1666 1986//1666 2057//1666
f 1987//1667 2070//1667 2168//1667 2058//1667
f 2152//1668 2150//1668 1996//1668 1957//1668
f 2153//1669 1958//1669 1997//1669 2151//1669
f 1933//1670 2024//1670 2144//1670 2140//1670
f 2145//1671 2025//1671 1934//1671 2141//1671
f 2136//1672 2024//1672 1957//1672 2152//1672
f 2137//1673 2025//1673 1958//1673 2153//1673
f 2097//1674 1937//1674 2106//1674 2154//1674
f 2107//1675 1938//1675 2098//1675 2155//1675
f 2082//1676 1973//1676 2067//1676 2192//1676
f 2068//1677 2193//1677 2083//1677 1974//1677
f 2120//1678 2044//1678 2052//1678 2124//1678
f 2053//1679 2045//1679 2121//1679 2125//1679
f 1990//1680 2080//1680 2190//1680 2095//1680
f 2191//1681 2081//1681 1991//1681 2096//1681
f 2046//1682 2138//1682 2164//1682 2032//1682
f 2164//1683 2032//1683 2047//1683 2139//1683
f 2142//1684 2120//1684 2044//1684 2084//1684
f 2045//1685 2121//1685 2143//1685 2085//1685
f 2150//1686 1996//1686 2054//1686 2215//1686
f 2055//1687 2216//1687 2151//1687 1997//1687
f 2124//1688 2052//1688 2108//1688 2171//1688
f 2109//1689 2053//1689 2125//1689 2172//1689
f 2162//1690 2033//1690 2086//1690 2179//1690
f 2086//1691 2179//1691 2163//1691 2034//1691
f 2063//1692 2132//1692 2186//1692 2099//1692
f 2187//1693 2100//1693 2064//1693 2133//1693
f 2078//1694 2026//1694 2128//1694 2264//1694
f 2129//1695 2027//1695 2079//1695 2265//1695
f 2002//1696 2132//1696 2248//1696 2095//1696
f 2003//1697 2096//1697 2249//1697 2133//1697
f 2057//1698 2167//1698 2182//1698 2104//1698
f 2058//1699 2105//1699 2183//1699 2168//1699
f 2075//1700 2048//1700 2169//1700 2211//1700
f 2170//1701 2049//1701 2076//1701 2212//1701
f 2095//1702 2069//1702 2167//1702 2190//1702
f 2168//1703 2070//1703 2096//1703 2191//1703
f 2095//1704 2069//1704 2156//1704 2194//1704
f 2157//1705 2070//1705 2096//1705 2195//1705
f 2089//1706 2303//1706 2158//1706 1992//1706
f 2159//1707 2304//1707 2090//1707 1993//1707
f 2243//1708 2004//1708 2018//1708 2290//1708
f 2244//1709 2291//1709 2019//1709 2005//1709
f 2075//1710 2211//1710 2243//1710 2004//1710
f 2244//1711 2005//1711 2076//1711 2212//1711
f 2114//1712 2118//1712 2176//1712 2148//1712
f 2175//1713 2119//1713 2115//1713 2149//1713
f 2106//1714 2073//1714 2209//1714 2177//1714
f 2210//1715 2178//1715 2107//1715 2074//1715
f 2160//1716 2102//1716 2112//1716 2188//1716
f 2113//1717 2103//1717 2161//1717 2189//1717
f 2290//1718 2018//1718 2028//1718 2256//1718
f 2291//1719 2257//1719 2029//1719 2019//1719
f 2256//1720 2228//1720 2078//1720 2028//1720
f 2257//1721 2029//1721 2079//1721 2227//1721
f 2140//1722 2173//1722 2148//1722 2114//1722
f 2149//1723 2174//1723 2141//1723 2115//1723
f 2142//1724 2084//1724 2146//1724 2201//1724
f 2147//1725 2085//1725 2143//1725 2202//1725
f 2215//1726 2054//1726 2101//1726 2245//1726
f 2101//1727 2055//1727 2216//1727 2245//1727
f 2120//1728 2124//1728 2225//1728 2142//1728
f 2226//1729 2125//1729 2121//1729 2143//1729
f 2080//1730 2190//1730 2213//1730 2130//1730
f 2214//1731 2131//1731 2081//1731 2191//1731
f 2205//1732 2154//1732 2106//1732 2177//1732
f 2107//1733 2155//1733 2206//1733 2178//1733
f 2099//1734 2237//1734 2196//1734 2126//1734
f 2197//1735 2238//1735 2100//1735 2127//1735
f 2192//1736 2275//1736 2134//1736 2067//1736
f 2134//1737 2068//1737 2193//1737 2275//1737
f 2122//1738 2273//1738 2192//1738 2082//1738
f 2193//1739 2274//1739 2123//1739 2083//1739
f 2069//1740 2165//1740 2301//1740 2156//1740
f 2302//1741 2157//1741 2070//1741 2166//1741
f 2225//1742 2180//1742 2108//1742 2171//1742
f 2109//1743 2172//1743 2226//1743 2181//1743
f 2221//1744 2124//1744 2120//1744 2219//1744
f 2121//1745 2220//1745 2222//1745 2125//1745
f 2138//1746 2164//1746 2200//1746 2158//1746
f 2200//1747 2164//1747 2139//1747 2159//1747
f 2184//1748 2285//1748 2162//1748 2093//1748
f 2163//1749 2286//1749 2185//1749 2094//1749
f 2097//1750 2239//1750 2203//1750 2154//1750
f 2204//1751 2155//1751 2098//1751 2240//1751
f 2219//1752 2120//1752 2142//1752 2235//1752
f 2143//1753 2121//1753 2220//1753 2236//1753
f 2089//1754 2303//1754 2283//1754 2110//1754
f 2284//1755 2111//1755 2090//1755 2304//1755
f 2213//1756 2182//1756 2167//1756 2190//1756
f 2168//1757 2183//1757 2214//1757 2191//1757
f 2122//1758 2110//1758 2283//1758 2273//1758
f 2284//1759 2111//1759 2123//1759 2274//1759
f 2239//1760 2270//1760 2165//1760 2097//1760
f 2166//1761 2271//1761 2240//1761 2098//1761
f 2246//1762 2171//1762 2124//1762 2221//1762
f 2125//1763 2172//1763 2247//1763 2222//1763
f 2099//1764 2186//1764 2250//1764 2237//1764
f 2251//1765 2238//1765 2100//1765 2187//1765
f 2176//1766 2231//1766 2217//1766 2148//1766
f 2218//1767 2232//1767 2175//1767 2149//1767
f 2196//1768 2327//1768 2209//1768 2073//1768
f 2210//1769 2328//1769 2197//1769 2074//1769
f 2264//1770 2296//1770 2135//1770 2128//1770
f 2135//1771 2296//1771 2265//1771 2129//1771
f 2152//1772 2229//1772 2281//1772 2136//1772
f 2282//1773 2230//1773 2153//1773 2137//1773
f 2152//1774 2260//1774 2241//1774 2150//1774
f 2242//1775 2261//1775 2153//1775 2151//1775
f 2173//1776 2279//1776 2217//1776 2148//1776
f 2218//1777 2280//1777 2174//1777 2149//1777
f 2201//1778 2146//1778 2207//1778 2266//1778
f 2208//1779 2267//1779 2202//1779 2147//1779
f 2144//1780 2136//1780 2281//1780 2305//1780
f 2282//1781 2306//1781 2145//1781 2137//1781
f 2132//1782 2186//1782 2313//1782 2248//1782
f 2314//1783 2249//1783 2133//1783 2187//1783
f 2154//1784 2203//1784 2299//1784 2205//1784
f 2300//1785 2204//1785 2155//1785 2206//1785
f 2268//1786 2254//1786 2156//1786 2194//1786
f 2157//1787 2195//1787 2269//1787 2255//1787
f 2235//1788 2288//1788 2201//1788 2142//1788
f 2202//1789 2289//1789 2236//1789 2143//1789
f 2144//1790 2305//1790 2279//1790 2173//1790
f 2280//1791 2174//1791 2145//1791 2306//1791
f 2179//1792 2278//1792 2286//1792 2163//1792
f 2285//1793 2278//1793 2179//1793 2162//1793
f 2248//1794 2355//1794 2194//1794 2095//1794
f 2249//1795 2096//1795 2195//1795 2356//1795
f 2176//1796 2198//1796 2297//1796 2231//1796
f 2298//1797 2199//1797 2175//1797 2232//1797
f 2276//1798 2223//1798 2180//1798 2225//1798
f 2181//1799 2224//1799 2277//1799 2226//1799
f 2142//1800 2225//1800 2276//1800 2266//1800
f 2277//1801 2226//1801 2143//1801 2267//1801
f 2211//1802 2169//1802 2233//1802 2311//1802
f 2234//1803 2312//1803 2212//1803 2170//1803
f 2294//1804 2225//1804 2171//1804 2246//1804
f 2172//1805 2226//1805 2295//1805 2247//1805
f 2307//1806 2262//1806 2177//1806 2205//1806
f 2178//1807 2206//1807 2308//1807 2263//1807
f 2198//1808 2297//1808 2285//1808 2184//1808
f 2286//1809 2298//1809 2199//1809 2185//1809
f 2262//1810 2318//1810 2209//1810 2177//1810
f 2210//1811 2319//1811 2263//1811 2178//1811
f 2250//1812 2237//1812 2203//1812 2239//1812
f 2204//1813 2240//1813 2251//1813 2238//1813
f 2266//1814 2276//1814 2223//1814 2207//1814
f 2224//1815 2208//1815 2267//1815 2277//1815
f 2313//1816 2270//1816 2239//1816 2186//1816
f 2240//1817 2187//1817 2314//1817 2271//1817
f 2215//1818 2245//1818 2309//1818 2241//1818
f 2309//1819 2245//1819 2216//1819 2242//1819
f 2231//1820 2217//1820 2287//1820 2293//1820
f 2287//1821 2293//1821 2232//1821 2218//1821
f 2303//1822 2367//1822 2200//1822 2158//1822
f 2200//1823 2159//1823 2304//1823 2367//1823
f 2260//1824 2292//1824 2258//1824 2229//1824
f 2258//1825 2292//1825 2261//1825 2230//1825
f 2315//1826 2288//1826 2201//1826 2266//1826
f 2202//1827 2267//1827 2316//1827 2289//1827
f 2254//1828 2352//1828 2301//1828 2156//1828
f 2302//1829 2353//1829 2255//1829 2157//1829
f 2279//1830 2217//1830 2287//1830 2317//1830
f 2287//1831 2317//1831 2280//1831 2218//1831
f 2203//1832 2237//1832 2332//1832 2299//1832
f 2333//1833 2238//1833 2204//1833 2300//1833
f 2297//1834 2310//1834 2259//1834 2231//1834
f 2259//1835 2232//1835 2298//1835 2310//1835
f 2281//1836 2324//1836 2258//1836 2229//1836
f 2258//1837 2324//1837 2282//1837 2230//1837
f 2260//1838 2241//1838 2309//1838 2292//1838
f 2309//1839 2242//1839 2261//1839 2292//1839
f 2294//1840 2225//1840 2276//1840 2320//1840
f 2277//1841 2226//1841 2295//1841 2321//1841
f 2273//1842 2357//1842 2275//1842 2192//1842
f 2275//1843 2357//1843 2274//1843 2193//1843
f 2237//1844 2196//1844 2327//1844 2332//1844
f 2328//1845 2333//1845 2238//1845 2197//1845
f 2270//1846 2165//1846 2301//1846 2375//1846
f 2271//1847 2376//1847 2302//1847 2166//1847
f 2285//1848 2278//1848 2310//1848 2297//1848
f 2310//1849 2278//1849 2286//1849 2298//1849
f 2329//1850 2272//1850 2234//1850 2312//1850
f 2311//1851 2233//1851 2272//1851 2329//1851
f 2320//1852 2315//1852 2266//1852 2276//1852
f 2267//1853 2316//1853 2321//1853 2277//1853
f 2205//1854 2307//1854 2360//1854 2299//1854
f 2361//1855 2308//1855 2206//1855 2300//1855
f 2305//1856 2325//1856 2317//1856 2279//1856
f 2317//1857 2280//1857 2306//1857 2325//1857
f 2243//1858 2368//1858 2345//1858 2211//1858
f 2346//1859 2212//1859 2244//1859 2369//1859
f 2305//1860 2325//1860 2324//1860 2281//1860
f 2324//1861 2282//1861 2306//1861 2325//1861
f 2228//1862 2341//1862 2378//1862 2256//1862
f 2379//1863 2257//1863 2227//1863 2342//1863
f 2355//1864 2400//1864 2268//1864 2194//1864
f 2269//1865 2401//1865 2356//1865 2195//1865
f 2296//1866 2358//1866 2342//1866 2265//1866
f 2341//1867 2264//1867 2296//1867 2358//1867
f 2327//1868 2407//1868 2318//1868 2209//1868
f 2319//1869 2408//1869 2328//1869 2210//1869
f 2273//1870 2283//1870 2384//1870 2357//1870
f 2384//1871 2284//1871 2274//1871 2357//1871
f 2290//1872 2243//1872 2368//1872 2396//1872
f 2369//1873 2397//1873 2291//1873 2244//1873
f 2256//1874 2378//1874 2396//1874 2290//1874
f 2397//1875 2379//1875 2257//1875 2291//1875
f 2283//1876 2303//1876 2367//1876 2384//1876
f 2367//1877 2384//1877 2284//1877 2304//1877
f 2311//1878 2329//1878 2364//1878 2345//1878
f 2248//1879 2313//1879 2405//1879 2355//1879
f 2406//1880 2314//1880 2249//1880 2356//1880
f 2313//1881 2270//1881 2375//1881 2405//1881
f 2376//1882 2406//1882 2314//1882 2271//1882
f 2332//1883 2299//1883 2360//1883 2403//1883
f 2361//1884 2300//1884 2333//1884 2404//1884
f 2375//1885 2409//1885 2352//1885 2301//1885
f 2376//1886 2410//1886 2353//1886 2302//1886
f 2364//1887 2346//1887 2369//1887 2385//1887
f 2368//1888 2345//1888 2364//1888 2385//1888
f 2378//1889 2341//1889 2358//1889 2399//1889
f 2358//1890 2399//1890 2379//1890 2342//1890
f 2403//1891 2332//1891 2327//1891 2407//1891
f 2328//1892 2333//1892 2404//1892 2408//1892
f 2385//1893 2369//1893 2397//1893 2402//1893
f 2396//1894 2368//1894 2385//1894 2402//1894
f 2399//1895 2402//1895 2397//1895 2379//1895
f 2396//1896 2378//1896 2399//1896 2402//1896
f 2355//1897 2400//1897 2411//1897 2405//1897
f 2412//1898 2406//1898 2356//1898 2401//1898
f 2405//1899 2375//1899 2409//1899 2411//1899
f 2410//1900 2412//1900 2406//1900 2376//1900
f 1983//1901 2114//1901 2118//1901 2037//1901
f 2119//1902 2115//1902 1984//1902 2038//1902
f 2364//1903 2329//1903 2312//1903 2346//1903
f 2037//1904 2087//1904 2184//1904 1967//1904
f 2185//1905 2088//1905 2038//1905 1968//1905
f 2245//1906 2027//1906 2227//1906 2342//1906
f 836//1907 816//1907 535//1907 547//1907
f 837//1908 817//1908 536//1908 548//1908
f 1714//1909 1511//1909 1485//1909 1990//1909
f 1714//1910 1712//1910 2095//1910 1876//1910
f 1833//1911 1715//1911 1512//1911 1713//1911
f 2216//1912 2151//1912 2257//1912 2265//1912
f 1036//1913 707//1913 699//1913 1034//1913
f 1991//1914 1877//1914 1715//1914 1833//1914
f 1655//1915 1649//1915 1769//1915 1833//1915
f 2006//1916 1959//1916 1868//1916 1949//1916
f 2005//1917 2049//1917 1891//1917 1881//1917
f 2228//1918 2264//1918 2215//1918 2152//1918
f 2256//1919 2264//1919 2215//1919 2150//1919
f 3//1920 4//1920 1//1920
f 3//1921 1//1921 5//1921
f 4//1922 1//1922 6//1922
f 5//1923 1//1923 7//1923
f 8//1924 1//1924 6//1924
f 9//1925 1//1925 7//1925
f 8//1926 10//1926 1//1926
f 9//1927 10//1927 1//1927
f 15//1928 14//1928 2//1928
f 16//1929 14//1929 2//1929
f 17//1930 15//1930 2//1930
f 16//1931 18//1931 2//1931
f 17//1932 19//1932 2//1932
f 20//1933 18//1933 2//1933
f 19//1934 21//1934 2//1934
f 21//1935 20//1935 2//1935
f 30//1936 32//1936 12//1936
f 31//1937 33//1937 13//1937
f 36//1938 30//1938 12//1938
f 37//1939 31//1939 13//1939
f 32//1940 57//1940 12//1940
f 58//1941 33//1941 13//1941
f 63//1942 36//1942 12//1942
f 64//1943 13//1943 37//1943
f 47//1944 50//1944 11//1944
f 47//1945 51//1945 11//1945
f 61//1946 11//1946 50//1946
f 51//1947 11//1947 62//1947
f 72//1948 11//1948 61//1948
f 11//1949 62//1949 73//1949
f 85//1950 72//1950 11//1950
f 85//1951 73//1951 11//1951
f 88//1952 57//1952 12//1952
f 89//1953 58//1953 13//1953
f 88//1954 63//1954 12//1954
f 89//1955 64//1955 13//1955
f 96//1956 74//1956 76//1956
f 97//1957 75//1957 77//1957
f 76//1958 80//1958 96//1958
f 77//1959 82//1959 97//1959
f 74//1960 114//1960 67//1960
f 67//1961 114//1961 75//1961
f 34//1962 130//1962 132//1962
f 131//1963 35//1963 133//1963
f 130//1964 136//1964 34//1964
f 131//1965 137//1965 35//1965
f 138//1966 132//1966 34//1966
f 139//1967 133//1967 35//1967
f 140//1968 100//1968 80//1968
f 141//1969 101//1969 82//1969
f 151//1970 136//1970 34//1970
f 152//1971 137//1971 35//1971
f 153//1972 138//1972 34//1972
f 154//1973 139//1973 35//1973
f 158//1974 34//1974 151//1974
f 159//1975 152//1975 35//1975
f 160//1976 153//1976 34//1976
f 154//1977 161//1977 35//1977
f 160//1978 158//1978 34//1978
f 161//1979 159//1979 35//1979
f 162//1980 134//1980 128//1980
f 163//1981 129//1981 135//1981
f 184//1982 134//1982 164//1982
f 185//1983 135//1983 165//1983
f 205//1984 201//1984 209//1984
f 206//1985 210//1985 202//1985
f 226//1986 265//1986 180//1986
f 227//1987 266//1987 181//1987
f 246//1988 263//1988 178//1988
f 179//1989 247//1989 264//1989
f 242//1990 250//1990 234//1990
f 251//1991 243//1991 235//1991
f 255//1992 273//1992 230//1992
f 255//1993 273//1993 231//1993
f 386//1994 184//1994 240//1994
f 387//1995 241//1995 185//1995
f 248//1996 269//1996 341//1996
f 249//1997 270//1997 342//1997
f 240//1998 257//1998 386//1998
f 241//1999 258//1999 387//1999
f 259//2000 332//2000 269//2000
f 260//2001 333//2001 270//2001
f 269//2002 372//2002 332//2002
f 270//2003 373//2003 333//2003
f 290//2004 308//2004 376//2004
f 309//2005 291//2005 377//2005
f 472//2006 430//2006 271//2006
f 473//2007 431//2007 272//2007
f 359//2008 320//2008 444//2008
f 360//2009 445//2009 321//2009
f 341//2010 404//2010 492//2010
f 342//2011 493//2011 405//2011
f 472//2012 603//2012 271//2012
f 473//2013 272//2013 604//2013
f 332//2014 372//2014 608//2014
f 333//2015 609//2015 373//2015
f 669//2016 458//2016 376//2016
f 670//2017 459//2017 377//2017
f 444//2018 577//2018 525//2018
f 445//2019 578//2019 526//2019
f 669//2020 376//2020 519//2020
f 520//2021 670//2021 377//2021
f 649//2022 627//2022 334//2022
f 628//2023 650//2023 335//2023
f 740//2024 423//2024 507//2024
f 741//2025 424//2025 508//2025
f 386//2026 922//2026 430//2026
f 387//2027 923//2027 431//2027
f 539//2028 466//2028 699//2028
f 540//2029 467//2029 700//2029
f 691//2030 675//2030 396//2030
f 692//2031 397//2031 676//2031
f 591//2032 620//2032 555//2032
f 592//2033 556//2033 621//2033
f 535//2034 547//2034 693//2034
f 536//2035 548//2035 694//2035
f 515//2036 573//2036 742//2036
f 574//2037 743//2037 516//2037
f 583//2038 515//2038 742//2038
f 584//2039 516//2039 743//2039
f 591//2040 620//2040 622//2040
f 592//2041 621//2041 623//2041
f 723//2042 537//2042 618//2042
f 724//2043 538//2043 619//2043
f 744//2044 760//2044 480//2044
f 745//2045 761//2045 481//2045
f 770//2046 744//2046 480//2046
f 481//2047 745//2047 771//2047
f 673//2048 742//2048 573//2048
f 674//2049 574//2049 743//2049
f 685//2050 583//2050 742//2050
f 686//2051 584//2051 743//2051
f 677//2052 622//2052 711//2052
f 678//2053 623//2053 712//2053
f 760//2054 830//2054 480//2054
f 761//2055 832//2055 481//2055
f 480//2056 840//2056 770//2056
f 481//2057 841//2057 771//2057
f 872//2058 565//2058 701//2058
f 566//2059 873//2059 702//2059
f 822//2060 723//2060 618//2060
f 823//2061 724//2061 619//2061
f 673//2062 742//2062 804//2062
f 674//2063 805//2063 743//2063
f 830//2064 914//2064 480//2064
f 481//2065 915//2065 832//2065
f 698//2066 763//2066 765//2066
f 808//2067 685//2067 742//2067
f 686//2068 809//2068 743//2068
f 840//2069 480//2069 924//2069
f 481//2070 841//2070 925//2070
f 711//2071 918//2071 667//2071
f 712//2072 668//2072 919//2072
f 956//2073 914//2073 480//2073
f 957//2074 915//2074 481//2074
f 956//2075 924//2075 480//2075
f 957//2076 481//2076 925//2076
f 804//2077 848//2077 742//2077
f 805//2078 849//2078 743//2078
f 693//2079 852//2079 836//2079
f 694//2080 853//2080 837//2080
f 848//2081 808//2081 742//2081
f 849//2082 743//2082 809//2082
f 1137//2083 922//2083 430//2083
f 1138//2084 923//2084 431//2084
f 637//2085 1163//2085 651//2085
f 638//2086 1164//2086 652//2086
f 723//2087 882//2087 822//2087
f 724//2088 883//2088 823//2088
f 701//2089 856//2089 872//2089
f 702//2090 857//2090 873//2090
f 758//2091 1163//2091 637//2091
f 1164//2092 759//2092 638//2092
f 824//2093 892//2093 802//2093
f 825//2094 893//2094 803//2094
f 802//2095 828//2095 892//2095
f 803//2096 893//2096 829//2096
f 651//2097 1163//2097 792//2097
f 652//2098 793//2098 1164//2098
f 796//2099 876//2099 890//2099
f 797//2100 877//2100 891//2100
f 879//2101 700//2101 1037//2101
f 898//2102 824//2102 892//2102
f 899//2103 825//2103 893//2103
f 828//2104 892//2104 900//2104
f 829//2105 901//2105 893//2105
f 852//2106 836//2106 1032//2106
f 853//2107 1033//2107 837//2107
f 1077//2108 1010//2108 687//2108
f 1078//2109 1011//2109 688//2109
f 1095//2110 912//2110 764//2110
f 864//2111 1065//2111 866//2111
f 865//2112 1066//2112 867//2112
f 898//2113 982//2113 892//2113
f 983//2114 899//2114 893//2114
f 990//2115 900//2115 892//2115
f 991//2116 901//2116 893//2116
f 1077//2117 505//2117 1313//2117
f 1078//2118 506//2118 1314//2118
f 962//2119 942//2119 916//2119
f 963//2120 917//2120 943//2120
f 942//2121 980//2121 916//2121
f 943//2122 981//2122 917//2122
f 758//2123 970//2123 1163//2123
f 1164//2124 759//2124 971//2124
f 982//2125 1030//2125 892//2125
f 983//2126 1031//2126 893//2126
f 1030//2127 892//2127 990//2127
f 1031//2128 991//2128 893//2128
f 962//2129 1042//2129 916//2129
f 963//2130 1043//2130 917//2130
f 1026//2131 792//2131 1163//2131
f 1027//2132 1164//2132 793//2132
f 980//2133 1071//2133 916//2133
f 1072//2134 981//2134 917//2134
f 1042//2135 1127//2135 916//2135
f 1043//2136 1128//2136 917//2136
f 1071//2137 1147//2137 916//2137
f 1072//2138 1148//2138 917//2138
f 940//2139 1194//2139 1022//2139
f 941//2140 1195//2140 1023//2140
f 1028//2141 992//2141 1149//2141
f 993//2142 1029//2142 1150//2142
f 1127//2143 1167//2143 916//2143
f 1128//2144 1168//2144 917//2144
f 1167//2145 1147//2145 916//2145
f 1168//2146 1148//2146 917//2146
f 1079//2147 992//2147 1200//2147
f 1080//2148 993//2148 1201//2148
f 1155//2149 922//2149 1221//2149
f 1156//2150 923//2150 1222//2150
f 1190//2151 1010//2151 1077//2151
f 1191//2152 1011//2152 1078//2152
f 1247//2153 1229//2153 858//2153
f 859//2154 1230//2154 1248//2154
f 1365//2155 1325//2155 691//2155
f 1366//2156 1326//2156 692//2156
f 1175//2157 1095//2157 1091//2157
f 1176//2158 1096//2158 1092//2158
f 1121//2159 1087//2159 1186//2159
f 1088//2160 1122//2160 1187//2160
f 1101//2161 1259//2161 1044//2161
f 1102//2162 1260//2162 1045//2162
f 1287//2163 970//2163 1163//2163
f 1288//2164 971//2164 1164//2164
f 1107//2165 1349//2165 1002//2165
f 1108//2166 1350//2166 1003//2166
f 1335//2167 1163//2167 1026//2167
f 1027//2168 1336//2168 1164//2168
f 1225//2169 1000//2169 1283//2169
f 1001//2170 1226//2170 1284//2170
f 1141//2171 1239//2171 1327//2171
f 1240//2172 1142//2172 1328//2172
f 1161//2173 1139//2173 1407//2173
f 1162//2174 1408//2174 1140//2174
f 1239//2175 1441//2175 1012//2175
f 1240//2176 1442//2176 1013//2176
f 1111//2177 1265//2177 1367//2177
f 1266//2178 1112//2178 1368//2178
f 1349//2179 1409//2179 1002//2179
f 1410//2180 1350//2180 1003//2180
f 1265//2181 1479//2181 1038//2181
f 1266//2182 1480//2182 1039//2182
f 1143//2183 1307//2183 1377//2183
f 1144//2184 1308//2184 1378//2184
f 1313//2185 1077//2185 1433//2185
f 1314//2186 1434//2186 1078//2186
f 1259//2187 1315//2187 1299//2187
f 1260//2188 1316//2188 1300//2188
f 1391//2189 1273//2189 1263//2189
f 1392//2190 1274//2190 1264//2190
f 1297//2191 1291//2191 1387//2191
f 1298//2192 1388//2192 1292//2192
f 1415//2193 1038//2193 1479//2193
f 1416//2194 1039//2194 1480//2194
f 1163//2195 1531//2195 1287//2195
f 1532//2196 1288//2196 1164//2196
f 1575//2197 1163//2197 1335//2197
f 1576//2198 1164//2198 1336//2198
f 1425//2199 1403//2199 1221//2199
f 1426//2200 1222//2200 1404//2200
f 1487//2201 1299//2201 1315//2201
f 1488//2202 1300//2202 1316//2202
f 1461//2203 1387//2203 1291//2203
f 1462//2204 1388//2204 1292//2204
f 1413//2205 1539//2205 1303//2205
f 1414//2206 1304//2206 1540//2206
f 1491//2207 1309//2207 1457//2207
f 1492//2208 1310//2208 1458//2208
f 1754//2209 1281//2209 1325//2209
f 1755//2210 1326//2210 1282//2210
f 1451//2211 1493//2211 1397//2211
f 1454//2212 1494//2212 1398//2212
f 1163//2213 1684//2213 1531//2213
f 1532//2214 1685//2214 1164//2214
f 1700//2215 1163//2215 1575//2215
f 1701//2216 1576//2216 1164//2216
f 1405//2217 1517//2217 1499//2217
f 1406//2218 1518//2218 1500//2218
f 1447//2219 1429//2219 1584//2219
f 1439//2220 1459//2220 1588//2220
f 1460//2221 1589//2221 1440//2221
f 1503//2222 1662//2222 1361//2222
f 1504//2223 1362//2223 1663//2223
f 1419//2224 1407//2224 1682//2224
f 1420//2225 1683//2225 1408//2225
f 1684//2226 1700//2226 1163//2226
f 1685//2227 1701//2227 1164//2227
f 1602//2228 1331//2228 1640//2228
f 1603//2229 1332//2229 1641//2229
f 1658//2230 1491//2230 1457//2230
f 1659//2231 1492//2231 1458//2231
f 1461//2232 1652//2232 1541//2232
f 1653//2233 1462//2233 1542//2233
f 1561//2234 1421//2234 1702//2234
f 1562//2235 1422//2235 1703//2235
f 1535//2236 1644//2236 1557//2236
f 1536//2237 1645//2237 1558//2237
f 1610//2238 1686//2238 1427//2238
f 1611//2239 1687//2239 1428//2239
f 1752//2240 1525//2240 1437//2240
f 1526//2241 1753//2241 1438//2241
f 1644//2242 1586//2242 1535//2242
f 1645//2243 1587//2243 1536//2243
f 1732//2244 1571//2244 1443//2244
f 1733//2245 1572//2245 1444//2245
f 1614//2246 1557//2246 1644//2246
f 1558//2247 1615//2247 1645//2247
f 1648//2248 1644//2248 1586//2248
f 1649//2249 1587//2249 1645//2249
f 1656//2250 1702//2250 1523//2250
f 1657//2251 1524//2251 1703//2251
f 1666//2252 1726//2252 1499//2252
f 1878//2253 1727//2253 1865//2253
f 1644//2254 1614//2254 1668//2254
f 1669//2255 1645//2255 1615//2255
f 1702//2256 1664//2256 1561//2256
f 1665//2257 1562//2257 1703//2257
f 1563//2258 1760//2258 1606//2258
f 1564//2259 1761//2259 1607//2259
f 1694//2260 1648//2260 1644//2260
f 1695//2261 1649//2261 1645//2261
f 1664//2262 1702//2262 1656//2262
f 1665//2263 1703//2263 1657//2263
f 1820//2264 1503//2264 1662//2264
f 1504//2265 1821//2265 1663//2265
f 1668//2266 1644//2266 1706//2266
f 1707//2267 1669//2267 1645//2267
f 1694//2268 1706//2268 1644//2268
f 1695//2269 1707//2269 1645//2269
f 1776//2270 1961//2270 1204//2270
f 1777//2271 1962//2271 1205//2271
f 1734//2272 1594//2272 1756//2272
f 1735//2273 1757//2273 1595//2273
f 1748//2274 1654//2274 1768//2274
f 1734//2275 1666//2275 1824//2275
f 1667//2276 1735//2276 1825//2276
f 1762//2277 1678//2277 1872//2277
f 1763//2278 1679//2278 1873//2278
f 1746//2279 1736//2279 1858//2279
f 1747//2280 1737//2280 1859//2280
f 1826//2281 1730//2281 1822//2281
f 1827//2282 1731//2282 1823//2282
f 1858//2283 1746//2283 1838//2283
f 1859//2284 1747//2284 1839//2284
f 1736//2285 1860//2285 1858//2285
f 1861//2286 1737//2286 1859//2286
f 1864//2287 1726//2287 1879//2287
f 1865//2288 1727//2288 1667//2288 1825//2288
f 1890//2289 1816//2289 1758//2289
f 1817//2290 1891//2290 1759//2290
f 1967//2291 1766//2291 1862//2291
f 1968//2292 1863//2292 1767//2292
f 1838//2293 1917//2293 1858//2293
f 1918//2294 1839//2294 1859//2294
f 1953//2295 1870//2295 1808//2295
f 1871//2296 1809//2296 1954//2296
f 1894//2297 1784//2297 1945//2297
f 1895//2298 1785//2298 1946//2298
f 1824//2299 1957//2299 1864//2299
f 1825//2300 1958//2300 1865//2300
f 1931//2301 1858//2301 1860//2301
f 1932//2302 1861//2302 1859//2302
f 1919//2303 2020//2303 1776//2303
f 1920//2304 2021//2304 1777//2304
f 1917//2305 1931//2305 1858//2305
f 1918//2306 1932//2306 1859//2306
f 1961//2307 1776//2307 2020//2307
f 1962//2308 1777//2308 2021//2308
f 1915//2309 2024//2309 1824//2309
f 1916//2310 1825//2310 2025//2310
f 1957//2311 2024//2311 1824//2311
f 1958//2312 2025//2312 1825//2312
f 1996//2313 1957//2313 1864//2313
f 1997//2314 1958//2314 1865//2314
f 1869//2315 1948//2315 2007//2315
f 1890//2316 1969//2316 2004//2316
f 2024//2317 1915//2317 1933//2317
f 2025//2318 1916//2318 1934//2318
f 1921//2319 2091//2319 1909//2319
f 1922//2320 1910//2320 2092//2320
f 2020//2321 2000//2321 1929//2321
f 2021//2322 2001//2322 1930//2322
f 1909//2323 1949//2323 2091//2323
f 1910//2324 2092//2324 1950//2324
f 1879//2325 2054//2325 2056//2325
f 2055//2326 1878//2326 2056//2326
f 1921//2327 1971//2327 2091//2327
f 1922//2328 2092//2328 1972//2328
f 2056//2329 1878//2329 2071//2329
f 2056//2330 1879//2330 2071//2330
f 2059//2331 2020//2331 1961//2331
f 2060//2332 2021//2332 1962//2332
f 1979//2333 1941//2333 2075//2333
f 1980//2334 1942//2334 2076//2334
f 1998//2335 1949//2335 2091//2335
f 1999//2336 2092//2336 1950//2336
f 2022//2337 1971//2337 2091//2337
f 2023//2338 2092//2338 1972//2338
f 2087//2339 2037//2339 1983//2339
f 2088//2340 2038//2340 1984//2340
f 2050//2341 1998//2341 2091//2341
f 1999//2342 2051//2342 2092//2342
f 2160//1544 2188//1544 1778//1544
f 2161//1557 2189//1557 1779//1557
f 2030//2343 2116//2343 2014//2343
f 2031//2344 2015//2344 2117//2344
f 2022//2345 2061//2345 2091//2345
f 2023//2346 2062//2346 2092//2346
f 2050//2347 2061//2347 2091//2347
f 2051//2348 2062//2348 2092//2348
f 2056//2349 2055//2349 2101//2349
f 2054//2350 2101//2350 2056//2350
f 2114//2351 1983//2351 2118//2351
f 2115//2352 1984//2352 2119//2352
f 2104//2353 2030//2353 2116//2353
f 2105//2354 2031//2354 2117//2354
f 2134//2355 2071//2355 2067//2355
f 2071//2356 2134//2356 2068//2356
f 2116//2357 2014//2357 2130//2357
f 2131//2358 2117//2358 2015//2358
f 2012//2359 2252//2359 2039//2359
f 2040//2360 2013//2360 2253//2360
f 2184//2361 2087//2361 2037//2361
f 2088//2362 2185//2362 2038//2362
f 2035//1544 2039//1544 2252//1544
f 2040//1544 2036//1544 2253//1544
f 2069//2363 2097//2363 2165//2363
f 2098//2364 2166//2364 2070//2364
f 2024//2365 2144//2365 2136//2365
f 2025//2366 2145//2366 2137//2366
f 2087//2367 2118//2367 2176//2367
f 2119//2368 2088//2368 2175//2368
f 2196//2369 2126//2369 2073//2369
f 2074//2370 2127//2370 2197//2370
f 2116//2371 2104//2371 2182//2371
f 2105//2372 2117//2372 2183//2372
f 2213//2373 2116//2373 2130//2373
f 2214//2374 2131//2374 2117//2374
f 2140//2375 2144//2375 2173//2375
f 2174//2376 2141//2376 2145//2376
f 2182//2377 2213//2377 2116//2377
f 2183//2378 2117//2378 2214//2378
f 2171//2379 2124//2379 2225//2379
f 2172//2380 2226//2380 2125//2380
f 2142//2381 2201//2381 2266//2381
f 2143//2382 2202//2382 2267//2382
f 2229//2383 2152//2383 2260//2383
f 2153//2384 2230//2384 2261//2384
f 2186//2385 2250//2385 2239//2385
f 2187//2386 2240//2386 2251//2386
f 2293//2387 2231//2387 2259//2387
f 2259//2388 2232//2388 2293//2388
f 2337//2389 2221//2389 2219//2389
f 2338//2390 2222//2390 2220//2390
f 2235//2391 2219//2391 2337//2391
f 2236//2392 2338//2392 2220//2392
f 2221//2393 2246//2393 2337//2393
f 2247//2394 2222//2394 2338//2394
f 2254//2395 2268//2395 2322//2395
f 2323//2396 2255//2396 2269//2396
f 2337//2397 2235//2397 2288//2397
f 2289//2398 2236//2398 2338//2398
f 2345//2399 2211//2399 2311//2399
f 2346//2400 2312//2400 2212//2400
f 2246//2401 2294//2401 2337//2401
f 2247//2402 2295//2402 2338//2402
f 2337//2403 2315//2403 2288//2403
f 2338//2404 2316//2404 2289//2404
f 2254//2405 2352//2405 2322//2405
f 2323//2406 2255//2406 2353//2406
f 2294//2407 2320//2407 2337//2407
f 2295//2408 2321//2408 2338//2408
f 2373//2409 2262//2409 2307//2409
f 2374//2410 2263//2410 2308//2410
f 2262//2411 2373//2411 2318//2411
f 2263//2412 2319//2412 2374//2412
f 2315//2413 2320//2413 2337//2413
f 2316//2414 2321//2414 2338//2414
f 2400//2415 2322//2415 2268//2415
f 2401//2416 2323//2416 2269//2416
f 2360//2417 2373//2417 2307//2417
f 2374//2418 2361//2418 2308//2418
f 2409//2419 2322//2419 2352//2419
f 2353//2420 2410//2420 2323//2420
f 2318//2421 2407//2421 2373//2421
f 2319//2422 2408//2422 2374//2422
f 2413//2423 2330//2423 2326//2423
f 2413//2424 2326//2424 2331//2424
f 2330//2425 2413//2425 2334//2425
f 2413//2426 2335//2426 2331//2426
f 2334//2427 2343//2427 2413//2427
f 2335//2428 2344//2428 2413//2428
f 2339//2429 2336//2429 2414//2429
f 2336//2430 2414//2430 2340//2430
f 2343//2431 2347//2431 2413//2431
f 2344//2432 2347//2432 2413//2432
f 2414//2433 2339//2433 2348//2433
f 2349//2434 2340//2434 2414//2434
f 2348//2435 2350//2435 2414//2435
f 2351//2436 2349//2436 2414//2436
f 2354//2437 2350//2437 2414//2437
f 2351//2438 2354//2438 2414//2438
f 2415//2439 2362//2439 2359//2439
f 2359//2440 2363//2440 2415//2440
f 2362//2441 2365//2441 2415//2441
f 2366//2442 2363//2442 2415//2442
f 2415//2443 2365//2443 2370//2443
f 2415//2444 2371//2444 2366//2444
f 2415//2445 2370//2445 2372//2445
f 2415//2446 2371//2446 2372//2446
f 2380//2447 2377//2447 2416//2447
f 2381//2448 2377//2448 2416//2448
f 2416//2449 2382//2449 2380//2449
f 2383//2450 2381//2450 2416//2450
f 2394//2451 2416//2451 2382//2451
f 2395//2452 2383//2452 2416//2452
f 2398//2453 2394//2453 2416//2453
f 2398//2454 2416//2454 2395//2454
f 2417//2455 2387//2455 2386//2455
f 2417//2456 2388//2456 2386//2456
f 2389//2457 2387//2457 2417//2457
f 2390//2458 2388//2458 2417//2458
f 2417//2459 2389//2459 2391//2459
f 2390//2460 2417//2460 2392//2460
f 2417//2461 2393//2461 2391//2461
f 2417//2462 2393//2462 2392//2462
f 2176//2463 2087//2463 2184//2463
f 2175//2464 2088//2464 2185//2464
f 555//2465 734//2465 575//2465 353//2465
f 556//2466 354//2466 576//2466 735//2466
f 1997//2467 1865//2467 1878//2467 2055//2467
f 1784//2468 1726//2468 1879//2468 1945//2468
f 1550//2469 1534//2469 1120//2469 1197//2469
f 1549//2470 1533//2470 1119//2470 1196//2470
f 591//2471 622//2471 533//2471 474//2471
f 1135//2472 1219//2472 928//2472
f 1136//2473 1162//2473 939//2473
f 592//2474 475//2474 534//2474 623//2474
f 701//2475 565//2475 432//2475 551//2475
f 1904//2476 1955//2476 1680//2476
f 1900//2477 1680//2477 1955//2477
f 1901//2478 1681//2478 1956//2478
f 1905//2479 1681//2479 1956//2479
f 1602//2480 750//2480 948//2480 1331//2480
f 948//2481 681//2481 492//2481 750//2481
f 356//2482 447//2482 373//2482 405//2482
f 355//2483 404//2483 372//2483 446//2483
f 949//2484 682//2484 493//2484 751//2484
f 1603//2485 751//2485 949//2485 1332//2485
f 105//2486 141//2486 82//2486 97//2486
f 104//2487 96//2487 80//2487 140//2487
f 939//2488 1136//2488 1009//2488 897//2488
f 1009//2489 897//2489 1152//2489
f 1170//2490 1330//2490 1152//2490 897//2490
f 1169//2491 1329//2491 1151//2491 896//2491
f 896//2492 1008//2492 1151//2492
f 1008//2493 896//2493 938//2493 1135//2493
f 1161//2494 1135//2494 938//2494
f 308//2495 312//2495 288//2495 306//2495
f 313//2496 309//2496 307//2496 289//2496
f 566//2497 702//2497 552//2497 433//2497
f 2013//2498 2253//2498 2036//2498 2009//2498
f 2252//2499 2012//2499 2008//2499 2035//2499
