# Blender 4.5.2 LTS
# www.blender.org
mtllib reconstructed_pred.mtl
o reconstructed_pred
v -0.063762 -0.013084 -0.449053
v -0.066277 -0.012245 -0.449053
v -0.062085 -0.012245 -0.449053
v -0.063762 -0.008892 -0.449053
v -0.067115 -0.011407 -0.448215
v -0.061247 -0.011407 -0.448215
v -0.067954 -0.009730 -0.447377
v -0.060408 -0.009730 -0.447377
v -0.063762 -0.023983 -0.447377
v -0.067115 -0.008054 -0.446538
v -0.061247 -0.008054 -0.446538
v -0.069631 -0.022306 -0.446538
v -0.058731 -0.022306 -0.446538
v -0.066277 -0.007215 -0.445700
v -0.062085 -0.007215 -0.445700
v -0.063762 -0.006377 -0.445700
v -0.073823 -0.018953 -0.444023
v -0.054540 -0.018953 -0.444023
v -0.075499 -0.013922 -0.440670
v -0.052863 -0.013922 -0.440670
v -0.063762 -0.037397 -0.440670
v -0.073823 -0.034882 -0.439831
v -0.054540 -0.034882 -0.439831
v -0.073823 -0.008892 -0.438154
v -0.054540 -0.008892 -0.438154
v -0.081368 -0.028175 -0.435640
v -0.046994 -0.028175 -0.435640
v -0.069631 -0.004700 -0.435640
v -0.058731 -0.004700 -0.435640
v -0.063762 -0.003862 -0.434801
v -0.084721 -0.018953 -0.430609
v -0.043641 -0.018953 -0.430609
v -0.063762 0.147047 -0.429771
v -0.063762 -0.056680 -0.428932
v -0.063762 0.128602 -0.428932
v -0.073823 0.148723 -0.428094
v -0.054540 0.148723 -0.428094
v -0.063762 0.160461 -0.428094
v -0.067954 0.161299 -0.428094
v -0.060408 0.161299 -0.428094
v -0.079691 -0.051649 -0.427256
v -0.048671 -0.051649 -0.427256
v -0.069631 0.162976 -0.426417
v -0.058731 0.162976 -0.426417
v -0.079691 0.131956 -0.426417
v -0.048671 0.131956 -0.426417
v -0.081368 -0.009730 -0.425579
v -0.046994 -0.009730 -0.425579
v -0.063762 0.166329 -0.425579
v -0.071308 0.165491 -0.424741
v -0.057055 0.165491 -0.424741
v -0.080530 0.153754 -0.424741
v -0.047833 0.153754 -0.424741
v -0.063762 0.108481 -0.423902
v -0.090590 -0.040750 -0.423064
v -0.037772 -0.040750 -0.423064
v -0.070469 0.168006 -0.422225
v -0.057893 0.168006 -0.422225
v -0.073823 -0.003023 -0.422225
v -0.054540 -0.003023 -0.422225
v -0.067954 0.169683 -0.421387
v -0.060408 0.169683 -0.421387
v -0.087236 0.113511 -0.420548
v -0.041126 0.113511 -0.420548
v -0.063762 -0.000508 -0.420548
v -0.063762 0.170521 -0.420548
v -0.092267 0.141178 -0.418872
v -0.036095 0.141178 -0.418872
v -0.083045 0.161299 -0.418872
v -0.045318 0.161299 -0.418872
v -0.093943 -0.025659 -0.416357
v -0.034419 -0.025659 -0.416357
v -0.063762 0.078300 -0.413842
v -0.080530 0.168006 -0.413003
v -0.047833 0.168006 -0.413003
v -0.088913 -0.012245 -0.411326
v -0.039449 -0.012245 -0.411326
v -0.104004 0.126087 -0.410488
v -0.024358 0.126087 -0.410488
v -0.096459 0.153754 -0.409650
v -0.031903 0.153754 -0.409650
v -0.063762 -0.080154 -0.409650
v -0.073823 0.173875 -0.408811
v -0.054540 0.173875 -0.408811
v -0.094782 0.085006 -0.408811
v -0.033580 0.085006 -0.408811
v -0.085560 -0.071770 -0.407973
v -0.042803 -0.071770 -0.407973
v -0.077176 -0.002185 -0.407973
v -0.051186 -0.002185 -0.407973
v -0.063762 0.175552 -0.407135
v -0.063762 0.001169 -0.406296
v -0.098974 -0.055003 -0.405458
v -0.029388 -0.055003 -0.405458
v -0.102327 -0.033205 -0.401266
v -0.026035 -0.033205 -0.401266
v -0.092267 0.166329 -0.399589
v -0.036095 0.166329 -0.399589
v -0.063762 0.043926 -0.398751
v -0.094782 -0.014760 -0.397912
v -0.033580 -0.014760 -0.397912
v -0.109873 0.143693 -0.397074
v -0.018489 0.143693 -0.397074
v -0.080530 -0.002185 -0.395397
v -0.047833 -0.002185 -0.395397
v -0.118257 0.102612 -0.395397
v -0.010105 0.102612 -0.395397
v -0.063762 0.001169 -0.394559
v -0.103166 0.053987 -0.393720
v -0.025197 0.053987 -0.393720
v -0.080530 0.175552 -0.392044
v -0.047833 0.175552 -0.392044
v -0.063762 0.179743 -0.389529
v -0.098974 -0.017276 -0.386175
v -0.029388 -0.017276 -0.386175
v -0.109873 -0.041589 -0.385337
v -0.018489 -0.041589 -0.385337
v -0.083045 -0.003023 -0.385337
v -0.045318 -0.003023 -0.385337
v -0.063762 0.001169 -0.384498
v -0.106519 -0.071770 -0.383660
v -0.021843 -0.071770 -0.383660
v -0.104004 0.162138 -0.383660
v -0.024358 0.162138 -0.383660
v -0.092267 -0.094407 -0.382821
v -0.036095 -0.094407 -0.382821
v -0.063762 -0.105306 -0.381145
v -0.227246 0.055663 -0.381145
v 0.098884 0.055663 -0.381145
v -0.241499 0.064047 -0.381145
v 0.113136 0.064047 -0.381145
v -0.254074 0.070754 -0.379468
v 0.125712 0.070754 -0.379468
v -0.237306 0.075784 -0.378630
v 0.108944 0.075784 -0.378630
v -0.207963 0.044764 -0.378630
v 0.079601 0.044764 -0.378630
v -0.249882 0.053987 -0.377791
v 0.121520 0.053987 -0.377791
v -0.220539 0.073269 -0.377791
v 0.092177 0.073269 -0.377791
v -0.132509 0.078300 -0.377791
v 0.004147 0.078300 -0.377791
v -0.251559 0.078300 -0.377791
v 0.123197 0.078300 -0.377791
v -0.258266 0.065724 -0.377791
v 0.129904 0.065724 -0.377791
v -0.238983 0.041411 -0.376953
v 0.110621 0.041411 -0.376953
v -0.127479 0.127764 -0.376114
v -0.000883 0.127764 -0.376114
v -0.063762 0.000330 -0.376114
v -0.263296 0.076623 -0.375276
v 0.134934 0.076623 -0.375276
v -0.084721 -0.003023 -0.375276
v -0.043641 -0.003023 -0.375276
v -0.261620 0.079138 -0.375276
v 0.133257 0.079138 -0.375276
v -0.264134 0.074108 -0.375276
v 0.135772 0.074108 -0.375276
v -0.121610 0.000330 -0.374438
v -0.006752 0.000330 -0.374438
v -0.103166 -0.019791 -0.374438
v -0.025197 -0.019791 -0.374438
v -0.199579 0.068239 -0.374438
v 0.071217 0.068239 -0.374438
v -0.251559 0.084168 -0.373599
v 0.123197 0.084168 -0.373599
v -0.262458 0.080815 -0.373599
v 0.134096 0.080815 -0.373599
v -0.266650 0.073269 -0.373599
v 0.138288 0.073269 -0.373599
v -0.111550 0.016259 -0.373599
v -0.016813 0.016259 -0.373599
v -0.264134 0.062370 -0.373599
v 0.135772 0.062370 -0.373599
v -0.088075 0.174713 -0.373599
v -0.040287 0.174713 -0.373599
v -0.223892 0.025482 -0.372761
v 0.095530 0.025482 -0.372761
v -0.130832 -0.014760 -0.372761
v 0.002470 -0.014760 -0.372761
v -0.266650 0.078300 -0.372761
v 0.138288 0.078300 -0.372761
v -0.182812 0.030512 -0.372761
v 0.054450 0.030512 -0.372761
v -0.263296 0.082491 -0.371923
v 0.134934 0.082491 -0.371923
v -0.237306 0.087522 -0.371923
v 0.108944 0.087522 -0.371923
v -0.268327 0.074108 -0.371923
v 0.139964 0.074108 -0.371923
v -0.114903 -0.048296 -0.371084
v -0.013459 -0.048296 -0.371084
v -0.259104 0.048956 -0.371084
v 0.130742 0.048956 -0.371084
v -0.264973 0.082491 -0.370246
v 0.136611 0.082491 -0.370246
v -0.269165 0.074946 -0.369408
v 0.140803 0.074946 -0.369408
v -0.142569 0.018774 -0.369408
v 0.014207 0.018774 -0.369408
v -0.063762 0.180582 -0.369408
v -0.266650 0.081653 -0.368569
v 0.138288 0.081653 -0.368569
v -0.269165 0.077461 -0.368569
v 0.140803 0.077461 -0.368569
v -0.254912 0.088360 -0.368569
v 0.126550 0.088360 -0.368569
v -0.221377 0.089199 -0.368569
v 0.093015 0.089199 -0.368569
v -0.268327 0.079976 -0.367731
v 0.139964 0.079976 -0.367731
v -0.269165 0.063209 -0.367731
v 0.140803 0.063209 -0.367731
v -0.171913 0.060694 -0.366892
v 0.043551 0.060694 -0.366892
v -0.253236 0.034704 -0.366892
v 0.124873 0.034704 -0.366892
v -0.203771 0.006199 -0.366054
v 0.075409 0.006199 -0.366054
v -0.156822 0.015421 -0.364377
v 0.028460 0.015421 -0.364377
v -0.113226 -0.085185 -0.363539
v -0.015136 -0.085185 -0.363539
v -0.259943 0.089199 -0.362700
v 0.131581 0.089199 -0.362700
v -0.243175 0.095067 -0.362700
v 0.114813 0.095067 -0.362700
v -0.272518 0.067401 -0.362700
v 0.144156 0.067401 -0.362700
v -0.143408 0.055663 -0.361862
v 0.015046 0.055663 -0.361862
v -0.268327 0.050633 -0.361024
v 0.139964 0.050633 -0.361024
v -0.200418 0.090037 -0.361024
v 0.072056 0.090037 -0.361024
v -0.150115 0.054825 -0.361024
v 0.021753 0.054825 -0.361024
v -0.243175 0.016259 -0.359347
v 0.114813 0.016259 -0.359347
v -0.265811 0.086683 -0.358509
v 0.137449 0.086683 -0.358509
v -0.272518 0.074108 -0.358509
v 0.144156 0.074108 -0.358509
v -0.150953 -0.046619 -0.358509
v 0.022591 -0.046619 -0.358509
v -0.119095 0.152915 -0.356832
v -0.009267 0.152915 -0.356832
v -0.270003 0.080815 -0.356832
v 0.141641 0.080815 -0.356832
v -0.096459 -0.111174 -0.354316
v -0.031903 -0.111174 -0.354316
v -0.228923 0.100097 -0.354316
v 0.100561 0.100097 -0.354316
v -0.143408 0.110158 -0.353478
v 0.015046 0.110158 -0.353478
v -0.265811 0.036380 -0.352640
v 0.137449 0.036380 -0.352640
v -0.251559 0.095906 -0.352640
v 0.123197 0.095906 -0.352640
v -0.274195 0.058178 -0.351802
v 0.145833 0.058178 -0.351802
v -0.177782 -0.018953 -0.350963
v 0.049419 -0.018953 -0.350963
v -0.173590 0.089199 -0.350125
v 0.045228 0.089199 -0.350125
v -0.063762 -0.122912 -0.350125
v -0.228084 -0.006377 -0.347610
v 0.099722 -0.006377 -0.347610
v -0.261620 0.090875 -0.345094
v 0.133257 0.090875 -0.345094
v -0.274195 0.069078 -0.345094
v 0.145833 0.069078 -0.345094
v -0.133347 -0.101114 -0.344256
v 0.004985 -0.101114 -0.344256
v -0.096459 0.171360 -0.343418
v -0.031903 0.171360 -0.343418
v -0.155984 0.088360 -0.342579
v 0.027622 0.088360 -0.342579
v -0.211317 0.104289 -0.342579
v 0.082955 0.104289 -0.342579
v -0.270003 0.081653 -0.342579
v 0.141641 0.081653 -0.342579
v -0.242337 0.101774 -0.340903
v 0.113974 0.101774 -0.340903
v -0.259943 0.018774 -0.340903
v 0.131581 0.018774 -0.340903
v -0.273357 0.047279 -0.339226
v 0.144994 0.047279 -0.339226
v -0.170236 -0.070093 -0.339226
v 0.041874 -0.070093 -0.339226
v -0.152630 0.097583 -0.339226
v 0.024268 0.097583 -0.339226
v -0.063762 0.178067 -0.337549
v -0.255751 0.095067 -0.330004
v 0.127389 0.095067 -0.330004
v -0.274195 0.063209 -0.329165
v 0.145833 0.063209 -0.329165
v -0.133347 0.141178 -0.329165
v 0.004985 0.141178 -0.329165
v -0.063762 -0.131295 -0.327488
v -0.205448 -0.033205 -0.327488
v 0.077086 -0.033205 -0.327488
v -0.187004 0.106805 -0.326650
v 0.058641 0.106805 -0.326650
v -0.268327 0.080815 -0.325812
v 0.139964 0.080815 -0.325812
v -0.156822 -0.106982 -0.325812
v 0.028460 -0.106982 -0.325812
v -0.228084 0.106805 -0.324135
v 0.099722 0.106805 -0.324135
v -0.249882 -0.003023 -0.323297
v 0.121520 -0.003023 -0.323297
v -0.103166 -0.129619 -0.323297
v -0.025197 -0.129619 -0.323297
v -0.270003 0.033027 -0.322458
v 0.141641 0.033027 -0.322458
v -0.063762 -0.032366 -0.317428
v -0.063762 -0.032366 -0.317428
v -0.063762 0.003684 -0.316589
v -0.063762 0.003684 -0.316589
v -0.199579 -0.075962 -0.314913
v 0.071217 -0.075962 -0.314913
v -0.170236 0.109320 -0.314913
v 0.041874 0.109320 -0.314913
v -0.101489 -0.033205 -0.314074
v -0.026873 -0.033205 -0.314074
v -0.159337 0.120218 -0.314074
v 0.030975 0.120218 -0.314074
v -0.100651 -0.032366 -0.314074
v -0.027712 -0.032366 -0.314074
v -0.100651 0.003684 -0.313236
v -0.027712 0.003684 -0.313236
v -0.100651 0.003684 -0.312398
v -0.027712 0.003684 -0.312398
v -0.140893 0.131956 -0.310721
v 0.012530 0.131956 -0.310721
v -0.104842 0.165491 -0.310721
v -0.023520 0.165491 -0.310721
v -0.247367 0.097583 -0.309882
v 0.119005 0.097583 -0.309882
v -0.063762 -0.065902 -0.309882
v -0.063762 -0.065902 -0.309882
v -0.144246 -0.129619 -0.309044
v 0.015884 -0.129619 -0.309044
v -0.271680 0.054825 -0.309044
v 0.143318 0.054825 -0.309044
v -0.099812 -0.065902 -0.306529
v -0.028550 -0.065902 -0.306529
v -0.099812 -0.065902 -0.306529
v -0.028550 -0.065902 -0.306529
v -0.263296 0.078300 -0.304852
v 0.134934 0.078300 -0.304852
v -0.063762 0.040573 -0.304014
v -0.063762 0.174713 -0.304014
v -0.063762 0.040573 -0.303176
v -0.063762 -0.137164 -0.303176
v -0.138378 -0.033205 -0.303176
v 0.010016 -0.033205 -0.303176
v -0.136701 0.001169 -0.302337
v 0.008339 0.001169 -0.302337
v -0.137540 -0.033205 -0.302337
v 0.009177 -0.033205 -0.302337
v -0.208801 0.110996 -0.302337
v 0.080439 0.110996 -0.302337
v -0.136701 0.001169 -0.302337
v 0.008339 0.001169 -0.302337
v -0.187004 -0.109497 -0.301499
v 0.058641 -0.109497 -0.301499
v -0.099812 0.039734 -0.300660
v -0.028550 0.039734 -0.300660
v -0.099812 0.039734 -0.300660
v -0.028550 0.039734 -0.300660
v -0.263296 0.015421 -0.299822
v 0.134934 0.015421 -0.299822
v -0.099812 -0.137164 -0.298145
v -0.028550 -0.137164 -0.298145
v -0.231438 -0.029013 -0.298145
v 0.103076 -0.029013 -0.298145
v -0.063762 -0.093568 -0.297307
v -0.063762 -0.093568 -0.296468
v -0.136701 -0.065902 -0.295630
v 0.008339 -0.065902 -0.295630
v -0.135863 -0.065902 -0.295630
v 0.007501 -0.065902 -0.295630
v -0.098135 -0.093568 -0.294792
v -0.030227 -0.093568 -0.294792
v -0.098135 -0.093568 -0.293953
v -0.030227 -0.093568 -0.293953
v -0.107358 0.160461 -0.293115
v -0.021004 0.160461 -0.293115
v -0.133347 0.035542 -0.292277
v 0.004985 0.035542 -0.292277
v -0.133347 0.035542 -0.291438
v 0.004985 0.035542 -0.291438
v -0.175267 -0.128780 -0.288084
v 0.046904 -0.128780 -0.288084
v -0.063762 0.172198 -0.288085
v -0.134186 -0.137164 -0.287246
v 0.005824 -0.137164 -0.287246
v -0.221377 -0.079316 -0.286408
v 0.093015 -0.079316 -0.286408
v -0.063762 0.071593 -0.285570
v -0.063762 0.071593 -0.285570
v -0.170236 -0.001347 -0.284731
v 0.041874 -0.001347 -0.284731
v -0.133347 -0.093568 -0.284731
v 0.004985 -0.093568 -0.284731
v -0.233115 0.098421 -0.283893
v 0.104752 0.098421 -0.283893
v -0.170236 -0.001347 -0.283893
v 0.041874 -0.001347 -0.283893
v -0.133347 -0.092730 -0.283893
v 0.004985 -0.092730 -0.283893
v -0.171074 -0.034043 -0.283893
v 0.042712 -0.034043 -0.283893
v -0.063762 0.214117 -0.283893
v -0.098974 0.069916 -0.283893
v -0.029388 0.069916 -0.283893
v -0.192872 0.112673 -0.283893
v 0.064510 0.112673 -0.283893
v -0.171074 -0.034043 -0.283893
v 0.042712 -0.034043 -0.283893
v -0.098974 0.069078 -0.283054
v -0.029388 0.069078 -0.283054
v -0.264973 0.043088 -0.283054
v 0.136611 0.043088 -0.283054
v -0.063762 -0.139679 -0.278862
v -0.120772 0.173875 -0.278024
v -0.007591 0.173875 -0.278024
v -0.131671 0.063209 -0.278024
v 0.003308 0.063209 -0.278024
v -0.130832 0.063209 -0.277186
v 0.002470 0.063209 -0.277186
v -0.254074 0.074108 -0.277186
v 0.125712 0.074108 -0.277186
v -0.168559 -0.065902 -0.277186
v 0.040197 -0.065902 -0.277186
v -0.063762 0.254359 -0.276347
v -0.063762 -0.119558 -0.276347
v -0.168559 -0.065902 -0.276347
v 0.040197 -0.065902 -0.276347
v -0.063762 -0.119558 -0.276347
v -0.166044 0.029674 -0.276347
v 0.037682 0.029674 -0.276347
v -0.095620 -0.139679 -0.276347
v -0.032742 -0.139679 -0.276347
v -0.166044 0.029674 -0.276347
v 0.037682 0.029674 -0.276347
v -0.162691 0.152915 -0.275509
v 0.034329 0.152915 -0.275509
v -0.213832 -0.106144 -0.274671
v 0.085470 -0.106144 -0.274671
v -0.252397 -0.003862 -0.274671
v 0.124035 -0.003862 -0.274671
v -0.237306 -0.055841 -0.273832
v 0.108944 -0.055841 -0.273832
v -0.095620 -0.119558 -0.273832
v -0.032742 -0.119558 -0.273832
v -0.094782 -0.119558 -0.273832
v -0.033580 -0.119558 -0.273832
v -0.111550 0.219147 -0.272994
v -0.016813 0.219147 -0.272994
v -0.063762 0.283703 -0.267964
v -0.100651 0.257713 -0.267125
v -0.027712 0.257713 -0.267125
v -0.162691 -0.138002 -0.267125
v 0.034329 -0.138002 -0.267125
v -0.125802 -0.139679 -0.267125
v -0.002560 -0.139679 -0.267125
v -0.164368 -0.092730 -0.267125
v 0.036005 -0.092730 -0.267125
v -0.163529 -0.092730 -0.266287
v 0.035167 -0.092730 -0.266287
v -0.127479 -0.119558 -0.266287
v -0.000883 -0.119558 -0.266287
v -0.161852 0.053987 -0.265449
v 0.033490 0.053987 -0.265449
v -0.126640 -0.118719 -0.265449
v -0.001722 -0.118719 -0.265449
v -0.192872 0.132794 -0.265449
v 0.064510 0.132794 -0.265449
v -0.161014 0.053987 -0.265449
v 0.032652 0.053987 -0.265449
v -0.219700 0.097583 -0.262095
v 0.091338 0.097583 -0.262095
v -0.203771 -0.127103 -0.261256
v 0.075409 -0.127103 -0.261256
v -0.254912 -0.023983 -0.261256
v 0.126550 -0.023983 -0.261256
v -0.091429 0.286218 -0.260418
v -0.036934 0.286218 -0.260418
v -0.063762 0.305501 -0.257903
v -0.063762 -0.138841 -0.257065
v -0.202933 -0.003862 -0.257065
v 0.074571 -0.003862 -0.257065
v -0.202095 -0.003862 -0.256226
v 0.073733 -0.003862 -0.256226
v -0.092267 -0.139679 -0.256226
v -0.036095 -0.139679 -0.256226
v -0.256589 0.031350 -0.256226
v 0.128227 0.031350 -0.256226
v -0.063762 0.100936 -0.255388
v -0.202933 -0.034882 -0.255388
v 0.074571 -0.034882 -0.255388
v -0.063762 0.100936 -0.255388
v -0.202095 -0.034882 -0.255388
v 0.073733 -0.034882 -0.255388
v -0.096459 0.099259 -0.255388
v -0.031903 0.099259 -0.255388
v -0.221377 0.102612 -0.255388
v 0.093015 0.102612 -0.255388
v -0.096459 0.098421 -0.254550
v -0.031903 0.098421 -0.254550
v -0.083045 0.307177 -0.252873
v -0.045318 0.307177 -0.252873
v -0.154307 -0.139679 -0.252034
v 0.025945 -0.139679 -0.252034
v -0.197064 0.024643 -0.252034
v 0.068702 0.024643 -0.252034
v -0.244013 0.069078 -0.252034
v 0.115651 0.069078 -0.252034
v -0.196226 0.024643 -0.251196
v 0.067864 0.024643 -0.251196
v -0.127479 0.092552 -0.251196
v -0.000883 0.092552 -0.251196
v -0.127479 0.091714 -0.251196
v -0.000883 0.091714 -0.251196
v -0.155145 -0.117881 -0.250357
v 0.026783 -0.117881 -0.250357
v -0.155145 -0.117881 -0.250357
v 0.026783 -0.117881 -0.250357
v -0.197903 -0.066740 -0.249519
v 0.069540 -0.066740 -0.249519
v -0.197903 -0.065902 -0.249519
v 0.069540 -0.065902 -0.249519
v -0.120772 -0.139679 -0.248681
v -0.007591 -0.139679 -0.248681
v -0.245690 0.069916 -0.247842
v 0.117328 0.069916 -0.247842
v -0.063762 0.323107 -0.247004
v -0.063762 -0.136325 -0.246166
v -0.063762 -0.136325 -0.245327
v -0.246528 0.070754 -0.245327
v 0.118166 0.070754 -0.245327
v -0.189519 0.048118 -0.245327
v 0.061157 0.048118 -0.245327
v -0.223892 0.110996 -0.244489
v 0.095530 0.110996 -0.244489
v -0.189519 0.048118 -0.244489
v 0.061157 0.048118 -0.244489
v -0.075499 0.323945 -0.244489
v -0.052863 0.323945 -0.244489
v -0.257428 -0.044942 -0.243650
v 0.129066 -0.044942 -0.243650
v -0.188680 -0.138002 -0.243650
v 0.060318 -0.138002 -0.243650
v -0.090590 -0.136325 -0.243650
v -0.037772 -0.136325 -0.243650
v -0.090590 -0.135487 -0.243650
v -0.037772 -0.135487 -0.243650
v -0.156822 0.080815 -0.242812
v 0.028460 0.080815 -0.242812
v -0.156822 0.080815 -0.242812
v 0.028460 0.080815 -0.242812
v -0.250721 0.123572 -0.241974
v 0.122358 0.123572 -0.241974
v -0.128317 0.266935 -0.241974
v -0.000045 0.266935 -0.241974
v -0.111550 0.293763 -0.241974
v -0.016813 0.293763 -0.241974
v -0.272518 0.088360 -0.241135
v 0.144156 0.088360 -0.241135
v -0.191195 -0.092730 -0.241135
v 0.062834 -0.092730 -0.241135
v -0.191195 -0.092730 -0.241135
v 0.062834 -0.092730 -0.241135
v -0.242337 -0.085185 -0.240297
v 0.113974 -0.085185 -0.240297
v -0.146762 0.230885 -0.240297
v 0.018399 0.230885 -0.240297
v -0.279226 -0.056680 -0.240297
v 0.150863 -0.056680 -0.240297
v -0.097297 0.312207 -0.239459
v -0.031065 0.312207 -0.239459
v -0.270842 0.016259 -0.238620
v 0.142479 0.016259 -0.238620
v -0.118257 -0.136325 -0.237782
v -0.010105 -0.136325 -0.237782
v -0.166883 0.186450 -0.237782
v 0.038520 0.186450 -0.237782
v -0.118257 -0.135487 -0.237782
v -0.010105 -0.135487 -0.237782
v -0.265811 -0.091891 -0.237782
v 0.137449 -0.091891 -0.237782
v -0.146762 -0.138841 -0.236944
v 0.018399 -0.138841 -0.236944
v -0.083045 0.327298 -0.236944
v -0.045318 0.327298 -0.236944
v -0.284256 0.138663 -0.236105
v 0.155893 0.138663 -0.236105
v -0.063762 0.335682 -0.236105
v -0.301023 0.110996 -0.236105
v 0.172661 0.110996 -0.236105
v -0.067954 0.335682 -0.235267
v -0.060408 0.335682 -0.235267
v -0.179458 0.068239 -0.233590
v 0.051096 0.068239 -0.233590
v -0.186165 0.172198 -0.233590
v 0.057803 0.172198 -0.233590
v -0.179458 0.068239 -0.233590
v 0.051096 0.068239 -0.233590
v -0.070469 0.336520 -0.232751
v -0.057893 0.336520 -0.232751
v -0.307730 -0.071770 -0.231913
v 0.179368 -0.071770 -0.231913
v -0.178620 -0.139679 -0.230236
v 0.050258 -0.139679 -0.230236
v -0.296832 -0.098598 -0.229398
v 0.168469 -0.098598 -0.229398
v -0.063762 0.339874 -0.229398
v -0.308569 0.149562 -0.228560
v 0.180206 0.149562 -0.228560
v -0.180296 -0.117881 -0.228560
v 0.051934 -0.117881 -0.228560
v -0.072146 0.338197 -0.228560
v -0.056216 0.338197 -0.228560
v -0.179458 -0.117043 -0.228560
v 0.051096 -0.117043 -0.228560
v -0.321144 0.129441 -0.228560
v 0.192782 0.129441 -0.228560
v -0.142569 -0.136325 -0.227721
v 0.014207 -0.136325 -0.227721
v -0.141731 -0.135487 -0.227721
v 0.013369 -0.135487 -0.227721
v -0.086398 0.330652 -0.226045
v -0.041964 0.330652 -0.226045
v -0.277549 -0.012245 -0.226045
v 0.149187 -0.012245 -0.226045
v -0.070469 0.339036 -0.225206
v -0.057893 0.339036 -0.225206
v -0.295993 -0.027336 -0.224368
v 0.167631 -0.027336 -0.224368
v -0.328690 -0.083508 -0.223529
v 0.200327 -0.083508 -0.223529
v -0.238145 0.157946 -0.223529
v 0.109783 0.157946 -0.223529
v -0.210478 0.151238 -0.222691
v 0.082116 0.151238 -0.222691
v -0.067954 0.340712 -0.222691
v -0.060408 0.340712 -0.222691
v -0.320306 -0.103629 -0.221853
v 0.191944 -0.103629 -0.221853
v -0.273357 0.165491 -0.221853
v 0.144994 0.165491 -0.221853
v -0.102327 0.318914 -0.221853
v -0.026035 0.318914 -0.221853
v -0.063762 0.340712 -0.221853
v -0.296832 0.061532 -0.221014
v 0.168469 0.061532 -0.221014
v -0.327013 0.156269 -0.221014
v 0.198651 0.156269 -0.221014
v -0.335397 0.142016 -0.221014
v 0.207035 0.142016 -0.221014
v -0.275872 0.038057 -0.220176
v 0.147510 0.038057 -0.220176
v -0.319468 0.090875 -0.220176
v 0.191105 0.090875 -0.220176
v -0.170236 -0.138841 -0.220176
v 0.041874 -0.138841 -0.220176
v -0.320306 -0.049134 -0.220176
v 0.191944 -0.049134 -0.220176
v -0.227246 -0.003023 -0.219338
v 0.098884 -0.003023 -0.219338
v -0.227246 -0.003023 -0.218499
v 0.098884 -0.003023 -0.218499
v -0.232276 -0.122073 -0.218499
v 0.103914 -0.122073 -0.218499
v -0.301023 0.168844 -0.218499
v 0.172661 0.168844 -0.218499
v -0.227246 -0.034882 -0.217661
v 0.098884 -0.034882 -0.217661
v -0.063762 -0.145548 -0.217661
v -0.226407 -0.034882 -0.217661
v 0.098045 -0.034882 -0.217661
v -0.222216 0.026320 -0.216822
v 0.093854 0.026320 -0.216822
v -0.258266 -0.122073 -0.216822
v 0.129904 -0.122073 -0.216822
v -0.222216 0.026320 -0.216822
v 0.093854 0.026320 -0.216822
v -0.335397 0.113511 -0.216822
v 0.207035 0.113511 -0.216822
v -0.119095 0.302985 -0.215984
v -0.009267 0.302985 -0.215984
v -0.083045 0.334844 -0.215984
v -0.045318 0.334844 -0.215984
v -0.088075 -0.145548 -0.215984
v -0.040287 -0.145548 -0.215984
v -0.342942 -0.091891 -0.215145
v 0.214580 -0.091891 -0.215145
v -0.211317 -0.138002 -0.215145
v 0.082955 -0.138002 -0.215145
v -0.337912 -0.066740 -0.214307
v 0.209550 -0.066740 -0.214307
v -0.222216 -0.066740 -0.214307
v 0.093854 -0.066740 -0.214307
v -0.221377 -0.065902 -0.214307
v 0.093015 -0.065902 -0.214307
v -0.100651 0.128602 -0.214307
v -0.027712 0.128602 -0.214307
v -0.337912 -0.106144 -0.214307
v 0.209550 -0.106144 -0.214307
v -0.100651 0.128602 -0.214307
v -0.027712 0.128602 -0.214307
v -0.291801 -0.122073 -0.214307
v 0.163439 -0.122073 -0.214307
v -0.135863 0.117704 -0.214307
v 0.007501 0.117704 -0.214307
v -0.063762 0.132794 -0.213469
v -0.321983 0.169683 -0.213469
v 0.193621 0.169683 -0.213469
v -0.135863 0.116865 -0.213469
v 0.007501 0.116865 -0.213469
v -0.063762 0.131956 -0.213469
v -0.211317 0.053148 -0.212630
v 0.082955 0.053148 -0.212630
v -0.345458 0.131956 -0.212630
v 0.217095 0.131956 -0.212630
v -0.210478 0.053148 -0.212630
v 0.082116 0.053148 -0.212630
v -0.342104 0.161299 -0.212630
v 0.213742 0.161299 -0.212630
v -0.347134 0.153754 -0.212630
v 0.218772 0.153754 -0.212630
v -0.163529 -0.135487 -0.211792
v 0.035167 -0.135487 -0.211792
v -0.166883 0.100097 -0.210954
v 0.038520 0.100097 -0.210954
v -0.163529 -0.135487 -0.210954
v 0.035167 -0.135487 -0.210954
v -0.166883 0.100097 -0.210954
v 0.038520 0.100097 -0.210954
v -0.316953 -0.121235 -0.210115
v 0.188590 -0.121235 -0.210115
v -0.192872 0.079138 -0.210115
v 0.064510 0.079138 -0.210115
v -0.192872 0.078300 -0.210115
v 0.064510 0.078300 -0.210115
v -0.109873 -0.145548 -0.209277
v -0.018489 -0.145548 -0.209277
v -0.349649 -0.080154 -0.209277
v 0.221287 -0.080154 -0.209277
v -0.212994 -0.092730 -0.209277
v 0.084631 -0.092730 -0.209277
v -0.212994 -0.091891 -0.208439
v 0.084631 -0.091891 -0.208439
v -0.338750 0.169683 -0.208439
v 0.210388 0.169683 -0.208439
v -0.075499 0.337359 -0.208439
v -0.052863 0.337359 -0.208439
v -0.352165 0.147047 -0.207600
v 0.223802 0.147047 -0.207600
v -0.137540 0.279511 -0.207600
v 0.009177 0.279511 -0.207600
v -0.202095 -0.139679 -0.206762
v 0.073733 -0.139679 -0.206762
v -0.354680 -0.099437 -0.206762
v 0.226317 -0.099437 -0.206762
v -0.334559 -0.117881 -0.205923
v 0.206196 -0.117881 -0.205923
v -0.351326 -0.106982 -0.205923
v 0.222964 -0.106982 -0.205923
v -0.063762 0.338197 -0.205923
v -0.352165 0.164653 -0.204246
v 0.223802 0.164653 -0.204246
v -0.353841 0.162138 -0.204246
v 0.225479 0.162138 -0.204246
v -0.097297 0.325622 -0.203408
v -0.031065 0.325622 -0.203408
v -0.358871 -0.092730 -0.202570
v 0.230509 -0.092730 -0.202570
v -0.351326 0.167168 -0.202570
v 0.222964 0.167168 -0.202570
v -0.356356 0.159622 -0.202570
v 0.227994 0.159622 -0.202570
v -0.126640 -0.144709 -0.201732
v -0.001722 -0.144709 -0.201732
v -0.349649 -0.114528 -0.200893
v 0.221287 -0.114528 -0.200893
v -0.338750 0.174713 -0.200893
v 0.210388 0.174713 -0.200893
v -0.321144 0.179743 -0.200055
v 0.192782 0.179743 -0.200055
v -0.357195 0.144532 -0.200055
v 0.228832 0.144532 -0.200055
v -0.351326 0.169683 -0.200055
v 0.222964 0.169683 -0.200055
v -0.200418 -0.117043 -0.200055
v 0.072056 -0.117043 -0.200055
v -0.358033 0.158784 -0.199217
v 0.229671 0.158784 -0.199217
v -0.200418 -0.117043 -0.199217
v 0.072056 -0.117043 -0.199217
v -0.353841 0.126926 -0.199217
v 0.225479 0.126926 -0.199217
v -0.301023 0.183097 -0.199217
v 0.172661 0.183097 -0.199217
v -0.356356 0.165491 -0.198378
v 0.227994 0.165491 -0.198378
v -0.362225 -0.104467 -0.198378
v 0.233863 -0.104467 -0.198378
v -0.361387 -0.106982 -0.197540
v 0.233025 -0.106982 -0.197540
v -0.347134 -0.056680 -0.197540
v 0.218772 -0.056680 -0.197540
v -0.192872 -0.138841 -0.197540
v 0.064510 -0.138841 -0.197540
v -0.355518 -0.073447 -0.197540
v 0.227156 -0.073447 -0.197540
v -0.347134 0.107643 -0.197540
v 0.218772 0.107643 -0.197540
v -0.332043 -0.036558 -0.196701
v 0.203681 -0.036558 -0.196701
v -0.363902 -0.101952 -0.196701
v 0.235540 -0.101952 -0.196701
v -0.352165 0.169683 -0.196701
v 0.223802 0.169683 -0.196701
v -0.358871 0.159622 -0.196701
v 0.230509 0.159622 -0.196701
v -0.360548 -0.109497 -0.195863
v 0.232186 -0.109497 -0.195863
v -0.362225 -0.088538 -0.195863
v 0.233863 -0.088538 -0.195863
v -0.272518 0.183935 -0.195863
v 0.144156 0.183935 -0.195863
v -0.159337 0.246814 -0.195863
v 0.030975 0.246814 -0.195863
v -0.311084 -0.010569 -0.195024
v 0.182722 -0.010569 -0.195024
v -0.364740 -0.101114 -0.194186
v 0.236378 -0.101114 -0.194186
v -0.353841 0.168844 -0.194186
v 0.225479 0.168844 -0.194186
v -0.358871 0.161299 -0.194186
v 0.230509 0.161299 -0.194186
v -0.350488 -0.118719 -0.194186
v 0.222126 -0.118719 -0.194186
v -0.360548 -0.111174 -0.193348
v 0.232186 -0.111174 -0.193348
v -0.335397 0.082491 -0.193348
v 0.207035 0.082491 -0.193348
v -0.335397 -0.125427 -0.193348
v 0.207035 -0.125427 -0.193348
v -0.364740 -0.106982 -0.192509
v 0.236378 -0.106982 -0.192509
v -0.355518 0.167168 -0.192509
v 0.227156 0.167168 -0.192509
v -0.357195 0.163814 -0.192509
v 0.228832 0.163814 -0.192509
v -0.295155 0.006199 -0.191671
v 0.166793 0.006199 -0.191671
v -0.317791 -0.131295 -0.191671
v 0.189429 -0.131295 -0.191671
v -0.341265 0.177228 -0.191671
v 0.212903 0.177228 -0.191671
v -0.365579 -0.101114 -0.191671
v 0.237216 -0.101114 -0.191671
v -0.359710 0.147047 -0.190833
v 0.231348 0.147047 -0.190833
v -0.083045 0.329813 -0.190833
v -0.045318 0.329813 -0.190833
v -0.361387 -0.111174 -0.190833
v 0.233025 -0.111174 -0.190833
v -0.144246 -0.145548 -0.190833
v 0.015884 -0.145548 -0.190833
v -0.111550 0.312207 -0.189994
v -0.016813 0.312207 -0.189994
v -0.236468 0.182259 -0.189994
v 0.108106 0.182259 -0.189994
v -0.115741 -0.148901 -0.189156
v -0.012621 -0.148901 -0.189156
v -0.293478 -0.136325 -0.189156
v 0.165116 -0.136325 -0.189156
v -0.365579 -0.101952 -0.189156
v 0.237216 -0.101952 -0.189156
v -0.089752 -0.149740 -0.188317
v -0.038610 -0.149740 -0.188317
v -0.184489 -0.135487 -0.188317
v 0.056126 -0.135487 -0.188317
v -0.363064 -0.110336 -0.188317
v 0.234701 -0.110336 -0.188317
v -0.184489 -0.135487 -0.188317
v 0.056126 -0.135487 -0.188317
v -0.063762 -0.149740 -0.188317
v -0.364740 -0.088538 -0.187479
v 0.236378 -0.088538 -0.187479
v -0.365579 -0.104467 -0.187479
v 0.237216 -0.104467 -0.187479
v -0.363902 -0.107821 -0.186641
v 0.235540 -0.107821 -0.186641
v -0.317791 0.050633 -0.186641
v 0.189429 0.050633 -0.186641
v -0.063762 0.331490 -0.185802
v -0.353003 -0.118719 -0.185802
v 0.224641 -0.118719 -0.185802
v -0.297670 0.013745 -0.184964
v 0.169308 0.013745 -0.184964
v -0.211317 0.178905 -0.184964
v 0.082955 0.178905 -0.184964
v -0.325336 0.183097 -0.184964
v 0.196974 0.183097 -0.184964
v -0.260781 -0.138841 -0.184125
v 0.132419 -0.138841 -0.184125
v -0.199579 0.192319 -0.184126
v 0.071217 0.192319 -0.184126
v -0.345458 0.174713 -0.184125
v 0.217095 0.174713 -0.184125
v -0.358033 0.130279 -0.183287
v 0.229671 0.130279 -0.183287
v -0.359710 0.152077 -0.183287
v 0.231348 0.152077 -0.183287
v -0.359710 -0.074286 -0.183287
v 0.231348 -0.074286 -0.183287
v -0.244852 -0.002185 -0.182449
v 0.116490 -0.002185 -0.182449
v -0.244013 -0.002185 -0.182449
v 0.115651 -0.002185 -0.182449
v -0.183650 0.205733 -0.181611
v 0.055288 0.205733 -0.181611
v -0.244852 -0.034043 -0.181611
v 0.116490 -0.034043 -0.181611
v -0.244852 -0.034043 -0.181611
v 0.116490 -0.034043 -0.181611
v -0.238145 0.030512 -0.180772
v 0.109783 0.030512 -0.180772
v -0.237306 0.030512 -0.180772
v 0.108944 0.030512 -0.180772
v -0.364740 -0.092730 -0.180772
v 0.236378 -0.092730 -0.180772
v -0.299347 0.024643 -0.179934
v 0.170984 0.024643 -0.179934
v -0.233115 -0.138841 -0.179095
v 0.104752 -0.138841 -0.179095
v -0.351326 0.168006 -0.179095
v 0.222964 0.168006 -0.179095
v -0.356356 0.160461 -0.179095
v 0.227994 0.160461 -0.179095
v -0.339589 -0.125427 -0.179095
v 0.211226 -0.125427 -0.179095
v -0.356356 -0.114528 -0.179095
v 0.227994 -0.114528 -0.179095
v -0.239822 -0.066740 -0.178257
v 0.111460 -0.066740 -0.178257
v -0.238983 -0.066740 -0.178257
v 0.110621 -0.066740 -0.178257
v -0.353003 -0.057518 -0.177418
v 0.224641 -0.057518 -0.177418
v -0.306892 0.187289 -0.176580
v 0.178530 0.187289 -0.176580
v -0.224731 0.061532 -0.176580
v 0.096368 0.061532 -0.176580
v -0.224731 0.060694 -0.176580
v 0.096368 0.060694 -0.176580
v -0.363064 -0.100275 -0.175742
v 0.234701 -0.100275 -0.175742
v -0.359710 -0.107821 -0.174903
v 0.231348 -0.107821 -0.174903
v -0.353003 0.111835 -0.174903
v 0.224641 0.111835 -0.174903
v -0.230600 -0.092730 -0.174065
v 0.102237 -0.092730 -0.174065
v -0.229761 -0.092730 -0.174065
v 0.101399 -0.092730 -0.174065
v -0.203771 0.092552 -0.173227
v 0.075409 0.092552 -0.173227
v -0.203771 0.092552 -0.173227
v 0.075409 0.092552 -0.173227
v -0.128317 0.292086 -0.173227
v -0.000045 0.292086 -0.173227
v -0.162691 -0.145548 -0.172388
v 0.034329 -0.145548 -0.172388
v -0.176105 0.117704 -0.171550
v 0.047743 0.117704 -0.171550
v -0.176105 0.117704 -0.171550
v 0.047743 0.117704 -0.171550
v -0.091429 0.318914 -0.171550
v -0.036934 0.318914 -0.171550
v -0.323660 -0.132134 -0.170712
v 0.195298 -0.132134 -0.170712
v -0.333720 0.178905 -0.170712
v 0.205358 0.178905 -0.170712
v -0.142569 0.138663 -0.170712
v 0.014207 0.138663 -0.170712
v -0.142569 0.138663 -0.170712
v 0.014207 0.138663 -0.170712
v -0.104842 0.153754 -0.170712
v -0.023520 0.153754 -0.170712
v -0.104842 0.153754 -0.169873
v -0.023520 0.153754 -0.169873
v -0.357195 0.140339 -0.169873
v 0.228832 0.140339 -0.169873
v -0.360548 -0.080992 -0.169873
v 0.232186 -0.080992 -0.169873
v -0.063762 0.158784 -0.169873
v -0.063762 0.157946 -0.169873
v -0.340427 -0.037397 -0.169035
v 0.212065 -0.037397 -0.169035
v -0.214670 -0.138841 -0.168196
v 0.086308 -0.138841 -0.168196
v -0.218024 -0.117043 -0.167358
v 0.089661 -0.117043 -0.167358
v -0.218024 -0.117043 -0.167358
v 0.089661 -0.117043 -0.167358
v -0.345458 -0.119558 -0.166519
v 0.217095 -0.119558 -0.166519
v -0.124125 -0.151417 -0.166519
v -0.004237 -0.151417 -0.166519
v -0.280902 0.190643 -0.165681
v 0.152540 0.190643 -0.165681
v -0.063762 0.321430 -0.164843
v -0.343781 0.088360 -0.163166
v 0.215419 0.088360 -0.163166
v -0.343781 0.168006 -0.163166
v 0.215419 0.168006 -0.163166
v -0.352165 0.153754 -0.162328
v 0.223802 0.153754 -0.162328
v -0.358033 -0.093568 -0.161490
v 0.229671 -0.093568 -0.161490
v -0.301023 -0.137164 -0.161490
v 0.172661 -0.137164 -0.161490
v -0.352165 -0.106982 -0.160651
v 0.223802 -0.106982 -0.160651
v -0.201256 -0.135487 -0.158974
v 0.072894 -0.135487 -0.158974
v -0.201256 -0.135487 -0.158974
v 0.072894 -0.135487 -0.158974
v -0.321144 -0.011407 -0.158974
v 0.192782 -0.011407 -0.158974
v -0.353841 -0.068417 -0.158136
v 0.225479 -0.068417 -0.158136
v -0.318629 0.181420 -0.157297
v 0.190267 0.181420 -0.157297
v -0.352165 0.126087 -0.155621
v 0.223802 0.126087 -0.155621
v -0.332882 -0.122073 -0.153944
v 0.204520 -0.122073 -0.153944
v -0.093105 -0.153093 -0.151429
v -0.035257 -0.153093 -0.151429
v -0.063762 -0.153093 -0.151429
v -0.247367 0.189804 -0.151429
v 0.119005 0.189804 -0.151429
v -0.306054 0.005361 -0.151429
v 0.177692 0.005361 -0.151429
v -0.146762 0.263581 -0.150590
v 0.018399 0.263581 -0.150590
v -0.129156 -0.152255 -0.149752
v 0.000793 -0.152255 -0.149752
v -0.147600 -0.150578 -0.149752
v 0.019238 -0.150578 -0.149752
v -0.270842 -0.139679 -0.148075
v 0.142479 -0.139679 -0.148075
v -0.328690 0.059017 -0.148075
v 0.200327 0.059017 -0.148075
v -0.182812 -0.145548 -0.148075
v 0.054450 -0.145548 -0.148075
v -0.100651 0.301308 -0.147237
v -0.027712 0.301308 -0.147237
v -0.349649 -0.086023 -0.146398
v 0.221287 -0.086023 -0.146398
v -0.332882 0.165491 -0.145560
v 0.204520 0.165491 -0.145560
v -0.342104 -0.105306 -0.144722
v 0.213742 -0.105306 -0.144722
v -0.129994 -0.161477 -0.144722
v 0.001632 -0.161477 -0.144722
v -0.147600 -0.160639 -0.144722
v 0.019238 -0.160639 -0.144722
v -0.344619 0.145370 -0.144722
v 0.216257 0.145370 -0.144722
v -0.341265 -0.051649 -0.143883
v 0.212903 -0.051649 -0.143883
v -0.225569 0.188127 -0.141368
v 0.097207 0.188127 -0.141368
v -0.309407 0.013745 -0.140530
v 0.181045 0.013745 -0.140530
v -0.163529 -0.149740 -0.138853
v 0.035167 -0.149740 -0.138853
v -0.296832 0.181420 -0.138853
v 0.168469 0.181420 -0.138853
v -0.114064 -0.153931 -0.138853
v -0.014298 -0.153931 -0.138853
v -0.132509 -0.168184 -0.138015
v 0.004147 -0.168184 -0.138015
v -0.145923 -0.168184 -0.138015
v 0.017561 -0.168184 -0.138015
v -0.063762 0.304662 -0.138015
v -0.259943 -0.000508 -0.138015
v 0.131581 -0.000508 -0.138015
v -0.312760 -0.124588 -0.138015
v 0.184399 -0.124588 -0.138015
v -0.259943 -0.000508 -0.138015
v 0.131581 -0.000508 -0.138015
v -0.252397 0.034704 -0.138015
v 0.124035 0.034704 -0.138015
v -0.260781 -0.034043 -0.138015
v 0.132419 -0.034043 -0.138015
v -0.244852 -0.139679 -0.138015
v 0.116490 -0.139679 -0.138015
v -0.251559 0.033866 -0.138015
v 0.123197 0.033866 -0.138015
v -0.260781 -0.034043 -0.137176
v 0.132419 -0.034043 -0.137176
v -0.342942 0.106805 -0.137176
v 0.214580 0.106805 -0.137176
v -0.254912 -0.066740 -0.136338
v 0.126550 -0.066740 -0.136338
v -0.254912 -0.066740 -0.136338
v 0.126550 -0.066740 -0.136338
v -0.237306 0.068239 -0.136338
v 0.108944 0.068239 -0.136338
v -0.236468 0.068239 -0.135500
v 0.108106 0.068239 -0.135500
v -0.161014 -0.160639 -0.135500
v 0.032652 -0.160639 -0.135500
v -0.117418 -0.161477 -0.135500
v -0.010944 -0.161477 -0.135500
v -0.312760 0.034704 -0.134661
v 0.184399 0.034704 -0.134661
v -0.214670 0.104289 -0.133823
v 0.086308 0.104289 -0.133823
v -0.214670 0.104289 -0.133823
v 0.086308 0.104289 -0.133823
v -0.244852 -0.093568 -0.133823
v 0.116490 -0.093568 -0.133823
v -0.244852 -0.093568 -0.132985
v 0.116490 -0.093568 -0.132985
v -0.226407 -0.138841 -0.132146
v 0.098045 -0.138841 -0.132146
v -0.184489 0.131956 -0.132146
v 0.056126 0.131956 -0.132146
v -0.184489 0.131956 -0.131308
v 0.056126 0.131956 -0.131308
v -0.120772 -0.168184 -0.130469
v -0.007591 -0.168184 -0.130469
v -0.157661 -0.168184 -0.130469
v 0.029298 -0.168184 -0.130469
v -0.149277 0.155431 -0.130469
v 0.020914 0.155431 -0.130469
v -0.231438 -0.117881 -0.130469
v 0.103076 -0.117881 -0.130469
v -0.148438 0.154592 -0.130469
v 0.020076 0.154592 -0.130469
v -0.230600 -0.117881 -0.130469
v 0.102237 -0.117881 -0.130469
v -0.135024 -0.174891 -0.129631
v 0.006662 -0.174891 -0.129631
v -0.144246 -0.174891 -0.129631
v 0.015884 -0.174891 -0.129631
v -0.108196 0.170521 -0.128792
v -0.020166 0.170521 -0.128792
v -0.107358 0.169683 -0.128792
v -0.021004 0.169683 -0.128792
v -0.063762 0.175552 -0.128792
v -0.063762 0.175552 -0.128792
v -0.336235 -0.075124 -0.127954
v 0.207873 -0.075124 -0.127954
v -0.212994 -0.136325 -0.127116
v 0.084631 -0.136325 -0.127116
v -0.166883 0.229208 -0.127116
v 0.038520 0.229208 -0.127116
v -0.212155 -0.135487 -0.127116
v 0.083793 -0.135487 -0.127116
v -0.326175 -0.101952 -0.126277
v 0.197812 -0.101952 -0.126277
v -0.323660 -0.029851 -0.126277
v 0.195298 -0.029851 -0.126277
v -0.151792 -0.174052 -0.124601
v 0.023429 -0.174052 -0.124601
v -0.127479 -0.174891 -0.124601
v -0.000883 -0.174891 -0.124601
v -0.212994 0.201542 -0.123762
v 0.084631 0.201542 -0.123762
v -0.136701 -0.177406 -0.123762
v 0.008339 -0.177406 -0.123762
v -0.142569 -0.177406 -0.122924
v 0.014207 -0.177406 -0.122924
v -0.192872 -0.145548 -0.122924
v 0.064510 -0.145548 -0.122924
v -0.316114 0.161299 -0.122924
v 0.187752 0.161299 -0.122924
v -0.332882 0.133633 -0.122085
v 0.204520 0.133633 -0.122085
v -0.146762 -0.177406 -0.120409
v 0.018399 -0.177406 -0.120409
v -0.168559 -0.150578 -0.120409
v 0.040197 -0.150578 -0.120409
v -0.108196 -0.155608 -0.120409
v -0.020166 -0.155608 -0.120409
v -0.132509 -0.177406 -0.120409
v 0.004147 -0.177406 -0.120409
v -0.063762 -0.155608 -0.119570
v -0.093943 -0.155608 -0.119570
v -0.034419 -0.155608 -0.119570
v -0.166044 -0.160639 -0.118732
v 0.037682 -0.160639 -0.118732
v -0.111550 -0.162315 -0.118732
v -0.016813 -0.162315 -0.118732
v -0.285932 -0.125427 -0.118732
v 0.157570 -0.125427 -0.118732
v -0.111550 0.275319 -0.117894
v -0.016813 0.275319 -0.117894
v -0.115741 -0.168184 -0.117894
v -0.012621 -0.168184 -0.117894
v -0.161014 -0.168184 -0.117055
v 0.032652 -0.168184 -0.117055
v -0.268327 0.178905 -0.117055
v 0.139964 0.178905 -0.117055
v -0.123287 -0.174052 -0.116217
v -0.005075 -0.174052 -0.116217
v -0.153468 -0.174052 -0.116217
v 0.025106 -0.174052 -0.116217
v -0.180296 0.223339 -0.116217
v 0.051934 0.223339 -0.116217
v -0.311084 -0.017276 -0.115379
v 0.182722 -0.017276 -0.115379
v -0.147600 -0.177406 -0.115379
v 0.019238 -0.177406 -0.115379
v -0.130832 -0.177406 -0.115379
v 0.002470 -0.177406 -0.115379
v -0.142569 -0.178245 -0.114540
v 0.014207 -0.178245 -0.114540
v -0.327013 0.083330 -0.114540
v 0.198651 0.083330 -0.114540
v -0.137540 -0.178245 -0.114540
v 0.009177 -0.178245 -0.114540
v -0.132509 -0.177406 -0.110348
v 0.004147 -0.177406 -0.110348
v -0.146762 -0.177406 -0.110348
v 0.018399 -0.177406 -0.110348
v -0.142569 -0.177406 -0.106995
v 0.014207 -0.177406 -0.106995
v -0.136701 -0.177406 -0.106995
v 0.008339 -0.177406 -0.106995
v -0.126640 -0.174891 -0.106995
v -0.001722 -0.174891 -0.106995
v -0.151792 -0.174891 -0.106156
v 0.023429 -0.174891 -0.106156
v -0.063762 0.279511 -0.106156
v -0.267488 -0.123750 -0.105318
v 0.139126 -0.123750 -0.105318
v -0.316953 -0.060871 -0.105318
v 0.188590 -0.060871 -0.105318
v -0.120772 -0.168184 -0.103641
v -0.007591 -0.168184 -0.103641
v -0.157661 -0.168184 -0.103641
v 0.029298 -0.168184 -0.103641
v -0.194549 0.216632 -0.103641
v 0.066187 0.216632 -0.103641
v -0.249044 0.176390 -0.102803
v 0.120682 0.176390 -0.102803
v -0.161852 -0.161477 -0.102803
v 0.033490 -0.161477 -0.102803
v -0.302700 -0.095245 -0.102803
v 0.174338 -0.095245 -0.102803
v -0.116580 -0.162315 -0.102803
v -0.011782 -0.162315 -0.102803
v -0.114064 -0.155608 -0.101964
v -0.014298 -0.155608 -0.101964
v -0.164368 -0.152255 -0.101964
v 0.036005 -0.152255 -0.101964
v -0.145085 -0.174891 -0.101126
v 0.016723 -0.174891 -0.101126
v -0.135024 -0.174891 -0.101126
v 0.006662 -0.174891 -0.101126
v -0.248205 -0.137164 -0.099449
v 0.119843 -0.137164 -0.099449
v -0.312760 0.064047 -0.096934
v 0.184399 0.064047 -0.096934
v -0.292639 0.152915 -0.096934
v 0.164277 0.152915 -0.096934
v -0.271680 -0.034043 -0.096096
v 0.143318 -0.034043 -0.096096
v -0.270842 -0.034043 -0.096096
v 0.142479 -0.034043 -0.096096
v -0.270842 0.001169 -0.096096
v 0.142479 0.001169 -0.096096
v -0.232276 -0.139679 -0.096096
v 0.103914 -0.139679 -0.096096
v -0.270003 0.001169 -0.096096
v 0.141641 0.001169 -0.096096
v -0.265811 -0.067579 -0.096096
v 0.137449 -0.067579 -0.096096
v -0.313599 0.117704 -0.095257
v 0.185237 0.117704 -0.095257
v -0.264973 -0.067579 -0.095257
v 0.136611 -0.067579 -0.095257
v -0.146762 -0.168184 -0.095257
v 0.018399 -0.168184 -0.095257
v -0.132509 -0.168184 -0.095257
v 0.004147 -0.168184 -0.095257
v -0.263296 0.038057 -0.095257
v 0.134934 0.038057 -0.095257
v -0.262458 0.038057 -0.095257
v 0.134096 0.038057 -0.095257
v -0.254912 -0.093568 -0.094419
v 0.126550 -0.093568 -0.094419
v -0.254912 -0.093568 -0.094419
v 0.126550 -0.093568 -0.094419
v -0.239822 -0.118719 -0.094419
v 0.111460 -0.118719 -0.094419
v -0.239822 -0.117881 -0.093581
v 0.111460 -0.117881 -0.093581
v -0.247367 0.074946 -0.093581
v 0.119005 0.074946 -0.093581
v -0.247367 0.074946 -0.093581
v 0.119005 0.074946 -0.093581
v -0.305215 -0.052487 -0.093581
v 0.176853 -0.052487 -0.093581
v -0.220539 -0.137164 -0.093581
v 0.092177 -0.137164 -0.093581
v -0.220539 -0.136325 -0.093581
v 0.092177 -0.136325 -0.093581
v -0.130832 -0.162315 -0.092742
v 0.002470 -0.162315 -0.092742
v -0.148438 -0.162315 -0.092742
v 0.020076 -0.162315 -0.092742
v -0.201256 -0.146386 -0.092742
v 0.072894 -0.146386 -0.092742
v -0.223892 0.115188 -0.091904
v 0.095530 0.115188 -0.091904
v -0.223892 0.114350 -0.091904
v 0.095530 0.114350 -0.091904
v -0.063762 -0.156447 -0.091904
v -0.129994 -0.155608 -0.091065
v 0.001632 -0.155608 -0.091065
v -0.149277 -0.154770 -0.091065
v 0.020914 -0.154770 -0.091065
v -0.290963 -0.091891 -0.091065
v 0.162600 -0.091891 -0.091065
v -0.192034 0.144532 -0.091065
v 0.063672 0.144532 -0.091065
v -0.192034 0.143693 -0.090227
v 0.063672 0.143693 -0.090227
v -0.154307 0.168006 -0.089389
v 0.025945 0.168006 -0.089389
v -0.154307 0.167168 -0.089389
v 0.025945 0.167168 -0.089389
v -0.110711 0.182259 -0.088550
v -0.017651 0.182259 -0.088550
v -0.110711 0.182259 -0.088550
v -0.017651 0.182259 -0.088550
v -0.063762 0.187289 -0.088550
v -0.063762 0.186450 -0.087712
v -0.120772 0.246814 -0.087712
v -0.007591 0.246814 -0.087712
v -0.100651 -0.156447 -0.086874
v -0.027712 -0.156447 -0.086874
v -0.275033 0.145370 -0.078490
v 0.146671 0.145370 -0.078490
v -0.165206 -0.154770 -0.076813
v 0.036844 -0.154770 -0.076813
v -0.297670 0.104289 -0.075975
v 0.169308 0.104289 -0.075975
v -0.063762 0.254359 -0.074298
v -0.238145 0.190643 -0.074298
v 0.109783 0.190643 -0.074298
v -0.197064 0.220824 -0.073459
v 0.068702 0.220824 -0.073459
v -0.129994 0.246814 -0.073459
v 0.001632 0.246814 -0.073459
v -0.063762 0.253521 -0.073459
v -0.063762 -0.157285 -0.072621
v -0.063762 0.254359 -0.071783
v -0.272518 0.151238 -0.071783
v 0.144156 0.151238 -0.071783
v -0.135863 -0.156447 -0.071783
v 0.007501 -0.156447 -0.071783
v -0.317791 0.048118 -0.070944
v 0.189429 0.048118 -0.070944
v -0.088075 -0.157285 -0.070944
v -0.040287 -0.157285 -0.070944
v -0.296832 0.107643 -0.070944
v 0.168469 0.107643 -0.070944
v -0.318629 0.012906 -0.070106
v 0.190267 0.012906 -0.070106
v -0.316114 -0.019791 -0.068429
v 0.187752 -0.019791 -0.068429
v -0.306892 -0.054164 -0.066753
v 0.178530 -0.054164 -0.066753
v -0.295155 0.110158 -0.065914
v 0.166793 0.110158 -0.065914
v -0.270842 0.154592 -0.064237
v 0.142479 0.154592 -0.064237
v -0.292639 -0.093568 -0.064237
v 0.164277 -0.093568 -0.064237
v -0.119933 0.249329 -0.059207
v -0.008429 0.249329 -0.059207
v -0.271680 -0.124588 -0.058369
v 0.143318 -0.124588 -0.058369
v -0.252397 -0.138002 -0.054176
v 0.124035 -0.138002 -0.054176
v -0.063762 0.281187 -0.051662
v -0.237306 -0.139679 -0.050823
v 0.108944 -0.139679 -0.050823
v -0.315276 0.127764 -0.049985
v 0.186914 0.127764 -0.049985
v -0.280902 -0.034043 -0.049985
v 0.152540 -0.034043 -0.049985
v -0.280064 -0.034043 -0.049985
v 0.151702 -0.034043 -0.049985
v -0.280064 0.002007 -0.049985
v 0.151702 0.002007 -0.049985
v -0.275033 -0.067579 -0.049985
v 0.146671 -0.067579 -0.049985
v -0.274195 -0.067579 -0.049147
v 0.145833 -0.067579 -0.049147
v -0.279226 0.002007 -0.049147
v 0.150863 0.002007 -0.049147
v -0.263296 -0.094407 -0.049147
v 0.134934 -0.094407 -0.049147
v -0.289286 0.163814 -0.049147
v 0.160924 0.163814 -0.049147
v -0.263296 -0.094407 -0.049147
v 0.134934 -0.094407 -0.049147
v -0.271680 0.040573 -0.049147
v 0.143318 0.040573 -0.049147
v -0.270842 0.040573 -0.049147
v 0.142479 0.040573 -0.049147
v -0.248205 -0.119558 -0.048308
v 0.119843 -0.119558 -0.048308
v -0.247367 -0.118719 -0.048308
v 0.119005 -0.118719 -0.048308
v -0.228084 -0.137164 -0.048308
v 0.099722 -0.137164 -0.048308
v -0.227246 -0.137164 -0.048308
v 0.098884 -0.137164 -0.048308
v -0.255751 0.079977 -0.047470
v 0.127389 0.079977 -0.047470
v -0.254912 0.079977 -0.047470
v 0.126550 0.079977 -0.047470
v -0.207963 -0.146386 -0.047470
v 0.079601 -0.146386 -0.047470
v -0.063762 -0.158123 -0.047470
v -0.091429 -0.158123 -0.046631
v -0.036934 -0.158123 -0.046631
v -0.172751 -0.154770 -0.046631
v 0.044389 -0.154770 -0.046631
v -0.115741 -0.157285 -0.046631
v -0.012621 -0.157285 -0.046631
v -0.141731 -0.156447 -0.046631
v 0.013369 -0.156447 -0.046631
v -0.231438 0.121895 -0.046631
v 0.103076 0.121895 -0.046631
v -0.230600 0.121895 -0.046631
v 0.102237 0.121895 -0.046631
v -0.232276 0.198188 -0.045793
v 0.103914 0.198188 -0.045793
v -0.197903 0.152077 -0.045793
v 0.069540 0.152077 -0.045793
v -0.197903 0.152077 -0.045793
v 0.069540 0.152077 -0.045793
v -0.315276 0.069916 -0.045793
v 0.186914 0.069916 -0.045793
v -0.307730 -0.056680 -0.045793
v 0.179368 -0.056680 -0.045793
v -0.157661 0.176390 -0.044954
v 0.029298 0.176390 -0.044954
v -0.157661 0.175552 -0.044954
v 0.029298 0.175552 -0.044954
v -0.112388 0.190643 -0.044116
v -0.015974 0.190643 -0.044116
v -0.112388 0.189804 -0.044116
v -0.015974 0.189804 -0.044116
v -0.063762 0.194834 -0.044116
v -0.063762 0.193996 -0.044116
v -0.291801 -0.093568 -0.041601
v 0.163439 -0.093568 -0.041601
v -0.110711 0.279511 -0.039925
v -0.017651 0.279511 -0.039925
v -0.245690 0.188966 -0.036571
v 0.117328 0.188966 -0.036571
v -0.200418 0.220824 -0.036571
v 0.072056 0.220824 -0.036571
v -0.321144 -0.066740 -0.035732
v 0.192782 -0.066740 -0.035732
v -0.304377 -0.098598 -0.033217
v 0.176015 -0.098598 -0.033217
v -0.334559 0.094229 -0.029864
v 0.206196 0.094229 -0.029864
v -0.168559 0.239269 -0.027349
v 0.040197 0.239269 -0.027349
v -0.321144 -0.023144 -0.026510
v 0.192782 -0.023144 -0.026510
v -0.264973 0.193158 -0.025672
v 0.136611 0.193158 -0.025672
v -0.337074 0.148723 -0.025672
v 0.208711 0.148723 -0.025672
v -0.063762 0.311369 -0.024833
v -0.317791 0.176390 -0.024833
v 0.189429 0.176390 -0.024833
v -0.157661 0.244299 -0.022318
v 0.029298 0.244299 -0.022318
v -0.342104 -0.080154 -0.021480
v 0.213742 -0.080154 -0.021480
v -0.328690 -0.106982 -0.019803
v 0.200327 -0.106982 -0.019803
v -0.336235 -0.037397 -0.019803
v 0.207873 -0.037397 -0.019803
v -0.273357 -0.122912 -0.018965
v 0.144994 -0.122912 -0.018965
v -0.254912 -0.138002 -0.017288
v 0.126550 -0.138002 -0.017288
v -0.101489 0.310530 -0.015611
v -0.026873 0.310530 -0.015611
v -0.240660 -0.139679 -0.013935
v 0.112298 -0.139679 -0.013935
v -0.289286 -0.125427 -0.013096
v 0.160924 -0.125427 -0.013096
v -0.285932 -0.033205 -0.010581
v 0.157570 -0.033205 -0.010581
v -0.285094 -0.033205 -0.010581
v 0.156732 -0.033205 -0.010581
v -0.280064 -0.067579 -0.010581
v 0.151702 -0.067579 -0.010581
v -0.284256 0.002846 -0.010581
v 0.155893 0.002846 -0.010581
v -0.279226 -0.067579 -0.010581
v 0.150863 -0.067579 -0.010581
v -0.284256 0.002846 -0.010581
v 0.155893 0.002846 -0.010581
v -0.269165 -0.094407 -0.009743
v 0.140803 -0.094407 -0.009743
v -0.268327 -0.094407 -0.009743
v 0.139964 -0.094407 -0.009743
v -0.352165 0.122734 -0.009743
v 0.223802 0.122734 -0.009743
v -0.275872 0.041411 -0.009743
v 0.147510 0.041411 -0.009743
v -0.275872 0.041411 -0.009743
v 0.147510 0.041411 -0.009743
v -0.212155 -0.143871 -0.009743
v 0.083793 -0.143871 -0.009743
v -0.253236 -0.119558 -0.009743
v 0.124873 -0.119558 -0.009743
v -0.252397 -0.119558 -0.009743
v 0.124035 -0.119558 -0.009743
v -0.232276 -0.138002 -0.008904
v 0.103914 -0.138002 -0.008904
v -0.232276 -0.137164 -0.008904
v 0.103914 -0.137164 -0.008904
v -0.259104 0.082491 -0.008904
v 0.130742 0.082491 -0.008904
v -0.259104 0.082491 -0.008904
v 0.130742 0.082491 -0.008904
v -0.353841 -0.056680 -0.008904
v 0.225479 -0.056680 -0.008904
v -0.063762 -0.158123 -0.008904
v -0.093943 -0.158123 -0.008066
v -0.034419 -0.158123 -0.008066
v -0.121610 -0.157285 -0.008066
v -0.006752 -0.157285 -0.008066
v -0.147600 -0.156447 -0.008066
v 0.019238 -0.156447 -0.008066
v -0.178620 -0.154770 -0.008066
v 0.050258 -0.154770 -0.008066
v -0.233953 0.126087 -0.008066
v 0.105591 0.126087 -0.008066
v -0.233953 0.126087 -0.008066
v 0.105591 0.126087 -0.008066
v -0.144246 0.274480 -0.007227
v 0.015884 0.274480 -0.007227
v -0.200418 0.157107 -0.007227
v 0.072056 0.157107 -0.007227
v -0.199579 0.156269 -0.007227
v 0.071217 0.156269 -0.007227
v -0.159337 0.179743 -0.007227
v 0.030975 0.179743 -0.007227
v -0.159337 0.179743 -0.007227
v 0.030975 0.179743 -0.007227
v -0.298508 0.198188 -0.006389
v 0.170146 0.198188 -0.006389
v -0.358871 -0.092730 -0.006389
v 0.230509 -0.092730 -0.006389
v -0.113226 0.193996 -0.006389
v -0.015136 0.193996 -0.006389
v -0.113226 0.193996 -0.006389
v -0.015136 0.193996 -0.006389
v -0.063762 0.198188 -0.006389
v -0.063762 0.197349 -0.006389
v -0.348811 -0.112013 -0.005551
v 0.220449 -0.112013 -0.005551
v -0.352165 0.163814 -0.004712
v 0.223802 0.163814 -0.004712
v -0.337912 0.183936 -0.003874
v 0.209550 0.183936 -0.003874
v -0.316114 -0.127942 -0.003036
v 0.187752 -0.127942 -0.003036
v -0.063762 0.332329 -0.002197
v -0.326175 0.044764 -0.000520
v 0.197812 0.044764 -0.000520
v -0.327013 0.028835 0.001156
v 0.198651 0.028835 0.001156
v -0.368093 -0.075124 0.002833
v 0.239731 -0.075124 0.002833
v -0.327013 0.012906 0.003672
v 0.198651 0.012906 0.003672
v -0.092267 0.331490 0.005348
v -0.036095 0.331490 0.005348
v -0.370609 -0.101114 0.007025
v 0.242247 -0.101114 0.007025
v -0.328690 -0.001347 0.007025
v 0.200327 -0.001347 0.007025
v -0.363064 0.144532 0.007025
v 0.234701 0.144532 0.007025
v -0.226407 0.205733 0.007025
v 0.098045 0.205733 0.007025
v -0.339589 -0.127942 0.007025
v 0.211226 -0.127942 0.007025
v -0.342942 0.070754 0.007025
v 0.214580 0.070754 0.007025
v -0.363064 -0.114528 0.007863
v 0.234701 -0.114528 0.007863
v -0.323660 0.200703 0.008702
v 0.195298 0.200703 0.008702
v -0.126640 0.306339 0.009540
v -0.001722 0.306339 0.009540
v -0.343781 -0.018953 0.010379
v 0.215419 -0.018953 0.010379
v -0.361387 0.174713 0.012055
v 0.233025 0.174713 0.012055
v -0.247367 0.207410 0.012894
v 0.119005 0.207410 0.012894
v -0.351326 0.188966 0.012894
v 0.222964 0.188966 0.012894
v -0.376477 -0.088538 0.013732
v 0.248115 -0.088538 0.013732
v -0.360548 -0.041589 0.016247
v 0.232186 -0.041589 0.016247
v -0.357195 -0.126265 0.016247
v 0.228832 -0.126265 0.016247
v -0.256589 -0.139679 0.016247
v 0.128227 -0.139679 0.016247
v -0.206286 0.219986 0.017085
v 0.077924 0.219986 0.017085
v -0.063762 0.345743 0.017085
v -0.148438 -0.157285 0.017085
v 0.020076 -0.157285 0.017085
v -0.176943 -0.154770 0.017924
v 0.048581 -0.154770 0.017924
v -0.358033 0.105128 0.018762
v 0.229671 0.105128 0.018762
v -0.280902 -0.139679 0.019601
v 0.152540 -0.139679 0.019601
v -0.378992 -0.108659 0.019601
v 0.250631 -0.108659 0.019601
v -0.368932 0.161299 0.020439
v 0.240570 0.161299 0.020439
v -0.374801 -0.116204 0.020439
v 0.246438 -0.116204 0.020439
v -0.373124 -0.063387 0.021278
v 0.244762 -0.063387 0.021278
v -0.341265 0.199865 0.022116
v 0.212903 0.199865 0.022116
v -0.242337 -0.139679 0.022116
v 0.113974 -0.139679 0.022116
v -0.084721 0.345743 0.022116
v -0.043641 0.345743 0.022116
v -0.285094 0.209087 0.022954
v 0.156732 0.209087 0.022954
v -0.309407 -0.139679 0.022954
v 0.181045 -0.139679 0.022954
v -0.063762 -0.158123 0.022954
v -0.093943 -0.158123 0.022954
v -0.034419 -0.158123 0.022954
v -0.382346 -0.101114 0.023793
v 0.253984 -0.101114 0.023793
v -0.111550 0.328975 0.023792
v -0.016813 0.328975 0.023792
v -0.183650 0.232561 0.024631
v 0.055288 0.232561 0.024631
v -0.370609 -0.122912 0.025469
v 0.242247 -0.122912 0.025469
v -0.379831 -0.080992 0.026308
v 0.251469 -0.080992 0.026308
v -0.334559 -0.136325 0.027146
v 0.206196 -0.136325 0.027146
v -0.288448 -0.033205 0.027146
v 0.160085 -0.033205 0.027146
v -0.287609 -0.033205 0.027146
v 0.159247 -0.033205 0.027146
v -0.282579 -0.067579 0.027146
v 0.154217 -0.067579 0.027146
v -0.286771 0.002846 0.027146
v 0.158409 0.002846 0.027146
v -0.282579 -0.067579 0.027146
v 0.154217 -0.067579 0.027146
v -0.286771 0.002846 0.027146
v 0.158409 0.002846 0.027146
v -0.271680 -0.094407 0.027146
v 0.143318 -0.094407 0.027146
v -0.271680 -0.094407 0.027146
v 0.143318 -0.094407 0.027146
v -0.277549 0.042249 0.027146
v 0.149187 0.042249 0.027146
v -0.277549 0.042249 0.027146
v 0.149187 0.042249 0.027146
v -0.255751 -0.119558 0.027984
v 0.127389 -0.119558 0.027984
v -0.255751 -0.119558 0.027984
v 0.127389 -0.119558 0.027984
v -0.367255 0.131956 0.027984
v 0.238893 0.131956 0.027984
v -0.234791 -0.138002 0.027984
v 0.106429 -0.138002 0.027984
v -0.234791 -0.138002 0.027984
v 0.106429 -0.138002 0.027984
v -0.367255 0.183097 0.027984
v 0.238893 0.183097 0.027984
v -0.260781 0.084168 0.027984
v 0.132419 0.084168 0.027984
v -0.259943 0.084168 0.027984
v 0.131581 0.084168 0.027984
v -0.361387 0.191481 0.027984
v 0.233025 0.191481 0.027984
v -0.212994 -0.144709 0.028823
v 0.084631 -0.144709 0.028823
v -0.235630 0.127764 0.028823
v 0.107267 0.127764 0.028823
v -0.234791 0.127764 0.028823
v 0.106429 0.127764 0.028823
v -0.201256 0.158784 0.028823
v 0.072894 0.158784 0.028823
v -0.200418 0.157946 0.028823
v 0.072056 0.157946 0.028823
v -0.171074 0.238430 0.029661
v 0.042712 0.238430 0.029661
v -0.160175 0.181420 0.029661
v 0.031813 0.181420 0.029661
v -0.160175 0.181420 0.029661
v 0.031813 0.181420 0.029661
v -0.113226 0.195673 0.029661
v -0.015136 0.195673 0.029661
v -0.113226 0.194834 0.029661
v -0.015136 0.194834 0.029661
v -0.063762 0.199865 0.029661
v -0.063762 0.199026 0.029661
v -0.353003 -0.132134 0.030500
v 0.224641 -0.132134 0.030500
v -0.313599 0.208248 0.030500
v 0.185237 0.208248 0.030500
v -0.383185 -0.112851 0.030500
v 0.254822 -0.112851 0.030500
v -0.384023 -0.096922 0.031338
v 0.255661 -0.096922 0.031338
v -0.381508 -0.116204 0.031338
v 0.253146 -0.116204 0.031338
v -0.384023 -0.110336 0.032176
v 0.255661 -0.110336 0.032176
v -0.372286 0.175552 0.033015
v 0.243923 0.175552 0.033015
v -0.380669 -0.117881 0.033015
v 0.252307 -0.117881 0.033015
v -0.368932 -0.126265 0.033015
v 0.240570 -0.126265 0.033015
v -0.356356 0.197349 0.033853
v 0.227994 0.197349 0.033853
v -0.124125 -0.158123 0.034691
v -0.004237 -0.158123 0.034691
v -0.372286 0.152077 0.034691
v 0.243923 0.152077 0.034691
v -0.384861 -0.109497 0.034691
v 0.256499 -0.109497 0.034691
v -0.169398 -0.155608 0.034691
v 0.041035 -0.155608 0.034691
v -0.149277 -0.157285 0.034691
v 0.020914 -0.157285 0.034691
v -0.098135 0.344066 0.035530
v -0.030227 0.344066 0.035530
v -0.063762 0.355803 0.035530
v -0.379831 -0.119558 0.035530
v 0.251469 -0.119558 0.035530
v -0.155984 0.267774 0.036368
v 0.027622 0.267774 0.036368
v -0.384023 -0.114528 0.037207
v 0.255661 -0.114528 0.037207
v -0.334559 0.204895 0.037207
v 0.206196 0.204895 0.037207
v -0.384861 -0.108659 0.038045
v 0.256499 -0.108659 0.038045
v -0.076337 0.355803 0.038045
v -0.052025 0.355803 0.038045
v -0.149277 -0.163992 0.038884
v 0.020914 -0.163992 0.038884
v -0.168559 -0.163992 0.038884
v 0.040197 -0.163992 0.038884
v -0.379831 -0.118719 0.038884
v 0.251469 -0.118719 0.038884
v -0.384023 -0.096083 0.039722
v 0.255661 -0.096083 0.039722
v -0.384023 -0.110336 0.040560
v 0.255661 -0.110336 0.040560
v -0.373962 0.170521 0.041399
v 0.245600 0.170521 0.041399
v -0.380669 -0.117881 0.041399
v 0.252307 -0.117881 0.041399
v -0.370609 0.188127 0.041399
v 0.242247 0.188127 0.041399
v -0.368093 0.191481 0.041399
v 0.239731 0.191481 0.041399
v -0.379831 -0.080154 0.041399
v 0.251469 -0.080154 0.041399
v -0.368932 -0.125427 0.042237
v 0.240570 -0.125427 0.042237
v -0.352165 0.200703 0.042237
v 0.223802 0.200703 0.042237
v -0.383185 -0.112013 0.042237
v 0.254822 -0.112013 0.042237
v -0.381508 -0.115366 0.042237
v 0.253146 -0.115366 0.042237
v -0.372286 0.185612 0.043075
v 0.243923 0.185612 0.043075
v -0.366417 0.193158 0.043075
v 0.238055 0.193158 0.043075
v -0.373124 -0.061710 0.043914
v 0.244762 -0.061710 0.043914
v -0.136701 0.301308 0.043913
v 0.008339 0.301308 0.043913
v -0.150115 -0.170699 0.043914
v 0.021753 -0.170699 0.043914
v -0.166044 -0.170699 0.043914
v 0.037682 -0.170699 0.043914
v -0.353003 -0.130457 0.045590
v 0.224641 -0.130457 0.045590
v -0.084721 0.354965 0.045590
v -0.043641 0.354965 0.045590
v -0.360548 -0.039074 0.045590
v 0.232186 -0.039074 0.045590
v -0.372286 0.183936 0.045590
v 0.243923 0.183936 0.045590
v -0.133347 -0.157285 0.046429
v 0.004985 -0.157285 0.046429
v -0.184489 -0.153093 0.046429
v 0.056126 -0.153093 0.046429
v -0.364740 0.194834 0.046429
v 0.236378 0.194834 0.046429
v -0.343781 -0.015599 0.047267
v 0.215419 -0.015599 0.047267
v -0.381508 -0.099437 0.048106
v 0.253146 -0.099437 0.048106
v -0.324498 0.006199 0.048106
v 0.196136 0.006199 0.048106
v -0.369770 0.189804 0.048106
v 0.241408 0.189804 0.048106
v -0.324498 0.014583 0.048106
v 0.196136 0.014583 0.048106
v -0.323660 0.026320 0.048944
v 0.195298 0.026320 0.048944
v -0.321983 0.039734 0.048944
v 0.193621 0.039734 0.048944
v -0.334559 -0.134649 0.048944
v 0.206196 -0.134649 0.048944
v -0.118257 0.324783 0.048944
v -0.010105 0.324783 0.048944
v -0.370609 -0.120396 0.048944
v 0.242247 -0.120396 0.048944
v -0.181973 -0.163154 0.048944
v 0.053611 -0.163154 0.048944
v -0.372286 0.183097 0.048944
v 0.243923 0.183097 0.048944
v -0.135024 -0.163992 0.048944
v 0.006662 -0.163992 0.048944
v -0.364740 0.193996 0.049782
v 0.236378 0.193996 0.049782
v -0.063762 0.361672 0.050621
v -0.337912 0.065724 0.050621
v 0.209550 0.065724 0.050621
v -0.372286 0.168844 0.050621
v 0.243923 0.168844 0.050621
v -0.069631 0.361672 0.051459
v -0.058731 0.361672 0.051459
v -0.152630 -0.176568 0.051459
v 0.024268 -0.176568 0.051459
v -0.163529 -0.176568 0.051459
v 0.035167 -0.176568 0.051459
v -0.369770 0.150400 0.052297
v 0.241408 0.150400 0.052297
v -0.351326 0.199026 0.052297
v 0.222964 0.199026 0.052297
v -0.353841 0.100936 0.052297
v 0.225479 0.100936 0.052297
v -0.364740 0.128602 0.052297
v 0.236378 0.128602 0.052297
v -0.370609 0.184774 0.052297
v 0.242247 0.184774 0.052297
v -0.378154 -0.106144 0.052297
v 0.249792 -0.106144 0.052297
v -0.365579 0.192319 0.052297
v 0.237216 0.192319 0.052297
v -0.308569 -0.137164 0.053136
v 0.180206 -0.137164 0.053136
v -0.102327 0.340712 0.053136
v -0.026035 0.340712 0.053136
v -0.138378 -0.170699 0.053136
v 0.010016 -0.170699 0.053136
v -0.177782 -0.170699 0.053136
v 0.049419 -0.170699 0.053136
v -0.373962 -0.113689 0.053136
v 0.245600 -0.113689 0.053136
v -0.072984 0.360834 0.053974
v -0.055378 0.360834 0.053974
v -0.332882 0.203218 0.053974
v 0.204520 0.203218 0.053974
v -0.368932 0.186450 0.053974
v 0.240570 0.186450 0.053974
v -0.366417 0.189804 0.053974
v 0.238055 0.189804 0.053974
v -0.310245 0.205733 0.055651
v 0.181883 0.205733 0.055651
v -0.218024 0.201542 0.055651
v 0.089661 0.201542 0.055651
v -0.376477 -0.085185 0.055651
v 0.248115 -0.085185 0.055651
v -0.087236 0.353288 0.055651
v -0.041126 0.353288 0.055651
v -0.242337 0.204057 0.056489
v 0.113974 0.204057 0.056489
v -0.280902 0.205733 0.056489
v 0.152540 0.205733 0.056489
v -0.280902 -0.138002 0.056489
v 0.152540 -0.138002 0.056489
v -0.073823 0.360834 0.057328
v -0.054540 0.360834 0.057328
v -0.063762 0.362510 0.058166
v -0.143408 -0.176568 0.058166
v 0.015046 -0.176568 0.058166
v -0.171913 -0.176568 0.058166
v 0.043551 -0.176568 0.058166
v -0.356356 -0.122912 0.058166
v 0.227994 -0.122912 0.058166
v -0.257428 -0.138841 0.058166
v 0.129066 -0.138841 0.058166
v -0.155145 -0.179921 0.059005
v 0.026783 -0.179921 0.059005
v -0.162691 -0.179921 0.059005
v 0.034329 -0.179921 0.059005
v -0.368932 0.172198 0.059843
v 0.240570 0.172198 0.059843
v -0.353003 0.193996 0.060681
v 0.224641 0.193996 0.060681
v -0.243175 -0.139679 0.060681
v 0.114813 -0.139679 0.060681
v -0.072984 0.359995 0.060681
v -0.055378 0.359995 0.060681
v -0.149277 -0.179921 0.063196
v 0.020914 -0.179921 0.063196
v -0.167721 -0.179921 0.063196
v 0.039359 -0.179921 0.063196
v -0.287609 -0.033205 0.063196
v 0.159247 -0.033205 0.063196
v -0.288448 -0.033205 0.063196
v 0.160085 -0.033205 0.063196
v -0.282579 -0.067579 0.063196
v 0.154217 -0.067579 0.063196
v -0.285932 0.002846 0.063196
v 0.157570 0.002846 0.063196
v -0.283417 -0.067579 0.063196
v 0.155055 -0.067579 0.063196
v -0.286771 0.002846 0.063196
v 0.158409 0.002846 0.063196
v -0.367255 -0.070093 0.063196
v 0.238893 -0.070093 0.063196
v -0.069631 0.359995 0.064035
v -0.058731 0.359995 0.064035
v -0.271680 -0.094407 0.064035
v 0.143318 -0.094407 0.064035
v -0.272518 -0.094407 0.064035
v 0.144156 -0.094407 0.064035
v -0.276710 0.042249 0.064035
v 0.148348 0.042249 0.064035
v -0.277549 0.042249 0.064035
v 0.149187 0.042249 0.064035
v -0.256589 -0.119558 0.064035
v 0.128227 -0.119558 0.064035
v -0.256589 -0.119558 0.064035
v 0.128227 -0.119558 0.064035
v -0.235630 -0.138002 0.064035
v 0.107267 -0.138002 0.064035
v -0.369770 -0.096922 0.064035
v 0.241408 -0.096922 0.064035
v -0.236468 -0.138002 0.064035
v 0.108106 -0.138002 0.064035
v -0.259943 0.085006 0.064035
v 0.131581 0.085006 0.064035
v -0.259943 0.085845 0.064035
v 0.131581 0.085845 0.064035
v -0.063762 -0.158962 0.064035
v -0.212155 -0.148901 0.064035
v 0.083793 -0.148901 0.064035
v -0.093943 -0.158962 0.064035
v -0.034419 -0.158962 0.064035
v -0.127479 -0.158123 0.064873
v -0.000883 -0.158123 0.064873
v -0.190357 -0.152255 0.064873
v 0.061995 -0.152255 0.064873
v -0.114064 -0.158123 0.064873
v -0.014298 -0.158123 0.064873
v -0.063762 0.359157 0.064873
v -0.233953 0.127764 0.064873
v 0.105591 0.127764 0.064873
v -0.234791 0.127764 0.064873
v 0.106429 0.127764 0.064873
v -0.363064 0.178067 0.064873
v 0.234701 0.178067 0.064873
v -0.199579 0.157946 0.064873
v 0.071217 0.157946 0.064873
v -0.200418 0.158784 0.064873
v 0.072056 0.158784 0.064873
v -0.357195 0.186450 0.064873
v 0.228832 0.186450 0.064873
v -0.363064 -0.110336 0.064873
v 0.234701 -0.110336 0.064873
v -0.129156 -0.163992 0.064873
v 0.000793 -0.163992 0.064873
v -0.159337 0.181420 0.065711
v 0.030975 0.181420 0.065711
v -0.159337 0.181420 0.065711
v 0.030975 0.181420 0.065711
v -0.113226 0.194834 0.065711
v -0.015136 0.194834 0.065711
v -0.113226 0.194834 0.065711
v -0.015136 0.194834 0.065711
v -0.063762 0.198188 0.065711
v -0.063762 0.199026 0.065711
v -0.084721 0.351612 0.065711
v -0.043641 0.351612 0.065711
v -0.187842 -0.163154 0.066550
v 0.059480 -0.163154 0.066550
v -0.133347 -0.170699 0.066550
v 0.004985 -0.170699 0.066550
v -0.363064 0.155431 0.067388
v 0.234701 0.155431 0.067388
v -0.339589 -0.123750 0.067388
v 0.211226 -0.123750 0.067388
v -0.182812 -0.170699 0.067388
v 0.054450 -0.170699 0.067388
v -0.140893 -0.176568 0.068227
v 0.012530 -0.176568 0.068227
v -0.335397 0.193996 0.068227
v 0.207035 0.193996 0.068227
v -0.175267 -0.176568 0.069065
v 0.046904 -0.176568 0.069065
v -0.146762 -0.179921 0.069065
v 0.018399 -0.179921 0.069065
v -0.163529 -0.181598 0.069065
v 0.035167 -0.181598 0.069065
v -0.154307 -0.181598 0.069065
v 0.025945 -0.181598 0.069065
v -0.170236 -0.179921 0.069065
v 0.041874 -0.179921 0.069065
v -0.098135 0.338197 0.070742
v -0.030227 0.338197 0.070742
v -0.198741 0.209087 0.071580
v 0.070379 0.209087 0.071580
v -0.353003 -0.049972 0.072418
v 0.224641 -0.049972 0.072418
v -0.076337 0.350773 0.073257
v -0.052025 0.350773 0.073257
v -0.354680 0.136148 0.074095
v 0.226317 0.136148 0.074095
v -0.111550 0.321430 0.074934
v -0.016813 0.321430 0.074934
v -0.149277 -0.179921 0.075772
v 0.020914 -0.179921 0.075772
v -0.167721 -0.179921 0.075772
v 0.039359 -0.179921 0.075772
v -0.358033 -0.086023 0.075772
v 0.229671 -0.086023 0.075772
v -0.353003 0.166329 0.075772
v 0.224641 0.166329 0.075772
v -0.063762 0.349935 0.076611
v -0.315276 0.192319 0.076611
v 0.186914 0.192319 0.076611
v -0.342942 0.180582 0.076611
v 0.214580 0.180582 0.076611
v -0.347972 -0.105306 0.077449
v 0.219610 -0.105306 0.077449
v -0.315276 -0.122073 0.077449
v 0.186914 -0.122073 0.077449
v -0.126640 0.296278 0.078287
v -0.001722 0.296278 0.078287
v -0.143408 -0.176568 0.078287
v 0.015046 -0.176568 0.078287
v -0.172751 -0.176568 0.078287
v 0.044389 -0.176568 0.078287
v -0.155145 -0.179921 0.079126
v 0.026783 -0.179921 0.079126
v -0.162691 -0.179921 0.079126
v 0.034329 -0.179921 0.079126
v -0.335397 -0.029851 0.079964
v 0.207035 -0.029851 0.079964
v -0.144246 0.261066 0.079964
v 0.015884 0.261066 0.079964
v -0.156822 0.229208 0.079964
v 0.028460 0.229208 0.079964
v -0.138378 -0.170699 0.080802
v 0.010016 -0.170699 0.080802
v -0.177782 -0.170699 0.080802
v 0.049419 -0.170699 0.080802
v -0.341265 0.110996 0.081641
v 0.212903 0.110996 0.081641
v -0.135024 -0.163992 0.082479
v 0.006662 -0.163992 0.082479
v -0.181973 -0.163154 0.082479
v 0.053611 -0.163154 0.082479
v -0.183650 -0.154770 0.082479
v 0.055288 -0.154770 0.082479
v -0.133347 -0.158123 0.082479
v 0.004985 -0.158123 0.082479
v -0.084721 0.335682 0.084156
v -0.043641 0.335682 0.084156
v -0.164368 -0.176568 0.084994
v 0.036005 -0.176568 0.084994
v -0.286771 0.188966 0.084994
v 0.158409 0.188966 0.084994
v -0.152630 -0.176568 0.085833
v 0.024268 -0.176568 0.085833
v -0.314437 -0.009730 0.085833
v 0.186075 -0.009730 0.085833
v -0.288448 -0.117881 0.085833
v 0.160085 -0.117881 0.085833
v -0.175267 0.217471 0.086671
v 0.046904 0.217471 0.086671
v -0.340427 0.152915 0.086671
v 0.212065 0.152915 0.086671
v -0.326175 0.173037 0.087510
v 0.197812 0.173037 0.087510
v -0.063762 0.335682 0.088348
v -0.341265 -0.071770 0.088348
v 0.212903 -0.071770 0.088348
v -0.320306 0.079138 0.089186
v 0.191944 0.079138 0.089186
v -0.166883 -0.170699 0.090024
v 0.038520 -0.170699 0.090024
v -0.150953 -0.170699 0.090024
v 0.022591 -0.170699 0.090024
v -0.327013 -0.097760 0.090863
v 0.198651 -0.097760 0.090863
v -0.273357 -0.114528 0.090863
v 0.144994 -0.114528 0.090863
v -0.122448 -0.158123 0.090863
v -0.005914 -0.158123 0.090863
v -0.305215 0.058178 0.092540
v 0.176853 0.058178 0.092540
v -0.167721 -0.163992 0.093378
v 0.039359 -0.163992 0.093378
v -0.149277 -0.163992 0.093378
v 0.020914 -0.163992 0.093378
v -0.249882 0.181420 0.093378
v 0.121520 0.181420 0.093378
v -0.092267 0.318076 0.093378
v -0.036095 0.318076 0.093378
v -0.309407 0.010391 0.093378
v 0.181045 0.010391 0.093378
v -0.167721 -0.157285 0.094217
v 0.039359 -0.157285 0.094217
v -0.148438 -0.158962 0.094217
v 0.020076 -0.158962 0.094217
v -0.253236 -0.137164 0.095055
v 0.124873 -0.137164 0.095055
v -0.307730 0.031350 0.096732
v 0.179368 0.031350 0.096732
v -0.223054 0.174713 0.097570
v 0.094692 0.174713 0.097570
v -0.243175 -0.138002 0.097570
v 0.114813 -0.138002 0.097570
v -0.321983 0.133633 0.099247
v 0.193621 0.133633 0.099247
v -0.285094 -0.033205 0.100085
v 0.156732 -0.033205 0.100085
v -0.285094 -0.033205 0.100085
v 0.156732 -0.033205 0.100085
v -0.280064 -0.067578 0.100085
v 0.151702 -0.067578 0.100085
v -0.282579 0.002846 0.100085
v 0.154217 0.002846 0.100085
v -0.280902 -0.067578 0.100085
v 0.152540 -0.067578 0.100085
v -0.283417 0.002846 0.100085
v 0.155055 0.002846 0.100085
v -0.270003 -0.094407 0.100085
v 0.141641 -0.094407 0.100085
v -0.270003 -0.094407 0.100085
v 0.141641 -0.094407 0.100085
v -0.273357 0.042249 0.100085
v 0.144994 0.042249 0.100085
v -0.274195 0.042249 0.100085
v 0.145833 0.042249 0.100085
v -0.320306 -0.055841 0.100085
v 0.191944 -0.055841 0.100085
v -0.209640 -0.148901 0.100085
v 0.081278 -0.148901 0.100085
v -0.254912 -0.119558 0.100085
v 0.126550 -0.119558 0.100085
v -0.254912 -0.119558 0.100085
v 0.126550 -0.119558 0.100085
v -0.256589 0.084168 0.100085
v 0.128227 0.084168 0.100085
v -0.256589 0.085006 0.100085
v 0.128227 0.085006 0.100085
v -0.233953 -0.138002 0.100085
v 0.105591 -0.138002 0.100085
v -0.233953 -0.138002 0.100085
v 0.105591 -0.138002 0.100085
v -0.063762 0.317238 0.100085
v -0.301861 0.162138 0.100085
v 0.173499 0.162138 0.100085
v -0.063762 -0.158962 0.100085
v -0.093105 -0.158962 0.100085
v -0.035257 -0.158962 0.100085
v -0.231438 0.125249 0.100923
v 0.103076 0.125249 0.100923
v -0.231438 0.125249 0.100923
v 0.103076 0.125249 0.100923
v -0.197903 0.155431 0.100923
v 0.069540 0.155431 0.100923
v -0.197903 0.155431 0.100923
v 0.069540 0.155431 0.100923
v -0.157661 0.178067 0.100923
v 0.029298 0.178067 0.100923
v -0.157661 0.178067 0.100923
v 0.029298 0.178067 0.100923
v -0.112388 0.191481 0.100923
v -0.015974 0.191481 0.100923
v -0.112388 0.191481 0.100923
v -0.015974 0.191481 0.100923
v -0.063762 0.194834 0.101762
v -0.063762 0.195673 0.101762
v -0.303538 -0.088538 0.102600
v 0.175176 -0.088538 0.102600
v -0.101489 0.292086 0.103439
v -0.026873 0.292086 0.103439
v -0.301023 -0.042427 0.108469
v 0.172661 -0.042427 0.108469
v -0.256589 -0.132972 0.109307
v 0.128227 -0.132972 0.109307
v -0.173590 -0.157285 0.109307
v 0.045228 -0.157285 0.109307
v -0.147600 -0.158123 0.109307
v 0.019238 -0.158123 0.109307
v -0.286771 -0.081831 0.109307
v 0.158409 -0.081831 0.109307
v -0.110711 0.256875 0.111822
v -0.017651 0.256875 0.111822
v -0.295155 0.108481 0.112661
v 0.166793 0.108481 0.112661
v -0.063762 0.290410 0.112661
v -0.270003 0.146208 0.113499
v 0.141641 0.146208 0.113499
v -0.265811 -0.120396 0.114338
v 0.137449 -0.120396 0.114338
v -0.277549 0.093390 0.118529
v 0.149187 0.093390 0.118529
v -0.245690 0.134471 0.120206
v 0.117328 0.134471 0.120206
v -0.119095 0.219986 0.121044
v -0.009267 0.219986 0.121044
v -0.063762 0.255198 0.124398
v -0.259943 -0.120396 0.125237
v 0.131581 -0.120396 0.125237
v -0.286771 -0.061710 0.126075
v 0.158409 -0.061710 0.126075
v -0.290124 -0.032366 0.126075
v 0.161762 -0.032366 0.126075
v -0.243175 -0.137164 0.126075
v 0.114813 -0.137164 0.126075
v -0.275872 -0.092730 0.126075
v 0.147510 -0.092730 0.126075
v -0.287609 0.002846 0.127752
v 0.159247 0.002846 0.127752
v -0.280064 0.041411 0.127752
v 0.151702 0.041411 0.127752
v -0.200418 0.161299 0.130267
v 0.072056 0.161299 0.130267
v -0.261620 0.085845 0.130267
v 0.133257 0.085845 0.130267
v -0.159337 0.183097 0.131105
v 0.030975 0.183097 0.131105
v -0.233953 0.126087 0.131105
v 0.105591 0.126087 0.131105
v -0.117418 0.197349 0.131944
v -0.010944 0.197349 0.131944
v -0.063762 0.217471 0.133620
v -0.279226 -0.033205 0.135297
v 0.150863 -0.033205 0.135297
v -0.276710 0.002846 0.135297
v 0.148348 0.002846 0.135297
v -0.275872 -0.066740 0.135297
v 0.147510 -0.066740 0.135297
v -0.280064 -0.033205 0.135297
v 0.151702 -0.033205 0.135297
v -0.275872 -0.066740 0.135297
v 0.147510 -0.066740 0.135297
v -0.277549 0.002007 0.135297
v 0.149187 0.002007 0.135297
v -0.265811 -0.094407 0.135297
v 0.137449 -0.094407 0.135297
v -0.267488 0.041411 0.135297
v 0.139126 0.041411 0.135297
v -0.265811 -0.094407 0.135297
v 0.137449 -0.094407 0.135297
v -0.268327 0.040573 0.135297
v 0.139964 0.040573 0.135297
v -0.250721 -0.119558 0.135297
v 0.122358 -0.119558 0.135297
v -0.250721 0.082491 0.136135
v 0.122358 0.082491 0.136135
v -0.251559 -0.119558 0.136135
v 0.123197 -0.119558 0.136135
v -0.118257 -0.158123 0.136135
v -0.010105 -0.158123 0.136135
v -0.251559 0.082491 0.136135
v 0.123197 0.082491 0.136135
v -0.063762 -0.158962 0.136135
v -0.230600 -0.137164 0.136135
v 0.102237 -0.137164 0.136135
v -0.092267 -0.158962 0.136135
v -0.036095 -0.158962 0.136135
v -0.172751 -0.156447 0.136135
v 0.044389 -0.156447 0.136135
v -0.144246 -0.158123 0.136135
v 0.015884 -0.158123 0.136135
v -0.206286 -0.148901 0.136135
v 0.077924 -0.148901 0.136135
v -0.230600 -0.138002 0.136135
v 0.102237 -0.138002 0.136135
v -0.226407 0.121057 0.136135
v 0.098045 0.121057 0.136135
v -0.226407 0.121057 0.136135
v 0.098045 0.121057 0.136135
v -0.192872 0.149562 0.136135
v 0.064510 0.149562 0.136135
v -0.193711 0.150400 0.136135
v 0.065349 0.150400 0.136135
v -0.154307 0.171360 0.136135
v 0.025945 0.171360 0.136135
v -0.063762 0.203218 0.136135
v -0.154307 0.172198 0.136135
v 0.025945 0.172198 0.136135
v -0.109873 0.183936 0.136135
v -0.018489 0.183936 0.136135
v -0.063762 0.188127 0.136974
v -0.110711 0.184774 0.136974
v -0.017651 0.184774 0.136974
v -0.063762 0.188127 0.136974
v -0.250721 -0.118719 0.142004
v 0.122358 -0.118719 0.142004
v -0.264973 -0.093568 0.142004
v 0.136611 -0.093568 0.142004
v -0.274195 -0.066740 0.142004
v 0.145833 -0.066740 0.142004
v -0.278387 -0.033205 0.142004
v 0.150025 -0.033205 0.142004
v -0.275872 0.002846 0.142004
v 0.147510 0.002846 0.142004
v -0.266650 0.041411 0.142004
v 0.138288 0.041411 0.142004
v -0.249044 0.081653 0.142004
v 0.120682 0.081653 0.142004
v -0.117418 -0.158123 0.142004
v -0.010944 -0.158123 0.142004
v -0.063762 -0.158962 0.142004
v -0.143408 -0.158123 0.142004
v 0.015046 -0.158123 0.142004
v -0.229761 -0.137164 0.142004
v 0.101399 -0.137164 0.142004
v -0.092267 -0.158962 0.142004
v -0.036095 -0.158962 0.142004
v -0.171913 -0.156447 0.142004
v 0.043551 -0.156447 0.142004
v -0.205448 -0.148901 0.142004
v 0.077086 -0.148901 0.142004
v -0.224731 0.120219 0.142004
v 0.096368 0.120219 0.142004
v -0.192034 0.148723 0.142843
v 0.063672 0.148723 0.142843
v -0.153468 0.169683 0.142843
v 0.025106 0.169683 0.142843
v -0.109873 0.182259 0.142843
v -0.018489 0.182259 0.142843
v -0.063762 0.186450 0.142843
v -0.260781 -0.094407 0.164640
v 0.132419 -0.094407 0.164640
v -0.247367 -0.118719 0.165479
v 0.119005 -0.118719 0.165479
v -0.270003 -0.066740 0.165479
v 0.141641 -0.066740 0.165479
v -0.141731 -0.157285 0.166317
v 0.013369 -0.157285 0.166317
v -0.116580 -0.158123 0.166317
v -0.011782 -0.158123 0.166317
v -0.063762 -0.158962 0.166317
v -0.091429 -0.158962 0.166317
v -0.036934 -0.158962 0.166317
v -0.226407 -0.137164 0.166317
v 0.098045 -0.137164 0.166317
v -0.170236 -0.156447 0.166317
v 0.041874 -0.156447 0.166317
v -0.273357 -0.033205 0.166317
v 0.144994 -0.033205 0.166317
v -0.202095 -0.148901 0.166317
v 0.073733 -0.148901 0.166317
v -0.270003 0.002846 0.166317
v 0.141641 0.002846 0.166317
v -0.261620 0.040573 0.166317
v 0.133257 0.040573 0.166317
v -0.244013 0.079138 0.167155
v 0.115651 0.079138 0.167155
v -0.220539 0.115188 0.167155
v 0.092177 0.115188 0.167155
v -0.187842 0.143693 0.167155
v 0.059480 0.143693 0.167155
v -0.150115 0.163814 0.167155
v 0.021753 0.163814 0.167155
v -0.108196 0.176390 0.167994
v -0.020166 0.176390 0.167994
v -0.063762 0.180582 0.167994
v -0.258266 -0.094407 0.185600
v 0.129904 -0.094407 0.185600
v -0.264973 -0.066740 0.186438
v 0.136611 -0.066740 0.186438
v -0.244013 -0.118719 0.187276
v 0.115651 -0.118719 0.187276
v -0.140054 -0.157285 0.191469
v 0.011692 -0.157285 0.191469
v -0.090590 -0.158123 0.191469
v -0.037772 -0.158123 0.191469
v -0.063762 -0.158123 0.191469
v -0.114903 -0.157285 0.191469
v -0.013459 -0.157285 0.191469
v -0.223054 -0.137164 0.191469
v 0.094692 -0.137164 0.191469
v -0.168559 -0.155608 0.191469
v 0.040197 -0.155608 0.191469
v -0.198741 -0.148063 0.191469
v 0.070379 -0.148063 0.191469
v -0.265811 -0.033205 0.194822
v 0.137449 -0.033205 0.194822
v -0.262458 0.002007 0.195660
v 0.134096 0.002007 0.195660
v -0.254074 0.037219 0.195660
v 0.125712 0.037219 0.195660
v -0.213832 0.109320 0.195660
v 0.085470 0.109320 0.195660
v -0.236468 0.075784 0.196499
v 0.108106 0.075784 0.196499
v -0.182812 0.136148 0.196499
v 0.054450 0.136148 0.196499
v -0.146762 0.156269 0.196499
v 0.018399 0.156269 0.196499
v -0.105681 0.168844 0.197337
v -0.022681 0.168844 0.197337
v -0.063762 0.173037 0.197337
v -0.255751 -0.094407 0.198176
v 0.127389 -0.094407 0.198176
v -0.249044 -0.108659 0.201529
v 0.120682 -0.108659 0.201529
v -0.259104 -0.080154 0.203206
v 0.130742 -0.080154 0.203206
v -0.234791 -0.127103 0.204882
v 0.106429 -0.127103 0.204882
v -0.254912 -0.093568 0.205721
v 0.126550 -0.093568 0.205721
v -0.262458 -0.056680 0.207398
v 0.134096 -0.056680 0.207398
v -0.251559 -0.103629 0.208236
v 0.123197 -0.103629 0.208236
v -0.257428 -0.083508 0.209075
v 0.129066 -0.083508 0.209075
v -0.242337 -0.117881 0.211590
v 0.113974 -0.117881 0.211590
v -0.259104 -0.069255 0.213266
v 0.130742 -0.069255 0.213266
v -0.246528 -0.110336 0.215781
v 0.118166 -0.110336 0.215781
v -0.254912 -0.094407 0.215781
v 0.126550 -0.094407 0.215781
v -0.257428 -0.075962 0.216620
v 0.129066 -0.075962 0.216620
v -0.253236 -0.099437 0.217458
v 0.124873 -0.099437 0.217458
v -0.255751 -0.089376 0.217458
v 0.127389 -0.089376 0.217458
v -0.250721 -0.103629 0.220812
v 0.122358 -0.103629 0.220812
v -0.255751 -0.085185 0.221650
v 0.127389 -0.085185 0.221650
v 0.125712 -0.095245 0.221650
v -0.254074 0.001169 0.224165
v 0.125712 0.001169 0.224165
v -0.244852 0.034704 0.224165
v 0.116490 0.034704 0.224165
v -0.207125 0.102612 0.224165
v 0.078762 0.102612 0.224165
v -0.176943 0.128602 0.225004
v 0.048581 0.128602 0.225004
v -0.228923 0.070754 0.225004
v 0.100561 0.070754 0.225004
v -0.142569 0.147885 0.225004
v 0.014207 0.147885 0.225004
v -0.257428 -0.050811 0.225842
v 0.129066 -0.050811 0.225842
v -0.257428 -0.033205 0.225842
v 0.129066 -0.033205 0.225842
v -0.104004 0.159622 0.225842
v -0.024358 0.159622 0.225842
v -0.229761 -0.129619 0.225842
v 0.101399 -0.129619 0.225842
v -0.238145 -0.119558 0.225842
v 0.109783 -0.119558 0.225842
v -0.089752 -0.155608 0.226681
v -0.038610 -0.155608 0.226681
v -0.218862 -0.137164 0.226681
v 0.090500 -0.137164 0.226681
v -0.063762 -0.155608 0.226681
v -0.137540 -0.154770 0.226681
v 0.009177 -0.154770 0.226681
v -0.243175 -0.112851 0.226681
v 0.114813 -0.112851 0.226681
v -0.113226 -0.155608 0.226681
v -0.015136 -0.155608 0.226681
v -0.194549 -0.148063 0.226681
v 0.066187 -0.148063 0.226681
v -0.165206 -0.153931 0.226681
v 0.036844 -0.153931 0.226681
v -0.063762 0.163814 0.226681
v -0.249044 -0.104467 0.226681
v 0.120682 -0.104467 0.226681
v -0.256589 -0.065063 0.226681
v 0.128227 -0.065063 0.226681
v -0.254912 -0.073447 0.226681
v 0.126550 -0.073447 0.226681
v -0.255751 -0.083508 0.227519
v 0.127389 -0.083508 0.227519
v -0.253236 -0.095245 0.227519
v 0.124873 -0.095245 0.227519
v -0.248205 -0.103629 0.231711
v 0.119843 -0.103629 0.231711
v 0.123197 -0.094407 0.232549
v -0.253236 -0.085185 0.232549
v 0.124873 -0.085185 0.232549
v -0.242337 -0.110336 0.235903
v 0.113974 -0.110336 0.235903
v -0.248205 -0.099437 0.235903
v 0.119843 -0.099437 0.235903
v -0.251559 -0.088538 0.235903
v 0.123197 -0.088538 0.235903
v -0.251559 -0.075962 0.236741
v 0.123197 -0.075962 0.236741
v -0.249882 -0.093568 0.237579
v 0.121520 -0.093568 0.237579
v -0.237306 -0.117043 0.239256
v 0.108944 -0.117043 0.239256
v -0.250721 -0.067578 0.240933
v 0.122358 -0.067578 0.240933
v -0.243175 -0.102791 0.243448
v 0.114813 -0.102791 0.243448
v -0.249044 -0.082669 0.244286
v 0.120682 -0.082669 0.244286
v -0.227246 -0.127942 0.245125
v 0.098884 -0.127942 0.245125
v -0.245690 -0.092730 0.246802
v 0.117328 -0.092730 0.246802
v -0.249882 -0.054164 0.248478
v 0.121520 -0.054164 0.248478
v -0.246528 -0.079316 0.250993
v 0.118166 -0.079316 0.250993
v -0.238145 -0.107820 0.250993
v 0.109783 -0.107820 0.250993
v -0.242337 -0.092730 0.254347
v 0.113974 -0.092730 0.254347
v -0.169398 0.117704 0.255185
v 0.041035 0.117704 0.255185
v -0.197903 0.093390 0.255185
v 0.069540 0.093390 0.255185
v -0.241499 -0.000508 0.256024
v 0.113136 -0.000508 0.256024
v -0.244852 -0.033205 0.256024
v 0.116490 -0.033205 0.256024
v -0.136701 0.135310 0.256024
v 0.008339 0.135310 0.256024
v -0.233115 0.030512 0.256024
v 0.104752 0.030512 0.256024
v -0.218862 0.064047 0.256024
v 0.090500 0.064047 0.256024
v -0.213832 -0.136325 0.256862
v 0.085470 -0.136325 0.256862
v -0.135024 -0.153093 0.256862
v 0.006662 -0.153093 0.256862
v -0.063762 -0.153093 0.256862
v -0.088075 -0.153093 0.256862
v -0.040287 -0.153093 0.256862
v -0.111550 -0.153093 0.256862
v -0.016813 -0.153093 0.256862
v -0.161852 -0.151416 0.256862
v 0.033490 -0.151416 0.256862
v -0.189519 -0.146386 0.256862
v 0.061157 -0.146386 0.256862
v -0.101489 0.146209 0.257700
v -0.026873 0.146209 0.257700
v -0.063762 0.149562 0.257700
v -0.227246 -0.119558 0.265246
v 0.098884 -0.119558 0.265246
v -0.240660 -0.065063 0.267761
v 0.112298 -0.065063 0.267761
v -0.236468 -0.091891 0.270276
v 0.108106 -0.091891 0.270276
v -0.159337 0.105128 0.281175
v 0.030975 0.105128 0.281175
v -0.187004 0.082491 0.281175
v 0.058641 0.082491 0.281175
v -0.204610 0.054825 0.282013
v 0.076247 0.054825 0.282013
v -0.130832 0.121057 0.282013
v 0.002470 0.121057 0.282013
v -0.098135 0.129441 0.283690
v -0.030227 0.129441 0.283690
v -0.063762 0.132794 0.284529
v -0.216347 0.023805 0.284529
v 0.087985 0.023805 0.284529
v -0.223054 -0.003023 0.287044
v 0.094692 -0.003023 0.287044
v -0.227246 -0.034043 0.287882
v 0.098884 -0.034043 0.287882
v -0.222216 -0.116204 0.287882
v 0.093854 -0.116204 0.287882
v -0.229761 -0.091053 0.288720
v 0.101399 -0.091053 0.288720
v -0.230600 -0.065063 0.288720
v 0.102237 -0.065063 0.288720
v -0.207963 -0.134649 0.288720
v 0.079601 -0.134649 0.288720
v -0.185327 -0.144709 0.289559
v 0.056965 -0.144709 0.289559
v -0.159337 -0.148901 0.289559
v 0.030975 -0.148901 0.289559
v -0.129994 -0.148901 0.290397
v 0.001632 -0.148901 0.290397
v -0.063762 -0.147224 0.291236
v -0.105681 -0.148063 0.291236
v -0.022681 -0.148063 0.291236
v -0.085560 -0.148063 0.291236
v -0.042803 -0.148063 0.291236
v -0.093943 -0.142194 0.303811
v -0.034419 -0.142194 0.303811
v -0.171913 0.069916 0.303811
v 0.043551 0.069916 0.303811
v -0.147600 0.089199 0.304650
v 0.019238 0.089199 0.304650
v -0.187842 0.043926 0.306326
v 0.059480 0.043926 0.306326
v -0.122448 0.101774 0.308003
v -0.005914 0.101774 0.308003
v -0.082206 -0.141356 0.309680
v -0.046156 -0.141356 0.309680
v -0.093943 0.107643 0.309680
v -0.034419 0.107643 0.309680
v -0.063762 -0.140518 0.309680
v -0.197064 0.017098 0.310518
v 0.068702 0.017098 0.310518
v -0.063762 0.109320 0.310518
v -0.216347 -0.113689 0.310518
v 0.087985 -0.113689 0.310518
v -0.222216 -0.090215 0.310518
v 0.093854 -0.090215 0.310518
v -0.203771 -0.132134 0.310518
v 0.075409 -0.132134 0.310518
v -0.098974 -0.138841 0.312195
v -0.029388 -0.138841 0.312195
v -0.218024 -0.063387 0.312195
v 0.089661 -0.063387 0.312195
v -0.181135 -0.142194 0.312195
v 0.052773 -0.142194 0.312195
v -0.202095 -0.006377 0.312195
v 0.073733 -0.006377 0.312195
v -0.156822 -0.146386 0.312195
v 0.028460 -0.146386 0.312195
v -0.128317 -0.145548 0.313034
v -0.000045 -0.145548 0.313034
v -0.205448 -0.038235 0.315549
v 0.077086 -0.038235 0.315549
v -0.103166 -0.133810 0.321417
v -0.025197 -0.133810 0.321417
v -0.155984 0.057340 0.321417
v 0.027622 0.057340 0.321417
v -0.136701 0.070754 0.323094
v 0.008339 0.070754 0.323094
v -0.078014 -0.132134 0.323094
v -0.050348 -0.132134 0.323094
v -0.063762 -0.132134 0.323932
v -0.169398 0.033027 0.324771
v 0.041035 0.033027 0.324771
v -0.114903 0.079138 0.326447
v -0.013459 0.079138 0.326447
v -0.174428 0.011229 0.328124
v 0.046066 0.011229 0.328124
v -0.090590 0.083330 0.328963
v -0.037772 0.083330 0.328963
v -0.063762 0.085845 0.329801
v -0.176943 -0.008892 0.329801
v 0.048581 -0.008892 0.329801
v -0.177782 -0.024821 0.330640
v 0.049419 -0.024821 0.330640
v -0.145085 0.046441 0.331478
v 0.016723 0.046441 0.331478
v -0.083045 -0.117043 0.333155
v -0.045318 -0.117043 0.333155
v -0.088075 -0.115366 0.333155
v -0.040287 -0.115366 0.333155
v -0.075499 -0.116204 0.333993
v -0.052863 -0.116204 0.333993
v -0.063762 -0.115366 0.334831
v -0.146762 0.027158 0.337346
v 0.018399 0.027158 0.337346
v -0.197064 -0.128780 0.337346
v 0.068702 -0.128780 0.337346
v -0.126640 0.049795 0.337346
v -0.001722 0.049795 0.337346
v -0.209640 -0.111174 0.337346
v 0.081278 -0.111174 0.337346
v -0.176105 -0.138002 0.337346
v 0.047743 -0.138002 0.337346
v -0.213832 -0.089376 0.338185
v 0.085470 -0.089376 0.338185
v -0.153468 -0.142194 0.339023
v 0.025106 -0.142194 0.339023
v -0.210478 -0.063387 0.340700
v 0.082116 -0.063387 0.340700
v -0.149277 0.006199 0.340700
v 0.020914 0.006199 0.340700
v -0.128317 -0.139679 0.340700
v -0.000045 -0.139679 0.340700
v -0.109035 0.053987 0.340700
v -0.019328 0.053987 0.340700
v -0.149277 -0.010569 0.341538
v 0.020914 -0.010569 0.341538
v -0.149277 -0.022306 0.342377
v 0.020914 -0.022306 0.342377
v -0.106519 -0.130457 0.344053
v -0.021843 -0.130457 0.344053
v -0.087236 0.057340 0.344053
v -0.041126 0.057340 0.344053
v -0.124963 0.027158 0.344053
v -0.003399 0.027158 0.344053
v -0.200418 -0.039074 0.344053
v 0.072056 -0.039074 0.344053
v -0.063762 0.059017 0.344892
v -0.081368 -0.090215 0.345730
v -0.046994 -0.090215 0.345730
v -0.077176 -0.091053 0.345730
v -0.051186 -0.091053 0.345730
v -0.072984 -0.091053 0.346569
v -0.055378 -0.091053 0.346569
v -0.063762 -0.091053 0.346569
v -0.124125 0.004522 0.348246
v -0.004237 0.004522 0.348246
v -0.124963 -0.025659 0.348246
v -0.003399 -0.025659 0.348246
v -0.105681 0.028835 0.349084
v -0.022681 0.028835 0.349084
v -0.123287 -0.012245 0.349084
v -0.005075 -0.012245 0.349084
v -0.176943 -0.025659 0.351599
v 0.048581 -0.025659 0.351599
v -0.091429 -0.112851 0.351599
v -0.036934 -0.112851 0.351599
v -0.085560 0.030512 0.352437
v -0.042803 0.030512 0.352437
v -0.100651 -0.039074 0.352437
v -0.027712 -0.039074 0.352437
v -0.086398 -0.063387 0.353276
v -0.041964 -0.063387 0.353276
v -0.104842 0.005361 0.353276
v -0.023520 0.005361 0.353276
v -0.081368 -0.063387 0.353276
v -0.046994 -0.063387 0.353276
v -0.075499 -0.063387 0.353276
v -0.052863 -0.063387 0.353276
v -0.063762 0.031350 0.353276
v -0.097297 -0.033205 0.354114
v -0.031065 -0.033205 0.354114
v -0.063762 -0.064225 0.354114
v -0.103166 -0.012245 0.354114
v -0.025197 -0.012245 0.354114
v -0.095620 -0.022306 0.354952
v -0.032742 -0.022306 0.354952
v -0.190357 -0.124588 0.355791
v 0.061995 -0.124588 0.355791
v -0.171913 -0.133810 0.356629
v 0.043551 -0.133810 0.356629
v -0.079691 -0.042427 0.356629
v -0.048671 -0.042427 0.356629
v -0.084721 0.005361 0.356629
v -0.043641 0.005361 0.356629
v -0.202095 -0.108659 0.356629
v 0.073733 -0.108659 0.356629
v -0.082206 -0.028175 0.356629
v -0.046156 -0.028175 0.356629
v -0.063762 -0.044104 0.356629
v -0.083883 -0.012245 0.357468
v -0.044479 -0.012245 0.357468
v -0.150953 -0.137164 0.357468
v 0.022591 -0.137164 0.357468
v -0.063762 -0.029013 0.357468
v -0.063762 0.005361 0.358306
v -0.149277 -0.021467 0.358306
v 0.020914 -0.021467 0.358306
v -0.205448 -0.088538 0.358306
v 0.077086 -0.088538 0.358306
v -0.063762 -0.013084 0.358306
v -0.084721 -0.089376 0.358306
v -0.043641 -0.089376 0.358306
v -0.129994 -0.134649 0.359145
v 0.001632 -0.134649 0.359145
v -0.202933 -0.065063 0.360821
v 0.074571 -0.065063 0.360821
v -0.088913 -0.062548 0.361659
v -0.039449 -0.062548 0.361659
v -0.124963 -0.026498 0.361659
v -0.003399 -0.026498 0.361659
v -0.109873 -0.126265 0.363336
v -0.018489 -0.126265 0.363336
v -0.103166 -0.039912 0.363336
v -0.025197 -0.039912 0.363336
v -0.194549 -0.040750 0.365013
v 0.066187 -0.040750 0.365013
v -0.095620 -0.110336 0.369205
v -0.032742 -0.110336 0.369205
v -0.174428 -0.028175 0.370043
v 0.046066 -0.028175 0.370043
v -0.183650 -0.118719 0.372558
v 0.055288 -0.118719 0.372558
v -0.166883 -0.126265 0.374235
v 0.038520 -0.126265 0.374235
v -0.089752 -0.087699 0.374235
v -0.038610 -0.087699 0.374235
v -0.192872 -0.105306 0.375074
v 0.064510 -0.105306 0.375074
v -0.149277 -0.023982 0.375074
v 0.020914 -0.023982 0.375074
v -0.149277 -0.128780 0.375912
v 0.020914 -0.128780 0.375912
v -0.094782 -0.063387 0.377589
v -0.033580 -0.063387 0.377589
v -0.130832 -0.126265 0.377589
v 0.002470 -0.126265 0.377589
v -0.196226 -0.087699 0.378427
v 0.067864 -0.087699 0.378427
v -0.125802 -0.028175 0.378427
v -0.002560 -0.028175 0.378427
v -0.105681 -0.040750 0.379266
v -0.022681 -0.040750 0.379266
v -0.114903 -0.120396 0.380104
v -0.013459 -0.120396 0.380104
v -0.193711 -0.065902 0.380942
v 0.065349 -0.065902 0.380942
v -0.187004 -0.046619 0.383457
v 0.058641 -0.046619 0.383457
v -0.103166 -0.105306 0.384296
v -0.025197 -0.105306 0.384296
v -0.176943 -0.112851 0.384296
v 0.048581 -0.112851 0.384296
v -0.165206 -0.115366 0.387650
v 0.036844 -0.115366 0.387650
v -0.170236 -0.035720 0.388488
v 0.041874 -0.035720 0.388488
v -0.098974 -0.086861 0.388488
v -0.029388 -0.086861 0.388488
v -0.180296 -0.101114 0.390164
v 0.051934 -0.101114 0.390164
v -0.119933 -0.112851 0.391003
v -0.008429 -0.112851 0.391003
v -0.131671 -0.115366 0.391003
v 0.003308 -0.115366 0.391003
v -0.147600 -0.117043 0.391003
v 0.019238 -0.117043 0.391003
v -0.101489 -0.065063 0.391841
v -0.026873 -0.065063 0.391841
v -0.148438 -0.031528 0.393518
v 0.020076 -0.031528 0.393518
v -0.181973 -0.086861 0.394356
v 0.053611 -0.086861 0.394356
v -0.177782 -0.054164 0.395195
v 0.049419 -0.054164 0.395195
v -0.110711 -0.046619 0.395195
v -0.017651 -0.046619 0.395195
v -0.181135 -0.066740 0.396033
v 0.052773 -0.066740 0.396033
v -0.127479 -0.035720 0.396872
v -0.000883 -0.035720 0.396872
v -0.114903 -0.101114 0.396872
v -0.013459 -0.101114 0.396872
v -0.164368 -0.101114 0.397710
v 0.036005 -0.101114 0.397710
v -0.165206 -0.049972 0.401063
v 0.036844 -0.049972 0.401063
v -0.130832 -0.101114 0.401063
v 0.002470 -0.101114 0.401063
v -0.113226 -0.086023 0.401063
v -0.015136 -0.086023 0.401063
v -0.146762 -0.100275 0.401901
v 0.018399 -0.100275 0.401901
v -0.114064 -0.066740 0.402740
v -0.014298 -0.066740 0.402740
v -0.164368 -0.086023 0.402740
v 0.036005 -0.086023 0.402740
v -0.117418 -0.055003 0.403578
v -0.010944 -0.055003 0.403578
v -0.164368 -0.067578 0.403578
v 0.036005 -0.067578 0.403578
v -0.147600 -0.048296 0.406094
v 0.019238 -0.048296 0.406094
v -0.129994 -0.050811 0.406094
v 0.001632 -0.050811 0.406094
v -0.129994 -0.086023 0.406932
v 0.001632 -0.086023 0.406932
v -0.146762 -0.086023 0.407770
v 0.018399 -0.086023 0.407770
v -0.129994 -0.067578 0.408609
v 0.001632 -0.067578 0.408609
v -0.146762 -0.066740 0.408609
v 0.018399 -0.066740 0.408609
vn -0.0000 -0.0000 1.0000
vn 0.4083 -0.4083 0.8165
vn -0.1487 -0.1710 -0.9740
vn 0.1828 -0.1646 -0.9693
vn -0.2464 0.7802 -0.5749
vn 0.5547 -0.0000 0.8320
vn -0.5547 -0.0000 0.8320
vn -0.6874 0.1817 -0.7032
vn -0.6874 -0.1817 0.7032
vn 0.2042 0.4228 0.8829
vn -0.2263 0.4177 0.8800
vn 0.7035 -0.5109 0.4941
vn -0.7035 -0.5109 0.4941
vn 0.6105 0.2016 0.7660
vn 0.6105 -0.2016 -0.7660
vn 0.5296 -0.7687 0.3587
vn -0.5296 -0.7687 0.3587
vn -0.1650 0.9527 -0.2551
vn -0.2036 -0.9441 0.2592
vn 0.7725 -0.0965 0.6276
vn -0.7725 -0.0965 0.6277
vn 0.2301 0.5181 0.8238
vn 0.2447 -0.5145 -0.8219
vn 0.7548 -0.4945 0.4309
vn -0.7548 -0.4945 0.4309
vn 0.6187 0.3031 0.7248
vn 0.6187 -0.3031 -0.7248
vn 0.5726 -0.7693 0.2834
vn -0.5726 -0.7693 0.2834
vn 0.1013 -0.0868 0.9911
vn -0.1140 -0.0896 0.9894
vn -0.1671 -0.0425 -0.9850
vn -0.1779 0.0406 0.9832
vn -0.1713 0.9644 -0.2013
vn -0.1901 -0.9605 0.2034
vn 0.0462 -0.4773 0.8775
vn -0.3701 0.2152 -0.9037
vn -0.3701 -0.2152 0.9037
vn 0.8350 -0.0347 0.5491
vn -0.8350 -0.0347 0.5491
vn -0.1914 -0.2321 -0.9537
vn -0.1993 0.2302 0.9525
vn -0.4630 0.0503 -0.8849
vn 0.4630 0.0503 -0.8849
vn 0.1741 -0.6963 0.6963
vn -0.4887 0.3840 -0.7834
vn 0.4887 0.3840 -0.7834
vn -0.8240 0.4552 -0.3374
vn -0.8240 -0.4552 0.3374
vn -0.5036 0.6742 -0.5402
vn -0.5036 -0.6742 0.5402
vn 0.5394 0.0471 0.8407
vn 0.5394 -0.0471 -0.8407
vn -0.2837 -0.6136 -0.7369
vn -0.2955 0.6104 0.7349
vn -0.6559 0.3006 -0.6924
vn -0.6559 -0.3006 0.6924
vn 0.2105 0.3165 0.9250
vn -0.2167 0.3153 0.9239
vn -0.6069 0.7726 -0.1866
vn -0.6069 -0.7726 0.1866
vn 0.4058 -0.7957 0.4496
vn -0.4058 -0.7957 0.4496
vn 0.6486 0.4154 0.6377
vn 0.6486 -0.4154 -0.6377
vn -0.1018 0.9301 -0.3530
vn -0.2259 0.9677 -0.1120
vn -0.2420 -0.9636 0.1135
vn -0.8835 -0.0224 -0.4680
vn 0.8835 -0.0224 -0.4680
vn -0.6424 0.6084 -0.4660
vn 0.6424 0.6084 -0.4660
vn 0.7457 -0.2224 0.6280
vn 0.7457 0.2224 -0.6280
vn 0.5859 0.1639 0.7936
vn 0.5859 -0.1639 -0.7936
vn 0.8636 -0.4159 0.2850
vn -0.2198 -0.3854 -0.8962
vn -0.2248 0.3844 0.8954
vn 0.4848 -0.8229 0.2963
vn -0.4848 -0.8229 0.2963
vn -0.6299 0.7621 -0.1498
vn 0.6299 0.7621 -0.1498
vn -0.2145 0.9763 -0.0296
vn -0.2263 -0.9736 0.0312
vn 0.1795 -0.9633 0.1995
vn 0.1906 0.9608 -0.2012
vn 0.7472 -0.5378 0.3904
vn -0.7472 -0.5378 0.3904
vn -0.2692 -0.7022 -0.6591
vn -0.2776 0.6999 0.6581
vn 0.6764 0.4501 0.5831
vn -0.6764 0.4501 0.5831
vn 0.8140 -0.1432 0.5629
vn 0.8140 0.1432 -0.5629
vn -0.9006 -0.0957 -0.4240
vn 0.9006 -0.0957 -0.4240
vn -0.5979 -0.2122 -0.7730
vn 0.5979 -0.2122 -0.7730
vn -0.8906 0.3972 -0.2214
vn -0.8906 -0.3972 0.2214
vn -0.6565 0.7494 -0.0867
vn 0.6565 0.7494 -0.0867
vn 0.2055 -0.9785 -0.0151
vn 0.2150 0.9765 0.0138
vn 0.5357 -0.8251 0.1798
vn 0.5357 0.8251 -0.1798
vn -0.2064 -0.4386 -0.8747
vn 0.2307 -0.9720 0.0451
vn -0.2396 -0.9697 0.0469
vn -0.1842 0.9825 0.0279
vn 0.1920 0.9810 0.0272
vn -0.6670 0.7391 -0.0943
vn -0.6670 -0.7391 0.0943
vn 0.0846 0.1651 -0.9826
vn -0.0846 0.1651 -0.9826
vn -0.1296 -0.1945 -0.9723
vn 0.1296 -0.1945 -0.9723
vn 0.9079 -0.3741 0.1894
vn -0.0166 0.2179 -0.9758
vn -0.0166 -0.2179 0.9758
vn -0.2082 -0.1487 -0.9667
vn 0.2082 -0.1487 -0.9667
vn -0.8171 0.4922 -0.3001
vn 0.8171 0.4922 -0.3001
vn 0.1862 0.1109 -0.9762
vn 0.1862 -0.1109 0.9762
vn 0.0229 0.2699 0.9626
vn -0.0229 0.2699 0.9626
vn -0.2373 0.2551 -0.9373
vn 0.2373 0.2551 -0.9373
vn 0.3723 -0.0421 0.9272
vn -0.3723 -0.0421 0.9272
vn -0.6066 -0.2558 -0.7528
vn 0.6066 -0.2558 -0.7528
vn -0.9155 -0.1214 -0.3837
vn -0.9155 0.1214 0.3837
vn -0.8445 0.1037 -0.5254
vn 0.8445 0.1037 -0.5254
vn 0.0095 0.5263 -0.8502
vn -0.0095 0.5263 -0.8502
vn 0.1657 -0.5939 0.7873
vn -0.1657 -0.5939 0.7873
vn -0.4339 -0.3158 -0.8438
vn 0.4339 -0.3158 -0.8438
vn 0.5283 0.1201 0.8405
vn 0.5283 -0.1201 -0.8405
vn -0.0210 0.0184 -0.9996
vn 0.0210 0.0184 -0.9996
vn 0.4618 -0.4075 0.7878
vn 0.1228 0.4980 -0.8584
vn 0.1228 -0.4980 0.8584
vn -0.4618 -0.4075 0.7878
vn 0.3917 0.4002 0.8285
vn -0.3917 0.4002 0.8285
vn -0.2764 -0.0803 0.9577
vn -0.2764 0.0803 -0.9577
vn 0.5166 -0.5453 0.6601
vn 0.5166 0.5453 -0.6601
vn -0.0375 0.3061 0.9513
vn -0.0375 -0.3061 -0.9513
vn 0.1979 -0.6730 0.7126
vn -0.1980 -0.6730 0.7126
vn -0.7547 -0.1794 -0.6310
vn 0.7547 -0.1794 -0.6310
vn 0.8729 -0.2182 0.4364
vn 0.6864 0.5389 0.4883
vn -0.6864 0.5389 0.4883
vn 0.2641 0.5048 -0.8218
vn -0.2641 0.5048 -0.8218
vn 0.2747 -0.0000 0.9615
vn -0.2747 -0.0000 0.9615
vn -0.1178 0.1757 -0.9774
vn 0.1178 0.1757 -0.9774
vn 0.7798 -0.4678 0.4159
vn -0.7798 -0.4678 0.4159
vn -0.2314 -0.1579 -0.9600
vn 0.2314 -0.1579 -0.9600
vn 0.0920 -0.7386 0.6678
vn -0.0920 -0.7386 0.6678
vn -0.3195 -0.5071 -0.8005
vn -0.3195 0.5071 0.8005
vn 0.7205 0.3707 0.5861
vn -0.7205 0.3707 0.5861
vn -0.3960 0.8051 -0.4415
vn -0.3960 -0.8051 0.4415
vn -0.8900 -0.0645 -0.4514
vn 0.8900 -0.0645 -0.4514
vn -0.2588 -0.8285 -0.4966
vn 0.2655 -0.8267 -0.4961
vn 0.3051 0.0489 -0.9511
vn -0.3051 0.0489 -0.9511
vn 0.5774 -0.7550 0.3109
vn -0.5774 -0.7550 0.3109
vn -0.9478 0.1527 -0.2799
vn -0.9478 -0.1527 0.2799
vn 0.0545 0.8001 -0.5974
vn 0.0545 -0.8001 0.5974
vn -0.5988 0.7978 -0.0706
vn 0.5988 0.7978 -0.0706
vn 0.2953 -0.1573 0.9423
vn -0.2953 -0.1573 0.9423
vn 0.1095 -0.3915 -0.9136
vn -0.1095 -0.3915 -0.9136
vn 0.3459 0.4954 -0.7968
vn 0.3459 -0.4954 0.7968
vn 0.8046 -0.5626 0.1897
vn -0.8046 -0.5626 0.1897
vn 0.9096 -0.3779 0.1730
vn -0.9096 -0.3779 0.1730
vn -0.6944 -0.4515 -0.5603
vn -0.6944 0.4515 0.5603
vn -0.3091 0.8830 -0.3532
vn -0.3091 -0.8830 0.3532
vn -0.2775 -0.5725 -0.7715
vn 0.2775 -0.5725 -0.7715
vn -0.4087 -0.1242 -0.9042
vn 0.4087 -0.1242 -0.9042
vn -0.8942 -0.2600 -0.3645
vn -0.8942 0.2600 0.3645
vn -0.4144 -0.2930 -0.8617
vn 0.4144 -0.2930 -0.8617
vn -0.8681 0.0755 -0.4907
vn 0.8681 0.0755 -0.4907
vn 0.1634 0.8244 -0.5419
vn 0.1634 -0.8244 0.5419
vn -0.2253 0.9723 0.0615
vn 0.2317 0.9709 0.0605
vn 0.3544 0.4938 -0.7941
vn -0.3544 0.4938 -0.7941
vn 0.5007 -0.8559 0.1292
vn -0.5007 -0.8559 0.1292
vn -0.6505 -0.5612 -0.5118
vn 0.6505 -0.5612 -0.5118
vn 0.9930 -0.0622 0.1005
vn -0.9930 -0.0622 0.1005
vn 0.8519 -0.4657 0.2395
vn -0.8519 -0.4657 0.2395
vn -0.1948 0.9395 -0.2816
vn 0.1948 0.9395 -0.2816
vn -0.9044 -0.3378 -0.2607
vn 0.9044 -0.3378 -0.2607
vn 0.7682 -0.6402 -0.0000
vn -0.7682 -0.6402 -0.0000
vn 0.9440 -0.3299 0.0072
vn -0.9440 -0.3299 0.0072
vn -0.2164 -0.6782 -0.7023
vn -0.2164 0.6782 0.7023
vn -0.3598 -0.6698 -0.6496
vn -0.3598 0.6698 0.6496
vn -0.2342 -0.8346 0.4985
vn -0.2342 0.8346 -0.4985
vn -0.5254 -0.2632 -0.8091
vn 0.5254 -0.2632 -0.8091
vn -0.6079 -0.6475 -0.4595
vn 0.6079 -0.6475 -0.4595
vn -0.4819 0.8744 -0.0568
vn -0.4819 -0.8744 0.0568
vn -0.4412 -0.3939 -0.8064
vn 0.4412 -0.3939 -0.8064
vn 0.9993 0.0363 -0.0081
vn 0.9993 -0.0363 0.0081
vn -0.0904 0.9727 -0.2137
vn 0.0904 0.9727 -0.2137
vn 0.1626 0.8742 0.4574
vn -0.1664 0.8735 0.4575
vn 0.8955 0.4114 0.1701
vn -0.8955 0.4114 0.1701
vn -0.7276 0.6785 0.1009
vn 0.7276 0.6785 0.1009
vn -0.9492 0.2951 0.1092
vn -0.9492 -0.2951 -0.1092
vn 0.6363 -0.7713 0.0137
vn 0.6363 0.7713 -0.0137
vn -0.2392 -0.8331 0.4988
vn 0.2392 -0.8331 0.4988
vn 0.8867 -0.4309 0.1675
vn -0.8867 -0.4309 0.1675
vn 0.4004 -0.9145 -0.0586
vn -0.4004 -0.9145 -0.0586
vn -0.2675 -0.7068 -0.6549
vn 0.2675 -0.7068 -0.6549
vn -0.9893 -0.1186 0.0846
vn 0.9893 -0.1186 0.0846
vn -0.5441 -0.7484 -0.3794
vn 0.5441 -0.7484 -0.3794
vn 0.0100 -0.9864 0.1638
vn 0.0100 0.9864 -0.1638
vn -0.2271 0.9681 0.1061
vn -0.2320 -0.9670 -0.1053
vn 0.8690 0.4824 0.1103
vn -0.8690 0.4824 0.1103
vn -0.5199 -0.4649 -0.7166
vn 0.5199 -0.4649 -0.7166
vn 0.6608 0.2938 0.6906
vn -0.6608 0.2938 0.6906
vn -0.7089 0.6662 0.2315
vn -0.7089 -0.6662 -0.2315
vn 0.9292 -0.2775 -0.2443
vn -0.9292 -0.2775 -0.2443
vn -0.0926 -0.0232 0.9954
vn 0.1017 -0.0347 0.9942
vn 0.1032 0.0355 -0.9940
vn -0.0530 -0.9647 -0.2580
vn 0.0542 -0.9646 -0.2579
vn 0.0857 0.2234 0.9709
vn -0.0914 0.2197 0.9713
vn 0.6778 -0.7286 -0.0989
vn 0.6778 0.7286 0.0989
vn 0.0924 0.3255 -0.9410
vn 0.0903 -0.3256 0.9412
vn -0.0924 -0.3255 0.9410
vn -0.2872 0.0327 -0.9573
vn -0.2845 -0.0296 0.9582
vn -0.2902 -0.0293 0.9565
vn 0.0013 -0.9907 0.1362
vn 0.0013 0.9907 -0.1362
vn 0.4250 0.6782 0.5996
vn -0.4250 0.6782 0.5996
vn 0.3507 -0.9246 -0.1488
vn -0.3507 -0.9246 -0.1488
vn -0.2710 0.2236 0.9362
vn -0.0935 -0.9553 -0.2804
vn 0.0935 -0.9553 -0.2804
vn -0.2923 0.2179 0.9312
vn 0.9716 0.1677 -0.1669
vn -0.9716 0.1677 -0.1668
vn -0.2815 0.3088 -0.9085
vn 0.2815 0.3088 -0.9085
vn -0.0760 -0.4030 -0.9120
vn -0.0778 0.4030 0.9119
vn -0.0751 -0.4258 -0.9017
vn -0.0770 0.4258 0.9015
vn 0.2815 -0.3088 0.9085
vn -0.2815 -0.3088 0.9085
vn -0.2609 0.9458 0.1932
vn -0.2658 -0.9446 -0.1926
vn 0.8107 0.5832 0.0520
vn -0.8107 0.5832 0.0520
vn 0.2607 0.3824 0.8864
vn -0.2586 -0.4134 -0.8731
vn -0.6204 0.5596 -0.5495
vn 0.6204 0.5596 -0.5495
vn -0.6650 -0.4651 -0.5844
vn 0.6650 -0.4651 -0.5844
vn -0.6727 0.6595 0.3355
vn 0.6727 0.6595 0.3355
vn -0.0785 0.4980 -0.8636
vn -0.4872 0.0183 -0.8731
vn -0.7714 -0.2868 -0.5680
vn -0.7714 0.2868 0.5680
vn -0.9033 0.2561 0.3442
vn 0.9033 0.2561 0.3442
vn -0.0864 -0.5029 0.8600
vn 0.4993 -0.6390 0.5851
vn 0.4993 0.6390 -0.5851
vn 0.3061 -0.6725 0.6738
vn -0.3061 -0.6725 0.6738
vn 0.0119 0.9941 0.1074
vn -0.0122 0.9941 0.1073
vn -0.4613 0.2897 -0.8386
vn -0.4613 -0.2897 0.8386
vn 0.2587 -0.4652 0.8466
vn 0.2587 0.4652 -0.8466
vn -0.4613 -0.2898 0.8386
vn -0.2667 0.4821 -0.8345
vn 0.2667 0.4821 -0.8345
vn -0.1872 -0.9442 -0.2712
vn -0.1872 0.9442 0.2712
vn -0.0598 -0.6129 -0.7879
vn 0.0589 0.6284 0.7757
vn 0.3258 -0.9199 -0.2184
vn 0.3258 0.9199 0.2184
vn 0.0340 0.9935 0.1090
vn 0.0340 -0.9935 -0.1090
vn 0.5599 0.6477 0.5167
vn 0.5599 -0.6477 -0.5167
vn -0.4617 -0.3674 -0.8074
vn 0.4652 -0.3732 -0.8027
vn 0.1871 -0.1229 0.9746
vn -0.1900 -0.1231 0.9740
vn 0.4697 0.3943 0.7899
vn -0.4663 0.3885 0.7948
vn 0.9505 0.2145 -0.2246
vn -0.9505 0.2145 -0.2246
vn -0.4612 0.4340 -0.7739
vn -0.4564 -0.4288 0.7797
vn 0.4350 -0.4371 0.7873
vn -0.4397 -0.4421 0.7818
vn 0.8320 0.2496 0.4954
vn -0.8320 0.2496 0.4954
vn -0.2088 0.1921 -0.9589
vn -0.2128 -0.1925 0.9580
vn 0.6556 0.0212 0.7548
vn -0.6556 0.0212 0.7548
vn 0.6662 0.0010 0.7458
vn -0.6713 0.0107 0.7411
vn -0.8240 -0.3775 -0.4226
vn 0.8240 -0.3775 -0.4226
vn -0.6301 0.6665 0.3984
vn 0.6301 0.6665 0.3984
vn -0.0452 -0.9943 -0.0968
vn 0.0452 -0.9943 -0.0968
vn 0.2176 -0.2787 0.9354
vn -0.2230 -0.2792 0.9340
vn -0.0149 0.9997 -0.0188
vn 0.0153 0.9997 -0.0188
vn -0.2518 0.6790 -0.6896
vn -0.8861 0.2450 0.3935
vn 0.8861 0.2450 0.3935
vn 0.4176 0.5957 0.6861
vn 0.4176 -0.5957 -0.6861
vn -0.6987 0.4820 -0.5286
vn 0.6987 0.4820 -0.5286
vn -0.2377 0.6787 -0.6949
vn -0.3995 -0.5897 -0.7019
vn 0.3995 -0.5897 -0.7019
vn 0.6569 -0.2237 -0.7200
vn 0.6563 -0.2202 -0.7217
vn -0.2831 -0.9185 -0.2761
vn -0.2831 0.9185 0.2761
vn -0.0000 -1.0000 -0.0000
vn -0.5967 0.4208 -0.6833
vn 0.5990 0.4022 -0.6924
vn 0.2023 -0.4065 0.8909
vn 0.2093 0.4071 -0.8891
vn 0.6108 0.4015 -0.6825
vn -0.4508 0.6269 -0.6354
vn -0.4264 0.6327 -0.6464
vn 0.8867 -0.0151 0.4621
vn -0.8867 -0.0151 0.4621
vn 0.6134 -0.2219 0.7579
vn -0.6134 -0.2219 0.7579
vn 0.5987 -0.2776 0.7513
vn 0.5987 0.2776 -0.7513
vn 0.1243 0.8751 0.4676
vn 0.8371 0.3232 0.4414
vn -0.8371 0.3232 0.4414
vn -0.7497 0.4583 -0.4774
vn 0.7497 0.4583 -0.4774
vn -0.5698 0.5775 -0.5847
vn 0.5698 0.5775 -0.5847
vn 0.5596 -0.3537 0.7495
vn -0.5596 -0.3537 0.7495
vn 0.0026 0.9997 -0.0260
vn 0.0026 -0.9997 0.0260
vn 0.0293 -0.9702 0.2405
vn -0.0302 -0.9702 0.2404
vn -0.1641 0.5098 -0.8445
vn 0.1728 0.5105 -0.8423
vn -0.8519 0.3293 -0.4073
vn -0.8519 -0.3293 0.4073
vn -0.4999 0.4725 -0.7258
vn 0.4999 0.4725 -0.7258
vn 0.7659 0.5070 0.3953
vn 0.7659 -0.5070 -0.3953
vn -0.0666 -0.9950 -0.0740
vn 0.0666 -0.9950 -0.0740
vn -0.7527 0.4394 -0.4903
vn 0.7527 0.4394 -0.4903
vn -0.0630 0.9625 -0.2638
vn -0.0944 0.0556 -0.9940
vn 0.0944 0.0556 -0.9940
vn -0.4580 0.5518 -0.6970
vn 0.4580 0.5518 -0.6970
vn -0.8536 -0.1460 -0.5001
vn 0.8536 -0.1460 -0.5001
vn -0.6905 0.5159 -0.5069
vn 0.6905 0.5159 -0.5069
vn 0.1225 -0.6550 0.7456
vn -0.1360 -0.6563 0.7421
vn 0.0841 0.1088 0.9905
vn -0.0841 0.1088 0.9905
vn 0.1324 -0.0680 0.9889
vn -0.1324 -0.0680 0.9889
vn -0.7945 0.2887 -0.5343
vn 0.7945 0.2887 -0.5343
vn 0.0924 -0.9637 0.2503
vn 0.3261 -0.7114 0.6225
vn 0.3261 0.7114 -0.6225
vn 0.8443 -0.0398 -0.5343
vn -0.0355 0.9984 -0.0440
vn -0.0355 -0.9984 0.0440
vn -0.2124 -0.1614 -0.9638
vn -0.2124 0.1614 0.9638
vn 0.4660 0.8410 0.2750
vn 0.4660 -0.8410 -0.2750
vn 0.3131 -0.3008 0.9008
vn 0.3131 0.3008 -0.9008
vn -0.1269 -0.4362 0.8908
vn 0.1269 -0.4362 0.8908
vn -0.2325 0.1427 -0.9621
vn -0.2325 -0.1427 0.9621
vn -0.3584 -0.3386 -0.8700
vn -0.3584 0.3386 0.8700
vn 0.7391 0.4006 -0.5414
vn -0.6167 0.6677 -0.4170
vn 0.6167 0.6677 -0.4170
vn -0.0522 -0.4549 0.8890
vn 0.0522 -0.4549 0.8890
vn 0.4633 -0.7828 0.4154
vn 0.4633 0.7828 -0.4154
vn 0.6952 -0.5869 0.4150
vn 0.6952 0.5869 -0.4150
vn 0.4024 0.2982 0.8656
vn -0.4024 0.2982 0.8656
vn 0.3877 -0.2529 0.8864
vn 0.3877 0.2529 -0.8864
vn -0.7654 0.3704 0.5262
vn -0.0014 0.5373 0.8434
vn 0.0014 0.5373 0.8434
vn -0.7831 0.4829 -0.3919
vn 0.7831 0.4829 -0.3919
vn 0.2656 0.1934 0.9445
vn 0.2656 -0.1934 -0.9445
vn 0.0635 -0.9476 -0.3130
vn -0.0513 0.4818 -0.8748
vn 0.0513 0.4818 -0.8748
vn -0.4902 -0.2055 -0.8470
vn 0.4902 -0.2055 -0.8470
vn -0.3154 0.1923 -0.9292
vn 0.3154 0.1923 -0.9292
vn 0.0791 0.5687 0.8188
vn -0.0791 0.5687 0.8188
vn -0.1497 0.9621 -0.2281
vn -0.1497 -0.9621 0.2281
vn -0.4533 0.8771 -0.1589
vn -0.4533 -0.8771 0.1589
vn -0.0863 -0.9933 -0.0765
vn 0.0863 -0.9933 -0.0765
vn 0.4690 -0.1983 0.8606
vn -0.4690 -0.1983 0.8606
vn -0.8292 0.4116 -0.3782
vn 0.8292 0.4116 -0.3782
vn 0.1689 -0.5169 0.8393
vn 0.1689 0.5169 -0.8393
vn 0.5527 0.1213 0.8245
vn -0.5527 0.1213 0.8245
vn -0.1480 -0.5618 -0.8139
vn 0.1480 -0.5618 -0.8139
vn -0.3776 -0.2133 -0.9011
vn -0.3776 0.2133 0.9011
vn -0.3693 0.9291 -0.0179
vn 0.3693 0.9291 -0.0179
vn -0.8930 0.0814 -0.4427
vn 0.8930 0.0814 -0.4427
vn 0.6104 -0.7830 0.1199
vn -0.6104 -0.7830 0.1199
vn -0.3988 0.2454 -0.8836
vn 0.3988 0.2454 -0.8836
vn -0.5421 0.1360 -0.8292
vn -0.5421 -0.1360 0.8292
vn -0.0873 0.9817 0.1691
vn -0.0969 -0.9813 -0.1666
vn 0.2556 -0.5327 0.8068
vn -0.2556 -0.5327 0.8068
vn 0.8501 -0.3679 0.3767
vn -0.8501 -0.3679 0.3767
vn -0.0453 0.9979 -0.0453
vn 0.0453 0.9979 -0.0453
vn -0.6328 -0.0487 -0.7728
vn -0.6328 0.0487 0.7728
vn 0.2688 0.5857 0.7646
vn -0.2688 0.5857 0.7646
vn 0.4785 0.2488 0.8421
vn -0.4785 0.2488 0.8421
vn 0.5268 -0.6001 0.6020
vn -0.5268 -0.6001 0.6020
vn -0.5716 0.7018 -0.4251
vn 0.5716 0.7018 -0.4251
vn 0.5966 -0.5336 0.5995
vn -0.5966 -0.5336 0.5995
vn 0.0363 0.8098 -0.5856
vn 0.0363 -0.8098 0.5856
vn -0.6205 0.0599 -0.7819
vn 0.6205 0.0599 -0.7819
vn 0.5274 -0.3516 0.7735
vn -0.5274 -0.3516 0.7735
vn -0.7039 0.7082 -0.0547
vn 0.7039 0.7082 -0.0547
vn -0.1380 -0.8016 0.5817
vn 0.1380 -0.8016 0.5817
vn 0.1093 -0.7990 0.5913
vn 0.1093 0.7990 -0.5913
vn -0.6415 0.4758 -0.6017
vn 0.6415 0.4758 -0.6017
vn 0.4301 -0.5506 0.7154
vn 0.4301 0.5506 -0.7154
vn -0.3852 -0.5926 -0.7074
vn 0.3852 -0.5926 -0.7074
vn -0.7134 -0.4228 -0.5588
vn 0.7134 -0.4228 -0.5588
vn 0.7126 -0.0758 0.6974
vn -0.7126 -0.0758 0.6974
vn 0.7639 0.3015 0.5706
vn 0.7639 -0.3015 -0.5706
vn -0.6822 0.5884 -0.4340
vn -0.6822 -0.5884 0.4340
vn 0.1866 -0.8008 0.5691
vn -0.1866 -0.8008 0.5691
vn 0.2142 0.7880 -0.5773
vn 0.2142 -0.7880 0.5773
vn -0.6679 -0.4927 -0.5578
vn 0.6679 -0.4927 -0.5578
vn 0.8003 0.1726 0.5743
vn -0.8003 0.1726 0.5743
vn -0.7103 0.3742 -0.5962
vn -0.7103 -0.3742 0.5962
vn -0.4347 0.8831 0.1766
vn -0.4347 -0.8831 -0.1766
vn 0.3714 -0.7428 0.5571
vn -0.3714 -0.7428 0.5571
vn -0.0049 -0.9893 -0.1456
vn 0.0050 -0.9893 -0.1456
vn 0.8451 0.0419 0.5329
vn -0.8451 0.0419 0.5330
vn 0.6106 0.5703 0.5495
vn 0.6106 -0.5703 -0.5495
vn -0.5854 -0.3646 -0.7241
vn -0.5854 0.3646 0.7241
vn 0.7815 -0.2812 0.5569
vn -0.7815 -0.2812 0.5569
vn 0.1191 0.8642 0.4888
vn -0.1191 0.8642 0.4888
vn 0.0155 0.8807 0.4734
vn 0.0155 -0.8807 -0.4734
vn 0.7326 0.0335 0.6799
vn 0.7326 -0.0335 -0.6799
vn -0.0371 -0.9862 -0.1616
vn 0.0371 -0.9862 -0.1616
vn 0.2536 0.8353 0.4878
vn -0.2536 0.8353 0.4878
vn 0.5385 0.5565 0.6327
vn 0.5385 -0.5565 -0.6327
vn 0.8986 0.0115 0.4386
vn -0.9006 0.0171 0.4344
vn 0.9006 0.0171 0.4344
vn -0.8986 0.0115 0.4386
vn 0.0263 -0.9069 -0.4206
vn 0.0263 0.9069 0.4206
vn 0.8857 -0.1960 0.4208
vn -0.8920 -0.1846 0.4126
vn -0.8929 0.1910 -0.4078
vn 0.8865 0.2022 -0.4161
vn 0.3349 0.7917 0.5110
vn -0.3349 0.7917 0.5110
vn 0.8770 0.1962 0.4385
vn 0.1541 -0.9341 -0.3221
vn 0.1623 0.9334 0.3201
vn 0.8710 -0.1383 0.4714
vn 0.8710 0.1383 -0.4714
vn 0.4131 -0.8655 0.2832
vn 0.4131 0.8655 -0.2832
vn 0.9640 0.0490 0.2614
vn -0.9640 0.0490 0.2614
vn 0.7804 -0.6252 0.0090
vn 0.7804 0.6252 -0.0090
vn -0.0000 -0.8152 -0.5792
vn -0.5458 -0.6836 -0.4846
vn 0.5458 -0.6835 -0.4846
vn 0.8111 0.3244 0.4867
vn -0.2364 0.9276 -0.2891
vn 0.2364 0.9276 -0.2891
vn 0.8333 0.3688 0.4118
vn 0.8333 -0.3688 -0.4118
vn -0.8340 -0.3629 -0.4157
vn -0.8340 0.3629 0.4157
vn -0.9585 -0.1917 -0.2109
vn -0.9585 0.1917 0.2109
vn -0.7336 -0.5389 0.4140
vn 0.9442 -0.1550 0.2905
vn -0.9442 -0.1550 0.2905
vn -0.3027 0.8229 -0.4809
vn 0.3027 0.8229 -0.4809
vn 0.0905 -0.8571 0.5071
vn -0.0924 -0.8569 0.5071
vn -0.0779 0.8604 -0.5036
vn -0.0796 -0.8603 0.5036
vn 0.5485 -0.8351 0.0415
vn 0.5485 0.8351 -0.0416
vn 0.9981 -0.0508 0.0338
vn -0.9981 -0.0508 0.0338
vn -0.8914 0.3780 -0.2501
vn 0.8914 0.3780 -0.2501
vn 0.5971 0.7808 0.1837
vn -0.5971 0.7808 0.1837
vn -0.2495 0.9383 0.2394
vn 0.1340 -0.9643 0.2286
vn 0.1340 0.9643 -0.2286
vn -0.9129 -0.4016 0.0731
vn 0.9129 -0.4016 0.0731
vn 0.5009 -0.8237 -0.2657
vn 0.5009 0.8237 0.2657
vn 0.8707 -0.4327 0.2337
vn 0.8707 0.4327 -0.2337
vn 0.9257 0.3349 0.1760
vn -0.9257 0.3349 0.1760
vn -0.0117 0.9996 -0.0255
vn -0.0117 -0.9996 0.0255
vn -0.3972 -0.9102 -0.1177
vn -0.3972 0.9102 0.1177
vn 0.6711 -0.7256 -0.1521
vn -0.6710 -0.7256 -0.1521
vn -0.9978 0.0584 0.0318
vn -0.9978 -0.0584 -0.0318
vn -0.9264 0.3344 0.1730
vn 0.9264 0.3344 0.1730
vn 0.6479 0.7593 -0.0607
vn 0.6479 -0.7593 0.0607
vn 0.8337 -0.5130 -0.2044
vn 0.8337 0.5130 0.2044
vn 0.7818 -0.5862 0.2126
vn 0.7818 0.5862 -0.2126
vn 0.0210 -0.9780 0.2075
vn 0.0210 0.9780 -0.2075
vn -0.3188 -0.9410 -0.1135
vn -0.3188 0.9410 0.1135
vn 0.9813 0.0378 -0.1887
vn -0.9813 0.0378 -0.1887
vn -0.3816 0.9222 0.0636
vn -0.3816 -0.9222 -0.0636
vn 0.7832 0.5457 -0.2981
vn -0.7832 0.5457 -0.2981
vn 0.8873 0.4338 0.1568
vn -0.8873 0.4338 0.1568
vn -0.9926 -0.0764 0.0947
vn -0.9926 0.0764 -0.0947
vn 0.8297 -0.5577 -0.0216
vn -0.8297 -0.5577 -0.0216
vn 0.8792 0.3574 -0.3150
vn -0.8792 0.3574 -0.3150
vn 0.9551 -0.2754 -0.1094
vn 0.9551 0.2754 0.1094
vn 0.7520 -0.6277 0.2012
vn 0.7520 0.6277 -0.2012
vn -0.1196 -0.9831 -0.1383
vn 0.1196 -0.9831 -0.1383
vn 0.1882 0.9784 0.0857
vn 0.1882 -0.9784 -0.0857
vn 0.1850 -0.8869 -0.4234
vn -0.1914 -0.8863 -0.4217
vn 0.5367 0.8256 -0.1741
vn 0.5367 -0.8256 0.1741
vn 0.0871 0.9800 -0.1787
vn -0.0871 0.9800 -0.1787
vn 0.5993 -0.7473 -0.2871
vn -0.5993 -0.7473 -0.2871
vn -0.6937 0.6986 -0.1752
vn -0.6937 -0.6986 0.1752
vn 0.0156 0.9947 0.1012
vn -0.0156 0.9947 0.1012
vn 0.9292 -0.1852 -0.3197
vn 0.9292 0.1852 0.3197
vn -0.8532 -0.5039 -0.1349
vn 0.8532 -0.5039 -0.1349
vn 0.2713 -0.9545 -0.1236
vn 0.2713 0.9545 0.1236
vn 0.9294 -0.3427 -0.1369
vn 0.9294 0.3427 0.1369
vn 0.9439 -0.0229 -0.3293
vn -0.9439 -0.0229 -0.3293
vn 0.9683 0.1740 -0.1790
vn -0.9683 0.1740 -0.1790
vn 0.7805 -0.4950 -0.3817
vn -0.7805 -0.4950 -0.3817
vn -0.0666 -0.9968 -0.0446
vn 0.0666 -0.9968 -0.0446
vn -0.5639 0.7544 0.3360
vn -0.5639 -0.7544 -0.3360
vn -0.7113 -0.5790 0.3985
vn 0.7113 -0.5790 0.3985
vn -0.0000 -0.9959 -0.0905
vn 0.8290 0.3285 -0.4527
vn 0.8289 -0.3285 0.4527
vn 0.4514 0.8608 -0.2351
vn -0.4514 0.8608 -0.2351
vn 0.1535 0.9763 -0.1522
vn -0.1535 0.9763 -0.1522
vn 0.9660 0.0412 0.2552
vn -0.9660 0.0412 0.2552
vn -0.8521 0.5218 0.0401
vn 0.8521 0.5218 0.0401
vn 0.8016 0.5889 0.1029
vn -0.8016 0.5889 0.1029
vn -0.0057 0.9998 0.0201
vn -0.0057 -0.9998 -0.0201
vn -0.8637 0.4519 0.2232
vn -0.8637 -0.4519 -0.2232
vn -0.9400 -0.0197 0.3406
vn 0.9241 -0.2020 0.3246
vn -0.9236 -0.1907 0.3325
vn -0.1185 -0.9861 -0.1166
vn 0.1185 -0.9861 -0.1166
vn -0.9190 0.2150 -0.3305
vn 0.9191 0.2264 -0.3224
vn 0.1904 -0.9611 -0.2003
vn -0.1904 -0.9611 -0.2003
vn 0.8956 -0.0912 -0.4354
vn -0.8956 -0.0912 -0.4354
vn -0.5014 0.7564 0.4201
vn -0.5014 -0.7564 -0.4201
vn 0.6003 -0.7446 0.2919
vn -0.6003 -0.7446 0.2919
vn -0.9247 -0.1799 -0.3354
vn 0.8977 -0.1038 -0.4281
vn -0.8977 -0.1038 -0.4281
vn 0.9216 0.1872 0.3400
vn 0.8525 -0.4063 0.3289
vn -0.8525 -0.4063 0.3289
vn 0.9427 0.2530 -0.2176
vn -0.9427 0.2530 -0.2177
vn 0.8589 -0.4012 0.3184
vn 0.8589 0.4012 -0.3184
vn 0.6368 0.5968 -0.4882
vn -0.6368 0.5968 -0.4882
vn 0.3432 0.8837 -0.3183
vn -0.3432 0.8837 -0.3183
vn 0.2089 0.8287 0.5193
vn 0.7710 -0.5318 0.3504
vn 0.7828 -0.5184 0.3443
vn 0.0243 -0.9997 -0.0035
vn 0.0243 0.9997 0.0035
vn 0.7260 -0.4503 -0.5197
vn -0.7260 -0.4503 -0.5197
vn 0.7862 0.2802 -0.5508
vn -0.7862 0.2802 -0.5508
vn 0.6120 0.6943 -0.3787
vn 0.6120 -0.6943 0.3787
vn 0.1462 0.9812 0.1263
vn -0.1462 0.9812 0.1263
vn -0.5761 0.7962 -0.1848
vn 0.5761 0.7962 -0.1848
vn 0.0269 0.9964 0.0808
vn -0.0269 0.9964 0.0808
vn 0.8132 0.4972 0.3025
vn -0.4927 0.7770 -0.3919
vn 0.4883 0.7779 -0.3955
vn -0.4800 0.7884 -0.3847
vn -0.3219 0.8621 -0.3913
vn 0.3219 0.8621 -0.3913
vn 0.3213 -0.8700 0.3740
vn 0.3213 0.8700 -0.3740
vn 0.1046 -0.9206 0.3762
vn -0.1067 -0.9204 0.3762
vn -0.8306 0.5041 0.2368
vn -0.8306 -0.5041 -0.2368
vn -0.1092 0.9191 -0.3785
vn 0.1114 0.9189 -0.3785
vn 0.0322 0.4612 0.8867
vn -0.0322 0.4612 0.8867
vn 0.5992 -0.6975 -0.3929
vn -0.5992 -0.6975 -0.3929
vn -0.1867 0.9810 -0.0524
vn 0.2021 0.9770 -0.0674
vn 0.8354 -0.1654 -0.5241
vn -0.8354 -0.1654 -0.5241
vn 0.0975 -0.9614 -0.2573
vn -0.0975 -0.9614 -0.2573
vn 0.5328 0.3686 0.7617
vn -0.5328 0.3686 0.7617
vn -0.4952 0.4844 0.7212
vn 0.4952 0.4844 0.7212
vn 0.0185 0.6847 0.7286
vn 0.0185 -0.6847 -0.7286
vn 0.2464 0.9089 -0.3365
vn -0.2464 0.9089 -0.3365
vn 0.4278 -0.7661 -0.4797
vn -0.4278 -0.7661 -0.4797
vn -0.5364 -0.6154 0.5776
vn -0.5364 0.6154 -0.5776
vn 0.9018 0.3320 -0.2766
vn -0.9018 0.3320 -0.2766
vn 0.8710 -0.0576 -0.4879
vn -0.8710 -0.0576 -0.4879
vn -0.4166 -0.8961 -0.1532
vn -0.7785 0.5727 0.2568
vn 0.7785 0.5727 0.2568
vn -0.4078 0.6958 0.5913
vn 0.4078 0.6958 0.5913
vn 0.4264 0.6396 0.6396
vn -0.4264 0.6396 0.6396
vn 0.7179 0.2262 -0.6584
vn -0.7179 0.2262 -0.6584
vn -0.0000 -0.9969 -0.0787
vn -0.0000 0.9969 0.0787
vn 0.6877 -0.4307 -0.5845
vn -0.6877 -0.4307 -0.5845
vn -0.0000 0.7809 0.6247
vn -0.1849 -0.9793 -0.0828
vn 0.1849 -0.9793 -0.0828
vn -0.0038 -0.9966 -0.0827
vn -0.0038 0.9966 0.0827
vn 0.5053 0.8343 -0.2204
vn -0.3615 -0.7857 -0.5019
vn 0.3615 -0.7857 -0.5019
vn 0.3387 -0.7846 -0.5193
vn -0.3387 -0.7846 -0.5193
vn -0.9197 -0.2854 -0.2696
vn 0.9197 -0.2854 -0.2696
vn 0.8149 -0.4918 -0.3068
vn -0.8149 -0.4918 -0.3068
vn -0.0578 0.9629 0.2636
vn 0.0578 0.9629 0.2636
vn 0.2217 0.7673 0.6017
vn 0.1530 0.9221 -0.3555
vn 0.1530 -0.9221 0.3555
vn -0.0206 -0.9283 -0.3713
vn 0.0206 -0.9283 -0.3713
vn 0.8056 -0.2032 -0.5565
vn -0.8056 -0.2032 -0.5565
vn -0.7518 0.5892 0.2961
vn 0.7518 0.5892 0.2961
vn -0.8063 -0.5475 -0.2240
vn 0.8063 -0.5475 -0.2240
vn 0.2715 0.9072 0.3214
vn -0.2715 0.9072 0.3214
vn -0.2233 0.9232 0.3127
vn 0.2233 0.9232 0.3127
vn -0.8706 -0.3830 0.3088
vn 0.8706 -0.3830 0.3088
vn 0.6110 0.7789 0.1410
vn -0.6110 0.7789 0.1410
vn 0.5763 -0.7865 -0.2221
vn -0.5763 -0.7865 -0.2221
vn 0.4732 0.6056 -0.6398
vn 0.4732 -0.6055 0.6398
vn 0.6190 -0.6566 -0.4309
vn 0.6190 0.6566 0.4309
vn -0.4908 -0.8664 -0.0920
vn -0.4908 0.8664 0.0920
vn -0.3836 0.9168 0.1105
vn -0.3836 -0.9168 -0.1105
vn -0.0073 -0.9954 -0.0952
vn 0.0073 -0.9954 -0.0952
vn 0.3473 -0.7590 -0.5508
vn 0.3473 0.7590 0.5508
vn 0.1027 0.9924 0.0685
vn 0.1027 -0.9924 -0.0685
vn -0.8181 -0.0092 0.5750
vn 0.8181 -0.0092 0.5750
vn -0.9457 0.2009 -0.2554
vn 0.9457 0.2118 -0.2467
vn -0.9446 0.2141 -0.2487
vn -0.9448 -0.2031 0.2573
vn 0.9512 0.1750 0.2542
vn 0.9512 -0.1750 -0.2541
vn -0.9558 -0.1754 -0.2359
vn 0.9558 -0.1754 -0.2359
vn 0.0530 0.9985 -0.0159
vn -0.0530 0.9985 -0.0159
vn 0.6653 0.2153 -0.7148
vn 0.6653 -0.2154 0.7148
vn -0.8407 0.4988 0.2110
vn 0.8302 -0.5156 -0.2121
vn -0.4670 -0.8838 0.0287
vn -0.4670 0.8838 -0.0287
vn -0.6323 -0.7025 0.3264
vn -0.3864 0.9186 -0.0823
vn 0.3864 0.9186 -0.0823
vn -0.1237 -0.9895 0.0742
vn 0.1237 -0.9895 0.0742
vn 0.9475 0.2379 -0.2137
vn -0.9475 0.2379 -0.2137
vn -0.6550 0.7264 -0.2080
vn 0.6550 0.7264 -0.2080
vn 0.8856 -0.3699 0.2808
vn -0.8856 -0.3699 0.2808
vn -0.6713 -0.7318 0.1177
vn 0.6713 -0.7318 0.1177
vn -0.7854 0.5610 -0.2618
vn 0.7854 0.5610 -0.2618
vn -0.8282 -0.5242 0.1980
vn -0.8282 0.5242 -0.1980
vn 0.6216 -0.7697 0.1454
vn -0.6216 -0.7697 0.1454
vn -0.0000 0.9939 -0.1105
vn 0.7644 -0.2409 -0.5980
vn -0.7644 -0.2409 -0.5980
vn -0.1820 -0.9811 -0.0664
vn -0.1820 0.9811 0.0664
vn 0.6156 -0.3966 -0.6809
vn -0.6156 -0.3966 -0.6809
vn 0.1050 -0.9538 0.2815
vn -0.1069 -0.9536 0.2815
vn -0.0183 -0.9996 -0.0209
vn 0.0183 -0.9996 -0.0209
vn 0.2264 0.9285 -0.2944
vn 0.2264 -0.9285 0.2944
vn -0.2303 0.9211 -0.3140
vn 0.2303 0.9211 -0.3140
vn 0.0021 0.9996 0.0280
vn 0.0022 -0.9996 -0.0280
vn -0.4457 -0.6085 0.6565
vn 0.4457 -0.6085 0.6565
vn 0.9941 0.0353 0.1023
vn -0.9941 0.0353 0.1023
vn -0.0000 0.9192 -0.3939
vn -0.4645 -0.6423 0.6096
vn 0.4645 -0.6423 0.6096
vn -0.4249 0.6780 -0.5999
vn -0.4249 -0.6780 0.5999
vn 0.3324 -0.9398 0.0799
vn -0.3324 -0.9398 0.0799
vn -0.9904 -0.0644 -0.1221
vn -0.9904 0.0644 0.1221
vn 0.5509 0.4453 -0.7059
vn -0.5509 0.4453 -0.7059
vn -0.5130 0.4630 -0.7228
vn 0.5130 0.4630 -0.7228
vn -0.3201 0.7418 0.5894
vn 0.3201 0.7418 0.5894
vn -0.0000 0.6585 -0.7526
vn -0.6420 -0.1975 0.7408
vn 0.6420 -0.1975 0.7408
vn 0.5468 -0.2844 0.7875
vn 0.5468 0.2844 -0.7875
vn -0.5937 -0.2342 0.7699
vn -0.5937 0.2342 -0.7699
vn -0.2322 0.7525 0.6163
vn 0.2357 0.7521 0.6154
vn 0.7871 0.0316 -0.6160
vn -0.7871 0.0315 -0.6160
vn -0.0000 -0.3939 0.9192
vn -0.5708 0.8107 -0.1300
vn 0.5708 0.8107 -0.1300
vn -0.3841 0.9182 -0.0966
vn 0.3841 0.9182 -0.0966
vn 0.0052 0.2290 -0.9734
vn -0.0052 0.2290 -0.9734
vn 0.1551 0.9825 0.1034
vn 0.5815 -0.3720 -0.7235
vn 0.5815 0.3720 0.7235
vn -0.9646 -0.2434 -0.1015
vn 0.9646 -0.2434 -0.1015
vn 0.0459 0.9974 0.0548
vn 0.0459 -0.9974 -0.0548
vn 0.7703 -0.6340 0.0689
vn -0.7703 -0.6340 0.0689
vn -0.0050 -0.9989 -0.0458
vn 0.0052 -0.9989 -0.0457
vn -0.8190 -0.5675 -0.0845
vn -0.8190 0.5675 0.0845
vn 0.5582 0.8271 0.0658
vn -0.5582 0.8271 0.0658
vn 0.9357 0.3436 0.0800
vn -0.9357 0.3436 0.0800
vn 0.0132 0.9994 0.0307
vn -0.1291 -0.9914 -0.0223
vn -0.1291 0.9914 0.0223
vn 0.8697 -0.4772 0.1265
vn -0.8697 -0.4772 0.1265
vn 0.0142 -0.9993 -0.0332
vn -0.9803 0.0231 -0.1963
vn 0.9822 0.0116 -0.1876
vn -0.9806 0.0254 -0.1946
vn 0.9785 0.0369 -0.2031
vn 0.9665 0.1691 0.1933
vn -0.9657 -0.1738 -0.1931
vn 0.9596 -0.2068 0.1907
vn 0.9604 -0.2049 0.1891
vn -0.9015 -0.3948 -0.1773
vn -0.9015 0.3948 0.1773
vn -0.9134 -0.3653 -0.1793
vn -0.9134 0.3653 0.1793
vn 0.2261 -0.9736 0.0314
vn -0.2185 -0.9754 0.0283
vn 0.9019 -0.3852 0.1955
vn 0.9070 -0.3770 0.1875
vn -0.9049 -0.3858 0.1796
vn 0.9399 -0.3309 0.0842
vn -0.9399 -0.3309 0.0842
vn -0.4283 -0.9014 -0.0635
vn -0.8422 0.4963 -0.2106
vn 0.8422 0.4963 -0.2106
vn -0.8420 -0.5010 0.2003
vn 0.1086 -0.9844 0.1386
vn -0.1100 -0.9843 0.1377
vn -0.6550 0.7255 -0.2112
vn -0.6550 -0.7255 0.2112
vn 0.6566 0.7214 -0.2201
vn 0.8753 -0.4835 -0.0078
vn -0.8753 -0.4835 -0.0078
vn -0.0962 -0.9794 0.1774
vn -0.0846 0.9818 -0.1699
vn -0.0861 -0.9817 0.1699
vn 0.2196 0.9747 0.0415
vn 0.2196 -0.9747 -0.0415
vn -0.0304 -0.9989 -0.0346
vn 0.0304 -0.9989 -0.0346
vn 0.0544 0.9984 0.0132
vn -0.0544 0.9984 0.0132
vn -0.0016 -0.9994 -0.0340
vn 0.0017 -0.9994 -0.0340
vn -0.5785 0.8125 -0.0715
vn 0.5785 0.8125 -0.0715
vn 0.4552 -0.3106 0.8345
vn -0.4552 -0.3106 0.8345
vn 0.7222 -0.6822 0.1141
vn 0.7222 0.6822 -0.1141
vn -0.2226 0.5784 -0.7848
vn 0.2261 0.5783 -0.7838
vn -0.9290 -0.3694 -0.0213
vn -0.9290 0.3694 0.0213
vn -0.3977 0.9099 -0.1181
vn 0.3977 0.9099 -0.1181
vn 0.9509 0.2870 0.1155
vn -0.9509 0.2870 0.1155
vn 0.6620 0.0542 0.7475
vn 0.6620 -0.0542 -0.7475
vn 0.8381 0.5455 -0.0034
vn 0.8381 -0.5455 0.0034
vn 0.2600 -0.9611 0.0934
vn -0.2600 -0.9611 0.0934
vn 0.2133 -0.7069 0.6744
vn -0.2133 -0.7069 0.6744
vn 0.9905 0.0723 0.1169
vn -0.9905 0.0723 0.1169
vn 0.4359 0.2904 0.8518
vn -0.4359 0.2904 0.8518
vn -0.5015 0.3769 -0.7787
vn 0.5015 0.3769 -0.7787
vn -0.6012 -0.7989 -0.0155
vn 0.6012 -0.7989 -0.0155
vn -0.9929 0.0085 -0.1187
vn 0.9929 0.0085 -0.1187
vn 0.1115 0.9937 0.0089
vn 0.1115 -0.9937 -0.0089
vn -0.2053 -0.6456 0.7356
vn 0.6218 -0.5504 0.5572
vn -0.6218 -0.5504 0.5572
vn 0.6010 -0.1654 0.7819
vn -0.6010 -0.1654 0.7819
vn -0.2268 0.9739 -0.0117
vn 0.2524 0.9672 -0.0277
vn -0.9775 -0.1705 -0.1243
vn -0.9931 -0.0116 0.1165
vn -0.9710 0.2134 -0.1078
vn -0.9710 -0.2134 0.1078
vn -0.9686 -0.2120 0.1295
vn 0.7381 -0.0178 0.6744
vn 0.7381 0.0178 -0.6744
vn 0.9202 -0.3771 0.1053
vn 0.9202 0.3771 -0.1053
vn 0.6480 0.7578 0.0766
vn 0.6480 -0.7578 -0.0766
vn -0.9818 0.1554 -0.1095
vn 0.9818 0.1554 -0.1095
vn 0.6710 0.7343 0.1024
vn 0.6792 -0.7277 -0.0960
vn -0.3576 -0.9336 -0.0225
vn -0.2699 -0.9629 -0.0039
vn 0.2699 -0.9629 -0.0039
vn 0.4040 0.2702 0.8739
vn -0.4040 0.2702 0.8739
vn -0.0000 1.0000 -0.0000
vn 0.0322 0.9995 0.0035
vn 0.0322 -0.9995 -0.0035
vn 0.0540 0.9985 0.0082
vn -0.0540 0.9985 0.0082
vn -0.0322 -0.9995 -0.0049
vn 0.0322 -0.9995 -0.0049
vn -0.6664 0.7339 -0.1312
vn -0.6664 -0.7339 0.1312
vn 0.6621 -0.7391 0.1235
vn -0.6621 -0.7391 0.1235
vn 0.1868 0.6632 0.7247
vn -0.1868 0.6632 0.7247
vn 0.2419 -0.7301 0.6391
vn -0.2419 -0.7301 0.6391
vn 0.4953 0.8601 -0.1217
vn 0.5068 -0.8554 0.1069
vn 0.4995 0.8584 -0.1163
vn 0.2939 -0.9489 0.1152
vn -0.2949 -0.9509 0.0943
vn 0.6089 -0.1144 0.7850
vn -0.6089 -0.1144 0.7850
vn -0.1891 -0.6663 -0.7213
vn 0.1891 -0.6663 -0.7213
vn -0.8184 -0.3894 -0.4225
vn 0.8184 -0.3894 -0.4225
vn 0.5680 -0.4234 0.7058
vn -0.5680 -0.4234 0.7058
vn -0.5651 0.8234 -0.0519
vn 0.5651 0.8234 -0.0519
vn -0.5021 -0.2999 -0.8112
vn -0.5021 0.2999 0.8112
vn 0.6076 -0.5996 0.5209
vn 0.6076 0.5996 -0.5209
vn 0.0091 -0.9368 0.3496
vn 0.0091 0.9368 -0.3496
vn 0.1856 -0.7276 0.6604
vn 0.1901 0.7275 -0.6593
vn 0.6780 -0.0434 0.7338
vn 0.6780 0.0434 -0.7338
vn 0.7853 -0.0753 0.6145
vn -0.7853 -0.0753 0.6145
vn 0.7046 -0.5126 0.4906
vn -0.7046 -0.5126 0.4906
vn -0.3070 0.7442 -0.5933
vn -0.3070 -0.7442 0.5933
vn -0.4865 0.8730 -0.0342
vn 0.4865 0.8730 -0.0342
vn -0.2876 -0.6945 -0.6595
vn -0.2876 0.6945 0.6595
vn 0.8883 0.2760 0.3670
vn -0.8883 0.2760 0.3670
vn -0.7666 0.4424 -0.4655
vn 0.7666 0.4424 -0.4655
vn -0.3297 -0.9037 -0.2733
vn -0.3297 0.9037 0.2733
vn 0.0464 -0.9435 0.3282
vn -0.0464 -0.9435 0.3282
vn -0.5943 -0.3569 -0.7207
vn 0.5943 -0.3569 -0.7207
vn 0.4193 -0.9078 0.0051
vn -0.4193 -0.9078 0.0051
vn -0.0502 -0.9984 -0.0265
vn -0.0502 0.9984 0.0265
vn -0.6148 0.4659 -0.6363
vn -0.6148 -0.4659 0.6363
vn -0.7555 -0.0324 -0.6543
vn 0.7555 -0.0324 -0.6543
vn -0.0705 -0.9974 -0.0152
vn 0.0705 -0.9974 -0.0152
vn -0.5592 0.6868 -0.4643
vn 0.5592 0.6868 -0.4643
vn 0.0535 0.9181 0.3928
vn -0.0535 0.9181 0.3928
vn 0.4114 0.6823 0.6043
vn 0.4114 -0.6823 -0.6043
vn 0.2895 0.9572 0.0087
vn -0.2895 0.9572 0.0087
vn -0.8200 0.3619 -0.4435
vn 0.8200 0.3619 -0.4435
vn 0.9836 0.1679 0.0656
vn -0.9967 0.0464 -0.0664
vn -0.9964 -0.0348 0.0775
vn 0.9848 0.1561 0.0766
vn -0.9975 0.0232 -0.0665
vn -0.9979 -0.0348 0.0554
vn -0.9186 -0.3886 -0.0722
vn 0.9243 -0.3765 -0.0623
vn 0.8305 -0.1362 0.5401
vn -0.8305 -0.1362 0.5401
vn 0.9286 0.3639 0.0730
vn 0.9228 -0.3762 -0.0829
vn -0.9737 -0.2205 0.0572
vn -0.0243 -0.9994 -0.0259
vn -0.0243 0.9994 0.0259
vn -0.8488 -0.5245 -0.0668
vn 0.8430 -0.5349 -0.0568
vn -0.8646 0.4745 -0.1651
vn -0.8646 -0.4745 0.1651
vn 0.8361 0.5446 0.0658
vn -0.9254 -0.3750 0.0548
vn -0.8640 -0.4997 0.0620
vn -0.3996 0.7577 -0.5160
vn 0.3996 0.7577 -0.5160
vn 0.0169 0.9998 0.0119
vn -0.0169 0.9998 0.0119
vn -0.6730 -0.7374 0.0571
vn 0.6586 0.7508 -0.0497
vn 0.1609 -0.7990 0.5795
vn 0.1662 0.7988 -0.5782
vn -0.9241 -0.2126 -0.3177
vn -0.9241 0.2126 0.3177
vn 0.4816 -0.8749 0.0513
vn 0.5028 -0.8629 0.0512
vn 0.4816 0.8749 -0.0513
vn 0.2922 -0.9552 0.0473
vn 0.2922 0.9552 -0.0473
vn 0.0760 -0.9965 0.0348
vn -0.1683 -0.9185 -0.3579
vn -0.1683 0.9185 0.3579
vn 0.6343 0.4077 0.6569
vn -0.6342 0.4077 0.6569
vn -0.0962 0.9496 -0.2983
vn -0.0962 -0.9496 0.2983
vn -0.8175 -0.0647 -0.5723
vn 0.8175 -0.0647 -0.5723
vn 0.8916 -0.2350 0.3871
vn 0.8916 0.2350 -0.3871
vn -0.5111 -0.6702 -0.5382
vn 0.5111 -0.6702 -0.5382
vn -0.2573 -0.9151 -0.3104
vn 0.2573 -0.9151 -0.3104
vn -0.6851 0.5017 -0.5281
vn 0.6851 0.5017 -0.5281
vn -0.8350 0.5283 -0.1539
vn -0.8350 -0.5283 0.1539
vn 0.5009 -0.7600 0.4141
vn -0.5009 -0.7600 0.4141
vn 0.9509 0.1269 0.2823
vn -0.9509 0.1269 0.2823
vn -0.8609 0.2243 -0.4566
vn 0.8609 0.2243 -0.4566
vn -0.9326 0.1572 -0.3248
vn 0.9326 0.1572 -0.3248
vn -0.4508 0.7862 -0.4227
vn -0.4509 -0.7862 0.4227
vn 0.2199 -0.9495 0.2237
vn -0.2199 -0.9495 0.2237
vn -0.9924 0.0899 0.0840
vn 0.9924 0.0899 0.0840
vn -0.7477 -0.4741 -0.4650
vn 0.7476 -0.4741 -0.4650
vn 0.9974 -0.0341 -0.0638
vn 0.9974 0.0341 0.0638
vn -0.3852 -0.8825 -0.2697
vn 0.3852 -0.8825 -0.2697
vn 0.0860 0.9963 0.0075
vn -0.0860 0.9963 0.0075
vn -0.9100 -0.1548 -0.3846
vn -0.9100 0.1548 0.3846
vn -0.8441 -0.5355 0.0258
vn 0.8441 -0.5355 0.0258
vn -0.9941 0.0838 0.0689
vn 0.9941 0.0838 0.0689
vn 0.6248 0.6808 0.3823
vn -0.6248 0.6808 0.3823
vn 0.7542 -0.6547 0.0510
vn -0.7542 -0.6547 0.0510
vn 0.1085 -0.8692 0.4824
vn -0.1139 -0.8693 0.4810
vn -0.8099 0.5843 -0.0518
vn -0.8099 -0.5843 0.0518
vn -0.9717 -0.0147 -0.2356
vn -0.9717 0.0147 0.2356
vn 0.7773 -0.6169 0.1234
vn 0.7773 0.6169 -0.1234
vn 0.5623 0.7872 0.2530
vn -0.5623 0.7872 0.2530
vn -0.8709 0.4899 -0.0395
vn 0.8709 0.4899 -0.0395
vn 0.2417 0.9703 0.0069
vn -0.2417 0.9703 0.0069
vn -0.9739 -0.0162 -0.2266
vn 0.9739 -0.0162 -0.2266
vn -0.9075 -0.4159 0.0588
vn -0.9075 0.4159 -0.0588
vn -0.1017 -0.9926 -0.0664
vn -0.1017 0.9926 0.0664
vn 0.0333 0.9993 -0.0171
vn -0.0333 0.9993 -0.0171
vn -0.9375 0.3472 -0.0231
vn 0.9375 0.3472 -0.0231
vn 0.2933 -0.9353 0.1979
vn -0.2933 -0.9353 0.1979
vn -0.9674 0.2527 -0.0180
vn 0.9674 0.2527 -0.0180
vn -0.7518 0.5370 -0.3826
vn 0.7518 0.5370 -0.3826
vn 0.4172 -0.8459 0.3323
vn -0.4172 -0.8459 0.3323
vn 0.9978 -0.0659 0.0094
vn 0.9978 0.0659 -0.0094
vn -0.8704 0.3482 -0.3482
vn 0.8704 0.3482 -0.3482
vn 0.5655 -0.7776 0.2749
vn -0.5655 -0.7776 0.2749
vn -0.0207 -0.4864 -0.8735
vn 0.0207 -0.4864 -0.8735
vn -0.0543 -0.9953 -0.0801
vn 0.0543 -0.9953 -0.0801
vn 0.5239 0.8443 -0.1126
vn -0.5239 0.8443 -0.1126
vn 0.3244 0.9409 -0.0973
vn -0.3244 0.9409 -0.0973
vn 0.9329 0.3549 -0.0619
vn -0.9329 0.3549 -0.0619
vn 0.0164 0.9994 -0.0317
vn 0.0164 -0.9994 0.0317
vn -0.5737 0.7931 0.2047
vn 0.5737 0.7931 0.2047
vn -0.2207 -0.9713 0.0883
vn -0.2207 0.9713 -0.0883
vn -0.0149 -0.9979 0.0626
vn -0.0149 0.9979 -0.0626
vn -0.1136 -0.9902 0.0817
vn -0.1136 0.9902 -0.0817
vn -0.9806 -0.1569 0.1177
vn 0.9806 -0.1569 0.1177
vn -0.0323 -0.9994 0.0097
vn 0.0323 -0.9994 0.0097
vn -0.7104 0.7015 -0.0573
vn 0.7104 0.7015 -0.0573
vn -0.9898 0.1188 -0.0792
vn 0.9898 0.1188 -0.0792
vn -0.0028 0.9950 0.0999
vn -0.0028 -0.9950 -0.0999
vn 0.4697 -0.8718 0.1388
vn 0.4697 0.8718 -0.1388
vn -0.0000 -0.6000 -0.8000
vn -0.0000 0.6000 0.8000
vn 0.9533 -0.0177 -0.3015
vn -0.9533 -0.0177 -0.3015
vn -0.9655 -0.2455 0.0864
vn 0.9655 -0.2455 0.0864
vn -0.5281 0.4317 0.7313
vn -0.5281 -0.4317 -0.7313
vn 0.5917 0.3683 0.7171
vn -0.5917 0.3683 0.7171
vn -0.5240 -0.7761 0.3510
vn -0.5240 0.7761 -0.3510
vn 0.2244 -0.9745 0.0076
vn -0.2244 -0.9745 0.0076
vn -0.0666 0.9280 -0.3665
vn 0.0730 0.9281 -0.3650
vn -0.0000 0.9998 0.0204
vn -0.0000 -0.9998 -0.0204
vn 0.1197 -0.9864 -0.1130
vn -0.1197 -0.9864 -0.1130
vn 0.9819 0.1303 -0.1372
vn -0.9819 0.1303 -0.1372
vn -0.9857 -0.1683 -0.0000
vn -0.9911 -0.1329 -0.0115
vn -0.9876 0.1566 0.0115
vn -0.9993 0.0349 0.0116
vn 0.9997 0.0232 -0.0000
vn -0.9989 0.0465 -0.0000
vn -0.9982 -0.0580 -0.0116
vn 0.9261 -0.3766 -0.0213
vn 0.9213 0.3888 0.0106
vn 0.9265 -0.3764 -0.0000
vn 0.9737 -0.2279 -0.0000
vn 0.9759 0.2179 0.0112
vn -0.9735 0.2276 0.0224
vn -0.9713 -0.2375 -0.0112
vn 0.8740 0.1049 -0.4745
vn 0.8740 -0.1049 0.4745
vn -0.9266 0.3761 0.0063
vn -0.9266 -0.3761 -0.0063
vn -0.9279 0.3729 0.0021
vn 0.9279 0.3729 0.0021
vn 0.9312 -0.1893 -0.3115
vn -0.9312 -0.1893 -0.3115
vn -0.4793 0.5940 0.6461
vn 0.4793 0.5940 0.6461
vn 0.3610 -0.9309 -0.0548
vn 0.2118 -0.9671 -0.1408
vn 0.2118 0.9671 0.1408
vn 0.4883 0.6243 0.6098
vn -0.4883 0.6243 0.6098
vn 0.8605 -0.5095 -0.0041
vn -0.8605 -0.5095 -0.0041
vn -0.8620 0.5069 0.0083
vn 0.6046 0.5753 -0.5509
vn -0.6046 0.5753 -0.5509
vn 0.0189 0.9998 0.0091
vn 0.0189 -0.9998 -0.0091
vn 0.9889 -0.0471 -0.1413
vn -0.9889 -0.0471 -0.1413
vn -0.6597 -0.7514 -0.0153
vn 0.6699 0.7423 0.0156
vn 0.3223 -0.9201 0.2227
vn -0.3223 -0.9201 0.2227
vn 0.5040 -0.8636 -0.0117
vn 0.4827 -0.8757 -0.0112
vn 0.6324 -0.7746 0.0125
vn 0.6324 0.7746 -0.0125
vn 0.2770 -0.9609 -0.0032
vn -0.2770 -0.9609 -0.0032
vn 0.2849 -0.9584 -0.0145
vn 0.2849 0.9584 0.0145
vn 0.3688 -0.9092 -0.1935
vn 0.3688 0.9092 0.1935
vn 0.7400 0.3545 -0.5716
vn 0.7400 -0.3545 0.5716
vn -0.0760 0.9970 0.0116
vn -0.0773 -0.9969 -0.0116
vn 0.9129 -0.3652 -0.1826
vn -0.9129 -0.3652 -0.1826
vn -0.0000 0.7893 0.6139
vn -0.0000 -0.7893 -0.6139
vn -0.3840 -0.8160 0.4320
vn 0.3840 -0.8160 0.4320
vn 0.5005 -0.8279 -0.2531
vn 0.5005 0.8279 0.2531
vn 0.1987 0.9768 0.0797
vn -0.1987 0.9768 0.0797
vn 0.8787 -0.3079 -0.3648
vn 0.8787 0.3079 0.3648
vn 0.3795 -0.7789 -0.4993
vn -0.3795 -0.7789 -0.4993
vn 0.3815 0.7888 0.4819
vn -0.3815 0.7888 0.4819
vn -0.0393 -0.9992 -0.0044
vn -0.0393 0.9992 0.0044
vn -0.9350 0.0616 0.3493
vn 0.9350 0.0616 0.3493
vn -0.4685 0.8834 -0.0067
vn 0.4685 0.8834 -0.0067
vn 0.3870 -0.8225 -0.4168
vn 0.3870 0.8225 0.4168
vn -0.8023 -0.0312 0.5961
vn 0.8023 -0.0312 0.5961
vn 0.2776 0.8569 -0.4345
vn -0.2776 0.8569 -0.4345
vn 0.4632 -0.8423 -0.2756
vn 0.4632 0.8423 0.2756
vn -0.0000 -0.9138 -0.4062
vn -0.0000 0.9138 0.4062
vn 0.8165 -0.4083 -0.4082
vn -0.8165 -0.4083 -0.4082
vn 0.8996 -0.3028 -0.3146
vn -0.8996 -0.3028 -0.3146
vn -0.4958 -0.6088 0.6193
vn 0.4958 -0.6088 0.6193
vn -0.8798 0.3643 0.3053
vn 0.8798 0.3643 0.3053
vn 0.9153 0.2780 0.2915
vn -0.9153 0.2780 0.2915
vn -0.9050 -0.1077 0.4116
vn 0.9050 -0.1077 0.4116
vn 0.7689 -0.2434 -0.5912
vn -0.7689 -0.2434 -0.5912
vn 0.2376 -0.9139 -0.3290
vn -0.2376 -0.9139 -0.3290
vn 0.2903 0.8877 0.3573
vn -0.2903 0.8877 0.3573
vn -0.4987 0.6091 0.6167
vn 0.4987 0.6091 0.6167
vn -0.7753 0.5621 0.2880
vn -0.7753 -0.5621 -0.2880
vn -0.2232 0.8430 0.4894
vn -0.2232 -0.8430 -0.4894
vn 0.6591 0.2871 -0.6951
vn -0.6591 0.2871 -0.6952
vn -0.7802 -0.5657 -0.2669
vn 0.7802 -0.5657 -0.2669
vn 0.6120 -0.4372 -0.6591
vn -0.6120 -0.4372 -0.6591
vn 0.8504 -0.4305 -0.3025
vn -0.8504 -0.4305 -0.3025
vn -0.4875 0.8280 0.2771
vn -0.4875 -0.8280 -0.2771
vn -0.7548 0.5070 0.4162
vn 0.7548 0.5070 0.4162
vn -0.8624 -0.2061 0.4623
vn 0.8624 -0.2061 0.4623
vn 0.6370 -0.7242 -0.2641
vn -0.6370 -0.7242 -0.2641
vn 0.6110 -0.7669 -0.1964
vn 0.6110 0.7669 0.1964
vn 0.7915 -0.5357 -0.2943
vn -0.7915 -0.5357 -0.2943
vn 0.1512 0.8626 -0.4828
vn 0.1512 -0.8626 0.4828
vn -0.5884 -0.7844 -0.1961
vn 0.5884 -0.7844 -0.1961
vn -0.7174 0.6439 0.2660
vn 0.7174 0.6439 0.2660
vn -0.1377 0.8463 0.5146
vn 0.1377 0.8463 0.5146
vn -0.0000 -0.9864 -0.1644
vn -0.4383 0.8881 0.1384
vn -0.4383 -0.8881 -0.1384
vn -0.5127 -0.8396 -0.1795
vn 0.5127 -0.8396 -0.1795
vn -0.7323 0.0897 0.6750
vn 0.7323 0.0897 0.6750
vn -0.0495 -0.9845 -0.1682
vn 0.8244 0.3120 -0.4723
vn -0.8244 0.3120 -0.4723
vn -0.6843 0.5880 0.4312
vn 0.6843 0.5880 0.4312
vn -0.3860 0.7900 0.4764
vn 0.3860 0.7900 0.4764
vn 0.6900 -0.0799 -0.7194
vn -0.6900 -0.0799 -0.7194
vn -0.4068 -0.5796 0.7061
vn 0.4068 -0.5796 0.7061
vn -0.3232 0.6134 0.7206
vn -0.3232 -0.6134 -0.7206
vn -0.0325 0.8564 0.5154
vn 0.0325 0.8564 0.5154
vn -0.0636 -0.8420 0.5357
vn -0.0636 0.8420 -0.5357
vn -0.7843 -0.3891 0.4831
vn 0.7843 -0.3891 0.4831
vn -0.9475 0.0857 0.3079
vn 0.9475 0.0857 0.3079
vn 0.0774 -0.7606 -0.6446
vn -0.0846 -0.7613 -0.6429
vn 0.7355 0.4685 -0.4894
vn -0.7355 0.4685 -0.4894
vn -0.5732 -0.2335 0.7855
vn -0.5732 0.2335 -0.7855
vn -0.5064 0.3268 0.7980
vn -0.5064 -0.3268 -0.7980
vn 0.9437 -0.1300 -0.3043
vn -0.9437 -0.1300 -0.3043
vn 0.9483 -0.0325 -0.3158
vn 0.9483 0.0325 0.3158
vn -0.0460 -0.8514 -0.5225
vn -0.0460 0.8514 0.5225
vn -0.4756 0.8680 -0.1427
vn 0.4756 0.8680 -0.1427
vn 0.5185 0.8392 -0.1638
vn -0.5185 0.8392 -0.1638
vn 0.0457 0.8202 -0.5702
vn -0.0457 0.8202 -0.5702
vn -0.4558 0.6736 0.5818
vn 0.4558 0.6736 0.5818
vn -0.6605 0.7223 -0.2050
vn 0.6605 0.7223 -0.2050
vn 0.9156 -0.2616 0.3052
vn -0.9156 -0.2616 0.3052
vn 0.8352 -0.4698 0.2857
vn -0.8352 -0.4698 0.2857
vn -0.6579 -0.7205 0.2193
vn 0.6579 -0.7205 0.2193
vn -0.9265 -0.1723 0.3345
vn 0.9265 -0.1723 0.3345
vn -0.8066 -0.5096 0.2996
vn -0.8066 0.5096 -0.2996
vn -0.0000 -0.9864 0.1644
vn -0.0000 0.9864 -0.1644
vn 0.6809 -0.1615 -0.7144
vn -0.6809 -0.1615 -0.7144
vn -0.1147 -0.8330 -0.5412
vn 0.1147 -0.8330 -0.5412
vn 0.6489 0.0062 -0.7609
vn -0.6489 0.0062 -0.7609
vn 0.2516 -0.5930 -0.7649
vn 0.2516 0.5930 0.7649
vn -0.1938 -0.9810 -0.0127
vn 0.1938 -0.9810 -0.0127
vn -0.2879 -0.5614 0.7758
vn 0.2879 -0.5614 0.7758
vn -0.0340 0.9984 -0.0454
vn 0.0340 0.9984 -0.0454
vn -0.3180 -0.8480 0.4240
vn 0.3180 -0.8480 0.4240
vn 0.2788 -0.8793 0.3861
vn -0.2788 -0.8793 0.3861
vn 0.0332 0.9994 0.0040
vn -0.0332 0.9994 0.0040
vn 0.1553 -0.6308 -0.7602
vn -0.1629 -0.6314 -0.7581
vn -0.5206 0.5667 0.6387
vn 0.5206 0.5667 0.6387
vn -0.0000 0.7316 0.6817
vn 0.9952 -0.0579 -0.0792
vn -0.9896 0.1327 -0.0562
vn 0.9948 -0.0463 -0.0904
vn 0.9204 0.3875 -0.0529
vn -0.9259 0.3755 -0.0426
vn 0.9700 -0.2261 -0.0892
vn -0.9347 -0.3495 0.0645
vn 0.9292 -0.3618 0.0748
vn 0.9667 0.2355 0.1000
vn 0.4419 -0.2708 -0.8552
vn 0.4419 0.2708 0.8552
vn -0.9259 0.3667 0.0904
vn -0.9259 -0.3667 -0.0904
vn -0.9222 0.3760 0.0902
vn -0.9222 -0.3760 -0.0902
vn 0.4149 -0.9096 0.0241
vn 0.0205 0.8816 -0.4716
vn -0.0205 0.8816 -0.4716
vn -0.6616 0.7443 0.0904
vn 0.6616 0.7443 0.0904
vn -0.6651 0.7380 0.1142
vn -0.6651 -0.7380 -0.1142
vn -0.4848 -0.1811 0.8557
vn -0.4848 0.1811 -0.8557
vn 0.4722 0.6710 -0.5716
vn 0.4722 -0.6710 0.5716
vn -0.4758 0.6253 -0.6186
vn -0.4758 -0.6253 0.6186
vn -0.6025 0.2368 0.7622
vn -0.6025 -0.2368 -0.7622
vn 0.6116 0.0822 -0.7869
vn 0.6116 -0.0822 0.7869
vn -0.5685 -0.4449 0.6920
vn -0.5685 0.4449 -0.6920
vn -0.5312 0.4649 -0.7083
vn 0.5312 0.4649 -0.7083
vn -0.1727 0.5557 0.8132
vn 0.1727 0.5557 0.8132
vn 0.5835 -0.4540 -0.6733
vn -0.5835 -0.4540 -0.6733
vn -0.0238 -0.6187 0.7853
vn -0.0238 0.6187 -0.7853
vn 0.6022 -0.1985 0.7733
vn 0.6022 0.1985 -0.7733
vn 0.6042 0.1110 -0.7891
vn -0.6042 0.1110 -0.7891
vn 0.1800 0.5491 -0.8161
vn -0.1800 0.5491 -0.8161
vn -0.0000 0.4472 -0.8944
vn -0.0000 -0.4472 0.8944
vn 0.1751 -0.5220 -0.8348
vn 0.1809 0.5223 0.8333
vn 0.6299 -0.3397 -0.6984
vn -0.6299 -0.3397 -0.6984
vn -0.5368 0.3108 0.7844
vn 0.5368 0.3108 0.7844
vn 0.0063 0.1410 -0.9900
vn -0.0063 0.1410 -0.9900
vn -0.3682 0.2292 0.9010
vn -0.3682 -0.2292 -0.9010
vn -0.0346 0.9992 -0.0184
vn 0.0346 0.9992 -0.0184
vn 0.4021 0.1349 -0.9056
vn -0.4021 0.1349 -0.9056
vn 0.5566 0.1674 -0.8138
vn 0.5566 -0.1674 0.8138
vn -0.1984 -0.9800 -0.0175
vn -0.1984 0.9800 0.0175
vn -0.1376 -0.5360 0.8329
vn 0.1376 -0.5360 0.8329
vn -0.0872 0.5287 0.8443
vn 0.0872 0.5287 0.8443
vn 0.6563 -0.2933 -0.6952
vn -0.6563 -0.2933 -0.6952
vn 0.0555 0.9983 -0.0185
vn -0.0555 0.9983 -0.0185
vn 0.7663 0.6399 -0.0567
vn -0.7663 0.6399 -0.0567
vn 0.1978 -0.4151 -0.8880
vn 0.2026 0.4154 0.8868
vn -0.4954 -0.2354 0.8362
vn -0.4954 0.2354 -0.8362
vn -0.4566 0.6640 0.5922
vn -0.4566 -0.6640 -0.5922
vn -0.3357 -0.1009 0.9365
vn 0.3357 -0.1009 0.9365
vn -0.0063 0.4957 0.8685
vn 0.0063 0.4957 0.8685
vn 0.3007 -0.1818 -0.9362
vn 0.3007 0.1818 0.9362
vn -0.2792 -0.9559 0.0906
vn 0.2792 -0.9559 0.0906
vn -0.8456 0.0264 0.5332
vn 0.8456 0.0264 0.5332
vn 0.8698 0.4449 -0.2133
vn -0.8698 0.4449 -0.2133
vn -0.7960 0.0896 0.5987
vn 0.7960 0.0896 0.5987
vn -0.2272 0.2949 0.9281
vn 0.2315 0.2952 0.9270
vn 0.0306 0.9995 -0.0019
vn -0.0306 0.9995 -0.0019
vn 0.2123 -0.1227 -0.9695
vn -0.2123 -0.1227 -0.9695
vn -0.7014 0.1573 0.6952
vn -0.7014 -0.1573 -0.6952
vn 0.9874 -0.0697 -0.1419
vn 0.9828 -0.0571 -0.1755
vn 0.9628 -0.2278 -0.1457
vn 0.9602 0.2271 0.1627
vn -0.3602 0.5900 0.7225
vn 0.3602 0.5900 0.7225
vn -0.9564 0.2262 0.1849
vn 0.9593 0.2269 0.1680
vn -0.4881 -0.8496 -0.1997
vn 0.6691 0.6453 -0.3686
vn -0.6691 0.6453 -0.3686
vn -0.0813 0.9763 0.2005
vn -0.4843 0.5677 0.6657
vn 0.4843 0.5677 0.6657
vn 0.2266 0.9736 -0.0281
vn 0.2266 -0.9736 0.0281
vn 0.0461 0.9988 -0.0192
vn 0.0461 -0.9988 0.0192
vn 0.2208 -0.2574 -0.9408
vn -0.2242 -0.2575 -0.9399
vn 0.8132 0.2857 -0.5070
vn -0.6835 0.2441 -0.6879
vn 0.4793 -0.3256 -0.8150
vn -0.4793 -0.3256 -0.8150
vn -0.7239 -0.4331 0.5370
vn 0.7239 -0.4331 0.5370
vn -0.6553 -0.0699 0.7522
vn -0.6711 0.0805 -0.7370
vn -0.1534 0.3315 0.9309
vn 0.1558 0.3313 0.9306
vn -0.6089 0.0243 0.7928
vn 0.6386 0.0273 0.7691
vn 0.5371 -0.1168 -0.8354
vn 0.5587 0.1214 0.8205
vn -0.4853 0.1614 0.8593
vn 0.4930 0.1679 0.8537
vn 0.4121 -0.2670 -0.8711
vn -0.4121 -0.2670 -0.8711
vn 0.3113 -0.3310 -0.8908
vn 0.3113 0.3310 0.8908
vn 0.1993 -0.3503 -0.9152
vn -0.1242 0.3377 0.9330
vn 0.1243 0.3275 0.9366
vn 0.0585 -0.1935 -0.9793
vn -0.0595 -0.1933 -0.9793
vn -0.9689 0.0684 0.2379
vn -0.9899 -0.0691 -0.1237
vn -0.9510 0.2274 0.2093
vn 0.9655 0.2309 0.1207
vn -0.8935 0.3805 0.2383
vn 0.9022 0.3792 0.2057
vn 0.6578 -0.7474 0.0937
vn 0.0328 0.9995 -0.0023
vn -0.0328 0.9995 -0.0023
vn -0.8062 -0.5082 -0.3030
vn 0.0587 0.9982 -0.0084
vn 0.0587 -0.9982 0.0084
vn -0.4188 -0.8996 0.1241
vn -0.4339 0.8988 -0.0620
vn -0.2194 -0.9751 0.0313
vn -0.2194 0.9751 -0.0313
vn -0.6372 0.7369 0.2257
vn 0.6372 0.7369 0.2257
vn -0.4731 0.8533 0.2191
vn 0.4739 0.8385 0.2689
vn 0.2660 -0.9311 -0.2494
vn 0.2537 0.9186 0.3029
vn -0.0898 0.9623 0.2566
vn 0.0915 0.9622 0.2566
vn -0.8660 -0.4821 0.1329
vn -0.8660 0.4821 -0.1329
vn -0.9336 -0.3185 0.1640
vn -0.9336 0.3185 -0.1640
vn -0.6588 -0.7466 0.0925
vn 0.6588 -0.7466 0.0925
vn -0.9757 -0.1121 0.1883
vn 0.9757 -0.1121 0.1883
vn 0.0164 0.9997 -0.0181
vn -0.0164 0.9997 -0.0181
vn 0.0333 0.9994 -0.0011
vn -0.0333 0.9994 -0.0011
vn -0.0441 -0.9988 0.0203
vn -0.0441 0.9988 -0.0203
vn -0.9727 0.0792 0.2180
vn -0.9727 -0.0792 -0.2180
vn 0.4340 0.8989 -0.0599
vn -0.4340 0.8989 -0.0599
vn 0.2248 0.9741 -0.0233
vn -0.2248 0.9741 -0.0233
vn -0.9512 0.2195 0.2170
vn 0.9512 0.2195 0.2170
vn -0.8937 0.3971 0.2087
vn 0.8937 0.3971 0.2087
vn 0.8197 -0.5250 -0.2290
vn -0.8197 -0.5250 -0.2290
vn -0.6371 0.7271 0.2559
vn -0.6371 -0.7271 -0.2559
vn -0.4576 0.8498 0.2615
vn -0.4576 -0.8498 -0.2615
vn -0.2756 0.9286 0.2484
vn -0.2756 -0.9286 -0.2484
vn 0.0897 -0.9692 -0.2292
vn 0.0914 0.9691 0.2292
vn 0.9456 0.2774 -0.1702
vn 0.9456 -0.2774 0.1702
vn 0.8656 0.4864 -0.1188
vn -0.8656 0.4864 -0.1188
vn 0.6640 0.7417 -0.0949
vn -0.6640 0.7417 -0.0949
vn -0.9649 -0.0940 0.2453
vn 0.9649 -0.0940 0.2453
vn -0.0167 -0.9997 0.0178
vn 0.0167 -0.9997 0.0178
vn 0.0339 0.9988 -0.0350
vn -0.0339 0.9988 -0.0350
vn -0.0000 0.9994 -0.0333
vn -0.0000 -0.9994 0.0333
vn -0.0441 -0.9988 0.0196
vn 0.0441 -0.9988 0.0196
vn -0.4210 -0.9043 0.0712
vn 0.4210 -0.9043 0.0712
vn -0.2360 -0.9701 0.0559
vn 0.2360 -0.9701 0.0559
vn -0.9636 0.0877 0.2526
vn -0.9417 0.2165 0.2576
vn 0.9417 0.2165 0.2576
vn -0.8779 0.3949 0.2709
vn -0.8779 -0.3949 -0.2709
vn -0.7983 0.5324 0.2816
vn -0.7983 -0.5324 -0.2816
vn -0.6288 0.7196 0.2945
vn 0.6288 0.7196 0.2945
vn 0.4594 -0.8422 -0.2822
vn -0.4594 -0.8422 -0.2822
vn 0.2845 -0.9212 -0.2653
vn -0.2845 -0.9212 -0.2653
vn 0.0935 -0.9633 -0.2517
vn 0.0954 0.9631 0.2517
vn 0.8799 0.4662 -0.0923
vn -0.8799 0.4662 -0.0923
vn 0.9549 0.2513 -0.1580
vn -0.9549 0.2513 -0.1580
vn 0.7956 0.6011 -0.0756
vn -0.7956 0.6011 -0.0756
vn -0.9655 -0.1728 0.1950
vn 0.9655 -0.1728 0.1950
vn 0.9268 0.3728 -0.0445
vn -0.9268 0.3728 -0.0445
vn -0.9533 -0.2740 0.1273
vn -0.9533 0.2740 -0.1273
vn -0.0000 0.9975 -0.0712
vn -0.0000 -0.9975 0.0712
vn 0.0175 0.9980 -0.0600
vn -0.0175 0.9980 -0.0600
vn -0.0169 -0.9980 0.0604
vn 0.0169 -0.9980 0.0604
vn -0.4086 -0.9114 0.0486
vn 0.4086 -0.9114 0.0486
vn -0.0446 -0.9970 0.0631
vn 0.0446 -0.9970 0.0631
vn 0.2196 0.9745 -0.0467
vn -0.2196 0.9745 -0.0467
vn -0.8456 -0.5266 0.0873
vn 0.8456 -0.5266 0.0873
vn 0.9243 -0.2367 -0.2994
vn -0.9243 -0.2367 -0.2994
vn -0.9578 0.0956 0.2711
vn 0.9631 0.2408 -0.1204
vn 0.8706 -0.3844 -0.3069
vn -0.8706 -0.3844 -0.3069
vn -0.6248 0.7139 0.3163
vn 0.6248 0.7139 0.3163
vn -0.7835 0.5402 0.3071
vn 0.7835 0.5402 0.3071
vn -0.9710 -0.1651 0.1729
vn 0.9710 -0.1651 0.1729
vn 0.4637 -0.8287 -0.3134
vn -0.4637 -0.8287 -0.3134
vn -0.2836 0.9076 0.3095
vn 0.2836 0.9076 0.3095
vn -0.9462 -0.3227 -0.0262
vn 0.9462 -0.3227 -0.0262
vn 0.0998 -0.9471 -0.3049
vn -0.1018 -0.9469 -0.3049
vn 0.9755 0.2197 -0.0088
vn -0.9755 0.2197 -0.0088
vn 0.5914 0.8040 -0.0611
vn -0.5914 0.8040 -0.0611
vn -0.9652 0.0013 0.2616
vn -0.9652 -0.0013 -0.2616
vn -0.8464 -0.5296 0.0564
vn 0.8464 -0.5296 0.0564
vn 0.9864 0.1161 -0.1161
vn 0.9864 -0.1161 0.1161
vn -0.7453 -0.6564 0.1170
vn 0.7453 -0.6564 0.1170
vn 0.9629 0.0866 -0.2554
vn -0.9629 0.0866 -0.2554
vn 0.8062 0.5733 -0.1463
vn 0.8062 -0.5733 0.1463
vn -0.9556 -0.1569 0.2496
vn 0.9556 -0.1569 0.2496
vn 0.8056 0.5790 -0.1259
vn -0.8056 0.5790 -0.1259
vn -0.9879 0.0042 0.1549
vn 0.9879 0.0042 0.1549
vn 0.9009 -0.4017 0.1644
vn -0.9538 -0.2044 0.2201
vn 0.9774 -0.1880 0.0967
vn 0.8782 -0.3851 0.2837
vn 0.9760 0.1541 -0.1541
vn -0.9129 0.1826 -0.3652
vn -0.7984 -0.5584 0.2253
vn 0.7984 -0.5584 0.2253
vn -0.9253 0.0554 0.3753
vn 0.9253 0.0554 0.3753
vn -0.8025 -0.5671 0.1855
vn 0.8025 -0.5671 0.1855
vn 0.7628 0.6269 -0.1586
vn -0.7628 0.6269 -0.1586
vn 0.9408 0.0799 -0.3294
vn -0.9408 0.0799 -0.3294
vn -0.8143 -0.4385 0.3803
vn -0.8143 0.4385 -0.3803
vn 0.9400 0.0227 -0.3406
vn -0.9400 0.0227 -0.3406
vn -0.5897 -0.7970 0.1305
vn 0.5897 -0.7970 0.1305
vn 0.9322 -0.0515 -0.3584
vn -0.9322 -0.0515 -0.3584
vn 0.6016 -0.6952 -0.3934
vn -0.6016 -0.6952 -0.3934
vn -0.8981 0.2449 0.3653
vn 0.8981 0.2449 0.3653
vn -0.7557 0.5382 0.3731
vn 0.7557 0.5382 0.3731
vn 0.4447 -0.7994 -0.4041
vn 0.4447 0.7994 0.4041
vn 0.8572 -0.3674 -0.3609
vn 0.8572 0.3674 0.3609
vn -0.9210 0.1015 0.3761
vn 0.9210 0.1015 0.3761
vn 0.8417 0.3510 -0.4103
vn 0.8417 -0.3510 0.4103
vn 0.8932 0.1838 -0.4103
vn -0.8932 0.1838 -0.4103
vn -0.2814 0.8730 0.3984
vn -0.2814 -0.8730 -0.3984
vn -0.0000 -0.9965 0.0830
vn -0.3937 -0.9134 0.1037
vn 0.3937 -0.9134 0.1037
vn -0.0000 0.9965 -0.0830
vn 0.0175 0.9974 -0.0705
vn 0.0175 -0.9974 0.0705
vn 0.0460 0.9962 -0.0737
vn -0.0460 0.9962 -0.0737
vn 0.1869 0.9779 -0.0939
vn 0.1869 -0.9779 0.0939
vn 0.0924 -0.9100 -0.4041
vn -0.8446 -0.4383 0.3076
vn -0.8446 0.4383 -0.3076
vn -0.9449 -0.0326 0.3258
vn 0.9449 -0.0326 0.3258
vn -0.8675 -0.3305 0.3718
vn 0.8675 -0.3305 0.3718
vn -0.8928 -0.1842 0.4110
vn 0.8928 -0.1842 0.4110
vn 0.8135 0.5178 -0.2648
vn 0.8135 -0.5178 0.2648
vn -0.9299 -0.0883 0.3570
vn 0.9299 -0.0883 0.3570
vn 0.8683 0.3427 -0.3586
vn -0.8683 0.3427 -0.3586
vn 0.9117 0.1332 -0.3887
vn -0.9117 0.1332 -0.3887
vn -0.5487 0.6565 0.5177
vn 0.5487 0.6565 0.5177
vn -0.4228 0.7459 0.5146
vn -0.4228 -0.7459 -0.5146
vn -0.6972 0.4871 0.5259
vn 0.6972 0.4871 0.5259
vn -0.7744 0.3327 0.5381
vn 0.7744 0.3327 0.5381
vn -0.2559 0.8095 0.5285
vn -0.2559 -0.8095 -0.5285
vn 0.8198 -0.2365 -0.5216
vn -0.8198 -0.2365 -0.5216
vn -0.0843 0.8388 0.5379
vn 0.0863 0.8386 0.5379
vn 0.8599 -0.1084 -0.4988
vn -0.8599 -0.1084 -0.4988
vn -0.3932 -0.9130 0.1087
vn 0.3932 -0.9130 0.1087
vn 0.1688 0.9824 -0.0803
vn -0.1688 0.9824 -0.0803
vn 0.0312 0.9941 -0.1042
vn -0.0312 0.9941 -0.1042
vn 0.0151 -0.9911 0.1322
vn -0.0151 -0.9911 0.1322
vn 0.0180 -0.9876 0.1559
vn 0.0186 0.9876 -0.1559
vn -0.0000 0.9895 -0.1448
vn -0.7470 -0.6315 0.2077
vn 0.7470 -0.6315 0.2077
vn 0.8824 -0.0809 -0.4635
vn -0.8824 -0.0809 -0.4635
vn -0.9023 -0.3187 0.2903
vn 0.9023 -0.3187 0.2903
vn 0.9175 0.0687 -0.3919
vn -0.9175 0.0687 -0.3919
vn 0.4853 -0.5888 -0.6464
vn -0.4853 -0.5888 -0.6464
vn -0.6298 0.4339 0.6443
vn -0.6298 -0.4339 -0.6443
vn 0.4009 -0.6614 -0.6339
vn -0.4009 -0.6614 -0.6339
vn 0.2078 -0.7424 -0.6370
vn 0.2078 0.7424 0.6370
vn -0.7092 0.3292 0.6235
vn 0.7092 0.3292 0.6235
vn 0.0755 -0.7489 -0.6584
vn 0.0775 0.7487 0.6584
vn -0.7435 0.2259 0.6295
vn 0.7435 0.2259 0.6295
vn -0.0232 0.9178 -0.3964
vn 0.0232 0.9178 -0.3964
vn 0.9192 0.2587 -0.2970
vn -0.9192 0.2587 -0.2970
vn 0.7872 0.5670 -0.2424
vn 0.7872 -0.5670 0.2424
vn -0.9138 0.0452 0.4036
vn -0.9138 -0.0452 -0.4036
vn -0.4079 -0.8954 0.1783
vn -0.4079 0.8954 -0.1783
vn 0.0392 -0.9402 0.3383
vn 0.0409 0.9402 -0.3382
vn 0.7609 -0.1336 -0.6350
vn -0.7608 -0.1336 -0.6350
vn -0.1629 -0.9777 0.1328
vn 0.1629 -0.9777 0.1328
vn -0.8078 0.2043 0.5530
vn -0.8078 -0.2043 -0.5530
vn -0.0107 0.9918 -0.1276
vn 0.0107 0.9918 -0.1276
vn 0.2221 -0.9385 0.2645
vn -0.2221 -0.9385 0.2645
vn 0.0553 0.8658 -0.4974
vn -0.0553 0.8658 -0.4974
vn -0.4233 0.5067 0.7510
vn -0.4233 -0.5067 -0.7510
vn 0.5236 -0.3936 -0.7556
vn -0.5236 -0.3936 -0.7556
vn -0.3487 0.5347 0.7698
vn 0.3487 0.5347 0.7698
vn 0.0079 -0.8442 0.5360
vn -0.0083 -0.8442 0.5360
vn 0.5637 -0.2855 -0.7751
vn 0.5637 0.2855 0.7751
vn 0.1752 -0.5917 -0.7869
vn -0.1752 -0.5917 -0.7869
vn 0.0688 -0.6236 -0.7787
vn -0.0708 -0.6234 -0.7787
vn 0.5671 -0.1603 -0.8079
vn 0.5671 0.1603 0.8079
vn 0.5404 -0.1205 -0.8328
vn -0.5404 -0.1204 -0.8328
vn -0.7922 -0.5527 0.2585
vn -0.7922 0.5527 -0.2585
vn 0.9380 0.2135 -0.2729
vn -0.9380 0.2135 -0.2729
vn -0.4017 -0.8890 0.2198
vn 0.4017 -0.8890 0.2198
vn 0.1810 -0.7004 0.6904
vn 0.1810 0.7004 -0.6904
vn -0.1792 -0.9663 0.1848
vn 0.1792 -0.9663 0.1848
vn -0.9561 0.1152 0.2694
vn 0.9561 0.1152 0.2694
vn -0.0531 0.9826 -0.1781
vn 0.0531 0.9826 -0.1781
vn 0.9003 -0.3843 -0.2043
vn 0.9003 0.3843 0.2042
vn 0.3510 -0.4111 -0.8413
vn 0.3510 0.4111 0.8413
vn 0.4132 -0.3231 -0.8514
vn -0.4132 -0.3231 -0.8514
vn -0.0359 -0.5524 0.8328
vn -0.0384 0.5522 -0.8328
vn -0.3598 0.9132 -0.1914
vn 0.3598 0.9132 -0.1914
vn 0.2835 -0.4315 -0.8564
vn -0.2835 -0.4315 -0.8564
vn -0.4168 0.2122 0.8839
vn 0.4168 0.2122 0.8839
vn -0.1861 0.4635 0.8663
vn 0.1861 0.4635 0.8663
vn -0.4070 0.0897 0.9090
vn 0.4070 0.0897 0.9090
vn 0.4930 -0.8656 -0.0878
vn -0.4930 -0.8656 -0.0878
vn 0.3856 -0.0675 -0.9202
vn -0.3856 -0.0675 -0.9202
vn 0.0699 -0.4916 -0.8680
vn -0.0723 -0.4914 -0.8679
vn -0.3076 0.2734 0.9114
vn -0.3076 -0.2734 -0.9114
vn 0.6907 -0.6915 0.2116
vn -0.6907 -0.6915 0.2116
vn 0.1134 0.4159 -0.9023
vn -0.1134 0.4159 -0.9023
vn 0.0980 0.4262 -0.8993
vn -0.0980 0.4262 -0.8993
vn -0.0183 -0.4403 0.8977
vn -0.0199 0.4402 -0.8977
vn 0.2803 -0.1742 -0.9440
vn 0.2803 0.1742 0.9440
vn -0.2538 0.2669 0.9297
vn 0.2538 0.2669 0.9297
vn 0.2803 -0.0409 -0.9590
vn 0.2803 0.0409 0.9590
vn -0.2560 0.0171 0.9665
vn 0.2560 0.0171 0.9665
vn -0.1194 0.9928 0.0027
vn -0.1194 -0.9928 -0.0027
vn -0.1847 0.2855 0.9404
vn 0.1847 0.2855 0.9404
vn -0.7447 -0.5494 0.3790
vn 0.7447 -0.5494 0.3790
vn 0.4086 0.8589 -0.3089
vn -0.4086 0.8589 -0.3089
vn -0.9095 0.3436 -0.2338
vn -0.9095 -0.3436 0.2338
vn -0.1793 -0.9478 0.2636
vn 0.1793 -0.9478 0.2636
vn 0.9054 0.1859 -0.3818
vn -0.9054 0.1859 -0.3818
vn 0.2590 -0.1637 -0.9519
vn -0.2590 -0.1637 -0.9519
vn 0.0516 -0.2922 -0.9550
vn -0.0536 -0.2922 -0.9549
vn 0.0860 -0.9617 0.2603
vn -0.0860 -0.9617 0.2603
vn -0.0246 -0.2707 0.9624
vn -0.0246 0.2707 -0.9624
vn 0.9268 -0.0725 -0.3684
vn -0.9268 -0.0725 -0.3684
vn 0.0803 0.2577 -0.9629
vn -0.0803 0.2577 -0.9629
vn -0.0488 -0.2548 0.9658
vn -0.0531 0.2550 -0.9655
vn -0.2248 0.0681 -0.9720
vn -0.2479 0.0291 0.9684
vn -0.2479 -0.0291 -0.9684
vn -0.3323 0.9050 -0.2655
vn 0.3323 0.9050 -0.2655
vn -0.9017 0.2926 0.3183
vn -0.9017 -0.2926 -0.3183
vn -0.1699 -0.9855 -0.0000
vn -0.1699 0.9855 -0.0000
vn 0.1688 -0.1618 -0.9723
vn -0.1688 -0.1618 -0.9723
vn -0.2294 -0.0642 0.9712
vn 0.2294 -0.0642 0.9712
vn 0.1422 0.0788 -0.9867
vn -0.1422 0.0788 -0.9867
vn -0.1609 -0.1434 0.9765
vn -0.9592 -0.1121 -0.2596
vn 0.9592 -0.1121 -0.2596
vn -0.0612 0.1762 0.9825
vn 0.0637 0.1761 0.9823
vn -0.0432 -0.1456 0.9884
vn -0.0460 0.1459 -0.9882
vn 0.1677 -0.0350 -0.9852
vn -0.1677 -0.0350 -0.9852
vn 0.1519 0.0380 -0.9877
vn 0.1519 -0.0380 0.9877
vn -0.4893 -0.8651 -0.1103
vn 0.4893 -0.8651 -0.1103
vn -0.0266 -0.0308 0.9992
vn 0.0280 -0.0310 0.9991
vn -0.6714 0.6928 -0.2633
vn 0.6714 0.6928 -0.2633
vn 0.0606 -0.0218 -0.9979
vn -0.0632 -0.0217 -0.9978
vn -0.0458 -0.0549 0.9974
vn -0.0478 0.0550 -0.9973
vn 0.5439 -0.8144 -0.2024
vn -0.5439 -0.8144 -0.2024
vn -0.8359 -0.5036 -0.2180
vn -0.8359 0.5036 0.2180
vn 0.9027 -0.3195 0.2882
vn -0.9027 -0.3195 0.2882
vn -0.1878 0.9704 0.1520
vn -0.1878 -0.9704 -0.1520
vn -0.4100 -0.7935 0.4497
vn 0.4100 -0.7935 0.4497
vn -0.6971 -0.5504 0.4595
vn 0.6971 -0.5504 0.4595
vn 0.1632 0.8908 -0.4240
vn -0.1632 0.8908 -0.4240
vn 0.8720 0.2137 -0.4403
vn -0.8720 0.2137 -0.4403
vn 0.0810 -0.9081 0.4109
vn -0.0810 -0.9081 0.4109
vn -0.9394 -0.1277 -0.3180
vn 0.9394 -0.1277 -0.3180
vn -0.1708 -0.9772 -0.1264
vn 0.1708 -0.9772 -0.1264
vn 0.9077 -0.0546 -0.4160
vn -0.9077 -0.0546 -0.4160
vn 0.2718 -0.8755 0.3997
vn -0.2718 -0.8755 0.3997
vn -0.8544 -0.4562 -0.2489
vn -0.8544 0.4562 0.2489
vn 0.5181 0.8471 0.1183
vn -0.5181 0.8471 0.1183
vn -0.8749 0.2380 0.4218
vn 0.8749 0.2380 0.4218
vn 0.6011 -0.6530 0.4607
vn -0.6011 -0.6530 0.4607
vn 0.5649 -0.7013 -0.4348
vn -0.5649 -0.7013 -0.4348
vn 0.7969 -0.3114 0.5176
vn -0.7969 -0.3114 0.5176
vn -0.3586 -0.7171 0.5976
vn 0.3586 -0.7171 0.5976
vn -0.5990 -0.5063 0.6204
vn 0.5990 -0.5063 0.6204
vn 0.2429 -0.8858 -0.3955
vn 0.2429 0.8858 0.3955
vn 0.1797 0.7600 -0.6246
vn 0.1797 -0.7600 0.6246
vn -0.8698 -0.0713 -0.4882
vn 0.8698 -0.0713 -0.4882
vn 0.0652 -0.7824 0.6194
vn -0.0652 -0.7824 0.6194
vn -0.7071 -0.2667 0.6548
vn 0.7071 -0.2667 0.6548
vn 0.1749 -0.7636 0.6215
vn 0.1749 0.7636 -0.6215
vn -0.1162 -0.9184 -0.3783
vn 0.1162 -0.9184 -0.3783
vn 0.8362 0.3588 0.4149
vn -0.8362 0.3588 0.4149
vn -0.7564 -0.0049 0.6541
vn -0.7564 0.0049 -0.6541
vn -0.4990 -0.7699 -0.3978
vn 0.4990 -0.7699 -0.3978
vn -0.5127 0.5634 -0.6479
vn -0.5127 -0.5634 0.6479
vn 0.7302 -0.1961 -0.6545
vn -0.7302 -0.1961 -0.6545
vn 0.3545 0.5133 -0.7815
vn -0.3546 0.5133 -0.7815
vn -0.5095 0.4704 0.7205
vn 0.5095 0.4704 0.7205
vn 0.6359 -0.2901 0.7152
vn -0.6359 -0.2901 0.7152
vn -0.1883 -0.5428 0.8185
vn 0.1883 -0.5428 0.8185
vn 0.1738 -0.5429 0.8216
vn 0.1738 0.5429 -0.8216
vn 0.4039 0.2952 -0.8659
vn -0.4039 0.2952 -0.8659
vn 0.6587 -0.0382 0.7514
vn 0.6587 0.0382 -0.7514
vn 0.0365 -0.5608 0.8271
vn 0.0365 0.5608 -0.8271
vn 0.2819 -0.5715 -0.7707
vn -0.2819 -0.5715 -0.7707
vn 0.6515 0.1688 0.7396
vn -0.6515 0.1688 0.7396
vn 0.4247 -0.1349 -0.8953
vn -0.4247 -0.1349 -0.8953
vn 0.4199 0.0500 -0.9062
vn 0.4199 -0.0500 0.9062
vn 0.3559 0.4672 0.8094
vn -0.3559 0.4672 0.8094
vn -0.0262 -0.5635 -0.8257
vn 0.0262 -0.5635 -0.8257
vn 0.2782 -0.3245 0.9041
vn 0.2782 0.3245 -0.9041
vn -0.2308 -0.3388 0.9121
vn 0.2308 -0.3388 0.9121
vn -0.0380 0.3721 -0.9274
vn -0.0380 -0.3721 0.9274
vn 0.3386 -0.0758 0.9379
vn -0.3386 -0.0758 0.9379
vn 0.2807 -0.1198 -0.9523
vn -0.2807 -0.1198 -0.9523
vn -0.2908 -0.0902 -0.9525
vn -0.2908 0.0902 0.9525
vn -0.2735 -0.0427 0.9609
vn -0.2735 0.0427 -0.9609
vn -0.0138 -0.1417 -0.9898
vn 0.0138 -0.1417 -0.9898
vn 0.0233 -0.0665 0.9975
vn 0.0233 0.0665 -0.9975
vn -0.0000 0.4473 -0.8944
vn -0.4880 -0.3904 0.7807
vn 0.0676 0.8785 -0.4730
vn -0.0000 0.8000 -0.6000
vn 0.0950 0.3922 -0.9150
vn -0.0622 0.4874 -0.8710
vn 0.0726 0.4844 -0.8718
vn 0.1543 -0.6172 0.7715
vn 0.2752 0.6006 -0.7507
vn -0.1915 -0.7019 0.6860
vn -0.1034 0.7237 -0.6823
vn 0.1996 0.6810 -0.7045
vn 0.0745 -0.7661 0.6384
vn 0.0745 0.7661 -0.6384
vn -0.8636 -0.4159 0.2850
vn -0.2102 0.4379 0.8741
vn -0.9079 -0.3741 0.1894
vn -0.5092 0.1971 -0.8378
vn 0.5092 0.1971 -0.8378
vn 0.5947 -0.1321 0.7930
vn 0.5947 0.1321 -0.7930
vn -0.7469 0.1093 -0.6559
vn 0.7469 0.1093 -0.6559
vn 0.5773 -0.5774 0.5774
vn -0.5773 -0.5774 0.5774
vn -0.8729 -0.2182 0.4364
vn -0.5928 0.6289 -0.5031
vn 0.5928 0.6289 -0.5031
vn -0.8808 0.2752 -0.3853
vn 0.8808 0.2752 -0.3853
vn -0.8399 0.3651 -0.4017
vn 0.8398 0.3651 -0.4017
vn 0.0898 -0.0239 0.9957
vn 0.0893 0.2197 0.9715
vn -0.0877 0.2234 0.9708
vn -0.0903 0.3256 -0.9412
vn -0.2874 0.0262 -0.9575
vn -0.2575 0.3858 0.8859
vn 0.2586 -0.4134 -0.8731
vn 0.0804 0.4979 -0.8635
vn 0.4872 0.0183 -0.8731
vn -0.0844 0.5029 -0.8602
vn -0.4823 0.0121 -0.8759
vn -0.4823 -0.0121 0.8759
vn 0.4848 0.2244 0.8453
vn -0.4903 0.2181 0.8438
vn -0.4848 0.2244 0.8453
vn 0.4613 -0.2898 0.8386
vn 0.0604 -0.6284 -0.7756
vn -0.0614 0.6129 0.7878
vn 0.2119 0.5901 0.7790
vn 0.2276 -0.6059 -0.7623
vn 0.2090 0.5923 0.7781
vn 0.1932 -0.6045 -0.7728
vn 0.0523 -0.7073 0.7050
vn -0.0537 -0.7072 0.7049
vn 0.0870 -0.7063 0.7026
vn -0.0892 -0.7062 0.7024
vn 0.6440 0.2608 -0.7192
vn -0.6229 -0.2611 0.7375
vn 0.8073 -0.2640 -0.5278
vn 0.2377 0.6787 -0.6949
vn 0.6505 0.2323 0.7231
vn -0.0530 -0.8799 -0.4722
vn -0.0546 0.8799 0.4720
vn 0.6131 -0.3824 0.6913
vn -0.4385 -0.6385 0.6325
vn -0.4313 -0.6280 0.6478
vn -0.6253 -0.3725 -0.6858
vn 0.6253 -0.3725 -0.6858
vn 0.6365 0.3589 0.6826
vn 0.6395 -0.3677 -0.6752
vn -0.1164 -0.8794 -0.4617
vn -0.1164 0.8794 0.4617
vn 0.1243 -0.8751 -0.4676
vn -0.5498 -0.5613 -0.6186
vn 0.5578 -0.5879 0.5859
vn -0.5557 -0.6000 0.5755
vn 0.5498 0.5613 0.6186
vn -0.5557 0.6000 -0.5755
vn -0.5578 -0.5879 0.5859
vn 0.0630 0.9625 -0.2638
vn -0.2427 -0.8467 -0.4734
vn -0.2335 0.8396 0.4904
vn -0.0924 -0.9637 0.2503
vn 0.8404 0.0289 0.5413
vn 0.8320 -0.0148 -0.5545
vn 0.8362 0.0258 0.5479
vn 0.8031 -0.2234 0.5524
vn -0.7929 -0.2155 0.5699
vn -0.7929 0.2155 -0.5699
vn -0.8031 -0.2234 0.5524
vn 0.8140 0.2071 0.5427
vn -0.8202 0.1965 0.5373
vn -0.2515 -0.7697 0.5868
vn 0.0674 -0.8341 0.5475
vn -0.0617 -0.8464 0.5290
vn 0.2515 0.7697 -0.5868
vn -0.1829 0.8536 -0.4878
vn 0.2056 0.8481 -0.4883
vn -0.7326 0.3975 -0.5525
vn 0.7319 0.3789 -0.5664
vn -0.0207 -0.9488 -0.3153
vn 0.0382 -0.9442 -0.3273
vn -0.2646 0.8931 -0.3638
vn 0.2941 0.8823 -0.3676
vn 0.4467 0.6920 -0.5671
vn 0.3838 -0.8056 -0.4512
vn 0.4467 -0.6920 0.5671
vn 0.4260 0.7071 -0.5644
vn -0.3838 -0.8056 -0.4512
vn 0.3857 -0.8090 -0.4435
vn -0.7780 -0.3610 -0.5142
vn 0.7654 0.3704 0.5262
vn 0.2167 -0.9192 0.3288
vn 0.2393 0.9160 -0.3219
vn -0.0941 -0.9471 -0.3069
vn 0.1491 0.9693 -0.1957
vn -0.6252 0.5481 -0.5556
vn -0.6346 -0.5489 0.5440
vn -0.6338 0.5565 -0.5373
vn 0.6235 0.5633 -0.5422
vn 0.5437 -0.6181 0.5678
vn 0.5437 0.6181 -0.5678
vn 0.1141 -0.9745 0.1931
vn -0.1367 -0.9846 0.1094
vn 0.5520 -0.6167 0.5612
vn -0.5520 -0.6167 0.5612
vn -0.6790 -0.5603 -0.4744
vn -0.6952 0.5393 0.4753
vn -0.7083 -0.5317 -0.4642
vn 0.6925 -0.5474 -0.4699
vn -0.1523 -0.9542 -0.2573
vn 0.1523 -0.9542 -0.2573
vn 0.1694 0.9478 0.2700
vn -0.1694 0.9478 0.2700
vn -0.2029 0.9602 -0.1919
vn 0.2029 0.9602 -0.1919
vn 0.6901 -0.4601 0.5587
vn 0.6901 0.4601 -0.5587
vn 0.6574 -0.5214 0.5440
vn 0.6574 0.5214 -0.5441
vn -0.7877 0.3581 -0.5013
vn 0.7830 0.3326 -0.5256
vn -0.5946 0.6690 -0.4460
vn -0.6599 -0.6251 0.4168
vn 0.8404 -0.2690 0.4706
vn -0.8404 -0.2689 0.4706
vn -0.6667 0.6667 -0.3333
vn 0.6667 0.6667 -0.3333
vn -0.9069 0.2675 -0.3256
vn 0.9069 0.2675 -0.3256
vn 0.8770 -0.1962 -0.4385
vn -0.8820 0.1716 0.4390
vn -0.8207 0.4036 -0.4044
vn -0.8287 0.3990 -0.3926
vn 0.9236 -0.3531 0.1493
vn -0.9236 -0.3531 0.1493
vn -0.7640 -0.3961 -0.5093
vn 0.7640 -0.3961 -0.5093
vn -0.8111 0.3244 0.4867
vn -0.7733 0.6327 -0.0421
vn 0.7733 0.6327 -0.0421
vn -0.9111 0.4119 -0.0124
vn 0.9111 0.4119 -0.0124
vn -0.9126 -0.1610 -0.3758
vn 0.9126 -0.1610 -0.3758
vn 0.8314 -0.5543 0.0396
vn 0.8314 0.5543 -0.0396
vn -0.6902 -0.6136 -0.3835
vn 0.6902 -0.6136 -0.3835
vn 0.7312 -0.5473 0.4073
vn 0.7312 0.5473 -0.4073
vn 0.9796 0.0552 0.1932
vn -0.9796 0.0552 0.1932
vn 0.7031 0.6420 0.3057
vn 0.6821 -0.6663 -0.3014
vn -0.2953 0.8288 -0.4752
vn -0.2953 -0.8288 0.4752
vn -0.5835 0.6869 -0.4332
vn 0.5835 0.6869 -0.4332
vn -0.5878 -0.6796 0.4388
vn 0.9772 0.1140 0.1791
vn 0.9772 -0.1140 -0.1791
vn 0.2495 0.9383 0.2394
vn 0.9778 0.2013 -0.0576
vn 0.9778 -0.2013 0.0576
vn 0.9129 0.3651 0.1825
vn -0.9573 0.2887 0.0152
vn 0.7531 0.5259 0.3954
vn -0.7579 0.5207 0.3930
vn 0.7683 0.4997 0.4000
vn 0.7683 -0.4997 -0.4000
vn -0.1924 0.9731 -0.1265
vn 0.1924 0.9731 -0.1265
vn -0.3165 -0.9233 -0.2176
vn 0.3165 -0.9233 -0.2176
vn 0.9441 -0.0037 0.3296
vn -0.9431 0.0078 -0.3325
vn -0.9441 -0.0037 0.3296
vn 0.7828 0.5184 -0.3443
vn 0.7710 0.5318 -0.3504
vn -0.6120 0.6943 -0.3787
vn -0.6100 -0.6979 0.3754
vn 0.8132 -0.4972 -0.3025
vn 0.8164 0.4933 0.3003
vn -0.8164 0.4933 0.3003
vn 0.4842 0.7876 -0.3811
vn 0.6567 0.7173 0.2330
vn -0.6567 -0.7088 -0.2575
vn -0.4166 0.8961 0.1532
vn -0.5053 0.8343 -0.2204
vn 0.1907 -0.9725 -0.1335
vn 0.1212 -0.9919 -0.0379
vn 0.9715 -0.0208 0.2360
vn 0.9674 -0.0236 0.2520
vn 0.8784 -0.3994 0.2623
vn 0.2380 0.8465 0.4762
vn 0.8790 -0.3885 0.2763
vn 0.8728 0.3967 -0.2844
vn 0.8957 0.3745 0.2397
vn 0.9028 0.3623 0.2319
vn -0.1289 -0.9908 0.0403
vn -0.8119 0.5066 -0.2902
vn 0.8119 0.5066 -0.2902
vn -0.8417 -0.4959 -0.2136
vn -0.6309 -0.7096 0.3138
vn -0.1922 0.9813 -0.0134
vn 0.1922 0.9813 -0.0134
vn -0.6291 0.7040 -0.3295
vn 0.6534 0.7365 0.1752
vn -0.6602 0.7278 0.1854
vn -0.6783 -0.7107 -0.1865
vn 0.6900 -0.7049 -0.1643
vn 0.4949 -0.8091 0.3170
vn 0.2009 -0.9695 0.1406
vn 0.5018 -0.8026 0.3225
vn -0.3106 0.8976 -0.3128
vn 0.3046 -0.9045 0.2987
vn -0.4268 -0.8922 -0.1476
vn -0.4436 0.8852 0.1400
vn 0.1035 -0.9545 0.2798
vn 0.1054 0.9543 -0.2798
vn -0.1551 0.9825 0.1034
vn 0.1138 -0.9915 0.0626
vn -0.1152 -0.9913 0.0634
vn 0.2576 -0.8176 0.5150
vn -0.9604 -0.2049 0.1891
vn -0.8303 -0.5350 -0.1560
vn 0.8303 -0.5350 -0.1560
vn -0.8364 -0.5271 -0.1506
vn -0.9039 -0.3764 0.2034
vn 0.6767 0.7267 0.1184
vn -0.6870 -0.7175 -0.1148
vn 0.4356 -0.8968 -0.0769
vn 0.8420 -0.5010 0.2003
vn 0.6566 -0.7214 0.2201
vn 0.5066 -0.8342 0.2178
vn 0.3037 0.9312 -0.2017
vn -0.0945 0.9796 -0.1774
vn -0.0000 -0.7615 -0.6481
vn -0.9905 -0.0476 0.1288
vn 0.9925 -0.0346 0.1169
vn 0.9230 0.3626 0.1290
vn -0.9193 0.3753 0.1186
vn 0.9086 0.4011 0.1160
vn 0.9126 -0.3889 -0.1262
vn 0.9686 -0.2120 0.1295
vn -0.3465 0.6927 -0.6325
vn -0.8443 0.5226 0.1180
vn -0.9179 0.3768 -0.1248
vn 0.9179 0.3768 -0.1248
vn 0.3576 -0.9336 -0.0225
vn -0.8575 0.4985 -0.1272
vn 0.4880 -0.8630 0.1311
vn -0.2864 0.9524 -0.1048
vn -0.2939 -0.9489 0.1152
vn -0.0776 -0.9919 0.1001
vn -0.0763 0.9921 -0.1001
vn -0.1985 0.9800 -0.0114
vn -0.2523 -0.9676 0.0034
vn -0.9836 0.1679 0.0656
vn 0.8418 -0.5344 -0.0757
vn -0.6666 0.7436 0.0524
vn -0.9227 -0.3830 0.0445
vn -0.6505 -0.7577 -0.0524
vn 0.6505 -0.7577 -0.0524
vn 0.2873 0.9576 0.0234
vn -0.2873 0.9576 0.0234
vn 0.8640 -0.4997 0.0620
vn 0.8651 0.4999 -0.0424
vn -0.8651 0.4999 -0.0424
vn 0.6730 -0.7374 0.0571
vn -0.6586 0.7508 -0.0497
vn 0.2845 -0.9580 0.0363
vn 0.2845 0.9580 -0.0363
vn -0.5890 -0.0000 -0.8081
vn 0.0773 0.9964 -0.0348
vn -0.5956 -0.0000 0.8033
vn 0.8835 0.4165 0.2145
vn -0.8727 0.4162 0.2551
vn -0.9126 -0.3549 -0.2028
vn 0.9126 -0.3549 -0.2028
vn -0.9790 -0.1567 -0.1305
vn 0.9790 -0.1567 -0.1305
vn 0.7682 0.6402 -0.0000
vn -0.7682 0.6402 -0.0000
vn -0.7937 -0.5849 0.1671
vn 0.7937 -0.5849 0.1671
vn -0.9080 -0.4142 0.0637
vn 0.9080 -0.4142 0.0637
vn 0.7839 0.5427 -0.3015
vn -0.7839 0.5427 -0.3015
vn -0.8776 -0.3541 0.3233
vn 0.8776 -0.3541 0.3233
vn 0.7882 -0.6130 0.0547
vn -0.7882 -0.6130 0.0547
vn 0.8766 -0.4811 0.0107
vn -0.8766 -0.4811 0.0107
vn -0.7365 0.6751 -0.0409
vn -0.7365 -0.6751 0.0409
vn -0.9911 0.1329 0.0115
vn 0.9313 0.3640 0.0107
vn 0.8974 -0.4321 -0.0887
vn -0.8974 -0.4321 -0.0887
vn 0.8511 -0.5250 -0.0098
vn 0.6708 -0.7402 -0.0463
vn -0.6708 -0.7402 -0.0463
vn 0.6605 0.7506 0.0154
vn -0.6679 0.7438 0.0233
vn 0.6605 -0.7506 -0.0154
vn 0.3610 0.9309 0.0548
vn 0.8620 0.5069 0.0083
vn 0.6745 -0.7383 -0.0078
vn 0.2869 0.5737 -0.7672
vn 0.4827 0.8757 0.0112
vn 0.0844 -0.9962 -0.0232
vn -0.0859 -0.9960 -0.0232
vn -0.6597 0.7407 0.1273
vn 0.6597 0.7407 0.1273
vn 0.8986 -0.3595 -0.2516
vn -0.8986 -0.3595 -0.2516
vn 0.8189 -0.4418 -0.3664
vn -0.8189 -0.4418 -0.3664
vn -0.6919 0.6041 0.3954
vn 0.6919 0.6041 0.3954
vn 0.7514 -0.5010 -0.4294
vn -0.7514 -0.5010 -0.4294
vn 0.1168 0.9925 -0.0365
vn -0.1726 0.9782 0.1151
vn -0.1874 -0.9762 -0.1093
vn -0.2207 0.9631 0.1539
vn 0.2395 0.9577 0.1596
vn 0.1415 -0.9095 -0.3908
vn 0.0934 0.9416 0.3235
vn 0.0769 -0.9420 -0.3268
vn 0.0788 0.9390 0.3349
vn 0.2392 -0.9503 -0.1994
vn 0.1088 -0.9790 -0.1722
vn -0.2162 -0.9731 0.0797
vn 0.2174 -0.9728 0.0801
vn -0.9855 0.1442 -0.0896
vn -0.9932 -0.0577 -0.1016
vn 0.9904 0.1208 -0.0675
vn -0.0000 0.6834 -0.7300
vn -0.8568 -0.5141 0.0399
vn 0.8568 -0.5141 0.0398
vn 0.6603 0.7504 -0.0307
vn 0.6603 -0.7504 0.0307
vn -0.6676 -0.7435 0.0388
vn -0.6676 0.7435 -0.0388
vn 0.4149 0.9096 -0.0241
vn 0.8508 -0.5171 -0.0933
vn 0.8508 0.5171 0.0933
vn -0.8492 0.5178 0.1031
vn 0.8492 0.5178 0.1031
vn 0.4956 -0.8634 -0.0944
vn -0.4843 0.8679 0.1102
vn 0.2803 -0.9546 -0.1009
vn 0.2803 0.9546 0.1009
vn -0.0687 0.9932 0.0943
vn 0.0699 0.9931 0.0943
vn 0.0154 0.9995 -0.0268
vn -0.0473 0.9988 -0.0154
vn -0.0000 -0.7156 0.6985
vn 0.9821 -0.1091 0.1533
vn 0.9824 0.1213 -0.1418
vn 0.9825 -0.1334 0.1302
vn -0.9865 -0.0580 -0.1534
vn -0.9319 -0.3441 0.1150
vn 0.9260 -0.3561 0.1255
vn -0.9319 0.3441 -0.1150
vn 0.8531 0.5118 -0.1016
vn 0.8531 -0.5118 0.1016
vn -0.8608 -0.5006 0.0912
vn -0.8608 0.5006 -0.0912
vn -0.9095 0.3803 0.1677
vn -0.9152 -0.3681 -0.1637
vn 0.6585 0.7485 -0.0785
vn 0.6585 -0.7485 0.0785
vn 0.4215 0.9055 -0.0497
vn -0.4215 0.9055 -0.0497
vn -0.6505 0.7564 -0.0693
vn -0.8378 0.5185 0.1708
vn 0.8378 0.5185 0.1708
vn 0.6573 0.7314 0.1818
vn -0.6455 0.7377 0.1976
vn 0.6455 0.7377 0.1976
vn -0.4803 0.8518 0.2093
vn 0.4881 -0.8496 -0.1997
vn -0.4710 -0.8605 -0.1939
vn -0.0828 -0.9762 -0.2005
vn -0.0789 0.9772 0.1973
vn -0.0803 -0.9771 -0.1973
vn 0.5682 0.5952 -0.5682
vn -0.5682 0.5952 -0.5682
vn -0.1919 -0.3432 -0.9195
vn -0.9631 -0.1204 0.2408
vn -0.9769 0.1099 -0.1832
vn 0.9248 0.3273 -0.1939
vn -0.9248 0.3273 -0.1939
vn -0.8573 -0.4828 0.1787
vn -0.8579 0.5005 -0.1162
vn -0.6629 -0.7350 0.1422
vn 0.8062 -0.5082 -0.3030
vn 0.1713 -0.5854 0.7924
vn 0.2248 0.0681 -0.9720
vn 0.1609 -0.1434 0.9765
vn -0.2895 -0.2144 -0.9328
vn -0.6276 0.2706 -0.7300
vn -0.6440 0.2608 -0.7192
vn 0.6563 0.2202 0.7217
vn 0.5587 -0.5853 -0.5876
vn -0.5543 0.5732 0.6035
vn 0.0765 -0.7938 0.6033
vn -0.0690 -0.7984 0.5982
vn 0.0673 -0.7985 0.5982
vn 0.0620 0.8018 -0.5944
vn -0.8155 -0.2227 -0.5343
vn -0.8234 0.2091 0.5276
vn -0.2431 0.7762 -0.5817
vn 0.2342 -0.7673 0.5970
vn -0.7319 0.3789 -0.5664
vn -0.4346 0.7069 -0.5581
vn -0.3642 -0.8190 -0.4434
vn -0.7780 0.3610 0.5142
vn 0.5089 0.7567 0.4104
vn -0.5080 0.7684 0.3891
vn 0.5158 0.7525 0.4094
vn -0.5089 0.7567 0.4104
vn -0.8123 -0.4129 0.4120
vn 0.8713 -0.4161 -0.2601
vn 0.7336 -0.5389 0.4140
vn 0.4721 -0.7613 0.4444
vn -0.4721 -0.7613 0.4444
vn 0.4581 -0.7636 0.4550
vn -0.4581 -0.7636 0.4550
vn 0.8658 0.3759 0.3304
vn -0.8658 0.3759 0.3304
vn 0.6064 0.7207 0.3360
vn -0.6077 0.7171 0.3413
vn -0.9247 0.1799 0.3354
vn -0.9216 0.1872 0.3400
vn -0.8699 -0.3724 -0.3234
vn 0.8699 -0.3724 -0.3234
vn -0.8709 -0.3650 -0.3292
vn -0.6664 0.7014 0.2528
vn -0.6567 0.7173 0.2330
vn 0.9674 0.0236 -0.2520
vn 0.9720 0.0237 -0.2338
vn 0.8938 -0.3777 -0.2417
vn -0.9028 0.3623 0.2319
vn -0.8134 -0.5011 0.2954
vn 0.8134 -0.5011 0.2954
vn -0.8302 -0.5156 -0.2121
vn -0.6360 0.7008 -0.3229
vn 0.0763 -0.9914 0.1068
vn -0.4949 -0.8091 0.3170
vn 0.2009 0.9695 -0.1406
vn 0.4967 0.8086 -0.3153
vn 0.3016 0.8977 -0.3211
vn 0.3229 0.8971 -0.3015
vn -0.2672 -0.8018 -0.5345
vn -0.6856 0.7167 0.1275
vn -0.6767 0.7267 0.1184
vn 0.5015 -0.8432 0.1934
vn 0.4996 0.8408 -0.2085
vn -0.5085 -0.8368 0.2028
vn -0.3050 0.9343 -0.1847
vn -0.2964 0.9353 -0.1932
vn 0.3123 0.9301 -0.1932
vn 0.9914 -0.0245 0.1285
vn 0.8344 -0.5393 -0.1135
vn -0.8596 0.4993 -0.1088
vn 0.8575 0.4985 -0.1272
vn 0.8596 0.4993 -0.1088
vn -0.9862 0.1563 0.0548
vn 0.9737 -0.2205 0.0572
vn 0.9254 -0.3750 0.0548
vn 0.6577 0.7509 0.0602
vn 0.4916 0.8682 -0.0669
vn -0.8511 -0.5250 -0.0098
vn -0.8445 0.5352 0.0194
vn -0.6679 -0.7438 -0.0233
vn 0.4932 0.8699 -0.0044
vn 0.8501 -0.5243 0.0494
vn -0.4843 -0.8679 -0.1102
vn -0.4956 -0.8634 -0.0944
vn -0.0771 0.9936 0.0827
vn -0.0871 -0.9917 -0.0944
vn 0.9841 0.0687 0.1640
vn 0.9319 0.3441 -0.1150
vn -0.0000 0.6673 -0.7448
vn 0.9149 0.3698 0.1617
vn -0.6594 -0.7493 0.0613
vn 0.6573 -0.7314 -0.1818
vn -0.2719 0.9385 0.2126
vn 0.2644 0.9431 0.2017
vn -0.2774 0.9426 0.1859
vn -0.9205 0.1938 -0.3392
vn -0.1713 -0.5854 0.7924
vn -0.8202 -0.4613 0.3383
vn 0.8713 0.4161 0.2601
vn -0.9177 -0.3903 0.0739
vn -0.8766 0.3080 -0.3696
vn 0.9357 -0.1289 0.3283
vn 0.8202 -0.4613 0.3383
vn 0.9177 -0.3903 0.0739
vn 0.0440 -0.0256 0.9987
vn -0.0455 -0.0235 0.9987
vn -0.0724 -0.0663 -0.9952
vn -0.0724 0.0663 0.9952
vn 0.1661 -0.4527 0.8760
vn 0.1661 0.4527 -0.8760
vn -0.2635 0.4128 -0.8719
vn -0.2635 -0.4128 0.8719
vn 0.6009 -0.4570 0.6558
vn 0.6009 0.4570 -0.6558
vn 0.5148 -0.5644 0.6453
vn -0.5148 -0.5644 0.6453
vn 0.3010 -0.6675 0.6810
vn -0.3010 -0.6675 0.6810
vn -0.1051 0.6951 -0.7112
vn -0.1068 -0.6941 0.7119
vn 0.3744 -0.6720 0.6389
vn -0.3744 -0.6720 0.6389
vn -0.6972 0.4814 -0.5312
vn -0.6972 -0.4814 0.5312
vn -0.3015 0.9046 -0.3015
vn -0.8275 0.1929 -0.5273
vn -0.8275 -0.1929 0.5273
vn -0.2591 0.8364 0.4829
vn 0.1395 0.9694 0.2022
vn -0.8729 0.0873 -0.4801
vn -0.8729 -0.0873 0.4801
vn 0.0999 0.9667 0.2357
vn -0.9611 -0.0874 -0.2621
vn -0.9611 0.0874 0.2621
vn -0.9605 -0.0789 -0.2670
vn 0.9604 -0.0789 -0.2670
vn 0.9709 0.1169 0.2089
vn -0.9709 0.1169 0.2089
vn 0.5718 0.8204 -0.0038
vn 0.5718 -0.8204 0.0038
vn 0.9848 -0.1371 0.1066
vn 0.9848 0.1371 -0.1066
vn 0.0236 -0.9991 -0.0345
vn -0.0375 -0.9978 -0.0548
vn -0.9086 0.4012 -0.1161
vn -0.9086 -0.4012 0.1161
vn -0.8808 0.4698 0.0587
vn -0.8808 -0.4698 -0.0587
vn 0.7524 -0.6476 0.1206
vn 0.7524 0.6476 -0.1206
vn -0.0322 -0.9995 -0.0075
vn -0.0322 0.9995 0.0075
vn 0.5888 -0.8067 0.0498
vn -0.5888 -0.8067 0.0498
vn -0.9661 0.0542 -0.2526
vn 0.9661 0.0542 -0.2526
vn 0.0023 0.9169 0.3991
vn 0.0023 -0.9169 -0.3991
vn -0.9885 -0.1465 0.0366
vn -0.9885 0.1465 -0.0366
vn 0.6676 -0.7027 -0.2460
vn 0.6676 0.7027 0.2460
vn -0.0158 0.9938 -0.1104
vn 0.0184 0.9937 -0.1104
vn -0.2029 0.9776 0.0553
vn -0.1237 -0.9771 -0.1732
vn 0.1454 -0.9739 -0.1744
vn 0.2412 0.9649 0.1034
vn 0.2412 -0.9649 -0.1034
vn -0.3350 0.8057 0.4885
vn 0.3350 0.8057 0.4885
vn -0.7622 0.1691 0.6249
vn 0.7622 0.1691 0.6249
vn -0.8531 0.0112 0.5217
vn -0.8531 -0.0112 -0.5217
vn 0.8759 0.3089 -0.3707
vn -0.8759 0.3089 -0.3707
vn 0.8216 0.0939 -0.5623
vn 0.8216 -0.0939 0.5623
vn 0.6591 0.7519 0.0128
vn 0.6591 -0.7519 -0.0128
vn -0.9871 -0.0617 0.1481
vn -0.9871 0.0617 -0.1481
vn -0.9389 0.1707 -0.2987
vn -0.6744 -0.6815 0.2840
vn 0.6744 -0.6815 0.2840
vn 0.8897 -0.0501 -0.4538
vn 0.8897 0.0501 0.4538
vn -0.0000 -0.9062 0.4229
vn 0.1126 0.9271 -0.3576
vn 0.1126 -0.9271 0.3576
vn -0.1712 -0.0464 0.9842
vn -0.1712 0.0464 -0.9842
vn 0.1530 0.0680 -0.9859
vn 0.1530 -0.0680 0.9859
vn -0.1035 0.9758 0.1928
vn -0.2386 -0.9545 0.1790
vn -0.2386 0.9545 -0.1790
vn -0.0000 -0.9162 0.4008
vn 0.2038 -0.8291 -0.5205
vn -0.3061 -0.6924 -0.6533
vn -0.2176 0.7677 0.6027
vn -0.2015 0.6458 -0.7365
vn -0.0944 -0.9098 -0.4041
vn -0.4809 0.7193 0.5014
vn -0.7164 0.3866 -0.5808
vn -0.5745 -0.8121 0.1022
vn 0.4064 0.8741 0.2661
vn 0.4064 -0.8741 -0.2661
vn -0.5745 0.8121 -0.1022
vn -0.9357 -0.1289 0.3283
vn -0.8928 -0.4125 0.1808
vn -0.8778 -0.3825 0.2884
vn -0.8704 -0.3481 0.3482
vn 0.9288 0.1757 -0.3263
vn -0.9636 -0.0877 -0.2526
vn -0.9578 -0.0956 -0.2711
vn 0.9733 -0.1622 0.1622
vn 0.9737 -0.1992 0.1106
vn 0.9535 -0.2860 0.0953
vn 0.9025 -0.3811 0.2005
vn 0.8704 -0.3481 0.3482
vn 0.8704 -0.3482 0.3481
s 0
f 1//1 3//1 4//1 2//1
f 4//2 10//2 7//2 5//2
f 1//3 9//3 12//3 2//3
f 13//4 9//4 1//4 3//4
f 4//5 10//5 14//5 16//5
f 2//6 5//6 17//6 12//6
f 18//7 6//7 3//7 13//7
f 7//8 5//8 17//8 19//8
f 18//9 20//9 8//9 6//9
f 9//10 12//10 22//10 21//10
f 23//11 13//11 9//11 21//11
f 7//12 10//12 24//12 19//12
f 25//13 11//13 8//13 20//13
f 22//14 12//14 17//14 26//14
f 23//15 13//15 18//15 27//15
f 14//16 28//16 24//16 10//16
f 25//17 29//17 15//17 11//17
f 30//18 16//18 14//18 28//18
f 15//19 29//19 30//19 16//19
f 19//20 31//20 26//20 17//20
f 27//21 32//21 20//21 18//21
f 21//22 22//22 41//22 34//22
f 42//23 34//23 21//23 23//23
f 19//24 24//24 47//24 31//24
f 48//25 25//25 20//25 32//25
f 41//26 22//26 26//26 55//26
f 27//27 56//27 42//27 23//27
f 28//28 59//28 47//28 24//28
f 48//29 60//29 29//29 25//29
f 33//30 38//30 39//30 36//30
f 37//31 40//31 38//31 33//31
f 35//32 45//32 36//32 33//32
f 46//33 37//33 33//33 35//33
f 30//34 28//34 59//34 65//34
f 60//35 65//35 30//35 29//35
f 49//36 43//36 39//36 38//36
f 39//37 36//37 52//37 43//37
f 53//38 44//38 40//38 37//38
f 31//39 71//39 55//39 26//39
f 56//40 72//40 32//40 27//40
f 54//41 63//41 45//41 35//41
f 46//42 35//42 54//42 64//42
f 36//43 45//43 67//43 52//43
f 68//44 46//44 37//44 53//44
f 49//45 61//45 57//45 50//45
f 50//46 43//46 52//46 69//46
f 53//47 44//47 51//47 70//47
f 31//48 71//48 76//48 47//48
f 77//49 48//49 32//49 72//49
f 57//50 50//50 69//50 74//50
f 70//51 75//51 58//51 51//51
f 63//52 45//52 67//52 78//52
f 68//53 79//53 64//53 46//53
f 34//54 82//54 87//54 41//54
f 88//55 42//55 34//55 82//55
f 52//56 67//56 80//56 69//56
f 81//57 70//57 53//57 68//57
f 54//58 63//58 85//58 73//58
f 86//59 64//59 54//59 73//59
f 89//60 59//60 47//60 76//60
f 48//61 77//61 90//61 60//61
f 57//62 61//62 83//62 74//62
f 84//63 62//63 58//63 75//63
f 41//64 55//64 93//64 87//64
f 94//65 88//65 42//65 56//65
f 66//66 61//66 83//66 91//66
f 65//67 59//67 89//67 92//67
f 90//68 92//68 65//68 60//68
f 55//69 93//69 95//69 71//69
f 96//70 94//70 56//70 72//70
f 74//71 69//71 80//71 97//71
f 81//72 70//72 75//72 98//72
f 67//73 80//73 102//73 78//73
f 103//74 79//74 68//74 81//74
f 63//75 78//75 106//75 85//75
f 107//76 86//76 64//76 79//76
f 71//77 76//77 100//77 95//77
f 73//78 99//78 109//78 85//78
f 110//79 86//79 73//79 99//79
f 83//80 111//80 97//80 74//80
f 98//81 112//81 84//81 75//81
f 104//82 89//82 76//82 100//82
f 77//83 90//83 105//83 101//83
f 108//84 92//84 89//84 104//84
f 90//85 105//85 108//85 92//85
f 113//86 111//86 83//86 91//86
f 112//87 84//87 91//87 113//87
f 80//88 97//88 123//88 102//88
f 124//89 98//89 81//89 103//89
f 82//90 127//90 125//90 87//90
f 126//91 88//91 82//91 127//91
f 87//92 93//92 121//92 125//92
f 122//93 94//93 88//93 126//93
f 78//94 102//94 150//94 106//94
f 151//95 107//95 79//95 103//95
f 116//96 95//96 93//96 121//96
f 117//97 122//97 94//97 96//97
f 85//98 109//98 142//98 106//98
f 143//99 110//99 86//99 107//99
f 114//100 100//100 95//100 116//100
f 96//101 117//101 115//101 101//101
f 118//102 104//102 100//102 114//102
f 101//103 105//103 119//103 115//103
f 120//104 118//104 104//104 108//104
f 105//105 108//105 120//105 119//105
f 177//106 123//106 97//106 111//106
f 98//107 112//107 178//107 124//107
f 99//108 152//108 173//108 109//108
f 203//109 177//109 111//109 113//109
f 112//110 178//110 203//110 113//110
f 152//111 120//111 118//111 155//111
f 119//112 120//112 152//112 156//112
f 155//113 118//113 114//113 163//113
f 115//114 164//114 156//114 119//114
f 128//115 130//115 134//115 140//115
f 135//116 131//116 129//116 141//116
f 128//117 148//117 138//117 130//117
f 139//118 149//118 129//118 131//118
f 163//119 193//119 116//119 114//119
f 134//120 130//120 132//120 144//120
f 133//121 145//121 135//121 131//121
f 130//122 138//122 146//122 132//122
f 147//123 139//123 131//123 133//123
f 102//124 150//124 248//124 123//124
f 249//125 151//125 103//125 124//125
f 136//126 128//126 140//126 165//126
f 141//127 166//127 137//127 129//127
f 136//128 128//128 148//128 179//128
f 149//129 129//129 137//129 180//129
f 132//130 153//130 157//130 144//130
f 158//131 154//131 133//131 145//131
f 132//132 153//132 159//132 146//132
f 160//133 154//133 133//133 147//133
f 109//134 173//134 232//134 142//134
f 233//135 174//135 110//135 143//135
f 193//136 116//136 121//136 224//136
f 194//137 117//137 122//137 225//137
f 106//138 142//138 256//138 150//138
f 257//139 143//139 107//139 151//139
f 134//140 144//140 167//140 189//140
f 168//141 145//141 135//141 190//141
f 167//142 169//142 157//142 144//142
f 158//143 170//143 168//143 145//143
f 138//144 195//144 175//144 146//144
f 176//145 196//145 139//145 147//145
f 159//146 171//146 175//146 146//146
f 160//147 172//147 176//147 147//147
f 155//148 163//148 161//148 173//148
f 162//149 164//149 156//149 174//149
f 157//150 169//150 183//150 153//150
f 140//151 134//151 189//151 210//151
f 190//152 211//152 141//152 135//152
f 184//153 170//153 158//153 154//153
f 148//154 138//154 195//154 218//154
f 196//155 139//155 149//155 219//155
f 216//156 165//156 136//156 185//156
f 137//157 186//157 217//157 166//157
f 187//158 197//158 183//158 169//158
f 184//159 170//159 188//159 198//159
f 220//160 185//160 136//160 179//160
f 137//161 180//161 221//161 186//161
f 167//162 208//162 187//162 169//162
f 188//163 209//163 168//163 170//163
f 171//164 175//164 214//164 191//164
f 215//165 176//165 172//165 192//165
f 183//166 206//166 199//166 191//166
f 125//167 121//167 224//167 252//167
f 225//168 122//168 126//168 253//168
f 165//169 140//169 210//169 236//169
f 211//170 141//170 166//170 237//170
f 181//171 161//171 201//171 222//171
f 202//172 162//172 182//172 223//172
f 173//173 161//173 201//173 232//173
f 202//174 162//174 174//174 233//174
f 183//175 204//175 212//175 206//175
f 213//176 205//176 184//176 207//176
f 193//177 246//177 181//177 163//177
f 182//178 247//178 194//178 164//178
f 228//179 208//179 167//179 189//179
f 168//180 209//180 229//180 190//180
f 148//181 179//181 240//181 218//181
f 241//182 219//182 149//182 180//182
f 195//183 175//183 214//183 234//183
f 215//184 176//184 196//184 235//184
f 226//185 208//185 187//185 197//185
f 188//186 198//186 227//186 209//186
f 199//187 191//187 214//187 230//187
f 215//188 192//188 200//188 231//188
f 127//189 268//189 252//189 125//189
f 253//190 268//190 127//190 126//190
f 238//191 222//191 185//191 216//191
f 186//192 223//192 239//192 217//192
f 226//193 242//193 204//193 197//193
f 205//194 243//194 227//194 198//194
f 244//195 206//195 199//195 230//195
f 245//196 207//196 200//196 231//196
f 254//197 210//197 189//197 228//197
f 190//198 229//198 255//198 211//198
f 177//199 123//199 248//199 277//199
f 249//200 124//200 178//200 278//200
f 201//201 232//201 238//201 222//201
f 239//202 233//202 202//202 223//202
f 222//203 264//203 220//203 185//203
f 221//204 265//204 223//204 186//204
f 216//205 165//205 236//205 266//205
f 237//206 267//206 217//206 166//206
f 242//207 250//207 212//207 204//207
f 213//208 251//208 243//208 205//208
f 212//209 250//209 244//209 206//209
f 213//210 207//210 245//210 251//210
f 218//211 258//211 234//211 195//211
f 235//212 196//212 219//212 259//212
f 228//213 208//213 226//213 260//213
f 227//214 261//214 229//214 209//214
f 179//215 220//215 269//215 240//215
f 270//216 221//216 180//216 241//216
f 181//217 246//217 264//217 222//217
f 265//218 247//218 182//218 223//218
f 234//219 262//219 230//219 214//219
f 231//220 215//220 235//220 263//220
f 224//221 275//221 246//221 193//221
f 247//222 276//222 225//222 194//222
f 142//223 232//223 293//223 256//223
f 294//224 233//224 143//224 257//224
f 236//225 210//225 254//225 281//225
f 255//226 282//226 237//226 211//226
f 203//227 177//227 277//227 295//227
f 278//228 178//228 203//228 295//228
f 279//229 238//229 216//229 266//229
f 217//230 239//230 280//230 267//230
f 271//231 242//231 226//231 260//231
f 227//232 243//232 272//232 261//232
f 240//233 287//233 258//233 218//233
f 259//234 288//234 241//234 219//234
f 244//235 273//235 262//235 230//235
f 245//236 231//236 263//236 274//236
f 150//237 248//237 300//237 256//237
f 301//238 249//238 151//238 257//238
f 254//239 228//239 260//239 285//239
f 261//240 229//240 255//240 286//240
f 234//241 258//241 289//241 262//241
f 235//242 263//242 290//242 259//242
f 242//243 271//243 283//243 250//243
f 284//244 272//244 243//244 251//244
f 250//245 283//245 273//245 244//245
f 251//246 245//246 274//246 284//246
f 264//247 303//247 269//247 220//247
f 270//248 221//248 265//248 304//248
f 252//249 315//249 275//249 224//249
f 276//250 225//250 253//250 316//250
f 305//251 281//251 236//251 266//251
f 237//252 267//252 306//252 282//252
f 291//253 303//253 264//253 246//253
f 265//254 304//254 292//254 247//254
f 269//255 313//255 287//255 240//255
f 288//256 314//256 270//256 241//256
f 285//257 260//257 271//257 296//257
f 272//258 297//258 286//258 261//258
f 275//259 309//259 291//259 246//259
f 292//260 310//260 276//260 247//260
f 273//261 298//261 289//261 262//261
f 274//262 299//262 290//262 263//262
f 254//263 285//263 311//263 281//263
f 312//264 286//264 255//264 282//264
f 268//265 252//265 315//265 302//265
f 316//266 253//266 268//266 302//266
f 258//267 289//267 317//267 287//267
f 318//268 290//268 259//268 288//268
f 271//269 283//269 307//269 296//269
f 308//270 284//270 272//270 297//270
f 283//271 273//271 298//271 307//271
f 284//272 274//272 299//272 308//272
f 339//273 300//273 248//273 277//273
f 249//274 278//274 340//274 301//274
f 279//275 325//275 305//275 266//275
f 306//276 326//276 280//276 267//276
f 337//277 293//277 256//277 300//277
f 257//278 294//278 338//278 301//278
f 311//279 341//279 296//279 285//279
f 297//280 342//280 312//280 286//280
f 275//281 315//281 345//281 309//281
f 346//282 316//282 276//282 310//282
f 298//283 289//283 317//283 347//283
f 299//284 348//284 318//284 290//284
f 303//285 379//285 313//285 269//285
f 314//286 380//286 304//286 270//286
f 365//287 311//287 281//287 305//287
f 282//288 306//288 366//288 312//288
f 295//289 277//289 339//289 356//289
f 340//290 356//290 295//290 278//290
f 313//291 287//291 317//291 375//291
f 318//292 288//292 314//292 376//292
f 309//293 369//293 323//293 291//293
f 324//294 370//294 310//294 292//294
f 323//295 291//295 303//295 379//295
f 304//296 292//296 324//296 380//296
f 341//297 296//297 307//297 353//297
f 308//298 354//298 342//298 297//298
f 353//299 347//299 298//299 307//299
f 354//300 308//300 299//300 348//300
f 332//301 334//301 322//301 320//301
f 321//302 335//302 331//302 319//302
f 336//303 328//303 319//303 321//303
f 358//304 377//304 315//304 302//304
f 316//305 378//305 358//305 302//305
f 343//306 320//306 327//306 349//306
f 332//307 320//307 343//307 352//307
f 339//308 391//308 337//308 300//308
f 338//309 301//309 340//309 392//309
f 334//310 322//310 355//310 374//310
f 357//311 371//311 335//311 321//311
f 336//312 372//312 357//312 321//312
f 327//313 359//313 361//313 333//313
f 368//314 334//314 332//314 360//314
f 362//315 336//315 328//315 364//315
f 325//316 421//316 365//316 305//316
f 366//317 306//317 326//317 422//317
f 309//318 369//318 397//318 345//318
f 398//319 370//319 310//319 346//319
f 311//320 365//320 410//320 341//320
f 411//321 366//321 312//321 342//321
f 360//322 332//322 352//322 384//322
f 377//323 400//323 345//323 315//323
f 346//324 401//324 378//324 316//324
f 364//325 328//325 350//325 386//325
f 427//326 375//326 317//326 347//326
f 428//327 348//327 318//327 376//327
f 333//328 361//328 393//328 373//328
f 394//329 368//329 334//329 374//329
f 381//330 387//330 349//330 343//330
f 352//331 343//331 381//331 388//331
f 382//332 389//332 351//332 344//332
f 350//333 344//333 382//333 390//333
f 335//334 371//334 395//334 367//334
f 396//335 372//335 336//335 362//335
f 356//336 339//336 391//336 399//336
f 392//337 399//337 356//337 340//337
f 313//338 375//338 455//338 379//338
f 456//339 376//339 314//339 380//339
f 387//340 349//340 385//340 408//340
f 389//341 414//341 383//341 351//341
f 329//342 325//342 421//342 482//342
f 422//343 326//343 330//343 483//343
f 369//344 453//344 402//344 323//344
f 403//345 454//345 370//345 324//345
f 341//346 353//346 436//346 410//346
f 437//347 354//347 342//347 411//347
f 355//348 373//348 419//348 404//348
f 359//349 416//349 406//349 361//349
f 402//350 457//350 379//350 323//350
f 380//351 324//351 403//351 458//351
f 436//352 353//352 347//352 427//352
f 437//353 428//353 348//353 354//353
f 426//354 405//354 357//354 372//354
f 329//355 337//355 451//355 482//355
f 330//356 338//356 452//356 483//356
f 430//357 451//357 337//357 391//357
f 338//358 452//358 431//358 392//358
f 429//359 358//359 377//359 447//359
f 378//360 358//360 429//360 448//360
f 361//361 406//361 449//361 393//361
f 450//362 394//362 368//362 407//362
f 373//363 419//363 432//363 393//363
f 433//364 394//364 374//364 420//364
f 446//365 396//365 362//365 413//365
f 371//366 395//366 434//366 425//366
f 435//367 396//367 372//367 426//367
f 400//368 468//368 397//368 345//368
f 398//369 346//369 401//369 469//369
f 444//370 459//370 389//370 382//370
f 441//371 381//371 387//371 459//371
f 421//372 486//372 410//372 365//372
f 411//373 366//373 422//373 487//373
f 447//374 377//374 400//374 470//374
f 401//375 471//375 448//375 378//375
f 397//376 369//376 453//376 488//376
f 454//377 489//377 398//377 370//377
f 408//378 472//378 438//378 385//378
f 439//379 473//379 409//379 384//379
f 399//380 418//380 463//380 430//380
f 464//381 418//381 399//381 431//381
f 414//382 383//382 442//382 474//382
f 443//383 386//383 415//383 475//383
f 502//384 455//384 375//384 427//384
f 503//385 428//385 376//385 456//385
f 393//386 449//386 484//386 432//386
f 479//387 433//387 394//387 450//387
f 395//388 434//388 478//388 445//388
f 485//389 435//389 396//389 446//389
f 379//390 455//390 490//390 457//390
f 491//391 456//391 380//391 458//391
f 418//392 463//392 466//392 440//392
f 464//393 467//393 440//393 418//393
f 416//394 406//394 496//394 505//394
f 497//395 407//395 417//395 506//395
f 423//396 412//396 498//396 508//396
f 499//397 407//397 424//397 509//397
f 402//398 453//398 579//398 457//398
f 580//399 454//399 403//399 458//399
f 410//400 436//400 522//400 486//400
f 523//401 437//401 411//401 487//401
f 470//402 518//402 468//402 400//402
f 469//403 519//403 471//403 401//403
f 465//404 492//404 466//404 440//404
f 467//405 493//405 465//405 440//405
f 429//406 447//406 500//406 495//406
f 501//407 448//407 429//407 495//407
f 419//408 432//408 526//408 510//408
f 522//409 436//409 427//409 502//409
f 428//410 437//410 523//410 503//410
f 476//411 408//411 472//411 530//411
f 473//412 531//412 477//412 409//412
f 482//413 421//413 486//413 512//413
f 487//414 422//414 483//414 513//414
f 425//415 434//415 528//415 514//415
f 480//416 532//416 474//416 414//416
f 475//417 533//417 481//417 415//417
f 509//418 537//418 443//418 424//418
f 506//419 535//419 439//419 417//419
f 468//420 557//420 488//420 397//420
f 489//421 398//421 469//421 558//421
f 447//422 500//422 538//422 470//422
f 539//422 501//422 448//422 471//422
f 449//423 520//423 551//423 484//423
f 548//424 521//424 450//424 479//424
f 494//425 516//425 492//425 465//425
f 493//426 465//426 494//426 517//426
f 552//427 525//427 446//427 485//427
f 432//428 484//428 565//428 526//428
f 434//429 478//429 563//429 528//429
f 455//430 502//430 587//430 490//430
f 588//431 503//431 456//431 491//431
f 463//432 581//432 591//432 430//432
f 592//433 582//433 464//433 431//433
f 463//434 466//434 569//434 581//434
f 570//435 582//435 464//435 467//435
f 561//436 461//436 480//436 593//436
f 457//437 490//437 555//437 579//437
f 556//438 491//438 458//438 580//438
f 512//439 486//439 522//439 540//439
f 523//440 487//440 513//440 541//440
f 451//441 482//441 610//441 591//441
f 611//442 483//442 452//442 592//442
f 492//443 571//443 569//443 466//443
f 570//444 572//444 493//444 467//444
f 538//445 470//445 518//445 597//445
f 519//446 598//446 539//446 471//446
f 495//447 543//447 559//447 500//447
f 560//448 543//448 495//448 501//448
f 494//449 516//449 553//449 542//449
f 554//450 517//450 494//450 542//450
f 540//451 522//451 502//451 587//451
f 503//452 588//452 541//452 523//452
f 516//453 492//453 571//453 585//453
f 572//454 493//454 517//454 586//454
f 453//455 579//455 678//455 488//455
f 679//456 489//456 454//456 580//456
f 518//457 618//457 557//457 468//457
f 558//458 619//458 519//458 469//458
f 512//459 540//459 545//459 549//459
f 546//460 541//460 513//460 550//460
f 559//461 500//461 538//461 589//461
f 545//462 573//462 567//462 549//462
f 568//463 574//463 546//463 550//463
f 553//464 516//464 585//464 599//464
f 586//465 517//465 554//465 600//465
f 490//466 555//466 639//466 587//466
f 640//467 556//467 491//467 588//467
f 482//468 549//468 649//468 610//468
f 650//469 550//469 483//469 611//469
f 542//470 603//470 606//470 553//470
f 607//471 603//471 542//471 554//471
f 579//472 555//472 583//472 595//472
f 584//473 556//473 580//473 596//473
f 573//474 567//474 601//474 604//474
f 602//475 568//475 574//475 605//475
f 545//476 540//476 587//476 666//476
f 588//477 541//477 546//477 667//477
f 589//478 633//478 597//478 538//478
f 606//479 614//479 599//479 553//479
f 600//480 554//480 607//480 615//480
f 675//481 686//481 506//481 497//481
f 597//482 518//482 618//482 670//482
f 619//483 671//483 598//483 519//483
f 583//484 595//484 620//484 616//484
f 621//485 617//485 584//485 596//485
f 488//486 678//486 703//486 557//486
f 704//487 558//487 489//487 679//487
f 555//488 639//488 643//488 583//488
f 644//489 584//489 556//489 640//489
f 649//490 647//490 567//490 549//490
f 568//491 648//491 650//491 550//491
f 601//492 604//492 631//492 623//492
f 632//493 624//493 602//493 605//493
f 573//494 545//494 666//494 660//494
f 667//495 661//495 574//495 546//495
f 692//496 521//496 548//496 732//496
f 637//497 599//497 585//497 657//497
f 586//498 600//498 638//498 658//498
f 567//499 647//499 655//499 601//499
f 656//500 648//500 568//500 602//500
f 627//501 637//501 599//501 614//501
f 600//502 615//502 628//502 638//502
f 585//503 657//503 695//503 571//503
f 696//504 572//504 586//504 658//504
f 573//505 604//505 668//505 660//505
f 669//506 605//506 574//506 661//506
f 583//507 643//507 672//507 616//507
f 673//508 617//508 584//508 644//508
f 708//509 535//509 578//509 756//509
f 579//510 595//510 689//510 678//510
f 690//511 596//511 580//511 679//511
f 695//512 571//512 569//512 765//512
f 570//513 572//513 696//513 766//513
f 616//514 645//514 653//514 620//514
f 654//515 621//515 617//515 646//515
f 590//516 752//516 700//516 562//516
f 601//517 623//517 680//517 655//517
f 681//518 624//518 602//518 656//518
f 604//519 668//519 693//519 631//519
f 694//520 669//520 605//520 632//520
f 631//521 664//521 662//521 623//521
f 663//522 665//522 632//522 624//522
f 595//523 620//523 717//523 689//523
f 718//524 621//524 596//524 690//524
f 633//525 597//525 670//525 737//525
f 671//526 738//526 634//526 598//526
f 627//527 637//527 697//527 641//527
f 698//528 642//528 628//528 638//528
f 618//529 767//529 703//529 557//529
f 704//530 768//530 619//530 558//530
f 616//531 672//531 705//531 645//531
f 706//532 673//532 617//532 646//532
f 569//533 581//533 838//533 765//533
f 839//534 582//534 570//534 766//534
f 623//535 680//535 722//535 662//535
f 723//536 663//536 624//536 681//536
f 664//537 729//537 693//537 631//537
f 694//538 730//538 665//538 632//538
f 717//539 745//539 653//539 620//539
f 654//540 746//540 718//540 621//540
f 653//541 713//541 701//541 645//541
f 702//542 646//542 654//542 714//542
f 641//543 697//543 761//543 651//543
f 762//544 698//544 642//544 652//544
f 587//545 639//545 908//545 666//545
f 909//546 640//546 588//546 667//546
f 637//547 697//547 780//547 657//547
f 781//548 698//548 638//548 658//548
f 664//549 735//549 733//549 662//549
f 734//550 736//550 665//550 663//550
f 645//551 701//551 753//551 705//551
f 754//552 706//552 646//552 702//552
f 775//553 659//553 651//553 761//553
f 775//554 659//554 652//554 762//554
f 662//555 722//555 759//555 733//555
f 760//556 723//556 663//556 734//556
f 581//557 838//557 930//557 591//557
f 931//558 839//558 582//558 592//558
f 670//559 618//559 767//559 818//559
f 768//560 619//560 671//560 819//560
f 664//561 729//561 763//561 735//561
f 764//562 736//562 665//562 730//562
f 653//563 713//563 771//563 745//563
f 772//564 714//564 654//564 746//564
f 701//565 769//565 773//565 713//565
f 774//566 770//566 702//566 714//566
f 639//567 862//567 840//567 643//567
f 841//568 863//568 640//568 644//568
f 930//569 591//569 610//569 916//569
f 611//570 592//570 931//570 917//570
f 643//571 840//571 824//571 672//571
f 825//572 841//572 644//572 673//572
f 836//573 655//573 680//573 808//573
f 681//574 809//574 837//574 656//574
f 753//575 701//575 769//575 782//575
f 770//576 702//576 754//576 783//576
f 733//577 776//577 778//577 735//577
f 779//578 777//578 734//578 736//578
f 780//579 657//579 695//579 878//579
f 696//580 658//580 781//580 879//580
f 647//581 880//581 836//581 655//581
f 837//582 881//582 648//582 656//582
f 808//583 794//583 722//583 680//583
f 723//584 681//584 809//584 795//584
f 824//585 672//585 705//585 816//585
f 706//586 673//586 825//586 817//586
f 759//587 784//587 776//587 733//587
f 777//588 734//588 760//588 785//588
f 713//589 771//589 790//589 773//589
f 791//590 772//590 714//590 774//590
f 852//591 822//591 693//591 668//591
f 694//592 823//592 853//592 669//592
f 735//593 778//593 786//593 763//593
f 787//594 779//594 736//594 764//594
f 693//595 729//595 806//595 822//595
f 807//596 823//596 694//596 730//596
f 610//597 649//597 910//597 916//597
f 911//598 917//598 611//598 650//598
f 794//599 792//599 759//599 722//599
f 760//600 793//600 795//600 723//600
f 649//601 647//601 880//601 910//601
f 881//602 911//602 650//602 648//602
f 660//603 903//603 852//603 668//603
f 853//604 904//604 661//604 669//604
f 729//605 763//605 796//605 806//605
f 797//606 764//606 730//606 807//606
f 705//607 753//607 820//607 816//607
f 821//608 817//608 706//608 754//608
f 761//609 697//609 780//609 872//609
f 781//610 873//610 762//610 698//610
f 759//611 792//611 798//611 784//611
f 799//612 793//612 760//612 785//612
f 896//613 888//613 699//613 684//613
f 700//614 889//614 896//614 684//614
f 786//615 802//615 796//615 763//615
f 797//616 803//616 787//616 764//616
f 660//617 903//617 942//617 666//617
f 943//618 667//618 661//618 904//618
f 773//619 814//619 812//619 769//619
f 813//620 770//620 774//620 815//620
f 753//621 820//621 834//621 782//621
f 835//622 821//622 754//622 783//622
f 884//623 717//623 745//623 864//623
f 746//624 718//624 885//624 865//624
f 914//625 689//625 717//625 884//625
f 718//626 885//626 915//626 690//626
f 782//627 826//627 812//627 769//627
f 813//628 770//628 783//628 827//628
f 888//629 882//629 751//629 699//629
f 752//630 883//630 889//630 700//630
f 745//631 771//631 854//631 864//631
f 855//632 772//632 746//632 865//632
f 773//633 814//633 832//633 790//633
f 833//634 791//634 774//634 815//634
f 685//635 676//635 928//635 934//635
f 929//636 675//636 686//636 935//636
f 926//637 932//637 682//637 674//637
f 927//638 677//638 683//638 933//638
f 678//639 944//639 914//639 689//639
f 915//640 690//640 679//640 945//640
f 691//641 936//641 926//641 674//641
f 929//642 937//642 692//642 675//642
f 687//643 676//643 928//643 938//643
f 927//644 677//644 688//644 939//644
f 854//645 771//645 790//645 848//645
f 791//646 772//646 855//646 849//646
f 709//647 682//647 932//647 954//647
f 905//648 872//648 761//648 775//648
f 873//649 762//649 775//649 905//649
f 834//650 842//650 826//650 782//650
f 827//651 783//651 835//651 843//651
f 866//652 828//652 798//652 792//652
f 799//653 793//653 867//653 829//653
f 802//654 830//654 870//654 796//654
f 803//655 797//655 871//655 831//655
f 695//656 878//656 980//656 765//656
f 981//657 766//657 696//657 879//657
f 937//658 939//658 732//658 728//658
f 790//659 848//659 850//659 832//659
f 851//660 849//660 791//660 833//660
f 812//661 826//661 856//661 814//661
f 794//662 792//662 866//662 912//662
f 867//663 793//663 795//663 913//663
f 755//664 707//664 954//664 972//664
f 955//665 973//665 756//665 708//665
f 757//666 974//666 956//666 709//666
f 957//667 710//667 758//667 975//667
f 796//668 806//668 920//668 870//668
f 797//669 807//669 921//669 871//669
f 963//670 979//670 748//670 732//670
f 834//671 897//671 868//671 842//671
f 835//672 843//672 869//672 898//672
f 715//673 724//673 994//673 1000//673
f 997//674 725//674 712//674 1001//674
f 721//675 1006//675 998//675 711//675
f 999//676 1006//676 721//676 716//676
f 726//677 715//677 1000//677 1007//677
f 1001//678 1007//678 726//678 712//678
f 918//679 844//679 828//679 866//679
f 829//680 867//680 919//680 845//680
f 846//681 922//681 870//681 830//681
f 847//682 831//682 871//682 923//682
f 924//683 820//683 834//683 897//683
f 835//684 821//684 925//684 898//684
f 906//685 848//685 850//685 874//685
f 851//686 849//686 907//686 875//686
f 742//687 877//687 983//687 891//687
f 808//688 960//688 912//688 794//688
f 913//689 795//689 809//689 961//689
f 856//690 892//690 901//690 899//690
f 857//691 900//691 902//691 893//691
f 988//692 878//692 780//692 872//692
f 781//693 873//693 989//693 879//693
f 958//694 924//694 820//694 816//694
f 821//695 817//695 959//695 925//695
f 806//696 920//696 970//696 822//696
f 807//697 823//697 971//697 921//697
f 767//698 944//698 1010//698 818//698
f 1011//699 819//699 768//699 945//699
f 950//700 906//700 848//700 854//700
f 849//701 855//701 951//701 907//701
f 918//702 946//702 858//702 844//702
f 859//703 947//703 919//703 845//703
f 897//704 868//704 886//704 940//704
f 898//705 869//705 887//705 941//705
f 860//706 846//706 922//706 948//706
f 861//707 949//707 923//707 847//707
f 906//708 874//708 892//708 952//708
f 893//709 953//709 907//709 875//709
f 948//710 860//710 858//710 946//710
f 949//711 861//711 859//711 947//711
f 1008//712 958//712 816//712 824//712
f 817//713 825//713 1009//713 959//713
f 836//714 1020//714 960//714 808//714
f 961//715 809//715 837//715 1021//715
f 864//716 990//716 950//716 854//716
f 951//717 855//717 865//717 991//717
f 940//718 966//718 899//718 886//718
f 941//719 887//719 900//719 967//719
f 912//720 866//720 918//720 992//720
f 919//721 993//721 913//721 867//721
f 952//722 892//722 901//722 968//722
f 902//723 893//723 953//723 969//723
f 852//724 822//724 970//724 1023//724
f 971//725 823//725 853//725 1024//725
f 922//726 870//726 920//726 1002//726
f 923//727 871//727 921//727 1003//727
f 980//728 1056//728 838//728 765//728
f 839//729 1057//729 981//729 766//729
f 901//730 899//730 966//730 968//730
f 967//731 900//731 902//731 969//731
f 1004//732 940//732 897//732 924//732
f 1005//733 941//733 898//733 925//733
f 1039//734 1008//734 824//734 840//734
f 825//735 841//735 1040//735 1009//735
f 1018//736 982//736 876//736 882//736
f 877//737 983//737 1019//737 883//737
f 1031//738 884//738 864//738 990//738
f 865//739 991//739 1032//739 885//739
f 905//740 1022//740 988//740 872//740
f 989//741 1022//741 905//741 873//741
f 950//742 906//742 952//742 1016//742
f 953//743 1017//743 951//743 907//743
f 880//744 836//744 1020//744 1052//744
f 1021//745 837//745 881//745 1053//745
f 992//746 1025//746 946//746 918//746
f 947//747 1026//747 993//747 919//747
f 862//748 840//748 1039//748 1054//748
f 1040//749 1055//749 863//749 841//749
f 1049//750 888//750 882//750 1018//750
f 883//751 889//751 1050//751 1019//751
f 922//752 948//752 1027//752 1002//752
f 923//753 949//753 1028//753 1003//753
f 903//754 1064//754 1023//754 852//754
f 1024//755 1065//755 904//755 853//755
f 1043//756 992//756 912//756 960//756
f 913//757 961//757 1044//757 993//757
f 958//758 1041//758 1004//758 924//758
f 959//759 1042//759 1005//759 925//759
f 1004//760 1029//760 966//760 940//760
f 1005//761 941//761 967//761 1030//761
f 920//762 1002//762 1045//762 970//762
f 921//763 971//763 1046//763 1003//763
f 1027//764 948//764 946//764 1025//764
f 947//765 949//765 1028//765 1026//765
f 914//766 1062//766 1031//766 884//766
f 1032//767 1063//767 915//767 885//767
f 1068//768 988//768 878//768 980//768
f 879//769 981//769 1069//769 989//769
f 1016//770 1033//770 968//770 952//770
f 969//771 1034//771 1017//771 953//771
f 896//772 1051//772 1049//772 888//772
f 889//772 1050//772 1051//772 896//772
f 1029//773 1033//773 968//773 966//773
f 969//774 967//774 1030//774 1034//774
f 990//775 950//775 1016//775 1047//775
f 1017//776 951//776 991//776 1048//776
f 910//777 880//777 1052//777 1084//777
f 1053//778 881//778 911//778 1085//778
f 942//779 1086//779 1054//779 908//779
f 943//780 909//780 1055//780 1087//780
f 838//781 930//781 1171//781 1056//781
f 1172//782 931//782 839//782 1057//782
f 1129//783 942//783 903//783 1064//783
f 904//784 943//784 1130//784 1065//784
f 1109//785 944//785 914//785 1062//785
f 915//786 1063//786 1110//786 945//786
f 1008//787 958//787 1041//787 1082//787
f 1042//788 1083//788 1009//788 959//788
f 1100//789 929//789 935//789 1108//789
f 936//790 1105//790 1103//790 926//790
f 937//791 929//791 1100//791 1106//791
f 1018//792 1058//792 1060//792 982//792
f 1061//793 1059//793 1019//793 983//793
f 938//794 928//794 1099//794 1111//794
f 939//795 1112//795 1104//795 927//795
f 1090//796 1043//796 960//796 1020//796
f 961//797 1044//797 1091//797 1021//797
f 1041//798 1070//798 1029//798 1004//798
f 1030//799 1071//799 1042//799 1005//799
f 992//800 1025//800 1072//800 1043//800
f 993//801 1026//801 1073//801 1044//801
f 916//802 1183//802 1084//802 910//802
f 1085//803 1184//803 917//803 911//803
f 1107//804 932//804 954//804 1119//804
f 1045//805 1002//805 1027//805 1080//805
f 1028//806 1003//806 1046//806 1081//806
f 934//807 1113//807 1117//807 956//807
f 962//808 1121//808 1105//808 936//808
f 1106//809 1122//809 963//809 937//809
f 970//810 1045//810 1115//810 1023//810
f 971//811 1024//811 1116//811 1046//811
f 964//812 1123//812 1111//812 938//812
f 1112//813 939//813 965//813 1124//813
f 1047//814 1016//814 1033//814 1074//814
f 1034//815 1017//815 1048//815 1075//815
f 1101//816 1031//816 990//816 1047//816
f 991//817 1032//817 1102//817 1048//817
f 1069//818 989//818 1022//818 1098//818
f 976//819 1133//819 1121//819 962//819
f 978//820 1131//820 1123//820 964//820
f 1010//821 1139//821 1109//821 944//821
f 1110//822 945//822 1011//822 1140//822
f 1072//823 1080//823 1027//823 1025//823
f 1028//824 1081//824 1073//824 1026//824
f 1070//825 1074//825 1033//825 1029//825
f 1034//826 1075//826 1071//826 1030//826
f 1132//827 979//827 985//827 1142//827
f 984//828 1141//828 1131//828 978//828
f 1088//829 1060//829 982//829 1066//829
f 983//830 1061//830 1089//830 1067//830
f 1224//831 1171//831 930//831 916//831
f 931//832 1172//832 1225//832 917//832
f 1092//833 1049//833 1018//833 1058//833
f 1019//834 1050//834 1093//834 1059//834
f 1012//835 972//835 1135//835 1151//835
f 996//836 986//836 1143//836 1149//836
f 1142//837 985//837 995//837 1150//837
f 994//838 984//838 1141//838 1153//838
f 998//839 996//839 1149//839 1161//839
f 1150//840 995//840 999//840 1162//840
f 1000//841 1163//841 1153//841 994//841
f 1154//842 997//842 1001//842 1164//842
f 1006//843 1165//843 1161//843 998//843
f 1162//844 1165//844 1006//844 999//844
f 1177//845 1039//845 1008//845 1082//845
f 1009//846 1083//846 1178//846 1040//846
f 1007//847 1000//847 1163//847 1166//847
f 1164//848 1001//848 1007//848 1166//848
f 1058//849 1060//849 1078//849 1076//849
f 1079//850 1061//850 1059//850 1077//850
f 1068//851 1212//851 1056//851 980//851
f 1057//852 1213//852 1069//852 981//852
f 1037//853 1010//853 1139//853 1169//853
f 1140//854 1011//854 1036//854 1174//854
f 1082//855 1167//855 1070//855 1041//855
f 1071//856 1168//856 1083//856 1042//856
f 1052//857 1218//857 1090//857 1020//857
f 1091//858 1219//858 1053//858 1021//858
f 1078//859 1060//859 1088//859 1125//859
f 1089//860 1061//860 1079//860 1126//860
f 1092//861 1058//861 1076//861 1127//861
f 1077//862 1059//862 1093//862 1128//862
f 1094//863 1076//863 1078//863 1096//863
f 1079//864 1097//864 1095//864 1077//864
f 1062//865 1031//865 1101//865 1210//865
f 1102//866 1032//866 1063//866 1211//866
f 1191//867 1072//867 1043//867 1090//867
f 1044//868 1073//868 1192//868 1091//868
f 1175//869 1074//869 1047//869 1101//869
f 1048//870 1102//870 1176//870 1075//870
f 1115//871 1234//871 1064//871 1023//871
f 1116//872 1024//872 1065//872 1235//872
f 1115//873 1045//873 1080//873 1193//873
f 1081//874 1046//874 1116//874 1194//874
f 1066//875 1189//875 1173//875 1035//875
f 1226//876 1054//876 1039//876 1177//876
f 1040//877 1055//877 1227//877 1178//877
f 1127//878 1076//878 1094//878 1145//878
f 1095//879 1077//879 1128//879 1146//879
f 1096//880 1078//880 1125//880 1147//880
f 1126//881 1079//881 1097//881 1148//881
f 1167//882 1175//882 1074//882 1070//882
f 1075//883 1176//883 1168//883 1071//883
f 1051//884 1203//884 1204//884 1049//884
f 1205//885 1050//885 1051//885 1203//885
f 1191//886 1193//886 1080//886 1072//886
f 1081//887 1194//887 1192//887 1073//887
f 1157//888 1094//888 1096//888 1159//888
f 1160//888 1097//888 1095//888 1158//888
f 1197//889 1189//889 1066//889 1088//889
f 1067//890 1190//890 1198//890 1089//890
f 1204//891 1199//891 1092//891 1049//891
f 1093//892 1050//892 1205//892 1200//892
f 1184//893 917//893 1225//893 1260//893
f 1159//894 1179//894 1147//894 1096//894
f 1148//895 1180//895 1160//895 1097//895
f 1145//896 1181//896 1157//896 1094//896
f 1158//897 1182//897 1146//897 1095//897
f 1197//898 1088//898 1125//898 1206//898
f 1198//899 1207//899 1126//899 1089//899
f 1199//900 1208//900 1127//900 1092//900
f 1128//901 1209//901 1200//901 1093//901
f 1084//902 1052//902 1218//902 1261//902
f 1219//903 1053//903 1085//903 1262//903
f 1069//904 1098//904 1250//904 1213//904
f 1062//905 1210//905 1251//905 1109//905
f 1063//906 1211//906 1252//906 1110//906
f 1185//907 1187//907 1159//907 1157//907
f 1160//908 1188//908 1186//908 1158//908
f 1253//909 1167//909 1082//909 1177//909
f 1083//910 1168//910 1254//910 1178//910
f 1208//911 1127//911 1145//911 1214//911
f 1146//912 1128//912 1209//912 1215//912
f 1147//913 1216//913 1206//913 1125//913
f 1207//914 1217//914 1148//914 1126//914
f 1159//915 1179//915 1195//915 1187//915
f 1196//916 1180//916 1160//916 1188//916
f 1181//917 1157//917 1185//917 1201//917
f 1186//918 1158//918 1182//918 1202//918
f 1279//919 1234//919 1064//919 1129//919
f 1065//920 1235//920 1280//920 1130//920
f 1179//921 1147//921 1216//921 1222//921
f 1217//922 1148//922 1180//922 1223//922
f 1145//923 1214//923 1220//923 1181//923
f 1221//924 1215//924 1146//924 1182//924
f 1265//925 1210//925 1101//925 1175//925
f 1102//926 1176//926 1266//926 1211//926
f 1356//927 1171//927 1056//927 1212//927
f 1057//928 1213//928 1357//928 1172//928
f 1195//929 1228//929 1222//929 1179//929
f 1223//930 1180//930 1196//930 1229//930
f 1220//931 1181//931 1201//931 1230//931
f 1202//932 1231//932 1221//932 1182//932
f 1236//933 1232//933 1187//933 1185//933
f 1188//934 1233//934 1237//934 1186//934
f 1281//935 1191//935 1090//935 1218//935
f 1091//936 1219//936 1282//936 1192//936
f 1232//937 1187//937 1195//937 1228//937
f 1196//938 1229//938 1233//938 1188//938
f 1234//939 1295//939 1193//939 1115//939
f 1194//940 1296//940 1235//940 1116//940
f 1105//941 1103//941 1287//941 1303//941
f 1106//942 1306//942 1288//942 1100//942
f 1111//943 1099//943 1291//943 1305//943
f 1112//944 1104//944 1292//944 1304//944
f 1107//945 1283//945 1293//945 1119//945
f 1108//946 1284//946 1294//946 1120//946
f 1113//947 1117//947 1297//947 1285//947
f 1114//948 1286//948 1298//948 1118//948
f 1139//949 1109//949 1277//949 1289//949
f 1278//950 1110//950 1140//950 1290//950
f 1265//951 1175//951 1167//951 1253//951
f 1168//952 1254//952 1266//952 1176//952
f 1136//953 1152//953 1312//953 1308//953
f 1138//954 1310//954 1314//954 1156//954
f 1240//955 1248//955 1222//955 1228//955
f 1223//956 1229//956 1241//956 1249//956
f 1332//957 1343//957 1142//957 1132//957
f 1246//958 1220//958 1230//958 1238//958
f 1231//959 1221//959 1247//959 1239//959
f 1232//960 1242//960 1240//960 1228//960
f 1241//961 1243//961 1233//961 1229//961
f 1271//962 1263//962 1206//962 1197//962
f 1272//963 1198//963 1207//963 1264//963
f 1255//964 1214//964 1220//964 1246//964
f 1221//965 1215//965 1256//965 1247//965
f 1208//966 1199//966 1269//966 1267//966
f 1270//967 1200//967 1209//967 1268//967
f 1222//968 1248//968 1257//968 1216//968
f 1258//969 1249//969 1223//969 1217//969
f 1214//970 1255//970 1267//970 1208//970
f 1268//971 1256//971 1215//971 1209//971
f 1216//972 1257//972 1263//972 1206//972
f 1264//973 1207//973 1217//973 1258//973
f 1183//974 1367//974 1261//974 1084//974
f 1262//975 1368//975 1184//975 1085//975
f 1244//976 1236//976 1232//976 1242//976
f 1243//976 1233//976 1237//976 1245//976
f 1319//977 1253//977 1177//977 1226//977
f 1178//978 1254//978 1320//978 1227//978
f 1197//979 1271//979 1329//979 1189//979
f 1330//980 1190//980 1198//980 1272//980
f 1281//981 1295//981 1193//981 1191//981
f 1194//982 1296//982 1282//982 1192//982
f 1165//983 1354//983 1350//983 1161//983
f 1351//984 1354//984 1165//984 1162//984
f 1204//985 1358//985 1269//985 1199//985
f 1270//986 1359//986 1205//986 1200//986
f 1242//987 1240//987 1248//987 1273//987
f 1249//988 1274//988 1243//988 1241//988
f 1238//989 1244//989 1275//989 1246//989
f 1276//990 1245//990 1239//990 1247//990
f 1335//991 1203//991 1204//991 1358//991
f 1205//992 1359//992 1335//992 1203//992
f 1210//993 1251//993 1340//993 1265//993
f 1341//994 1252//994 1211//994 1266//994
f 1129//995 1380//995 1386//995 1086//995
f 1130//996 1087//996 1387//996 1381//996
f 1275//997 1244//997 1242//997 1273//997
f 1274//997 1243//997 1245//997 1276//997
f 1299//998 1257//998 1248//998 1273//998
f 1249//999 1258//999 1300//999 1274//999
f 1246//1000 1275//1000 1301//1000 1255//1000
f 1302//1001 1256//1001 1247//1001 1276//1001
f 1371//1002 1224//1002 1171//1002 1356//1002
f 1172//1003 1225//1003 1372//1003 1357//1003
f 1386//1004 1086//1004 1226//1004 1388//1004
f 1387//1005 1087//1005 1227//1005 1389//1005
f 1327//1006 1299//1006 1257//1006 1263//1006
f 1258//1007 1300//1007 1328//1007 1264//1007
f 1255//1008 1301//1008 1325//1008 1267//1008
f 1326//1009 1302//1009 1256//1009 1268//1009
f 1261//1010 1218//1010 1281//1010 1360//1010
f 1282//1011 1219//1011 1262//1011 1361//1011
f 1301//1012 1275//1012 1273//1012 1299//1012
f 1300//1012 1274//1012 1276//1012 1302//1012
f 1340//1013 1319//1013 1253//1013 1265//1013
f 1254//1014 1320//1014 1341//1014 1266//1014
f 1267//1015 1269//1015 1336//1015 1325//1015
f 1337//1016 1326//1016 1268//1016 1270//1016
f 1338//1017 1271//1017 1263//1017 1327//1017
f 1264//1018 1328//1018 1339//1018 1272//1018
f 1250//1019 1212//1019 1356//1019 1366//1019
f 1357//1020 1213//1020 1250//1020 1366//1020
f 1364//1021 1279//1021 1234//1021 1295//1021
f 1235//1022 1280//1022 1365//1022 1296//1022
f 1301//1023 1325//1023 1327//1023 1299//1023
f 1300//1023 1328//1023 1326//1023 1302//1023
f 1259//1024 1183//1024 1367//1024 1369//1024
f 1368//1025 1184//1025 1260//1025 1370//1025
f 1371//1026 1224//1026 1259//1026 1369//1026
f 1260//1027 1225//1027 1372//1027 1370//1027
f 1336//1028 1325//1028 1327//1028 1338//1028
f 1328//1029 1326//1029 1337//1029 1339//1029
f 1362//1030 1338//1030 1271//1030 1329//1030
f 1360//1031 1364//1031 1295//1031 1281//1031
f 1296//1032 1282//1032 1361//1032 1365//1032
f 1388//1033 1226//1033 1319//1033 1390//1033
f 1389//1034 1391//1034 1320//1034 1227//1034
f 1378//1035 1336//1035 1338//1035 1362//1035
f 1339//1036 1363//1036 1379//1036 1337//1036
f 1261//1037 1367//1037 1376//1037 1360//1037
f 1377//1038 1368//1038 1262//1038 1361//1038
f 1335//1039 1374//1039 1382//1039 1358//1039
f 1383//1040 1374//1040 1335//1040 1359//1040
f 1400//1041 1396//1041 1340//1041 1251//1041
f 1341//1042 1252//1042 1401//1042 1397//1042
f 1277//1043 1251//1043 1400//1043 1402//1043
f 1401//1044 1252//1044 1278//1044 1403//1044
f 1390//1045 1396//1045 1340//1045 1319//1045
f 1391//1046 1320//1046 1341//1046 1397//1046
f 1358//1047 1269//1047 1378//1047 1450//1047
f 1289//1048 1405//1048 1402//1048 1277//1048
f 1403//1049 1278//1049 1290//1049 1406//1049
f 1360//1050 1376//1050 1384//1050 1364//1050
f 1385//1051 1377//1051 1361//1051 1365//1051
f 1379//1052 1451//1052 1359//1052 1337//1052
f 1287//1053 1283//1053 1409//1053 1413//1053
f 1288//1054 1414//1054 1412//1054 1284//1054
f 1291//1055 1285//1055 1411//1055 1419//1055
f 1292//1056 1420//1056 1410//1056 1286//1056
f 1283//1057 1409//1057 1415//1057 1293//1057
f 1285//1058 1297//1058 1417//1058 1411//1058
f 1303//1059 1427//1059 1413//1059 1287//1059
f 1305//1060 1429//1060 1419//1060 1291//1060
f 1293//1061 1309//1061 1421//1061 1415//1061
f 1294//1062 1308//1062 1422//1062 1416//1062
f 1297//1063 1307//1063 1425//1063 1417//1063
f 1298//1064 1310//1064 1426//1064 1418//1064
f 1321//1065 1435//1065 1405//1065 1289//1065
f 1406//1066 1438//1066 1322//1066 1290//1066
f 1317//1067 1439//1067 1427//1067 1303//1067
f 1315//1068 1441//1068 1429//1068 1305//1068
f 1316//1069 1304//1069 1430//1069 1442//1069
f 1464//1070 1380//1070 1279//1070 1384//1070
f 1280//1071 1381//1071 1465//1071 1385//1071
f 1443//1072 1437//1072 1321//1072 1329//1072
f 1331//1073 1317//1073 1439//1073 1454//1073
f 1440//1074 1318//1074 1332//1074 1455//1074
f 1442//1075 1457//1075 1334//1075 1316//1075
f 1373//1076 1375//1076 1398//1076 1371//1076
f 1399//1077 1375//1077 1373//1077 1372//1077
f 1342//1078 1331//1078 1454//1078 1462//1078
f 1455//1079 1463//1079 1343//1079 1332//1079
f 1457//1080 1334//1080 1345//1080 1461//1080
f 1376//1081 1394//1081 1392//1081 1384//1081
f 1393//1082 1395//1082 1377//1082 1385//1082
f 1351//1083 1473//1083 1476//1083 1354//1083
f 1355//1084 1352//1084 1474//1084 1477//1084
f 1475//1085 1477//1085 1355//1085 1353//1085
f 1362//1086 1329//1086 1443//1086 1448//1086
f 1444//1087 1449//1087 1363//1087 1330//1087
f 1382//1088 1446//1088 1450//1088 1358//1088
f 1451//1089 1447//1089 1383//1089 1359//1089
f 1452//1090 1378//1090 1362//1090 1448//1090
f 1363//1091 1379//1091 1453//1091 1449//1091
f 1445//1092 1446//1092 1382//1092 1374//1092
f 1383//1093 1447//1093 1445//1093 1374//1093
f 1369//1094 1367//1094 1458//1094 1484//1094
f 1459//1095 1368//1095 1370//1095 1485//1095
f 1394//1096 1423//1096 1407//1096 1392//1096
f 1408//1097 1424//1097 1395//1097 1393//1097
f 1367//1098 1458//1098 1482//1098 1376//1098
f 1368//1099 1459//1099 1483//1099 1377//1099
f 1375//1100 1398//1100 1480//1100 1404//1100
f 1481//1101 1399//1101 1375//1101 1404//1101
f 1466//1102 1390//1102 1396//1102 1478//1102
f 1467//1103 1391//1103 1397//1103 1479//1103
f 1492//1104 1371//1104 1369//1104 1484//1104
f 1370//1105 1372//1105 1493//1105 1485//1105
f 1388//1106 1494//1106 1466//1106 1390//1106
f 1389//1107 1391//1107 1467//1107 1495//1107
f 1392//1108 1407//1108 1490//1108 1464//1108
f 1491//1109 1465//1109 1393//1109 1408//1109
f 1400//1110 1396//1110 1478//1110 1511//1110
f 1479//1111 1512//1111 1401//1111 1397//1111
f 1371//1112 1398//1112 1503//1112 1492//1112
f 1504//1113 1399//1113 1372//1113 1493//1113
f 1482//1114 1496//1114 1423//1114 1394//1114
f 1424//1115 1497//1115 1483//1115 1395//1115
f 1386//1116 1607//1116 1494//1116 1388//1116
f 1387//1117 1389//1117 1495//1117 1608//1117
f 1478//1118 1466//1118 1486//1118 1488//1118
f 1487//1119 1467//1119 1479//1119 1489//1119
f 1407//1120 1498//1120 1501//1120 1423//1120
f 1502//1121 1499//1121 1408//1121 1424//1121
f 1402//1122 1513//1122 1511//1122 1400//1122
f 1512//1123 1514//1123 1403//1123 1401//1123
f 1603//1124 1380//1124 1386//1124 1607//1124
f 1604//1125 1608//1125 1387//1125 1381//1125
f 1405//1126 1402//1126 1513//1126 1517//1126
f 1514//1127 1518//1127 1406//1127 1403//1127
f 1481//1128 1516//1128 1500//1128 1404//1128
f 1480//1129 1572//1129 1503//1129 1398//1129
f 1504//1130 1573//1130 1481//1130 1399//1130
f 1466//1131 1494//1131 1509//1131 1486//1131
f 1510//1132 1495//1132 1467//1132 1487//1132
f 1435//1133 1405//1133 1517//1133 1549//1133
f 1518//1134 1406//1134 1438//1134 1552//1134
f 1411//1135 1417//1135 1529//1135 1523//1135
f 1414//1136 1412//1136 1524//1136 1528//1136
f 1427//1137 1413//1137 1531//1137 1541//1137
f 1428//1138 1414//1138 1528//1138 1540//1138
f 1430//1139 1420//1139 1532//1139 1542//1139
f 1490//1140 1407//1140 1498//1140 1537//1140
f 1499//1141 1538//1141 1491//1141 1408//1141
f 1439//1142 1555//1142 1541//1142 1427//1142
f 1440//1143 1554//1143 1540//1143 1428//1143
f 1551//1144 1435//1144 1431//1144 1545//1144
f 1432//1145 1546//1145 1552//1145 1436//1145
f 1380//1146 1603//1146 1601//1146 1464//1146
f 1381//1147 1465//1147 1602//1147 1604//1147
f 1549//1148 1437//1148 1433//1148 1547//1148
f 1434//1149 1548//1149 1550//1149 1436//1149
f 1543//1150 1549//1150 1437//1150 1443//1150
f 1566//1151 1543//1151 1443//1151 1448//1151
f 1444//1152 1544//1152 1567//1152 1449//1152
f 1488//1153 1486//1153 1505//1153 1507//1153
f 1506//1154 1487//1154 1489//1154 1508//1154
f 1559//422 1560//422 1446//422 1445//422
f 1447//1155 1445//1155 1559//1155 1561//1155
f 1560//1156 1446//1156 1450//1156 1562//1156
f 1451//1157 1563//1157 1561//1157 1447//1157
f 1564//1158 1452//1158 1448//1158 1566//1158
f 1449//1159 1453//1159 1565//1159 1567//1159
f 1562//1160 1564//1160 1452//1160 1450//1160
f 1453//1161 1565//1161 1563//1161 1451//1161
f 1462//1162 1454//1162 1570//1162 1574//1162
f 1569//1163 1575//1163 1463//1163 1455//1163
f 1460//1164 1576//1164 1568//1164 1456//1164
f 1571//1165 1577//1165 1461//1165 1457//1165
f 1511//1166 1478//1166 1488//1166 1519//1166
f 1489//1167 1479//1167 1512//1167 1520//1167
f 1496//1168 1582//1168 1501//1168 1423//1168
f 1502//1169 1583//1169 1497//1169 1424//1169
f 1575//1170 1463//1170 1469//1170 1579//1170
f 1468//1171 1578//1171 1576//1171 1460//1171
f 1577//1172 1461//1172 1471//1172 1581//1172
f 1474//1173 1586//1173 1580//1173 1470//1173
f 1579//1174 1587//1174 1473//1174 1469//1174
f 1509//1175 1557//1175 1505//1175 1486//1175
f 1506//1176 1558//1176 1510//1176 1487//1176
f 1488//1177 1519//1177 1598//1177 1507//1177
f 1599//1178 1520//1178 1489//1178 1508//1178
f 1601//1179 1621//1179 1490//1179 1464//1179
f 1491//1180 1622//1180 1602//1180 1465//1180
f 1596//1181 1594//1181 1498//1181 1501//1181
f 1499//1182 1595//1182 1597//1182 1502//1182
f 1484//1183 1458//1183 1617//1183 1645//1183
f 1618//1184 1459//1184 1485//1184 1646//1184
f 1505//1185 1507//1185 1592//1185 1584//1185
f 1593//1186 1585//1186 1506//1186 1508//1186
f 1515//1187 1627//1187 1572//1187 1480//1187
f 1573//1188 1481//1188 1516//1188 1628//1188
f 1617//1189 1633//1189 1496//1189 1482//1189
f 1497//1190 1483//1190 1618//1190 1634//1190
f 1600//1191 1609//1191 1515//1191 1500//1191
f 1516//1192 1500//1192 1600//1192 1610//1192
f 1505//1193 1557//1193 1605//1193 1584//1193
f 1606//1194 1585//1194 1506//1194 1558//1194
f 1594//1195 1615//1195 1537//1195 1498//1195
f 1538//1196 1616//1196 1595//1196 1499//1196
f 1494//1197 1613//1197 1629//1197 1509//1197
f 1630//1198 1614//1198 1495//1198 1510//1198
f 1501//1199 1596//1199 1625//1199 1582//1199
f 1626//1200 1583//1200 1502//1200 1597//1200
f 1492//1201 1484//1201 1645//1201 1681//1201
f 1646//1202 1485//1202 1493//1202 1682//1202
f 1507//1203 1598//1203 1619//1203 1592//1203
f 1620//1204 1593//1204 1508//1204 1599//1204
f 1490//1205 1537//1205 1652//1205 1621//1205
f 1653//1206 1538//1206 1491//1206 1622//1206
f 1629//1207 1509//1207 1557//1207 1639//1207
f 1558//1208 1510//1208 1630//1208 1640//1208
f 1643//1209 1654//1209 1511//1209 1513//1209
f 1512//1210 1514//1210 1644//1210 1655//1210
f 1496//1211 1633//1211 1670//1211 1582//1211
f 1671//1212 1634//1212 1497//1212 1583//1212
f 1584//1213 1592//1213 1623//1213 1611//1213
f 1624//1214 1593//1214 1585//1214 1612//1214
f 1503//1215 1737//1215 1681//1215 1492//1215
f 1682//1216 1738//1216 1504//1216 1493//1216
f 1517//1217 1666//1217 1643//1217 1513//1217
f 1644//1218 1514//1218 1518//1218 1667//1218
f 1596//1219 1594//1219 1631//1219 1635//1219
f 1632//1220 1636//1220 1597//1220 1595//1220
f 1605//1221 1584//1221 1611//1221 1637//1221
f 1612//1222 1585//1222 1606//1222 1638//1222
f 1564//1223 1648//1223 1650//1223 1566//1223
f 1651//1224 1649//1224 1565//1224 1567//1224
f 1609//1225 1515//1225 1627//1225 1679//1225
f 1628//1226 1516//1226 1610//1226 1680//1226
f 1654//1227 1519//1227 1598//1227 1672//1227
f 1599//1228 1520//1228 1655//1228 1673//1228
f 1619//1229 1592//1229 1623//1229 1641//1229
f 1624//1230 1642//1230 1620//1230 1593//1230
f 1650//1231 1566//1231 1543//1231 1727//1231
f 1544//1232 1567//1232 1651//1232 1728//1232
f 1559//422 1674//422 1675//422 1560//422
f 1676//1155 1561//1155 1559//1155 1674//1155
f 1557//1233 1605//1233 1662//1233 1639//1233
f 1663//1234 1606//1234 1558//1234 1640//1234
f 1521//1235 1689//1235 1697//1235 1525//1235
f 1695//1236 1531//1236 1521//1236 1689//1236
f 1700//1237 1528//1237 1524//1237 1690//1237
f 1523//1238 1691//1238 1693//1238 1529//1238
f 1699//1239 1527//1239 1523//1239 1691//1239
f 1696//1240 1532//1240 1522//1240 1692//1240
f 1525//1241 1535//1241 1703//1241 1697//1241
f 1526//1242 1694//1242 1702//1242 1534//1242
f 1594//1243 1631//1243 1658//1243 1615//1243
f 1659//1244 1632//1244 1595//1244 1616//1244
f 1529//1245 1693//1245 1701//1245 1533//1245
f 1530//1246 1698//1246 1704//1246 1536//1246
f 1540//1247 1528//1247 1700//1247 1708//1247
f 1542//1247 1532//1247 1696//1247 1706//1247
f 1562//1248 1769//1248 1648//1248 1564//1248
f 1649//1249 1565//1249 1563//1249 1770//1249
f 1711//1250 1703//1250 1535//1250 1545//1250
f 1534//1251 1702//1251 1712//1251 1546//1251
f 1572//1252 1503//1252 1737//1252 1784//1252
f 1738//1253 1785//1253 1573//1253 1504//1253
f 1709//1254 1547//1254 1533//1254 1701//1254
f 1554//1255 1540//1255 1708//1255 1722//1255
f 1722//1256 1730//1256 1569//1256 1554//1256
f 1625//1257 1596//1257 1635//1257 1664//1257
f 1636//1258 1597//1258 1626//1258 1665//1258
f 1675//1259 1560//1259 1562//1259 1769//1259
f 1563//1260 1561//1260 1676//1260 1770//1260
f 1730//1261 1734//1261 1575//1261 1569//1261
f 1732//1262 1571//1262 1577//1262 1736//1262
f 1647//1263 1668//1263 1609//1263 1600//1263
f 1610//1264 1600//1264 1647//1264 1669//1264
f 1615//1265 1537//1265 1652//1265 1713//1265
f 1616//1266 1538//1266 1653//1266 1714//1266
f 1580//1267 1739//1267 1733//1267 1574//1267
f 1578//1268 1741//1268 1735//1268 1576//1268
f 1734//1269 1575//1269 1579//1269 1740//1269
f 1586//1270 1743//1270 1739//1270 1580//1270
f 1740//1271 1579//1271 1587//1271 1744//1271
f 1591//1272 1748//1272 1745//1272 1588//1272
f 1672//1273 1687//1273 1619//1273 1598//1273
f 1620//1274 1599//1274 1673//1274 1688//1274
f 1623//1275 1611//1275 1656//1275 1660//1275
f 1657//1276 1612//1276 1624//1276 1661//1276
f 1582//1277 1625//1277 1751//1277 1670//1277
f 1752//1278 1671//1278 1583//1278 1626//1278
f 1611//1279 1656//1279 1677//1279 1637//1279
f 1678//1280 1657//1280 1612//1280 1638//1280
f 1662//1281 1685//1281 1637//1281 1605//1281
f 1638//1282 1606//1282 1663//1282 1686//1282
f 1623//1283 1641//1283 1683//1283 1660//1283
f 1684//1284 1642//1284 1624//1284 1661//1284
f 1619//1285 1687//1285 1749//1285 1641//1285
f 1750//1286 1688//1286 1620//1286 1642//1286
f 1635//1287 1631//1287 1719//1287 1725//1287
f 1720//1288 1632//1288 1636//1288 1726//1288
f 1627//1289 1572//1289 1784//1289 1828//1289
f 1785//1290 1829//1290 1628//1290 1573//1290
f 1668//1291 1779//1291 1679//1291 1609//1291
f 1680//1292 1780//1292 1669//1292 1610//1292
f 1771//1293 1713//1293 1615//1293 1658//1293
f 1772//1294 1659//1294 1616//1294 1714//1294
f 1719//1295 1631//1295 1658//1295 1761//1295
f 1659//1296 1632//1296 1720//1296 1762//1296
f 1685//1297 1637//1297 1677//1297 1755//1297
f 1686//1298 1756//1298 1678//1298 1638//1298
f 1664//1299 1635//1299 1725//1299 1767//1299
f 1726//1300 1768//1300 1665//1300 1636//1300
f 1751//1301 1788//1301 1664//1301 1625//1301
f 1665//1302 1789//1302 1752//1302 1626//1302
f 1860//1303 1601//1303 1603//1303 1858//1303
f 1861//1304 1859//1304 1604//1304 1602//1304
f 1660//1305 1757//1305 1753//1305 1656//1305
f 1754//1306 1758//1306 1661//1306 1657//1306
f 1858//1307 1856//1307 1607//1307 1603//1307
f 1859//1308 1857//1308 1608//1308 1604//1308
f 1749//1309 1765//1309 1683//1309 1641//1309
f 1684//1310 1766//1310 1750//1310 1642//1310
f 1648//1311 1650//1311 1775//1311 1777//1311
f 1776//1312 1651//1312 1649//1312 1778//1312
f 1677//1313 1656//1313 1753//1313 1759//1313
f 1678//1314 1657//1314 1754//1314 1760//1314
f 1860//1315 1877//1315 1621//1315 1601//1315
f 1622//1316 1878//1316 1861//1316 1602//1316
f 1607//1317 1613//1317 1852//1317 1856//1317
f 1608//1318 1857//1318 1853//1318 1614//1318
f 1683//1319 1660//1319 1757//1319 1763//1319
f 1758//1320 1661//1320 1684//1320 1764//1320
f 1613//1321 1852//1321 1848//1321 1629//1321
f 1849//1322 1853//1322 1614//1322 1630//1322
f 1647//1323 1781//1323 1792//1323 1668//1323
f 1793//1324 1781//1324 1647//1324 1669//1324
f 1848//1325 1629//1325 1639//1325 1838//1325
f 1640//1326 1839//1326 1849//1326 1630//1326
f 1755//1327 1677//1327 1759//1327 1773//1327
f 1756//1328 1678//1328 1760//1328 1774//1328
f 1679//1329 1864//1329 1828//1329 1627//1329
f 1829//1330 1628//1330 1680//1330 1865//1330
f 1683//1331 1763//1331 1782//1331 1765//1331
f 1783//1332 1764//1332 1684//1332 1766//1332
f 1639//1333 1662//1333 1826//1333 1838//1333
f 1827//1334 1663//1334 1640//1334 1839//1334
f 1844//1335 1775//1335 1650//1335 1727//1335
f 1651//1336 1776//1336 1845//1336 1728//1336
f 1761//1337 1658//1337 1771//1337 1804//1337
f 1762//1338 1805//1338 1772//1338 1659//1338
f 1652//1339 1621//1339 1877//1339 1891//1339
f 1653//1340 1622//1340 1878//1340 1892//1340
f 1921//1341 1927//1341 1633//1341 1617//1341
f 1634//1342 1618//1342 1922//1342 1928//1342
f 1769//1343 1648//1343 1777//1343 1842//1343
f 1778//1344 1649//1344 1770//1344 1843//1344
f 1826//1345 1662//1345 1685//1345 1812//1345
f 1827//1346 1813//1346 1686//1346 1663//1346
f 1664//1347 1788//1347 1816//1347 1767//1347
f 1817//1348 1789//1348 1665//1348 1768//1348
f 1812//1349 1685//1349 1755//1349 1800//1349
f 1813//1350 1801//1350 1756//1350 1686//1350
f 1719//1351 1808//1351 1810//1351 1725//1351
f 1811//1352 1809//1352 1720//1352 1726//1352
f 1668//1353 1792//1353 1836//1353 1779//1353
f 1837//1354 1793//1354 1669//1354 1780//1354
f 1755//1355 1800//1355 1790//1355 1773//1355
f 1756//1356 1801//1356 1791//1356 1774//1356
f 1761//1357 1822//1357 1808//1357 1719//1357
f 1809//1358 1823//1358 1762//1358 1720//1358
f 1767//1359 1824//1359 1810//1359 1725//1359
f 1811//1360 1825//1360 1768//1360 1726//1360
f 1777//1361 1794//1361 1796//1361 1775//1361
f 1797//1362 1795//1362 1778//1362 1776//1362
f 1927//1363 1929//1363 1670//1363 1633//1363
f 1671//1364 1930//1364 1928//1364 1634//1364
f 1814//1365 1765//1365 1782//1365 1798//1365
f 1783//1366 1766//1366 1815//1366 1799//1366
f 1834//1367 1749//1367 1765//1367 1814//1367
f 1766//1368 1750//1368 1835//1368 1815//1368
f 1893//1369 1891//1369 1652//1369 1713//1369
f 1894//1370 1714//1370 1653//1370 1892//1370
f 1942//1371 1643//1371 1654//1371 1931//1371
f 1655//1372 1932//1372 1943//1372 1644//1372
f 1645//1373 1617//1373 1921//1373 2064//1373
f 1922//1374 1618//1374 1646//1374 2065//1374
f 1862//1375 1834//1375 1749//1375 1687//1375
f 1750//1376 1688//1376 1863//1376 1835//1376
f 1654//1377 1931//1377 1901//1377 1672//1377
f 1902//1378 1673//1378 1655//1378 1932//1378
f 1901//1379 1862//1379 1687//1379 1672//1379
f 1688//1380 1673//1380 1902//1380 1863//1380
f 1790//1381 1773//1381 1786//1381 1802//1381
f 1791//1382 1803//1382 1787//1382 1774//1382
f 1666//1383 1952//1383 1942//1383 1643//1383
f 1943//1384 1953//1384 1667//1384 1644//1384
f 1779//1385 1679//1385 1864//1385 1903//1385
f 1865//1386 1680//1386 1780//1386 1904//1386
f 1840//1387 1822//1387 1761//1387 1804//1387
f 1841//1388 1805//1388 1762//1388 1823//1388
f 1670//1389 1751//1389 1919//1389 1929//1389
f 1920//1390 1930//1390 1671//1390 1752//1390
f 1767//1391 1816//1391 1846//1391 1824//1391
f 1847//1392 1825//1392 1768//1392 1817//1392
f 1794//1393 1830//1393 1832//1393 1796//1393
f 1833//1394 1797//1394 1795//1394 1831//1394
f 1850//1395 1802//1395 1790//1395 1800//1395
f 1851//1396 1801//1396 1791//1396 1803//1396
f 1771//1397 1713//1397 1893//1397 1887//1397
f 1772//1398 1888//1398 1894//1398 1714//1398
f 1842//1399 1777//1399 1794//1399 1872//1399
f 1795//1400 1873//1400 1843//1400 1778//1400
f 1796//1401 1775//1401 1844//1401 1868//1401
f 1845//1402 1776//1402 1797//1402 1869//1402
f 1814//1403 1866//1403 1806//1403 1798//1403
f 1807//1404 1799//1404 1815//1404 1867//1404
f 1717//1405 1992//1405 1952//1405 1666//1405
f 1953//1406 1993//1406 1718//1406 1667//1406
f 1781//1407 1792//1407 1881//1407 1876//1407
f 1882//1408 1793//1408 1781//1408 1876//1408
f 1998//1409 1674//1409 1675//1409 2001//1409
f 1676//1410 2002//1410 1998//1410 1674//1410
f 1919//1411 1913//1411 1788//1411 1751//1411
f 1789//1412 1914//1412 1920//1412 1752//1412
f 1879//1413 1887//1413 1771//1413 1804//1413
f 1880//1414 1805//1414 1772//1414 1888//1414
f 1962//1415 1689//1415 1697//1415 1964//1415
f 1691//1416 1693//1416 1968//1416 1960//1416
f 1690//1417 1694//1417 1969//1417 1963//1417
f 1699//1418 1691//1418 1960//1418 1966//1418
f 1696//1419 1971//1419 1961//1419 1692//1419
f 1970//1420 1695//1420 1689//1420 1962//1420
f 1700//1421 1690//1421 1963//1421 1967//1421
f 1969//1422 1979//1422 1702//1422 1694//1422
f 1968//1423 1976//1423 1701//1423 1693//1423
f 1698//1424 1965//1424 1977//1424 1704//1424
f 1705//1425 1982//1425 1970//1425 1695//1425
f 1708//1426 1983//1426 1967//1426 1700//1426
f 1707//1427 1699//1427 1966//1427 1980//1427
f 1706//1428 1696//1428 1971//1428 1981//1428
f 1850//1429 1897//1429 1818//1429 1802//1429
f 1819//1430 1803//1430 1851//1430 1898//1430
f 1723//1431 1707//1431 1980//1431 1994//1431
f 1724//1432 1706//1432 1981//1432 1995//1432
f 1721//1433 1705//1433 1982//1433 1996//1433
f 1722//1434 1997//1434 1983//1434 1708//1434
f 1812//1435 1923//1435 1850//1435 1800//1435
f 1813//1436 1801//1436 1851//1436 1924//1436
f 1872//1437 1794//1437 1830//1437 1905//1437
f 1831//1438 1795//1438 1873//1438 1906//1438
f 1989//1439 2000//1439 1728//1439 1716//1439
f 1913//1440 1889//1440 1816//1440 1788//1440
f 1817//1441 1789//1441 1914//1441 1890//1441
f 1832//1442 1796//1442 1868//1442 1907//1442
f 1869//1443 1797//1443 1833//1443 1908//1443
f 1731//1444 2010//1444 1994//1444 1723//1444
f 1995//1445 2011//1445 1732//1445 1724//1445
f 1729//1446 1721//1446 1996//1446 2012//1446
f 1909//1447 1866//1447 1806//1447 1820//1447
f 1807//1448 1867//1448 1910//1448 1821//1448
f 1675//1449 1769//1449 2007//1449 2001//1449
f 2008//1450 2002//1450 1676//1450 1770//1450
f 1870//1451 1879//1451 1804//1451 1840//1451
f 1871//1452 1841//1452 1805//1452 1880//1452
f 1732//1453 2011//1453 2017//1453 1736//1453
f 2013//1454 1730//1454 1734//1454 2019//1454
f 1911//1455 1836//1455 1792//1455 1881//1455
f 1793//1456 1837//1456 1912//1456 1882//1456
f 1741//1457 2026//1457 2016//1457 1735//1457
f 1739//1458 2028//1458 2018//1458 1733//1458
f 1836//1459 1925//1459 1903//1459 1779//1459
f 1904//1460 1780//1460 1837//1460 1926//1460
f 1745//1461 2032//1461 2026//1461 1741//1461
f 2029//1462 2031//1462 1746//1462 1742//1462
f 1743//1463 2030//1463 2028//1463 1739//1463
f 2027//1464 1740//1464 1744//1464 2033//1464
f 1889//1465 1874//1465 1846//1465 1816//1465
f 1847//1466 1817//1466 1890//1466 1875//1466
f 1909//1467 1820//1467 1818//1467 1897//1467
f 1819//1468 1898//1468 1910//1468 1821//1468
f 2034//1469 1748//1469 1745//1469 2032//1469
f 1746//1470 2031//1470 2034//1470 1748//1470
f 1854//1471 1895//1471 1870//1471 1840//1471
f 1855//1472 1841//1472 1871//1472 1896//1472
f 1883//1473 1830//1473 1832//1473 1885//1473
f 1833//1474 1886//1474 1884//1474 1831//1474
f 1940//1475 1866//1475 1814//1475 1834//1475
f 1815//1476 1867//1476 1941//1476 1835//1476
f 1681//1477 2133//1477 2064//1477 1645//1477
f 2065//1478 1646//1478 1682//1478 2134//1478
f 1844//1479 1727//1479 1999//1479 2005//1479
f 2000//1480 1728//1480 1845//1480 2006//1480
f 1826//1481 1972//1481 1923//1481 1812//1481
f 1924//1482 1813//1482 1827//1482 1973//1482
f 1905//1483 1936//1483 1883//1483 1830//1483
f 1884//1484 1937//1484 1906//1484 1831//1484
f 1885//1485 1832//1485 1907//1485 1938//1485
f 1908//1486 1833//1486 1886//1486 1939//1486
f 2007//1487 2003//1487 1842//1487 1769//1487
f 1843//1488 1770//1488 2008//1488 2004//1488
f 1870//1489 1879//1489 1948//1489 1895//1489
f 1871//1490 1896//1490 1949//1490 1880//1490
f 1911//1491 1836//1491 1925//1491 1933//1491
f 1926//1492 1837//1492 1912//1492 1934//1492
f 1950//1493 1899//1493 1874//1493 1889//1493
f 1875//1494 1890//1494 1951//1494 1900//1494
f 1990//1495 1923//1495 1850//1495 1897//1495
f 1851//1496 1924//1496 1991//1496 1898//1496
f 1862//1497 1834//1497 1940//1497 2044//1497
f 1941//1498 1835//1498 1863//1498 2045//1498
f 1737//1499 2105//1499 2133//1499 1681//1499
f 2134//1500 1682//1500 1738//1500 2106//1500
f 1883//1501 1944//1501 1946//1501 1885//1501
f 1947//1502 1886//1502 1884//1502 1945//1502
f 1838//1503 2066//1503 1972//1503 1826//1503
f 1973//1504 2067//1504 1839//1504 1827//1504
f 2003//1505 2024//1505 1872//1505 1842//1505
f 1873//1506 2025//1506 2004//1506 1843//1506
f 1940//1507 2022//1507 1909//1507 1866//1507
f 1910//1508 2023//1508 1941//1508 1867//1508
f 1784//1509 1737//1509 2105//1509 2103//1509
f 2106//1510 1738//1510 1785//1510 2104//1510
f 2005//1511 2038//1511 1868//1511 1844//1511
f 2006//1512 1845//1512 1869//1512 2039//1512
f 1879//1513 1887//1513 2042//1513 1948//1513
f 1880//1514 1949//1514 2043//1514 1888//1514
f 1948//1515 1895//1515 1915//1515 2014//1515
f 1916//1516 1896//1516 1949//1516 2015//1516
f 1936//1517 1956//1517 1944//1517 1883//1517
f 1945//1518 1957//1518 1937//1518 1884//1518
f 1946//1519 1885//1519 1938//1519 1958//1519
f 1939//1520 1886//1520 1947//1520 1959//1520
f 1950//1521 1899//1521 1917//1521 2020//1521
f 1918//1522 1900//1522 1951//1522 2021//1522
f 2024//1523 1872//1523 1905//1523 2040//1523
f 1906//1524 2041//1524 2025//1524 1873//1524
f 2050//1525 1913//1525 1889//1525 1950//1525
f 1890//1526 1951//1526 2051//1526 1914//1526
f 1990//1527 2022//1527 1909//1527 1897//1527
f 1910//1528 2023//1528 1991//1528 1898//1528
f 1907//1529 2046//1529 2038//1529 1868//1529
f 2039//1530 2047//1530 1908//1530 1869//1530
f 2020//1531 2014//1531 1915//1531 1917//1531
f 1916//1532 2015//1532 2021//1532 1918//1532
f 1828//1533 2091//1533 2103//1533 1784//1533
f 2104//1534 2092//1534 1829//1534 1785//1534
f 1954//1535 1933//1535 1925//1535 2036//1535
f 1926//1536 2037//1536 1955//1536 1934//1536
f 1848//1537 1838//1537 2066//1537 2101//1537
f 2067//1538 1839//1538 1849//1538 2102//1538
f 2070//1539 2042//1539 1887//1539 1893//1539
f 1888//1540 2043//1540 2071//1540 1894//1540
f 1925//1541 2036//1541 2062//1541 1903//1541
f 2063//1542 2037//1542 1926//1542 1904//1542
f 2040//1543 2048//1543 1936//1543 1905//1543
f 1937//1544 1906//1544 2041//1544 2049//1544
f 1864//1545 2072//1545 2091//1545 1828//1545
f 2092//1546 2073//1546 1865//1546 1829//1546
f 2089//1547 1901//1547 1862//1547 2044//1547
f 1863//1548 2045//1548 2090//1548 1902//1548
f 1938//1549 2052//1549 2046//1549 1907//1549
f 2047//1550 2053//1550 1939//1550 1908//1550
f 1903//1551 1864//1551 2072//1551 2062//1551
f 2073//1552 1865//1552 1904//1552 2063//1552
f 1919//1553 1913//1553 2050//1553 2083//1553
f 2051//1554 1914//1554 1920//1554 2084//1554
f 1947//1555 2057//1555 2059//1555 1945//1555
f 2048//1556 1936//1556 1956//1556 2054//1556
f 1957//1557 2055//1557 2049//1557 1937//1557
f 1958//1558 2060//1558 2052//1558 1938//1558
f 2053//1559 2061//1559 1959//1559 1939//1559
f 1972//1560 1923//1560 1990//1560 2078//1560
f 1991//1561 1924//1561 1973//1561 2079//1561
f 2056//1562 1958//1562 1946//1562 2058//1562
f 1891//1563 1893//1563 2070//1563 2111//1563
f 2071//1564 1894//1564 1892//1564 2112//1564
f 2129//1565 1852//1565 1848//1565 2101//1565
f 1849//1566 1853//1566 2130//1566 2102//1566
f 1954//1567 2036//1567 2068//1567 1974//1567
f 2069//1568 2037//1568 1955//1568 1975//1568
f 2042//1569 1948//1569 2014//1569 2080//1569
f 2015//1570 1949//1570 2043//1570 2081//1570
f 2087//1571 2022//1571 1940//1571 2044//1571
f 1941//1572 2023//1572 2088//1572 2045//1572
f 2085//1573 2050//1573 1950//1573 2020//1573
f 1951//1574 2021//1574 2086//1574 2051//1574
f 2125//1575 1929//1575 1919//1575 2083//1575
f 1920//1576 1930//1576 2126//1576 2084//1576
f 2131//1577 2089//1577 1901//1577 1931//1577
f 1902//1578 1932//1578 2132//1578 2090//1578
f 2142//1579 2111//1579 1891//1579 1877//1579
f 1892//1580 2112//1580 2143//1580 1878//1580
f 2164//1581 1856//1581 1852//1581 2129//1581
f 1853//1582 1857//1582 2165//1582 2130//1582
f 2082//1583 2068//1583 1974//1583 2009//1583
f 1975//1584 2069//1584 2082//1584 2009//1584
f 2154//1585 1860//1585 1877//1585 2142//1585
f 1878//1586 1861//1586 2155//1586 2143//1586
f 2087//1587 2078//1587 1990//1587 2022//1587
f 1991//1588 2023//1588 2088//1588 2079//1588
f 2085//1589 2020//1589 2014//1589 2080//1589
f 2015//1590 2081//1590 2086//1590 2021//1590
f 1860//1591 2154//1591 2172//1591 1858//1591
f 1861//1592 1859//1592 2173//1592 2155//1592
f 1858//1593 2172//1593 2164//1593 1856//1593
f 1859//1594 2173//1594 2165//1594 1857//1594
f 2160//1595 2125//1595 1929//1595 1927//1595
f 1930//1596 1928//1596 2161//1596 2126//1596
f 2093//1597 2048//1597 2054//1597 2074//1597
f 2055//1598 2049//1598 2094//1598 2075//1598
f 2060//1599 2052//1599 2095//1599 2076//1599
f 2096//1600 2053//1600 2061//1600 2077//1600
f 2150//1601 1942//1601 1931//1601 2131//1601
f 1932//1602 1943//1602 2151//1602 2132//1602
f 2121//1603 2068//1603 2036//1603 2062//1603
f 2037//1604 2069//1604 2122//1604 2063//1604
f 2107//1605 2040//1605 2048//1605 2093//1605
f 2049//1606 2041//1606 2108//1606 2094//1606
f 2003//1607 2119//1607 2113//1607 2024//1607
f 2120//1608 2004//1608 2025//1608 2114//1608
f 2040//1609 2024//1609 2113//1609 2107//1609
f 2114//1610 2025//1610 2041//1610 2108//1610
f 2052//1611 2095//1611 2109//1611 2046//1611
f 2110//1612 2096//1612 2053//1612 2047//1612
f 2117//1613 2005//1613 2038//1613 2115//1613
f 2118//1614 2116//1614 2039//1614 2006//1614
f 2115//1615 2038//1615 2046//1615 2109//1615
f 2047//1616 2110//1616 2116//1616 2039//1616
f 2058//1617 2097//1617 2099//1617 2056//1617
f 2100//1618 2057//1618 2059//1618 2098//1618
f 2066//1619 2140//1619 2078//1619 1972//1619
f 2079//1620 2141//1620 2067//1620 1973//1620
f 2174//1621 2160//1621 1927//1621 1921//1621
f 1928//1622 2161//1622 2175//1622 1922//1622
f 2152//422 2119//422 2003//422 2007//422
f 2004//422 2120//422 2153//422 2008//422
f 2135//1623 2070//1623 2042//1623 2080//1623
f 2043//1624 2071//1624 2136//1624 2081//1624
f 2083//1625 2137//1625 2085//1625 2050//1625
f 2086//1626 2051//1626 2084//1626 2138//1626
f 2005//1627 2117//1627 2202//1627 1999//1627
f 2203//1628 2118//1628 2006//1628 2000//1628
f 2089//1629 2148//1629 2087//1629 2044//1629
f 2088//1630 2149//1630 2090//1630 2045//1630
f 1992//1631 1952//1631 2170//1631 2176//1631
f 2171//1632 1953//1632 1993//1632 2177//1632
f 2123//1633 2095//1633 2076//1633 2099//1633
f 2077//1634 2096//1634 2124//1634 2100//1634
f 2074//1635 2093//1635 2127//1635 2097//1635
f 2128//1636 2094//1636 2075//1636 2098//1636
f 2220//1637 2001//1637 2007//1637 2152//1637
f 2008//1638 2002//1638 2221//1638 2153//1638
f 2139//1639 2121//1639 2068//1639 2082//1639
f 2069//1640 2122//1640 2139//1640 2082//1640
f 2162//1641 2121//1641 2062//1641 2072//1641
f 2063//1642 2122//1642 2163//1642 2073//1642
f 2188//1643 2184//1643 1960//1643 1962//1643
f 1966//1644 2186//1644 2182//1644 1960//1644
f 2181//1645 1961//1645 1965//1645 2189//1645
f 1970//1646 2190//1646 2180//1646 1962//1646
f 2188//1647 2194//1647 1976//1647 1968//1647
f 2189//1648 1965//1648 1977//1648 2193//1648
f 1980//1649 2196//1649 2186//1649 1966//1649
f 2184//1650 1964//1650 1978//1650 2192//1650
f 2185//1651 2195//1651 1979//1651 1969//1651
f 1981//1652 2197//1652 2187//1652 1971//1652
f 2135//1653 2080//1653 2085//1653 2137//1653
f 2086//1654 2138//1654 2136//1654 2081//1654
f 1994//1655 1980//1655 2196//1655 2208//1655
f 1995//1656 1981//1656 2197//1656 2209//1656
f 1996//1657 1982//1657 2198//1657 2210//1657
f 1997//1658 1983//1658 2199//1658 2211//1658
f 2215//1659 2203//1659 2000//1659 1989//1659
f 2097//1660 2099//1660 2123//1660 2127//1660
f 2124//1661 2100//1661 2098//1661 2128//1661
f 1998//422 2219//422 2220//422 2001//422
f 2002//422 2221//422 2219//422 1998//422
f 2226//1662 2016//1662 2010//1662 2224//1662
f 2011//1663 2017//1663 2229//1663 2225//1663
f 2018//1664 2012//1664 2222//1664 2228//1664
f 2223//1665 2227//1665 2019//1665 2013//1665
f 2140//1666 2078//1666 2087//1666 2148//1666
f 2088//1667 2149//1667 2141//1667 2079//1667
f 2144//1668 2123//1668 2095//1668 2109//1668
f 2096//1669 2110//1669 2145//1669 2124//1669
f 2093//1670 2127//1670 2146//1670 2107//1670
f 2147//1671 2108//1671 2094//1671 2128//1671
f 2200//1672 2101//1672 2066//1672 2140//1672
f 2067//1673 2141//1673 2201//1673 2102//1673
f 2178//1674 2111//1674 2070//1674 2135//1674
f 2071//1675 2136//1675 2179//1675 2112//1675
f 2156//1676 2115//1676 2109//1676 2144//1676
f 2110//1677 2145//1677 2157//1677 2116//1677
f 2107//1678 2146//1678 2158//1678 2113//1678
f 2159//1679 2147//1679 2108//1679 2114//1679
f 2217//1680 2125//1680 2083//1680 2137//1680
f 2084//1681 2126//1681 2218//1681 2138//1681
f 2242//1682 2091//1682 2072//1682 2162//1682
f 2073//1683 2092//1683 2243//1683 2163//1683
f 2146//1684 2144//1684 2123//1684 2127//1684
f 2124//1685 2128//1685 2147//1685 2145//1685
f 2113//1686 2119//1686 2168//1686 2158//1686
f 2169//1687 2159//1687 2114//1687 2120//1687
f 2166//1688 2156//1688 2115//1688 2117//1688
f 2116//1689 2157//1689 2167//1689 2118//1689
f 2240//1690 2131//1690 2089//1690 2148//1690
f 2090//1691 2132//1691 2241//1691 2149//1691
f 2158//1692 2146//1692 2144//1692 2156//1692
f 2145//1693 2157//1693 2159//1693 2147//1693
f 2216//1694 2162//1694 2121//1694 2139//1694
f 2122//1695 2139//1695 2216//1695 2163//1695
f 2254//1696 2103//1696 2091//1696 2242//1696
f 2092//1697 2104//1697 2255//1697 2243//1697
f 2244//1698 2129//1698 2101//1698 2200//1698
f 2102//1699 2130//1699 2245//1699 2201//1699
f 2158//1700 2156//1700 2166//1700 2168//1700
f 2167//1701 2157//1701 2159//1701 2169//1701
f 2178//1702 2217//1702 2137//1702 2135//1702
f 2138//1703 2136//1703 2179//1703 2218//1703
f 2152//1704 2119//1704 2168//1704 2250//1704
f 2169//1705 2120//1705 2153//1705 2251//1705
f 2200//1706 2240//1706 2148//1706 2140//1706
f 2149//1707 2241//1707 2201//1707 2141//1707
f 2142//1708 2111//1708 2178//1708 2256//1708
f 2143//1709 2112//1709 2179//1709 2257//1709
f 2117//1710 2166//1710 2248//1710 2202//1710
f 2118//1711 2167//1711 2249//1711 2203//1711
f 2150//1712 2252//1712 2240//1712 2131//1712
f 2241//1713 2253//1713 2151//1713 2132//1713
f 2259//1714 2160//1714 2125//1714 2217//1714
f 2126//1715 2161//1715 2260//1715 2218//1715
f 2267//1716 2105//1716 2103//1716 2254//1716
f 2104//1717 2106//1717 2268//1717 2255//1717
f 2250//1718 2168//1718 2166//1718 2248//1718
f 2167//1719 2169//1719 2251//1719 2249//1719
f 2246//1720 2170//1720 2150//1720 2261//1720
f 2151//1721 2171//1721 2247//1721 2262//1721
f 2258//1722 2242//1722 2162//1722 2216//1722
f 2163//1723 2216//1723 2258//1723 2243//1723
f 2263//1724 2256//1724 2142//1724 2154//1724
f 2143//1725 2155//1725 2264//1725 2257//1725
f 2133//1726 2064//1726 2284//1726 2288//1726
f 2285//1727 2289//1727 2134//1727 2065//1727
f 2252//1728 2244//1728 2200//1728 2240//1728
f 2201//1729 2245//1729 2253//1729 2241//1729
f 2265//1730 2174//1730 2160//1730 2259//1730
f 2161//1731 2175//1731 2266//1731 2260//1731
f 2256//1732 2178//1732 2217//1732 2259//1732
f 2218//1733 2260//1733 2257//1733 2179//1733
f 2176//1734 2276//1734 2246//1734 2170//1734
f 2247//1735 2277//1735 2177//1735 2171//1735
f 2280//1736 2164//1736 2129//1736 2274//1736
f 2130//1737 2165//1737 2281//1737 2275//1737
f 2150//1738 2252//1738 2278//1738 2261//1738
f 2279//1739 2253//1739 2151//1739 2262//1739
f 2280//1740 2282//1740 2172//1740 2164//1740
f 2173//1741 2283//1741 2281//1741 2165//1741
f 2269//1742 2258//1742 2242//1742 2254//1742
f 2243//1743 2258//1743 2269//1743 2255//1743
f 2220//1744 2152//1744 2321//1744 2328//1744
f 2322//1745 2153//1745 2221//1745 2329//1745
f 2259//1746 2265//1746 2263//1746 2256//1746
f 2264//1747 2266//1747 2260//1747 2257//1747
f 2282//1748 2286//1748 2263//1748 2154//1748
f 2283//1749 2287//1749 2264//1749 2155//1749
f 2305//1750 2301//1750 2182//1750 2186//1750
f 2190//1751 2297//1751 2295//1751 2180//1751
f 2313//1752 2305//1752 2186//1752 2196//1752
f 2197//1753 2310//1753 2298//1753 2187//1753
f 2267//1754 2133//1754 2288//1754 2292//1754
f 2289//1755 2134//1755 2268//1755 2293//1755
f 2198//1756 2190//1756 2297//1756 2309//1756
f 2199//1757 2314//1757 2306//1757 2191//1757
f 2152//1155 2250//1155 2332//1155 2321//1155
f 2333//1155 2251//1155 2153//1155 2322//1155
f 2219//422 2325//422 2328//422 2220//422
f 2221//422 2329//422 2325//422 2219//422
f 2343//1758 2350//1758 2233//1758 2229//1758
f 2246//1759 2261//1759 2270//1759 2276//1759
f 2271//1760 2262//1760 2247//1760 2277//1760
f 2238//1761 2236//1761 2351//1761 2353//1761
f 2284//1762 2174//1762 2265//1762 2290//1762
f 2266//1763 2175//1763 2285//1763 2291//1763
f 2248//1764 2202//1764 2334//1764 2330//1764
f 2335//1765 2331//1765 2249//1765 2203//1765
f 2250//1766 2248//1766 2330//1766 2332//1766
f 2331//1767 2333//1767 2251//1767 2249//1767
f 2294//1768 2267//1768 2254//1768 2269//1768
f 2255//1769 2268//1769 2294//1769 2269//1769
f 2299//1770 2278//1770 2252//1770 2272//1770
f 2273//1771 2279//1771 2312//1771 2304//1771
f 2265//1772 2290//1772 2286//1772 2263//1772
f 2287//1773 2291//1773 2266//1773 2264//1773
f 2270//1774 2307//1774 2278//1774 2261//1774
f 2279//1775 2308//1775 2271//1775 2262//1775
f 2295//1776 2274//1776 2272//1776 2299//1776
f 2273//1777 2300//1777 2302//1777 2275//1777
f 2294//1778 2267//1778 2292//1778 2348//1778
f 2293//1779 2268//1779 2294//1779 2348//1779
f 2295//1780 2297//1780 2280//1780 2274//1780
f 2281//1781 2306//1781 2302//1781 2275//1781
f 2297//1782 2280//1782 2282//1782 2309//1782
f 2283//1783 2314//1783 2306//1783 2281//1783
f 2286//1784 2282//1784 2309//1784 2323//1784
f 2314//1785 2283//1785 2287//1785 2324//1785
f 2290//1786 2340//1786 2323//1786 2286//1786
f 2324//1787 2341//1787 2291//1787 2287//1787
f 2284//1788 2344//1788 2340//1788 2290//1788
f 2341//1789 2291//1789 2285//1789 2345//1789
f 2349//1790 2344//1790 2284//1790 2288//1790
f 2292//1791 2288//1791 2349//1791 2354//1791
f 2347//1792 2289//1792 2293//1792 2355//1792
f 2348//1793 2356//1793 2354//1793 2292//1793
f 2355//1794 2356//1794 2348//1794 2293//1794
f 2305//1795 2301//1795 2363//1795 2365//1795
f 2298//1796 2296//1796 2364//1796 2366//1796
f 2313//1797 2305//1797 2365//1797 2367//1797
f 2310//1798 2368//1798 2366//1798 2298//1798
f 2317//1799 2313//1799 2367//1799 2369//1799
f 2318//1800 2370//1800 2368//1800 2310//1800
f 2358//1801 2377//1801 2327//1801 2316//1801
f 2328//1802 2321//1802 2371//1802 2378//1802
f 2372//1803 2322//1803 2329//1803 2379//1803
f 2321//422 2371//422 2374//422 2332//422
f 2375//1155 2333//1155 2322//1155 2372//1155
f 2325//422 2373//422 2378//422 2328//422
f 2329//422 2379//422 2373//422 2325//422
f 2370//1804 2385//1804 2339//1804 2318//1804
f 2374//1805 2332//1805 2330//1805 2380//1805
f 2331//1806 2381//1806 2375//1806 2333//1806
f 2334//1807 2382//1807 2376//1807 2336//1807
f 2377//1808 2327//1808 2335//1808 2383//1808
f 2330//1809 2380//1809 2382//1809 2334//1809
f 2383//1810 2335//1810 2331//1810 2381//1810
f 2342//1811 2338//1811 2384//1811 2386//1811
f 2385//1812 2339//1812 2343//1812 2387//1812
f 2346//1813 2342//1813 2386//1813 2388//1813
f 2343//1814 2350//1814 2389//1814 2387//1814
f 2390//1815 2388//1815 2346//1815 2351//1815
f 2350//1816 2352//1816 2391//1816 2389//1816
f 2392//1817 2353//1817 2351//1817 2390//1817
f 2352//1818 2353//1818 2392//1818 2391//1818
f 2357//1819 2395//1819 2393//1819 2359//1819
f 2394//1820 2360//1820 2358//1820 2396//1820
f 2397//1821 2361//1821 2359//1821 2393//1821
f 2398//1822 2362//1822 2360//1822 2394//1822
f 2376//1823 2406//1823 2395//1823 2357//1823
f 2396//1824 2407//1824 2377//1824 2358//1824
f 2410//1825 2363//1825 2361//1825 2397//1825
f 2411//1826 2398//1826 2362//1826 2364//1826
f 2371//1827 2374//1827 2399//1827 2401//1827
f 2400//1828 2375//1828 2372//1828 2402//1828
f 2404//1829 2378//1829 2371//1829 2401//1829
f 2402//1830 2372//1830 2379//1830 2405//1830
f 2403//1155 2373//1155 2378//1155 2404//1155
f 2405//1155 2379//1155 2373//1155 2403//1155
f 2374//1831 2399//1831 2408//1831 2380//1831
f 2409//1832 2381//1832 2375//1832 2400//1832
f 2365//1833 2363//1833 2410//1833 2414//1833
f 2366//1834 2364//1834 2411//1834 2415//1834
f 2412//1835 2382//1835 2376//1835 2406//1835
f 2407//1836 2377//1836 2383//1836 2413//1836
f 2380//1837 2382//1837 2412//1837 2408//1837
f 2413//1838 2383//1838 2381//1838 2409//1838
f 2367//1839 2365//1839 2414//1839 2416//1839
f 2368//1840 2417//1840 2415//1840 2366//1840
f 2369//1841 2367//1841 2416//1841 2418//1841
f 2417//1842 2368//1842 2370//1842 2419//1842
f 2420//1843 2418//1843 2369//1843 2384//1843
f 2370//1844 2419//1844 2421//1844 2385//1844
f 2386//1845 2384//1845 2420//1845 2422//1845
f 2421//1846 2423//1846 2387//1846 2385//1846
f 2388//1847 2386//1847 2422//1847 2424//1847
f 2423//1848 2425//1848 2389//1848 2387//1848
f 2390//1849 2388//1849 2424//1849 2426//1849
f 2425//1850 2427//1850 2391//1850 2389//1850
f 2392//1851 2428//1851 2426//1851 2390//1851
f 2427//1852 2391//1852 2392//1852 2428//1852
f 2431//1853 2429//1853 2393//1853 2397//1853
f 2432//1854 2430//1854 2394//1854 2398//1854
f 2395//1855 2393//1855 2429//1855 2433//1855
f 2430//1856 2394//1856 2396//1856 2434//1856
f 2406//1857 2395//1857 2433//1857 2442//1857
f 2434//1858 2396//1858 2407//1858 2443//1858
f 2410//1859 2397//1859 2431//1859 2448//1859
f 2411//1860 2449//1860 2432//1860 2398//1860
f 2401//1861 2440//1861 2435//1861 2399//1861
f 2436//1862 2441//1862 2402//1862 2400//1862
f 2404//1863 2401//1863 2440//1863 2437//1863
f 2441//1864 2402//1864 2405//1864 2438//1864
f 2439//1865 2403//1865 2404//1865 2437//1865
f 2405//1866 2438//1866 2439//1866 2403//1866
f 2399//1867 2435//1867 2444//1867 2408//1867
f 2445//1868 2436//1868 2400//1868 2409//1868
f 2412//1869 2446//1869 2442//1869 2406//1869
f 2443//1870 2447//1870 2413//1870 2407//1870
f 2408//1871 2444//1871 2446//1871 2412//1871
f 2447//1872 2445//1872 2409//1872 2413//1872
f 2414//1873 2410//1873 2448//1873 2450//1873
f 2452//1874 2416//1874 2414//1874 2450//1874
f 2453//1875 2451//1875 2415//1875 2417//1875
f 2418//1876 2416//1876 2452//1876 2456//1876
f 2453//1877 2457//1877 2419//1877 2417//1877
f 2454//1878 2420//1878 2418//1878 2456//1878
f 2419//1879 2457//1879 2455//1879 2421//1879
f 2422//1880 2420//1880 2454//1880 2458//1880
f 2455//1881 2421//1881 2423//1881 2459//1881
f 2424//1882 2460//1882 2458//1882 2422//1882
f 2459//1883 2461//1883 2425//1883 2423//1883
f 2426//1884 2462//1884 2460//1884 2424//1884
f 2461//1885 2463//1885 2427//1885 2425//1885
f 2428//1886 2464//1886 2462//1886 2426//1886
f 2463//1887 2427//1887 2428//1887 2464//1887
f 2467//1888 2433//1888 2429//1888 2465//1888
f 2430//1889 2434//1889 2468//1889 2466//1889
f 2469//1890 2465//1890 2429//1890 2431//1890
f 2470//1891 2432//1891 2430//1891 2466//1891
f 2481//1892 2471//1892 2433//1892 2467//1892
f 2434//1893 2472//1893 2482//1893 2468//1893
f 2431//1894 2469//1894 2483//1894 2475//1894
f 2432//1895 2476//1895 2484//1895 2470//1895
f 2465//1896 2473//1896 2477//1896 2467//1896
f 2466//1897 2468//1897 2478//1897 2474//1897
f 2469//1898 2465//1898 2473//1898 2479//1898
f 2470//1899 2466//1899 2474//1899 2480//1899
f 2526//1900 2439//1900 2437//1900 2522//1900
f 2438//1901 2523//1901 2526//1901 2439//1901
f 2437//1902 2440//1902 2531//1902 2522//1902
f 2532//1903 2441//1903 2438//1903 2523//1903
f 2440//1904 2531//1904 2527//1904 2435//1904
f 2528//1905 2532//1905 2441//1905 2436//1905
f 2446//1906 2533//1906 2524//1906 2442//1906
f 2525//1907 2534//1907 2447//1907 2443//1907
f 2435//1908 2527//1908 2535//1908 2444//1908
f 2536//1909 2528//1909 2436//1909 2445//1909
f 2444//1910 2446//1910 2533//1910 2535//1910
f 2534//1911 2447//1911 2445//1911 2536//1911
f 2485//1912 2477//1912 2467//1912 2481//1912
f 2468//1913 2478//1913 2486//1913 2482//1913
f 2452//1914 2502//1914 2500//1914 2450//1914
f 2453//1915 2451//1915 2501//1915 2503//1915
f 2500//1916 2450//1916 2448//1916 2514//1916
f 2546//1917 2491//1917 2487//1917 2493//1917
f 2456//1918 2508//1918 2502//1918 2452//1918
f 2503//1919 2509//1919 2457//1919 2453//1919
f 2458//1920 2454//1920 2504//1920 2506//1920
f 2505//1921 2455//1921 2459//1921 2507//1921
f 2504//1922 2454//1922 2456//1922 2508//1922
f 2457//1923 2455//1923 2505//1923 2509//1923
f 2489//1924 2483//1924 2469//1924 2479//1924
f 2490//1925 2480//1925 2470//1925 2484//1925
f 2460//1926 2510//1926 2506//1926 2458//1926
f 2507//1927 2511//1927 2461//1927 2459//1927
f 2462//1928 2460//1928 2510//1928 2516//1928
f 2511//1929 2461//1929 2463//1929 2517//1929
f 2487//1930 2473//1930 2477//1930 2491//1930
f 2488//1931 2492//1931 2478//1931 2474//1931
f 2464//1932 2537//1932 2516//1932 2462//1932
f 2517//1933 2537//1933 2464//1933 2463//1933
f 2493//1934 2487//1934 2473//1934 2479//1934
f 2494//1935 2480//1935 2474//1935 2488//1935
f 2524//1936 2442//1936 2471//1936 2518//1936
f 2472//1937 2443//1937 2525//1937 2519//1937
f 2514//1938 2448//1938 2475//1938 2512//1938
f 2515//1939 2449//1939 2476//1939 2513//1939
f 2495//1940 2491//1940 2477//1940 2485//1940
f 2478//1941 2492//1941 2496//1941 2486//1941
f 2497//1942 2493//1942 2479//1942 2489//1942
f 2498//1943 2494//1943 2480//1943 2490//1943
f 2471//1944 2518//1944 2520//1944 2481//1944
f 2521//1945 2519//1945 2472//1945 2482//1945
f 2475//1946 2512//1946 2540//1946 2483//1946
f 2476//1947 2484//1947 2541//1947 2513//1947
f 2481//1948 2485//1948 2529//1948 2520//1948
f 2530//1949 2521//1949 2482//1949 2486//1949
f 2540//1950 2483//1950 2489//1950 2542//1950
f 2541//1951 2543//1951 2490//1951 2484//1951
f 2485//1952 2495//1952 2538//1952 2529//1952
f 2539//1953 2496//1953 2486//1953 2530//1953
f 2542//1954 2489//1954 2497//1954 2544//1954
f 2543//1955 2545//1955 2498//1955 2490//1955
f 2547//1956 2539//1956 2496//1956 2499//1956
f 2497//1957 2546//1957 2551//1957 2544//1957
f 2498//1958 2545//1958 2547//1958 2499//1958
f 2547//1959 2550//1959 2549//1959 2539//1959
f 2546//1960 2493//1960 2497//1960
f 2552//1961 2545//1961 2547//1961 2550//1961
f 2529//1962 2553//1962 2548//1962 2538//1962
f 2549//1963 2554//1963 2530//1963 2539//1963
f 2559//1964 2542//1964 2544//1964 2551//1964
f 2560//1965 2552//1965 2545//1965 2543//1965
f 2563//1966 2553//1966 2529//1966 2520//1966
f 2530//1967 2554//1967 2564//1967 2521//1967
f 2518//1968 2520//1968 2563//1968 2571//1968
f 2564//1969 2521//1969 2519//1969 2572//1969
f 2512//1970 2575//1970 2565//1970 2540//1970
f 2513//1971 2541//1971 2566//1971 2576//1971
f 2553//1972 2567//1972 2555//1972 2548//1972
f 2556//1973 2549//1973 2554//1973 2568//1973
f 2569//1974 2557//1974 2551//1974 2559//1974
f 2570//1975 2560//1975 2552//1975 2558//1975
f 2524//1976 2597//1976 2571//1976 2518//1976
f 2572//1977 2598//1977 2525//1977 2519//1977
f 2514//1978 2589//1978 2575//1978 2512//1978
f 2515//1979 2513//1979 2576//1979 2590//1979
f 2506//1980 2583//1980 2585//1980 2504//1980
f 2586//1981 2584//1981 2507//1981 2505//1981
f 2587//1982 2593//1982 2502//1982 2500//1982
f 2503//1983 2594//1983 2588//1983 2501//1983
f 2585//1984 2504//1984 2508//1984 2595//1984
f 2509//1985 2505//1985 2586//1985 2596//1985
f 2510//1986 2591//1986 2583//1986 2506//1986
f 2584//1987 2507//1987 2511//1987 2592//1987
f 2595//1988 2593//1988 2502//1988 2508//1988
f 2503//1989 2509//1989 2596//1989 2594//1989
f 2587//1990 2500//1990 2514//1990 2589//1990
f 2588//1991 2590//1991 2515//1991 2501//1991
f 2573//1992 2567//1992 2555//1992 2561//1992
f 2556//1993 2562//1993 2574//1993 2568//1993
f 2569//1994 2573//1994 2561//1994 2557//1994
f 2562//1995 2574//1995 2570//1995 2558//1995
f 2516//1996 2510//1996 2591//1996 2610//1996
f 2592//1997 2611//1997 2517//1997 2511//1997
f 2526//1998 2601//1998 2602//1998 2522//1998
f 2523//1998 2603//1998 2601//1998 2526//1998
f 2533//1999 2608//1999 2597//1999 2524//1999
f 2598//2000 2609//2000 2534//2000 2525//2000
f 2602//2001 2522//2001 2531//2001 2604//2001
f 2605//2001 2532//2001 2523//2001 2603//2001
f 2531//2002 2527//2002 2599//2002 2604//2002
f 2600//2003 2605//2003 2532//2003 2528//2003
f 2527//2004 2535//2004 2606//2004 2599//2004
f 2607//2005 2536//2005 2528//2005 2600//2005
f 2535//2006 2533//2006 2608//2006 2606//2006
f 2609//2007 2607//2007 2536//2007 2534//2007
f 2537//2008 2612//2008 2610//2008 2516//2008
f 2579//2009 2567//2009 2553//2009 2563//2009
f 2554//2010 2564//2010 2580//2010 2568//2010
f 2565//2011 2559//2011 2569//2011 2577//2011
f 2566//2012 2578//2012 2570//2012 2560//2012
f 2581//2013 2573//2013 2567//2013 2579//2013
f 2568//2014 2574//2014 2582//2014 2580//2014
f 2573//2015 2581//2015 2577//2015 2569//2015
f 2578//2016 2582//2016 2574//2016 2570//2016
f 2571//2017 2563//2017 2579//2017 2613//2017
f 2580//2018 2614//2018 2572//2018 2564//2018
f 2615//2019 2575//2019 2565//2019 2577//2019
f 2616//2020 2578//2020 2566//2020 2576//2020
f 2579//2021 2581//2021 2617//2021 2613//2021
f 2618//2022 2582//2022 2580//2022 2614//2022
f 2577//2023 2615//2023 2617//2023 2581//2023
f 2578//2024 2582//2024 2618//2024 2616//2024
f 2583//2025 2585//2025 2621//2025 2619//2025
f 2622//2026 2586//2026 2584//2026 2620//2026
f 2591//2027 2583//2027 2619//2027 2625//2027
f 2620//2028 2626//2028 2592//2028 2584//2028
f 2621//2029 2585//2029 2595//2029 2623//2029
f 2596//2030 2586//2030 2622//2030 2624//2030
f 2623//2031 2595//2031 2593//2031 2630//2031
f 2594//2032 2596//2032 2624//2032 2631//2032
f 2610//2033 2591//2033 2625//2033 2627//2033
f 2626//2034 2628//2034 2611//2034 2592//2034
f 2630//2035 2632//2035 2587//2035 2593//2035
f 2588//2036 2633//2036 2631//2036 2594//2036
f 2612//2037 2610//2037 2627//2037 2629//2037
f 2628//2038 2611//2038 2612//2038 2629//2038
f 2634//2039 2589//2039 2587//2039 2632//2039
f 2588//2040 2590//2040 2635//2040 2633//2040
f 2608//2041 2644//2041 2642//2041 2597//2041
f 2643//2042 2645//2042 2609//2042 2598//2042
f 2606//2043 2608//2043 2644//2043 2646//2043
f 2645//2044 2609//2044 2607//2044 2647//2044
f 2599//2045 2606//2045 2646//2045 2648//2045
f 2647//2046 2607//2046 2600//2046 2649//2046
f 2604//2047 2651//2047 2648//2047 2599//2047
f 2649//2048 2652//2048 2605//2048 2600//2048
f 2601//2049 2650//2049 2653//2049 2602//2049
f 2654//2050 2603//2050 2601//2050 2650//2050
f 2653//2051 2602//2051 2604//2051 2651//2051
f 2652//2051 2605//2051 2603//2051 2654//2051
f 2642//2052 2636//2052 2613//2052 2597//2052
f 2614//2053 2637//2053 2643//2053 2598//2053
f 2634//2054 2640//2054 2615//2054 2589//2054
f 2616//2055 2641//2055 2635//2055 2590//2055
f 2617//2056 2613//2056 2636//2056 2638//2056
f 2618//2057 2639//2057 2637//2057 2614//2057
f 2640//2058 2638//2058 2617//2058 2615//2058
f 2641//2059 2616//2059 2618//2059 2639//2059
f 2619//2060 2659//2060 2657//2060 2621//2060
f 2658//2061 2660//2061 2620//2061 2622//2061
f 2657//2062 2621//2062 2623//2062 2661//2062
f 2624//2063 2662//2063 2658//2063 2622//2063
f 2625//2064 2663//2064 2659//2064 2619//2064
f 2660//2065 2664//2065 2626//2065 2620//2065
f 2627//2066 2667//2066 2663//2066 2625//2066
f 2664//2067 2626//2067 2628//2067 2668//2067
f 2661//2068 2623//2068 2630//2068 2670//2068
f 2631//2069 2624//2069 2662//2069 2671//2069
f 2629//2070 2672//2070 2667//2070 2627//2070
f 2668//2071 2628//2071 2629//2071 2672//2071
f 2670//2072 2630//2072 2632//2072 2685//2072
f 2633//2073 2631//2073 2671//2073 2686//2073
f 2679//2074 2655//2074 2651//2074 2648//2074
f 2652//2075 2656//2075 2680//2075 2649//2075
f 2638//2076 2675//2076 2673//2076 2636//2076
f 2639//2077 2637//2077 2674//2077 2676//2077
f 2642//2078 2636//2078 2673//2078 2677//2078
f 2674//2079 2678//2079 2643//2079 2637//2079
f 2640//2080 2638//2080 2675//2080 2681//2080
f 2641//2081 2639//2081 2676//2081 2682//2081
f 2644//2082 2683//2082 2677//2082 2642//2082
f 2678//2083 2643//2083 2645//2083 2684//2083
f 2650//2084 2669//2084 2665//2084 2653//2084
f 2666//2085 2654//2085 2650//2085 2669//2085
f 2685//2086 2691//2086 2634//2086 2632//2086
f 2635//2087 2692//2087 2686//2087 2633//2087
f 2646//2088 2687//2088 2683//2088 2644//2088
f 2684//2089 2688//2089 2647//2089 2645//2089
f 2681//2090 2691//2090 2634//2090 2640//2090
f 2635//2091 2641//2091 2682//2091 2692//2091
f 2648//2092 2646//2092 2687//2092 2689//2092
f 2688//2093 2647//2093 2649//2093 2690//2093
f 2679//2094 2693//2094 2689//2094 2648//2094
f 2690//2095 2694//2095 2680//2095 2649//2095
f 2665//2096 2655//2096 2679//2096 2699//2096
f 2680//2097 2656//2097 2666//2097 2700//2097
f 2659//2098 2657//2098 2695//2098 2697//2098
f 2696//2099 2698//2099 2660//2099 2658//2099
f 2695//2100 2702//2100 2661//2100 2657//2100
f 2662//2101 2703//2101 2696//2101 2658//2101
f 2663//2102 2659//2102 2697//2102 2704//2102
f 2698//2103 2660//2103 2664//2103 2705//2103
f 2669//2104 2701//2104 2699//2104 2665//2104
f 2700//2105 2701//2105 2669//2105 2666//2105
f 2702//2106 2706//2106 2670//2106 2661//2106
f 2671//2107 2662//2107 2703//2107 2707//2107
f 2667//2108 2708//2108 2704//2108 2663//2108
f 2705//2109 2709//2109 2668//2109 2664//2109
f 2672//2110 2710//2110 2708//2110 2667//2110
f 2709//2111 2710//2111 2672//2111 2668//2111
f 2706//2112 2711//2112 2685//2112 2670//2112
f 2686//2113 2671//2113 2707//2113 2712//2113
f 2713//2114 2691//2114 2685//2114 2711//2114
f 2686//2115 2692//2115 2714//2115 2712//2115
f 2677//2116 2726//2116 2730//2116 2673//2116
f 2731//2117 2674//2117 2678//2117 2727//2117
f 2675//2118 2734//2118 2730//2118 2673//2118
f 2676//2119 2674//2119 2731//2119 2735//2119
f 2683//2120 2732//2120 2726//2120 2677//2120
f 2727//2121 2733//2121 2684//2121 2678//2121
f 2717//2122 2719//2122 2693//2122 2679//2122
f 2694//2123 2680//2123 2718//2123 2720//2123
f 2687//2124 2736//2124 2732//2124 2683//2124
f 2733//2125 2737//2125 2688//2125 2684//2125
f 2681//2126 2675//2126 2734//2126 2738//2126
f 2682//2127 2739//2127 2735//2127 2676//2127
f 2689//2128 2687//2128 2736//2128 2742//2128
f 2737//2129 2688//2129 2690//2129 2743//2129
f 2691//2130 2756//2130 2738//2130 2681//2130
f 2739//2131 2682//2131 2692//2131 2757//2131
f 2697//2132 2728//2132 2715//2132 2695//2132
f 2716//2133 2696//2133 2698//2133 2729//2133
f 2715//2134 2724//2134 2702//2134 2695//2134
f 2703//2135 2725//2135 2716//2135 2696//2135
f 2701//2136 2723//2136 2721//2136 2699//2136
f 2722//2137 2700//2137 2701//2137 2723//2137
f 2693//2138 2689//2138 2742//2138 2750//2138
f 2743//2139 2690//2139 2694//2139 2751//2139
f 2704//2140 2744//2140 2728//2140 2697//2140
f 2729//2141 2745//2141 2705//2141 2698//2141
f 2724//2142 2702//2142 2706//2142 2740//2142
f 2707//2143 2703//2143 2725//2143 2741//2143
f 2708//2144 2704//2144 2744//2144 2752//2144
f 2745//2145 2705//2145 2709//2145 2753//2145
f 2740//2146 2706//2146 2711//2146 2746//2146
f 2712//2147 2707//2147 2741//2147 2747//2147
f 2713//2148 2774//2148 2756//2148 2691//2148
f 2757//2149 2775//2149 2714//2149 2692//2149
f 2748//2150 2713//2150 2711//2150 2746//2150
f 2712//2151 2714//2151 2749//2151 2747//2151
f 2710//2152 2758//2152 2752//2152 2708//2152
f 2709//2153 2753//2153 2758//2153 2710//2153
f 2754//2154 2728//2154 2715//2154 2724//2154
f 2716//2155 2725//2155 2755//2155 2729//2155
f 2719//2156 2776//2156 2750//2156 2693//2156
f 2751//2157 2777//2157 2720//2157 2694//2157
f 2761//2158 2717//2158 2719//2158 2759//2158
f 2720//2159 2718//2159 2762//2159 2760//2159
f 2721//2160 2717//2160 2761//2160 2763//2160
f 2762//2161 2718//2161 2722//2161 2764//2161
f 2723//2162 2765//2162 2763//2162 2721//2162
f 2764//2163 2722//2163 2723//2163 2765//2163
f 2754//2164 2766//2164 2740//2164 2724//2164
f 2741//2165 2725//2165 2755//2165 2767//2165
f 2744//2166 2728//2166 2754//2166 2770//2166
f 2755//2167 2729//2167 2745//2167 2771//2167
f 2766//2168 2772//2168 2746//2168 2740//2168
f 2747//2169 2741//2169 2767//2169 2773//2169
f 2772//2170 2746//2170 2748//2170 2768//2170
f 2749//2171 2747//2171 2773//2171 2769//2171
f 2748//2172 2713//2172 2774//2172 2817//2172
f 2775//2173 2818//2173 2749//2173 2714//2173
f 2752//2174 2744//2174 2770//2174 2778//2174
f 2771//2175 2745//2175 2753//2175 2779//2175
f 2726//2176 2798//2176 2806//2176 2730//2176
f 2807//2177 2799//2177 2727//2177 2731//2177
f 2732//2178 2726//2178 2798//2178 2800//2178
f 2799//2179 2727//2179 2733//2179 2801//2179
f 2759//2180 2719//2180 2776//2180 2822//2180
f 2760//2181 2720//2181 2777//2181 2823//2181
f 2736//2182 2813//2182 2800//2182 2732//2182
f 2801//2183 2814//2183 2737//2183 2733//2183
f 2734//2184 2819//2184 2806//2184 2730//2184
f 2735//2185 2731//2185 2807//2185 2820//2185
f 2770//2186 2784//2186 2766//2186 2754//2186
f 2767//2187 2785//2187 2771//2187 2755//2187
f 2790//2188 2778//2188 2752//2188 2758//2188
f 2753//2189 2779//2189 2790//2189 2758//2189
f 2742//2190 2824//2190 2813//2190 2736//2190
f 2814//2191 2825//2191 2743//2191 2737//2191
f 2759//2192 2761//2192 2786//2192 2782//2192
f 2760//2193 2762//2193 2787//2193 2783//2193
f 2738//2194 2826//2194 2819//2194 2734//2194
f 2739//2195 2735//2195 2820//2195 2827//2195
f 2788//2196 2763//2196 2761//2196 2786//2196
f 2762//2197 2764//2197 2789//2197 2787//2197
f 2793//2198 2788//2198 2763//2198 2765//2198
f 2764//2199 2765//2199 2793//2199 2789//2199
f 2769//2200 2781//2200 2792//2200 2773//2200
f 2784//2201 2766//2201 2772//2201 2794//2201
f 2773//2202 2795//2202 2785//2202 2767//2202
f 2750//2203 2742//2203 2824//2203 2832//2203
f 2825//2204 2743//2204 2751//2204 2833//2204
f 2756//2205 2738//2205 2826//2205 2836//2205
f 2757//2206 2739//2206 2827//2206 2837//2206
f 2768//2207 2830//2207 2817//2207 2748//2207
f 2818//2208 2749//2208 2769//2208 2831//2208
f 2778//2209 2804//2209 2784//2209 2770//2209
f 2785//2210 2805//2210 2779//2210 2771//2210
f 2796//2211 2794//2211 2772//2211 2791//2211
f 2773//2212 2795//2212 2797//2212 2792//2212
f 2782//2213 2780//2213 2791//2213 2786//2213
f 2792//2214 2781//2214 2783//2214 2787//2214
f 2786//2215 2788//2215 2802//2215 2791//2215
f 2782//2216 2759//2216 2822//2216 2828//2216
f 2783//2217 2829//2217 2823//2217 2760//2217
f 2790//2218 2778//2218 2804//2218 2816//2218
f 2805//2219 2779//2219 2790//2219 2816//2219
f 2810//2220 2802//2220 2788//2220 2793//2220
f 2789//2221 2793//2221 2810//2221 2803//2221
f 2804//2222 2811//2222 2794//2222 2784//2222
f 2795//2223 2812//2223 2805//2223 2785//2223
f 2808//2224 2802//2224 2791//2224 2796//2224
f 2792//2225 2797//2225 2809//2225 2803//2225
f 2780//2226 2834//2226 2830//2226 2768//2226
f 2831//2227 2835//2227 2781//2227 2769//2227
f 2815//2228 2808//2228 2802//2228 2810//2228
f 2803//2229 2809//2229 2815//2229 2810//2229
f 2776//2230 2750//2230 2832//2230 2838//2230
f 2833//2231 2751//2231 2777//2231 2839//2231
f 2816//2232 2821//2232 2811//2232 2804//2232
f 2812//2233 2821//2233 2816//2233 2805//2233
f 2821//2234 2811//2234 2808//2234 2815//2234
f 2809//2235 2815//2235 2821//2235 2812//2235
f 2774//2236 2840//2236 2836//2236 2756//2236
f 2837//2237 2841//2237 2775//2237 2757//2237
f 2828//2238 2834//2238 2780//2238 2782//2238
f 2781//2239 2783//2239 2829//2239 2835//2239
f 2822//2240 2846//2240 2838//2240 2776//2240
f 2823//2241 2777//2241 2839//2241 2847//2241
f 2817//2242 2774//2242 2840//2242 2850//2242
f 2841//2243 2851//2243 2818//2243 2775//2243
f 2800//2244 2844//2244 2842//2244 2798//2244
f 2843//2245 2845//2245 2801//2245 2799//2245
f 2842//2246 2848//2246 2806//2246 2798//2246
f 2807//2247 2849//2247 2843//2247 2799//2247
f 2813//2248 2800//2248 2844//2248 2852//2248
f 2845//2249 2801//2249 2814//2249 2853//2249
f 2848//2250 2806//2250 2819//2250 2858//2250
f 2820//2251 2807//2251 2849//2251 2859//2251
f 2824//2252 2856//2252 2852//2252 2813//2252
f 2853//2253 2857//2253 2825//2253 2814//2253
f 2828//2254 2822//2254 2846//2254 2854//2254
f 2829//2255 2855//2255 2847//2255 2823//2255
f 2830//2256 2860//2256 2850//2256 2817//2256
f 2851//2257 2861//2257 2831//2257 2818//2257
f 2826//2258 2866//2258 2858//2258 2819//2258
f 2827//2259 2820//2259 2859//2259 2867//2259
f 2832//2260 2864//2260 2856//2260 2824//2260
f 2857//2261 2865//2261 2833//2261 2825//2261
f 2854//2262 2862//2262 2834//2262 2828//2262
f 2835//2263 2829//2263 2855//2263 2863//2263
f 2834//2264 2830//2264 2860//2264 2862//2264
f 2861//2265 2831//2265 2835//2265 2863//2265
f 2866//2266 2868//2266 2836//2266 2826//2266
f 2837//2267 2869//2267 2867//2267 2827//2267
f 2838//2268 2870//2268 2864//2268 2832//2268
f 2865//2269 2871//2269 2839//2269 2833//2269
f 2840//2270 2876//2270 2868//2270 2836//2270
f 2869//2271 2877//2271 2841//2271 2837//2271
f 2846//2272 2878//2272 2870//2272 2838//2272
f 2871//2273 2879//2273 2847//2273 2839//2273
f 2844//2274 2874//2274 2872//2274 2842//2274
f 2873//2275 2875//2275 2845//2275 2843//2275
f 2872//2276 2880//2276 2848//2276 2842//2276
f 2849//2277 2881//2277 2873//2277 2843//2277
f 2850//2278 2890//2278 2876//2278 2840//2278
f 2877//2279 2841//2279 2851//2279 2891//2279
f 2852//2280 2844//2280 2874//2280 2886//2280
f 2875//2281 2887//2281 2853//2281 2845//2281
f 2854//2282 2846//2282 2878//2282 2888//2282
f 2879//2283 2847//2283 2855//2283 2889//2283
f 2856//2284 2884//2284 2886//2284 2852//2284
f 2887//2285 2885//2285 2857//2285 2853//2285
f 2880//2286 2892//2286 2858//2286 2848//2286
f 2859//2287 2893//2287 2881//2287 2849//2287
f 2882//2288 2884//2288 2856//2288 2864//2288
f 2857//2289 2865//2289 2883//2289 2885//2289
f 2860//2290 2900//2290 2890//2290 2850//2290
f 2891//2291 2901//2291 2861//2291 2851//2291
f 2888//2292 2854//2292 2862//2292 2896//2292
f 2863//2293 2855//2293 2889//2293 2897//2293
f 2892//2294 2898//2294 2866//2294 2858//2294
f 2867//2295 2859//2295 2893//2295 2899//2295
f 2862//2296 2896//2296 2900//2296 2860//2296
f 2901//2297 2897//2297 2863//2297 2861//2297
f 2870//2298 2864//2298 2882//2298 2902//2298
f 2883//2299 2903//2299 2871//2299 2865//2299
f 2894//2300 2898//2300 2866//2300 2868//2300
f 2867//2301 2899//2301 2895//2301 2869//2301
f 2904//2302 2874//2302 2872//2302 2880//2302
f 2873//2303 2875//2303 2905//2303 2881//2303
f 2876//2304 2868//2304 2894//2304 2906//2304
f 2895//2305 2869//2305 2877//2305 2907//2305
f 2878//2306 2910//2306 2902//2306 2870//2306
f 2903//2307 2911//2307 2879//2307 2871//2307
f 2886//2308 2912//2308 2904//2308 2874//2308
f 2905//2309 2913//2309 2887//2309 2875//2309
f 2882//2310 2902//2310 2908//2310 2884//2310
f 2909//2311 2885//2311 2883//2311 2903//2311
f 2904//2312 2880//2312 2892//2312 2916//2312
f 2893//2313 2881//2313 2905//2313 2917//2313
f 2888//2314 2914//2314 2910//2314 2878//2314
f 2911//2315 2879//2315 2889//2315 2915//2315
f 2884//2316 2908//2316 2912//2316 2886//2316
f 2913//2317 2887//2317 2885//2317 2909//2317
f 2890//2318 2922//2318 2906//2318 2876//2318
f 2907//2319 2923//2319 2891//2319 2877//2319
f 2888//2320 2896//2320 2918//2320 2914//2320
f 2919//2321 2897//2321 2889//2321 2915//2321
f 2920//2322 2898//2322 2894//2322 2906//2322
f 2895//2323 2899//2323 2921//2323 2907//2323
f 2916//2324 2892//2324 2898//2324 2920//2324
f 2899//2325 2921//2325 2917//2325 2893//2325
f 2918//2326 2896//2326 2900//2326 2924//2326
f 2901//2327 2897//2327 2919//2327 2925//2327
f 2900//2328 2924//2328 2922//2328 2890//2328
f 2923//2329 2925//2329 2901//2329 2891//2329
f 2910//2330 2926//2330 2908//2330 2902//2330
f 2909//2331 2903//2331 2911//2331 2927//2331
f 2912//2332 2928//2332 2916//2332 2904//2332
f 2917//2333 2929//2333 2913//2333 2905//2333
f 2926//2334 2908//2334 2912//2334 2928//2334
f 2913//2335 2929//2335 2927//2335 2909//2335
f 2914//2336 2930//2336 2926//2336 2910//2336
f 2927//2337 2931//2337 2915//2337 2911//2337
f 2922//2338 2932//2338 2920//2338 2906//2338
f 2921//2339 2933//2339 2923//2339 2907//2339
f 2918//2340 2914//2340 2930//2340 2924//2340
f 2931//2341 2925//2341 2919//2341 2915//2341
f 2928//2342 2932//2342 2920//2342 2916//2342
f 2921//2343 2917//2343 2929//2343 2933//2343
f 2924//2344 2930//2344 2932//2344 2922//2344
f 2933//2345 2931//2345 2925//2345 2923//2345
f 2930//2346 2932//2346 2928//2346 2926//2346
f 2929//2347 2927//2347 2931//2347 2933//2347
f 1//2348 2//2348 7//2348 3//2348
f 3//2348 1//2348 2//2348 8//2348
f 8//2349 11//2349 4//2349 6//2349
f 15//2350 11//2350 4//2350 14//2350
f 16//2351 11//2351 4//2351 10//2351
f 38//2352 39//2352 49//2352 44//2352
f 49//2353 38//2353 39//2353 50//2353
f 40//2354 38//2354 49//2354 51//2354
f 49//2355 57//2355 50//2355 39//2355
f 44//2356 40//2356 49//2356 62//2356
f 58//2357 62//2357 49//2357 51//2357
f 49//2358 50//2358 61//2358 66//2358
f 62//2359 44//2359 49//2359 66//2359
f 49//2360 62//2360 66//2360 57//2360
f 49//2361 61//2361 66//2361 58//2361
f 101//2362 77//2362 72//2362 96//2362
f 174//2363 110//2363 99//2363 152//2363
f 164//2364 115//2364 117//2364 194//2364
f 159//2365 171//2365 183//2365 157//2365
f 184//2366 172//2366 160//2366 158//2366
f 183//2367 191//2367 171//2367 153//2367
f 184//2368 192//2368 172//2368 154//2368
f 183//2369 159//2369 171//2369 199//2369
f 172//2370 160//2370 184//2370 200//2370
f 187//2371 204//2371 183//2371 169//2371
f 184//2372 205//2372 188//2372 170//2372
f 200//2373 207//2373 184//2373 192//2373
f 183//2374 212//2374 204//2374 169//2374
f 205//2375 213//2375 184//2375 170//2375
f 183//2376 191//2376 199//2376 212//2376
f 200//2377 192//2377 184//2377 213//2377
f 183//2378 199//2378 212//2378 204//2378
f 213//2379 200//2379 184//2379 205//2379
f 320//2380 322//2380 333//2380 327//2380
f 344//2381 319//2381 331//2381 351//2381
f 328//2382 319//2382 344//2382 350//2382
f 355//2383 322//2383 333//2383 373//2383
f 331//2384 363//2384 367//2384 335//2384
f 384//2385 352//2385 388//2385 409//2385
f 384//2386 415//2386 390//2386 350//2386
f 420//2387 374//2387 355//2387 404//2387
f 407//2388 417//2388 360//2388 368//2388
f 357//2389 371//2389 425//2389 405//2389
f 363//2390 423//2390 412//2390 367//2390
f 413//2391 362//2391 364//2391 424//2391
f 385//2392 359//2392 416//2392 438//2392
f 417//2393 360//2393 384//2393 439//2393
f 417//2394 360//2394 386//2394 439//2394
f 367//2395 395//2395 445//2395 412//2395
f 388//2396 460//2396 441//2396 381//2396
f 390//2397 382//2397 444//2397 460//2397
f 459//2398 389//2398 414//2398 476//2398
f 415//2399 481//2399 460//2399 390//2399
f 389//2400 414//2400 476//2400 461//2400
f 409//2401 477//2401 460//2401 390//2401
f 404//2402 507//2402 510//2402 419//2402
f 511//2403 507//2403 404//2403 420//2403
f 405//2404 504//2404 514//2404 425//2404
f 515//2405 504//2405 405//2405 426//2405
f 525//2406 499//2406 413//2406 450//2406
f 521//2407 450//2407 413//2407 497//2407
f 529//2408 426//2408 420//2408 527//2408
f 529//2409 435//2409 426//2409 515//2409
f 442//2410 423//2410 505//2410 536//2410
f 444//2411 543//2411 561//2411 459//2411
f 562//2412 460//2412 444//2412 543//2412
f 445//2413 478//2413 547//2413 524//2413
f 564//2414 529//2414 433//2414 479//2414
f 566//2415 529//2415 435//2415 485//2415
f 474//2416 575//2416 536//2416 442//2416
f 537//2417 576//2417 475//2417 443//2417
f 472//2418 442//2418 534//2418 577//2418
f 535//2419 578//2419 473//2419 439//2419
f 459//2420 559//2420 593//2420 476//2420
f 594//2421 477//2421 460//2421 560//2421
f 481//2422 594//2422 562//2422 462//2422
f 532//2423 625//2423 577//2423 474//2423
f 484//2424 565//2424 608//2424 551//2424
f 609//2425 564//2425 479//2425 548//2425
f 532//2426 474//2426 575//2426 625//2426
f 478//2427 547//2427 608//2427 563//2427
f 613//2428 566//2428 485//2428 552//2428
f 539//2429 501//2429 560//2429 590//2429
f 593//2430 635//2430 532//2430 480//2430
f 531//2431 481//2431 594//2431 634//2431
f 598//2432 634//2432 590//2432 539//2432
f 505//2433 496//2433 674//2433 682//2433
f 677//2434 683//2434 509//2434 499//2434
f 508//2435 498//2435 676//2435 685//2435
f 520//2436 691//2436 674//2436 496//2436
f 677//2437 688//2437 525//2437 499//2437
f 524//2438 498//2438 676//2438 687//2438
f 675//2439 692//2439 521//2439 497//2439
f 534//2440 505//2440 682//2440 707//2440
f 686//2441 506//2441 535//2441 708//2441
f 529//2442 720//2442 716//2442 511//2442
f 622//2443 614//2443 606//2443 607//2443
f 622//2444 606//2444 603//2444 615//2444
f 529//2445 515//2445 712//2445 725//2445
f 622//2446 603//2446 614//2446 627//2446
f 607//2447 603//2447 622//2447 628//2447
f 551//2448 520//2448 691//2448 727//2448
f 688//2449 525//2449 552//2449 728//2449
f 684//2450 699//2450 559//2450 544//2450
f 562//2451 700//2451 684//2451 544//2451
f 622//2452 606//2452 614//2452 641//2452
f 615//2453 607//2453 622//2453 642//2453
f 564//2454 527//2454 720//2454 740//2454
f 626//2455 738//2455 634//2455 531//2455
f 719//2456 739//2456 565//2456 526//2456
f 566//2457 529//2457 725//2457 744//2457
f 635//2458 737//2458 629//2458 530//2458
f 630//2459 742//2459 636//2459 533//2459
f 575//2460 757//2460 709//2460 536//2460
f 577//2461 534//2461 707//2461 755//2461
f 622//2462 651//2462 627//2462 614//2462
f 628//2463 615//2463 622//2463 652//2463
f 699//2464 751//2464 593//2464 559//2464
f 652//2465 628//2465 622//2465 659//2465
f 612//2466 551//2466 727//2466 747//2466
f 732//2467 748//2467 609//2467 548//2467
f 608//2468 547//2468 731//2468 749//2468
f 728//2469 548//2469 613//2469 750//2469
f 743//2470 747//2470 612//2470 565//2470
f 609//2471 564//2471 740//2471 748//2471
f 622//2472 652//2472 651//2472 641//2472
f 659//2473 651//2473 622//2473 642//2473
f 739//2474 749//2474 608//2474 563//2474
f 613//2475 750//2475 744//2475 566//2475
f 629//2476 804//2476 755//2476 577//2476
f 756//2477 578//2477 626//2477 801//2477
f 625//2478 804//2478 757//2478 575//2478
f 758//2479 805//2479 630//2479 576//2479
f 589//2480 751//2480 788//2480 635//2480
f 789//2481 752//2481 590//2481 636//2481
f 635//2482 741//2482 876//2482 788//2482
f 877//2483 742//2483 636//2483 789//2483
f 737//2484 670//2484 818//2484 890//2484
f 819//2485 671//2485 738//2485 895//2485
f 778//2486 784//2486 810//2486 786//2486
f 811//2487 787//2487 779//2487 785//2487
f 776//2488 798//2488 810//2488 778//2488
f 811//2489 779//2489 777//2489 799//2489
f 786//2490 802//2490 810//2490 776//2490
f 811//2491 803//2491 779//2491 777//2491
f 784//2492 776//2492 810//2492 828//2492
f 811//2493 829//2493 799//2493 777//2493
f 810//2494 830//2494 802//2494 778//2494
f 803//2495 831//2495 811//2495 779//2495
f 798//2496 784//2496 810//2496 844//2496
f 811//2497 785//2497 799//2497 845//2497
f 810//2498 786//2498 802//2498 846//2498
f 811//2499 847//2499 803//2499 787//2499
f 935//2500 957//2500 710//2500 686//2500
f 709//647 685//647 934//647 956//647
f 933//2501 686//2501 708//2501 955//2501
f 727//2502 691//2502 936//2502 962//2502
f 727//2503 691//2503 938//2503 964//2503
f 810//2504 860//2504 830//2504 802//2504
f 811//2505 803//2505 831//2505 861//2505
f 814//2506 832//2506 856//2506 826//2506
f 857//2507 833//2507 815//2507 827//2507
f 857//2508 827//2508 813//2508 815//2508
f 844//2509 828//2509 810//2509 860//2509
f 811//2510 829//2510 845//2510 861//2510
f 810//2511 830//2511 860//2511 858//2511
f 811//2512 859//2512 861//2512 831//2512
f 826//2513 812//2513 856//2513 868//2513
f 827//2514 869//2514 857//2514 813//2514
f 858//2515 846//2515 810//2515 844//2515
f 811//2516 845//2516 859//2516 847//2516
f 850//2517 874//2517 856//2517 814//2517
f 857//2518 875//2518 851//2518 815//2518
f 747//2519 976//2519 962//2519 727//2519
f 965//2520 728//2520 750//2520 977//2520
f 842//2521 899//2521 856//2521 826//2521
f 843//2522 827//2522 857//2522 900//2522
f 850//2523 832//2523 856//2523 892//2523
f 857//2524 893//2524 875//2524 833//2524
f 711//2525 719//2525 996//2525 998//2525
f 995//2526 999//2526 716//2526 720//2526
f 743//2527 747//2527 976//2527 986//2527
f 979//2528 748//2528 740//2528 985//2528
f 743//2527 747//2527 978//2527 986//2527
f 977//2529 987//2529 744//2529 750//2529
f 868//2530 899//2530 856//2530 842//2530
f 869//2531 900//2531 857//2531 843//2531
f 982//2532 876//2532 741//2532 894//2532
f 886//2533 901//2533 856//2533 868//2533
f 887//2534 902//2534 857//2534 869//2534
f 868//2535 899//2535 901//2535 892//2535
f 900//2536 887//2536 857//2536 893//2536
f 804//2537 755//2537 972//2537 1012//2537
f 973//2538 756//2538 801//2538 1013//2538
f 800//2539 757//2539 974//2539 1014//2539
f 975//2540 1013//2540 801//2540 758//2540
f 890//2541 818//2541 1010//2541 1037//2541
f 1011//2542 819//2542 895//2542 1036//2542
f 1066//2543 1035//2543 894//2543 982//2543
f 891//2544 1036//2544 1067//2544 983//2544
f 1099//2545 1113//2545 934//2545 926//2545
f 926//2546 932//2546 1107//2546 1103//2546
f 1104//2547 927//2547 933//2547 1114//2547
f 1124//2548 965//2548 977//2548 1134//2548
f 1122//2549 963//2549 979//2549 1132//2549
f 986//2550 976//2550 1133//2550 1141//2550
f 1134//2551 1144//2551 987//2551 977//2551
f 1136//2552 1152//2552 1013//2552 973//2552
f 1014//2553 974//2553 1137//2553 1155//2553
f 1138//2554 975//2554 1015//2554 1156//2554
f 1144//2555 987//2555 997//2555 1154//2555
f 1173//2556 1035//2556 1014//2556 1155//2556
f 1169//2557 1151//2557 1012//2557 1037//2557
f 1174//2558 1036//2558 1067//2558 1190//2558
f 1224//2559 916//2559 1183//2559 1259//2559
f 1230//2560 1236//2560 1185//2560 1181//2560
f 1201//2561 1238//2561 1236//2561 1185//2561
f 1099//2562 1291//2562 1285//2562 1113//2562
f 1103//2563 1287//2563 1283//2563 1107//2563
f 1121//2564 1317//2564 1303//2564 1105//2564
f 1306//2565 1304//2565 1122//2565 1124//2565
f 1123//2566 1315//2566 1305//2566 1111//2566
f 1304//2567 1112//2567 1124//2567 1316//2567
f 1309//2568 1135//2568 1119//2568 1293//2568
f 1117//2569 1297//2569 1307//2569 1137//2569
f 1237//2570 1245//2570 1231//2570 1202//2570
f 1133//2571 1121//2571 1317//2571 1331//2571
f 1318//2572 1122//2572 1132//2572 1332//2572
f 1311//2573 1309//2573 1137//2573 1151//2573
f 1334//2574 1345//2574 1144//2574 1134//2574
f 1169//2575 1139//2575 1289//2575 1321//2575
f 1290//2576 1140//2576 1170//2576 1322//2576
f 1143//2577 1133//2577 1331//2577 1342//2577
f 1323//2578 1173//2578 1151//2578 1311//2578
f 1152//2579 1174//2579 1322//2579 1312//2579
f 1321//2580 1313//2580 1155//2580 1173//2580
f 1156//2581 1314//2581 1324//2581 1170//2581
f 1153//2582 1348//2582 1344//2582 1141//2582
f 1230//2583 1246//2583 1244//2583 1236//2583
f 1149//2584 1346//2584 1342//2584 1141//2584
f 1163//2585 1153//2585 1348//2585 1352//2585
f 1161//2586 1350//2586 1346//2586 1149//2586
f 1329//2587 1321//2587 1173//2587 1189//2587
f 1174//2588 1190//2588 1330//2588 1324//2588
f 1355//2589 1352//2589 1163//2589 1166//2589
f 1353//2590 1164//2590 1166//2590 1355//2590
f 1272//2591 1339//2591 1363//2591 1330//2591
f 1366//2592 1375//2592 1371//2592 1356//2592
f 1372//2593 1375//2593 1366//2593 1357//2593
f 1410//2594 1412//2594 1298//2594 1294//2594
f 1306//2595 1292//2595 1420//2595 1430//2595
f 1433//2596 1425//2596 1307//2596 1313//2596
f 1310//2597 1426//2597 1434//2597 1314//2597
f 1433//2598 1421//2598 1309//2598 1311//2598
f 1308//2597 1426//2597 1434//2597 1314//2597
f 1318//2599 1306//2599 1428//2599 1440//2599
f 1435//2600 1323//2600 1311//2600 1433//2600
f 1437//2601 1433//2601 1313//2601 1321//2601
f 1324//2602 1436//2602 1444//2602 1330//2602
f 1333//2603 1456//2603 1441//2603 1315//2603
f 1344//2604 1460//2604 1456//2604 1333//2604
f 1348//2605 1468//2605 1460//2605 1344//2605
f 1469//2606 1349//2606 1351//2606 1473//2606
f 1476//2607 1354//2607 1350//2607 1472//2607
f 1411//2608 1529//2608 1525//2608 1409//2608
f 1420//2609 1410//2609 1522//2609 1532//2609
f 1410//2608 1526//2608 1530//2608 1412//2608
f 1413//2610 1531//2610 1521//2610 1409//2610
f 1417//2611 1529//2611 1533//2611 1425//2611
f 1418//2612 1426//2612 1536//2612 1530//2612
f 1415//2613 1525//2613 1535//2613 1421//2613
f 1416//2614 1526//2614 1534//2614 1422//2614
f 1429//2615 1539//2615 1527//2615 1419//2615
f 1431//2616 1533//2616 1535//2616 1433//2616
f 1422//2617 1432//2617 1546//2617 1534//2617
f 1441//2618 1429//2618 1539//2618 1553//2618
f 1442//2619 1556//2619 1542//2619 1430//2619
f 1438//2620 1550//2620 1544//2620 1444//2620
f 1456//2621 1441//2621 1553//2621 1568//2621
f 1470//2622 1580//2622 1574//2622 1462//2622
f 1474//2623 1468//2623 1578//2623 1588//2623
f 1581//2624 1589//2624 1475//2624 1471//2624
f 1475//2625 1589//2625 1591//2625 1477//2625
f 1591//2626 1477//2626 1474//2626 1588//2626
f 1549//2627 1517//2627 1666//2627 1717//2627
f 1667//2628 1718//2628 1552//2628 1518//2628
f 1522//2629 1530//2629 1698//2629 1692//2629
f 1536//2630 1704//2630 1710//2630 1548//2630
f 1548//2631 1550//2631 1716//2631 1710//2631
f 1556//2632 1542//2632 1706//2632 1724//2632
f 1715//2633 1711//2633 1545//2633 1551//2633
f 1546//2634 1712//2634 1718//2634 1552//2634
f 1727//2635 1543//2635 1549//2635 1717//2635
f 1550//2636 1544//2636 1728//2636 1716//2636
f 1570//2637 1729//2637 1721//2637 1555//2637
f 1724//2638 1556//2638 1571//2638 1732//2638
f 1568//2639 1553//2639 1723//2639 1731//2639
f 1574//2640 1733//2640 1729//2640 1570//2640
f 1576//2641 1568//2641 1731//2641 1735//2641
f 1588//2642 1745//2642 1741//2642 1578//2642
f 1742//2643 1581//2643 1587//2643 1746//2643
f 1590//2644 1591//2644 1745//2644 1743//2644
f 1746//2645 1589//2645 1591//2645 1748//2645
f 1746//2646 1744//2646 1590//2646 1591//2646
f 1753//2647 1759//2647 1786//2647 1763//2647
f 1787//2648 1760//2648 1758//2648 1764//2648
f 1753//2649 1757//2649 1786//2649 1773//2649
f 1754//2650 1774//2650 1787//2650 1758//2650
f 1759//2651 1753//2651 1786//2651 1790//2651
f 1760//2652 1791//2652 1787//2652 1754//2652
f 1782//2653 1763//2653 1786//2653 1806//2653
f 1787//2654 1764//2654 1783//2654 1807//2654
f 1806//2655 1820//2655 1786//2655 1782//2655
f 1787//2656 1821//2656 1807//2656 1783//2656
f 1773//2657 1820//2657 1818//2657 1790//2657
f 1774//2658 1791//2658 1819//2658 1821//2658
f 1820//2659 1798//2659 1786//2659 1818//2659
f 1787//2660 1799//2660 1821//2660 1819//2660
f 1818//2661 1802//2661 1786//2661 1806//2661
f 1787//2662 1803//2662 1819//2662 1807//2662
f 1854//2663 1822//2663 1808//2663 1824//2663
f 1809//2664 1823//2664 1855//2664 1825//2664
f 1854//2665 1840//2665 1808//2665 1810//2665
f 1809//2666 1841//2666 1855//2666 1811//2666
f 1824//2667 1808//2667 1854//2667 1846//2667
f 1855//2668 1847//2668 1825//2668 1809//2668
f 1692//2669 1698//2669 1969//2669 1961//2669
f 1964//2670 1978//2670 1703//2670 1697//2670
f 1854//2671 1870//2671 1822//2671 1808//2671
f 1855//2672 1809//2672 1823//2672 1871//2672
f 1977//2673 1985//2673 1710//2673 1704//2673
f 1824//2674 1874//2674 1854//2674 1810//2674
f 1855//2675 1875//2675 1825//2675 1811//2675
f 1988//2676 1715//2676 1709//2676 1986//2676
f 1712//2677 1718//2677 1993//2677 1987//2677
f 1710//2678 1985//2678 1989//2678 1716//2678
f 1727//2679 1717//2679 1988//2679 1999//2679
f 1997//2680 1722//2680 1730//2680 2013//2680
f 1733//2681 2018//2681 2012//2681 1731//2681
f 2018//2682 2016//2682 1731//2682 1729//2682
f 2019//2683 1734//2683 1740//2683 2027//2683
f 2035//2684 2030//2684 1743//2684 1747//2684
f 1744//2685 2033//2685 2035//2685 1747//2685
f 1874//2686 1824//2686 1854//2686 1899//2686
f 1855//2687 1825//2687 1875//2687 1900//2687
f 1854//2688 1915//2688 1895//2688 1840//2688
f 1855//2689 1841//2689 1896//2689 1916//2689
f 1854//2690 1917//2690 1895//2690 1870//2690
f 1896//2691 1918//2691 1855//2691 1871//2691
f 1917//2692 1874//2692 1854//2692 1915//2692
f 1855//2693 1875//2693 1918//2693 1916//2693
f 1917//2694 1895//2694 1854//2694 1899//2694
f 1855//2695 1896//2695 1918//2695 1900//2695
f 1882//2696 1876//2696 1935//2696 1934//2696
f 1935//2697 1881//2697 1933//2697 1954//2697
f 1934//2698 1955//2698 1935//2698 1882//2698
f 1935//2699 1911//2699 1954//2699 1974//2699
f 1955//2700 1912//2700 1935//2700 1975//2700
f 1935//2701 2009//2701 1954//2701 1933//2701
f 1975//2702 1934//2702 1935//2702 2009//2702
f 1935//2703 1975//2703 1974//2703 1954//2703
f 1975//2704 1955//2704 1935//2704 1974//2704
f 2054//2705 2058//2705 1944//2705 1936//2705
f 2058//2706 1946//2706 1944//2706 2054//2706
f 2059//2707 2098//2707 2055//2707 1957//2707
f 2074//2708 2097//2708 2058//2708 1956//2708
f 2183//2709 1963//2709 1969//2709 2185//2709
f 1971//2710 1963//2710 2181//2710 2187//2710
f 1960//2711 2182//2711 2188//2711 1968//2711
f 1971//2710 1963//2710 2183//2710 2187//2710
f 1971//2712 1967//2712 2197//2712 2199//2712
f 1982//1649 2198//1649 2190//1649 1970//1649
f 1986//2713 2204//2713 2194//2713 1976//2713
f 2193//2714 2207//2714 1985//2714 1977//2714
f 1988//2715 1986//2715 2204//2715 2212//2715
f 2207//2716 2215//2716 1989//2716 1985//2716
f 1992//2717 2214//2717 2206//2717 1984//2717
f 2205//2718 1987//2718 1993//2718 2213//2718
f 1999//2719 1988//2719 2212//2719 2202//2719
f 2010//2720 2224//2720 2208//2720 1994//2720
f 2209//2721 1995//2721 2011//2721 2225//2721
f 2012//2722 1996//2722 2210//2722 2222//2722
f 2211//2723 1997//2723 2013//2723 2225//2723
f 2026//2724 2232//2724 2228//2724 2016//2724
f 2028//2725 2018//2725 2228//2725 2230//2725
f 2032//2726 2236//2726 2232//2726 2026//2726
f 2233//2727 2029//2727 2031//2727 2237//2727
f 2030//2726 2234//2726 2230//2726 2028//2726
f 2231//2727 2027//2727 2033//2727 2235//2727
f 2034//2728 2032//2728 2236//2728 2238//2728
f 2235//2729 2031//2729 2034//2729 2238//2729
f 2214//2730 2176//2730 2276//2730 2326//2730
f 2277//2731 2177//2731 2215//2731 2337//2731
f 2184//2732 2295//2732 2301//2732 2188//2732
f 2296//2733 2304//2733 2189//2733 2181//2733
f 2295//2734 2299//2734 2184//2734 2180//2734
f 2302//2735 2300//2735 2185//2735 2183//2735
f 2306//2736 2191//2736 2183//2736 2302//2736
f 2303//2737 2184//2737 2194//2737 2311//2737
f 2304//2738 2312//2738 2193//2738 2189//2738
f 2300//2739 2185//2739 2195//2739 2308//2739
f 2204//2740 2194//2740 2311//2740 2315//2740
f 2312//2741 2316//2741 2207//2741 2193//2741
f 2206//2742 2319//2742 2307//2742 2192//2742
f 2308//2743 2195//2743 2205//2743 2320//2743
f 2208//2744 2198//2744 2313//2744 2317//2744
f 2209//2745 2197//2745 2310//2745 2318//2745
f 2212//2746 2204//2746 2315//2746 2326//2746
f 2316//2747 2327//2747 2215//2747 2207//2747
f 2202//2748 2212//2748 2326//2748 2334//2748
f 2327//2749 2215//2749 2203//2749 2335//2749
f 2320//2750 2205//2750 2213//2750 2327//2750
f 2224//2751 2208//2751 2317//2751 2338//2751
f 2318//2752 2209//2752 2225//2752 2339//2752
f 2224//2751 2208//2751 2317//2751 2340//2751
f 2341//2753 2223//2753 2227//2753 2345//2753
f 2226//2754 2224//2754 2338//2754 2342//2754
f 2339//2755 2225//2755 2229//2755 2343//2755
f 2232//2756 2228//2756 2342//2756 2346//2756
f 2230//2757 2349//2757 2342//2757 2228//2757
f 2345//2758 2347//2758 2231//2758 2227//2758
f 2352//2759 2353//2759 2238//2759 2237//2759
f 2239//2760 2234//2760 2354//2760 2356//2760
f 2355//2761 2356//2761 2239//2761 2235//2761
f 2276//2762 2270//2762 2319//2762 2336//2762
f 2320//2763 2271//2763 2277//2763 2337//2763
f 2285//2764 2345//2764 2347//2764 2289//2764
f 2363//2765 2301//2765 2303//2765 2361//2765
f 2364//2766 2296//2766 2304//2766 2362//2766
f 2361//2767 2359//2767 2311//2767 2303//2767
f 2362//2768 2304//2768 2312//2768 2360//2768
f 2357//2769 2359//2769 2311//2769 2319//2769
f 2312//2770 2316//2770 2358//2770 2360//2770
f 2376//2771 2357//2771 2315//2771 2336//2771
f 2338//2772 2384//2772 2369//2772 2317//2772
f 2718//2773 2722//2773 2700//2773 2680//2773
f 2791//2774 2780//2774 2768//2774 2772//2774
f 2803//2775 2789//2775 2787//2775 2792//2775
f 351//2776 383//2776 363//2776 327//2776
f 406//2777 496//2777 520//2777 449//2777
f 412//2778 498//2778 524//2778 449//2778
f 438//2779 416//2779 505//2779 534//2779
f 578//2780 630//2780 533//2780 473//2780
f 578//2781 475//2781 533//2781 630//2781
f 507//2782 721//2782 711//2782 514//2782
f 712//2783 726//2783 504//2783 515//2783
f 507//2784 726//2784 711//2784 514//2784
f 716//2785 511//2785 507//2785 721//2785
f 536//2786 709//2786 682//2786 505//2786
f 686//2787 506//2787 535//2787 710//2787
f 711//2788 510//2788 526//2788 719//2788
f 711//2789 719//2789 528//2789 514//2789
f 551//2790 524//2790 687//2790 727//2790
f 724//2791 526//2791 563//2791 743//2791
f 635//2792 741//2792 625//2792 532//2792
f 710//2793 537//2793 576//2793 758//2793
f 737//2794 629//2794 800//2794 890//2794
f 801//2795 626//2795 738//2795 895//2795
f 737//2796 629//2796 804//2796 890//2796
f 805//2797 630//2797 742//2797 895//2797
f 937//2798 963//2798 732//2798 692//2798
f 875//2799 833//2799 815//2799 827//2799
f 749//2800 978//2800 964//2800 731//2800
f 719//2801 996//2801 986//2801 743//2801
f 987//2802 995//2802 720//2802 740//2802
f 724//2803 996//2803 986//2803 739//2803
f 987//2804 997//2804 725//2804 744//2804
f 874//2805 832//2805 899//2805 892//2805
f 900//2806 833//2806 875//2806 893//2806
f 890//2807 800//2807 1012//2807 1037//2807
f 1013//2808 805//2808 895//2808 1036//2808
f 890//2807 800//2807 1014//2807 1035//2807
f 1013//2808 805//2808 895//2808 1038//2808
f 1108//2809 935//2809 955//2809 1120//2809
f 933//2810 957//2810 1118//2810 1114//2810
f 954//2811 974//2811 1135//2811 1119//2811
f 1136//2812 975//2812 955//2812 1120//2812
f 974//2813 1137//2813 1117//2813 956//2813
f 1156//2814 1015//2814 1036//2814 1170//2814
f 1015//2815 1036//2815 1174//2815 1156//2815
f 1100//2816 1288//2816 1284//2816 1108//2816
f 1100//2817 1292//2817 1286//2817 1108//2817
f 1308//2818 1138//2818 1120//2818 1294//2818
f 1118//2819 1138//2819 1310//2819 1298//2819
f 1316//2820 1334//2820 1134//2820 1124//2820
f 1131//2821 1333//2821 1315//2821 1123//2821
f 1313//2822 1307//2822 1137//2822 1155//2822
f 1143//2823 1131//2823 1333//2823 1342//2823
f 1238//2824 1242//2824 1236//2824 1230//2824
f 1345//2825 1349//2825 1154//2825 1142//2825
f 1245//2826 1237//2826 1231//2826 1247//2826
f 1343//2827 1142//2827 1150//2827 1349//2827
f 1347//2828 1154//2828 1164//2828 1353//2828
f 1349//2829 1154//2829 1162//2829 1351//2829
f 1420//2830 1306//2830 1304//2830 1414//2830
f 1314//2831 1324//2831 1436//2831 1434//2831
f 1312//2832 1324//2832 1436//2832 1434//2832
f 1346//2833 1470//2833 1462//2833 1342//2833
f 1463//2834 1343//2834 1349//2834 1469//2834
f 1461//2835 1471//2835 1347//2835 1345//2835
f 1352//2836 1348//2836 1470//2836 1474//2836
f 1352//2837 1348//2837 1468//2837 1474//2837
f 1471//2838 1349//2838 1353//2838 1473//2838
f 1419//2839 1531//2839 1523//2839 1411//2839
f 1426//2840 1536//2840 1548//2840 1434//2840
f 1454//2841 1439//2841 1555//2841 1570//2841
f 1556//2842 1442//2842 1457//2842 1569//2842
f 1554//2843 1440//2843 1455//2843 1569//2843
f 1522//2844 1526//2844 1694//2844 1692//2844
f 1541//2845 1707//2845 1699//2845 1531//2845
f 1541//2845 1705//2845 1695//2845 1531//2845
f 1555//2846 1721//2846 1707//2846 1539//2846
f 1715//2847 1551//2847 1547//2847 1709//2847
f 1734//2848 1577//2848 1581//2848 1742//2848
f 1709//2849 1986//2849 1976//2849 1701//2849
f 1711//2849 1986//2849 1976//2849 1703//2849
f 1979//2850 1702//2850 1712//2850 1987//2850
f 1992//2851 1984//2851 1711//2851 1715//2851
f 2019//2852 1736//2852 1742//2852 2029//2852
f 2193//2853 2207//2853 1985//2853 1979//2853
f 2227//2854 2231//2854 2027//2854 2019//2854
f 2229//2855 2233//2855 2029//2855 2017//2855
f 2034//2856 2030//2856 2234//2856 2239//2856
f 2237//2857 2239//2857 2035//2857 2031//2857
f 2187//2858 2298//2858 2296//2858 2183//2858
f 2299//2859 2307//2859 2192//2859 2184//2859
f 2323//2860 2317//2860 2196//2860 2198//2860
f 2211//2861 2324//2861 2314//2861 2199//2861
f 2214//2862 2336//2862 2319//2862 2206//2862
f 2226//2863 2344//2863 2338//2863 2224//2863
f 2236//2864 2232//2864 2346//2864 2351//2864
f 2350//2865 2233//2865 2237//2865 2352//2865
f 2236//2866 2230//2866 2349//2866 2354//2866
f 2562//2867 2558//2867 2550//2867
f 2699//2868 2721//2868 2717//2868 2679//2868
f 845//2869 829//2869 785//2869 861//2869
f 874//2870 832//2870 814//2870 826//2870
f 1186//1155 1202//1155 1239//1155 1188//1155
f 1759//2871 1757//2871 1782//2871 1798//2871
f 2279//2872 2273//2872 2253//2872
f 2560//2873 2543//2873 2541//2873 2566//2873
f 784//2874 828//2874 844//2874 860//2874
f 1760//2875 1799//2875 1783//2875 1758//2875
f 173//2876 155//2876 152//2876
f 156//2877 174//2877 152//2877
f 161//2878 163//2878 181//2878
f 182//2879 162//2879 164//2879
f 238//2880 232//2880 279//2880
f 239//2881 233//2881 280//2881
f 279//2882 293//2882 232//2882
f 280//2883 294//2883 233//2883
f 279//2884 293//2884 325//2884
f 280//2885 294//2885 326//2885
f 329//2886 325//2886 293//2886
f 326//2887 330//2887 294//2887
f 337//2888 329//2888 293//2888
f 330//2889 338//2889 294//2889
f 391//2890 430//2890 399//2890
f 392//2891 431//2891 399//2891
f 451//2892 430//2892 591//2892
f 431//2893 452//2893 592//2893
f 512//2894 549//2894 482//2894
f 513//2895 550//2895 483//2895
f 641//2896 651//2896 622//2896
f 862//2897 908//2897 639//2897
f 863//2898 909//2898 640//2898
f 789//2899 752//2899 877//2899
f 751//2900 788//2900 882//2900
f 908//2901 942//2901 666//2901
f 909//2902 943//2902 667//2902
f 788//2903 876//2903 882//2903
f 908//2904 862//2904 1054//2904
f 909//2905 863//2905 1055//2905
f 1086//2906 1129//2906 942//2906
f 1130//2907 1087//2907 943//2907
f 1086//2908 1226//2908 1054//2908
f 1087//2909 1055//2909 1227//2909
f 1251//2910 1277//2910 1109//2910
f 1252//2911 1278//2911 1110//2911
f 1279//2912 1380//2912 1129//2912
f 1280//2913 1381//2913 1130//2913
f 1359//2914 1270//2914 1337//2914
f 1378//2915 1336//2915 1269//2915
f 1364//2916 1279//2916 1384//2916
f 1365//2917 1280//2917 1385//2917
f 1384//2918 1464//2918 1392//2918
f 1385//2919 1465//2919 1393//2919
f 1394//2920 1376//2920 1482//2920
f 1395//2921 1377//2921 1483//2921
f 1378//2922 1450//2922 1452//2922
f 1379//2923 1451//2923 1453//2923
f 1482//2924 1458//2924 1617//2924
f 1459//2925 1483//2925 1618//2925
f 1607//2926 1494//2926 1613//2926
f 1495//2927 1608//2927 1614//2927
f 1519//2928 1654//2928 1511//2928
f 1520//2929 1655//2929 1512//2929
f 1773//2930 1786//2930 1790//2930
f 1774//2931 1787//2931 1791//2931
f 1874//2932 1899//2932 1854//2932
f 1875//2933 1900//2933 1855//2933
f 1876//2934 1881//2934 1935//2934
f 1876//2935 1935//2935 1882//2935
f 1881//2936 1911//2936 1935//2936
f 1957//2937 1945//2937 2059//2937
f 1947//2938 1959//2938 2057//2938
f 1958//2939 2060//2939 2056//2939
f 2061//2940 2057//2940 1959//2940
f 2074//422 2097//422 2054//422
f 2075//1155 2098//1155 2055//1155
f 2077//422 2100//422 2061//422
f 2105//2941 2133//2941 2267//2941
f 2134//2942 2106//2942 2268//2942
f 2282//2943 2154//2943 2172//2943
f 2283//2944 2173//2944 2155//2944
f 2244//2945 2274//2945 2129//2945
f 2245//2946 2275//2946 2130//2946
f 2252//2947 2244//2947 2272//2947
f 2245//2948 2253//2948 2273//2948
f 2274//2949 2272//2949 2244//2949
f 2275//2950 2273//2950 2245//2950
f 2471//2951 2442//2951 2433//2951
f 2472//2952 2443//2952 2434//2952
f 2475//2953 2448//2953 2431//2953
f 2476//2954 2449//2954 2432//2954
f 2552//2955 2550//2955 2558//2955
f 2571//2956 2597//2956 2613//2956
f 2572//2957 2614//2957 2598//2957
f 2575//2958 2589//2958 2615//2958
f 2576//2959 2590//2959 2616//2959
f 2655//2960 2651//2960 2653//2960
f 2652//2960 2656//2960 2654//2960
f 2665//2961 2653//2961 2655//2961
f 2666//2962 2654//2962 2656//2962
f 2794//2963 2796//2963 2811//2963
f 2795//2964 2797//2964 2812//2964
f 2808//2965 2796//2965 2811//2965
f 2809//2966 2797//2966 2812//2966
f 883//2967 877//2967 752//2967
f 2056//2968 2099//2968 2060//2968
f 2057//2969 2100//2969 2061//2969
f 2076//1155 2099//1155 2060//1155
f 2212//422 2176//422 1992//422
f 2215//1155 2177//1155 1993//1155
f 84//2970 83//2970 58//2970
f 1022//2971 1098//2971 1068//2971 988//2971
f 2065//2972 1928//2972 2345//2972
f 1250//2973 1098//2973 1068//2973 1212//2973
f 1480//2974 1515//2974 1500//2974 1404//2974
f 2612//2975 2537//2975 2517//2975 2611//2975
f 2064//2976 1921//2976 2174//2976 2284//2976
f 2320//2977 2312//2977 2271//2977
f 1952//2978 2170//2978 2150//2978 1942//2978
f 678//2979 944//2979 767//2979 703//2979
f 679//2980 945//2980 768//2980 704//2980
f 2171//2981 2151//2981 1943//2981 1953//2981
f 2559//2982 2565//2982 2540//2982 2542//2982
f 2491//2983 2495//2983 2538//2983 2546//2983
f 2548//2984 2555//2984 2546//2984 2538//2984
f 2561//2985 2546//2985 2555//2985
f 2557//2986 2561//2986 2546//2986 2551//2986
f 2415//2987 2411//2987 2449//2987 2451//2987
f 2515//2988 2501//2988 2451//2988 2449//2988
f 2498//2989 2499//2989 2494//2989
f 2488//2990 2494//2990 2499//2990
f 2492//2991 2488//2991 2499//2991
f 2492//2992 2499//2992 2496//2992
f 2562//2993 2556//2993 2550//2993
f 2550//2994 2556//2994 2549//2994
l 2547 2562
