# Blender 4.5.2 LTS
# www.blender.org
o reconstructed_pred
v 0.214098 0.255397 -1.238767
v 0.214098 0.231276 -1.203513
v 0.234508 0.247975 -1.201658
v 0.184410 0.247975 -1.192380
v 0.214098 0.288795 -1.190525
v 0.238219 0.273952 -1.190525
v 0.141734 0.168190 -1.184958
v 0.408922 0.168190 -1.184958
v 0.186266 0.273952 -1.181247
v 0.249352 0.251686 -1.179392
v 0.175133 0.251686 -1.164548
v 0.214098 0.539284 -1.158982
v 0.214098 0.225709 -1.157126
v 0.214098 0.325905 -1.153415
v 0.258629 0.305494 -1.145994
v 0.214098 0.619069 -1.134861
v 0.160289 0.305494 -1.127439
v 0.277184 0.268385 -1.127439
v 0.110191 0.203444 -1.125583
v 0.405211 0.203444 -1.125583
v 0.214098 0.370436 -1.118162
v 0.104625 0.168190 -1.116306
v 0.416344 0.168190 -1.116306
v 0.130602 0.171901 -1.114451
v 0.382945 0.171901 -1.114451
v 0.401500 0.140358 -1.108884
v 0.130602 0.147780 -1.108884
v 0.279039 0.342604 -1.105173
v 0.145445 0.268385 -1.101462
v 0.136168 0.606080 -1.097751
v 0.295738 0.606080 -1.097751
v 0.212242 0.698854 -1.095896
v 0.214098 0.236842 -1.095896
v 0.214098 0.596803 -1.092185
v 0.214098 0.437233 -1.086619
v 0.099059 0.238698 -1.084763
v 0.401500 0.236842 -1.084763
v 0.138024 0.342604 -1.081052
v 0.306871 0.299928 -1.077341
v 0.310582 0.413112 -1.068064
v 0.214098 0.526295 -1.060642
v 0.130602 0.682155 -1.060642
v 0.310582 0.682155 -1.060642
v 0.065660 0.537428 -1.056931
v 0.214098 0.617213 -1.047654
v 0.119469 0.199733 -1.045798
v 0.368102 0.199733 -1.045798
v 0.034117 0.671022 -1.043943
v 0.119469 0.299928 -1.040232
v 0.067516 0.190455 -1.040232
v 0.427477 0.190455 -1.040232
v 0.082359 0.296217 -1.034665
v 0.397789 0.296217 -1.034665
v 0.115758 0.413112 -1.030955
v 0.214098 0.264674 -1.030955
v 0.074938 0.648756 -1.029099
v 0.364391 0.658034 -1.027244
v 0.360680 0.383424 -1.027244
v 0.095348 0.500319 -1.017966
v 0.338414 0.500319 -1.017966
v 0.214098 0.819459 -1.016111
v 0.115758 0.147780 -1.006833
v 0.397789 0.147780 -1.006833
v 0.214098 0.912233 -1.004978
v -0.001137 0.639479 -1.003123
v 0.063805 0.372291 -0.990134
v 0.399645 0.374147 -0.990134
v 0.030406 0.780494 -0.984568
v 0.106481 0.255397 -0.980857
v 0.349547 0.255397 -0.980857
v 0.022984 0.244264 -0.977146
v 0.436754 0.244264 -0.977146
v 0.076793 0.383424 -0.971580
v -0.002992 0.606080 -0.966013
v 0.312438 0.346315 -0.964158
v 0.065660 0.747096 -0.960447
v 0.366246 0.756373 -0.960447
v 0.214098 1.001295 -0.958591
v 0.039684 0.466920 -0.958591
v 0.407066 0.466920 -0.958591
v 0.180699 0.982741 -0.953025
v 0.245641 0.984596 -0.953025
v -0.025258 0.737819 -0.940037
v 0.164000 0.958619 -0.940037
v 0.256774 0.958619 -0.940037
v 0.214098 0.936354 -0.930759
v 0.138024 0.346315 -0.930759
v 0.097203 0.327760 -0.923337
v 0.343981 0.327760 -0.923337
v -0.010414 0.320338 -0.923337
v 0.451598 0.320338 -0.923337
v 0.214098 0.921510 -0.917771
v 0.102770 0.181178 -0.914060
v 0.386656 0.181178 -0.914060
v 0.008141 0.576393 -0.912205
v 0.442320 0.576393 -0.912205
v 0.214098 0.316627 -0.906638
v 0.536949 0.260963 -0.904783
v 0.132457 1.016139 -0.904783
v 0.303160 1.016139 -0.895505
v 0.047106 0.884401 -0.886228
v 0.214098 1.055104 -0.880662
v 0.269762 1.030983 -0.876951
v 0.154723 1.030983 -0.876951
v -0.036391 0.672877 -0.875095
v 0.089781 0.980885 -0.871384
v 0.134313 0.984596 -0.867673
v 0.282750 0.984596 -0.867673
v 0.366246 0.854713 -0.863962
v 0.058238 0.854713 -0.863962
v 0.343981 0.980885 -0.863962
v -0.038246 0.413112 -0.863962
v 0.477574 0.413112 -0.863962
v 0.117613 0.990162 -0.862107
v 0.063805 0.992018 -0.860251
v -0.006703 0.676588 -0.858396
v 0.457164 0.676588 -0.858396
v 0.321715 0.988307 -0.856540
v 0.214098 0.170045 -0.856540
v 0.214098 0.945631 -0.854685
v 0.366246 0.992018 -0.854685
v 0.121324 1.019850 -0.845408
v 0.052672 1.021705 -0.845408
v -0.023402 0.832448 -0.843552
v 0.310582 1.019850 -0.841697
v 0.369957 1.021705 -0.839841
v 0.505406 0.316627 -0.839841
v 0.093492 0.409401 -0.834275
v 0.353258 0.409401 -0.834275
v 0.214098 0.210866 -0.832419
v 0.522106 0.299928 -0.830564
v 0.091637 0.238698 -0.830564
v 0.381090 0.238698 -0.830564
v 0.071227 1.049537 -0.828708
v 0.108336 1.060670 -0.824998
v 0.353258 1.049537 -0.824998
v 0.319859 1.060670 -0.821287
v -0.028969 0.826881 -0.817576
v 0.470152 0.826881 -0.817576
v 0.488707 0.275807 -0.815720
v 0.182555 0.197877 -0.813865
v 0.249352 0.197877 -0.813865
v 0.009996 0.902955 -0.810154
v -0.064223 0.518873 -0.808298
v 0.499840 0.518873 -0.808298
v 0.407066 0.902955 -0.808298
v 0.214098 0.270241 -0.800876
v 0.201109 0.184889 -0.799021
v 0.225231 0.184889 -0.799021
v -0.014125 0.784205 -0.797166
v 0.447887 0.784205 -0.797166
v 0.214098 0.183034 -0.795310
v -0.019691 0.938209 -0.795310
v 0.091637 0.940065 -0.793455
v 0.446031 0.938209 -0.791599
v 0.340270 0.940065 -0.791599
v 0.494274 0.383424 -0.791599
v -0.047523 0.748952 -0.786033
v 0.490563 0.748952 -0.786033
v -0.045668 0.758229 -0.780466
v 0.214098 1.170143 -0.778611
v -0.069789 0.773073 -0.771189
v 0.520250 0.773073 -0.771189
v 0.126891 1.017995 -0.771189
v -0.014125 1.010573 -0.771189
v 0.314293 1.017995 -0.769333
v 0.214098 0.995729 -0.769333
v -0.036391 0.778639 -0.769333
v 0.434899 1.010573 -0.769333
v 0.214098 0.379713 -0.767478
v 0.477574 0.778639 -0.767478
v 0.512828 0.357448 -0.763767
v 0.152867 0.249830 -0.760056
v 0.284606 0.249830 -0.760056
v 0.073082 0.964186 -0.758201
v 0.034117 1.058815 -0.756345
v -0.064223 0.795338 -0.756345
v 0.214098 1.092213 -0.756345
v -0.079066 0.611647 -0.756345
v 0.503551 0.611647 -0.756345
v 0.388512 1.058815 -0.756345
v 0.496129 0.795338 -0.754490
v 0.104625 1.019850 -0.754490
v 0.308727 1.019850 -0.754490
v 0.134313 1.066237 -0.754490
v 0.286461 1.066237 -0.754490
v 0.097203 1.086647 -0.754490
v 0.214098 0.982741 -0.752634
v -0.041957 0.799049 -0.752634
v 0.327281 1.086647 -0.752634
v 0.492418 0.474342 -0.752634
v 0.488707 0.799049 -0.750779
v 0.464586 0.314772 -0.747068
v 0.069371 0.335182 -0.743357
v 0.392223 0.335182 -0.743357
v 0.061949 0.925221 -0.739646
v 0.356969 0.925221 -0.739646
v 0.212242 1.186842 -0.737790
v 0.186266 1.177565 -0.734080
v 0.238219 1.177565 -0.734080
v 0.178844 1.162721 -0.732224
v 0.245641 1.162721 -0.732224
v 0.214098 1.153444 -0.732224
v -0.047523 0.817604 -0.730369
v 0.462731 0.817604 -0.728513
v 0.009996 0.902955 -0.721091
v -0.067933 0.680299 -0.719236
v 0.503551 0.680299 -0.719236
v 0.501695 0.567116 -0.717380
v 0.184410 0.223854 -0.715525
v 0.249352 0.223854 -0.715525
v 0.214098 0.221998 -0.708103
v 0.525816 0.435377 -0.706248
v 0.108336 0.340748 -0.706248
v 0.343981 0.340748 -0.706248
v -0.066078 0.706276 -0.702537
v 0.496129 0.706276 -0.702537
v -0.086488 0.875123 -0.700681
v 0.518395 0.875123 -0.700681
v 0.060094 0.869557 -0.700681
v 0.360680 0.869557 -0.700681
v -0.103187 0.709987 -0.698826
v 0.544371 0.709987 -0.698826
v -0.058656 0.719264 -0.693259
v 0.490563 0.719264 -0.693259
v 0.490563 0.656178 -0.691404
v 0.099059 1.019850 -0.682126
v 0.318004 1.019850 -0.682126
v 0.139879 0.969752 -0.682126
v 0.293883 0.969752 -0.682126
v 0.130602 1.071803 -0.680271
v 0.288316 1.071803 -0.680271
v 0.119469 1.014284 -0.678415
v 0.214098 1.103346 -0.676560
v -0.080922 0.982741 -0.676560
v 0.510973 0.982741 -0.674705
v 0.030406 0.452077 -0.674705
v 0.418199 0.452077 -0.674705
v 0.316149 1.016139 -0.672849
v 0.089781 1.107057 -0.669138
v 0.332848 1.107057 -0.669138
v -0.001137 1.064381 -0.669138
v 0.427477 1.064381 -0.669138
v 0.442320 0.394557 -0.669138
v -0.082777 0.758229 -0.663572
v 0.516539 0.758229 -0.663572
v 0.529527 0.524440 -0.663572
v 0.214098 1.197975 -0.661716
v 0.151012 1.175709 -0.661716
v 0.275328 1.175709 -0.661716
v -0.062367 0.765651 -0.659861
v 0.505406 0.765651 -0.659861
v -0.028969 0.819459 -0.659861
v 0.214098 1.127467 -0.659861
v 0.136168 1.138600 -0.659861
v 0.290172 1.138600 -0.659861
v 0.102770 0.891823 -0.652439
v 0.342125 0.891823 -0.652439
v 0.464586 0.804616 -0.648728
v -0.032680 0.804616 -0.648728
v 0.214098 0.338893 -0.648728
v -0.416762 0.578248 -0.645017
v 0.843102 0.578248 -0.645017
v -0.370375 0.591237 -0.643162
v 0.796715 0.591237 -0.643162
v 0.147301 0.311061 -0.643162
v 0.306871 0.311061 -0.643162
v -0.409340 0.648756 -0.639451
v 0.835680 0.648756 -0.639451
v -0.002992 0.541139 -0.637595
v 0.444176 0.541139 -0.637595
v -0.396352 0.442799 -0.635740
v 0.822691 0.442799 -0.635740
v 0.069371 0.834303 -0.635740
v 0.377379 0.834303 -0.635740
v -0.067933 0.630202 -0.635740
v 0.509117 0.630202 -0.635740
v 0.214098 0.305494 -0.633884
v -0.309144 0.496608 -0.630173
v 0.735484 0.496608 -0.630173
v 0.520250 0.606080 -0.630173
v -0.465004 0.568971 -0.630173
v 0.891344 0.568971 -0.630173
v 0.214098 0.207155 -0.630173
v 0.473863 0.771217 -0.630173
v -0.114320 0.834303 -0.626462
v 0.557359 0.834303 -0.626462
v -0.466859 0.492897 -0.626462
v 0.893199 0.492897 -0.626462
v 0.214098 0.440944 -0.624607
v -0.453871 0.643190 -0.622751
v 0.880211 0.643190 -0.622751
v -0.418617 0.708131 -0.620896
v 0.844957 0.708131 -0.620896
v -0.355531 0.676588 -0.619040
v 0.781871 0.676588 -0.619040
v -0.316566 0.630202 -0.617185
v 0.742906 0.630202 -0.617185
v 0.551793 0.661744 -0.615330
v -0.112465 0.661744 -0.615330
v 0.095348 0.350026 -0.613474
v 0.330992 0.350026 -0.613474
v 0.429332 0.496608 -0.613474
v -0.040101 0.678444 -0.606052
v 0.477574 0.678444 -0.606052
v 0.082359 0.992018 -0.606052
v -0.440883 0.706276 -0.604197
v 0.867223 0.706276 -0.604197
v 0.100914 0.407545 -0.604197
v 0.345836 0.407545 -0.604197
v 0.117613 0.444655 -0.602341
v 0.308727 0.444655 -0.602341
v -0.019691 0.615358 -0.600486
v 0.455309 0.615358 -0.600486
v -0.448305 0.403834 -0.600486
v 0.874645 0.403834 -0.600486
v -0.420473 0.743385 -0.598630
v 0.846813 0.743385 -0.598630
v 0.214098 1.097780 -0.596775
v 0.152867 1.056959 -0.596775
v 0.284606 1.056959 -0.596775
v -0.246059 0.565260 -0.596775
v 0.672398 0.565260 -0.596775
v -0.123598 0.949342 -0.596775
v 0.562926 0.949342 -0.596775
v 0.214098 1.038405 -0.594919
v 0.321715 1.023561 -0.594919
v 0.117613 1.021705 -0.594919
v 0.214098 0.403834 -0.594919
v -0.409340 0.747096 -0.593064
v 0.835680 0.747096 -0.593064
v -0.427894 0.739674 -0.591208
v 0.854234 0.739674 -0.591208
v 0.076793 0.223854 -0.589353
v 0.349547 0.223854 -0.589353
v -0.242348 0.426100 -0.589353
v 0.668688 0.426100 -0.589353
v -0.325844 0.366725 -0.589353
v 0.752184 0.366725 -0.589353
v -0.420473 0.654323 -0.589353
v 0.846813 0.654323 -0.589353
v 0.076793 0.971608 -0.587498
v 0.349547 0.971608 -0.587498
v 0.214098 1.194264 -0.587498
v -0.383363 0.730397 -0.585642
v 0.809703 0.730397 -0.585642
v -0.422328 0.747096 -0.585642
v 0.848668 0.747096 -0.585642
v -0.426039 0.702565 -0.585642
v 0.852379 0.702565 -0.585642
v 0.110191 1.164577 -0.583787
v 0.316149 1.164577 -0.583787
v -0.405629 0.593092 -0.583787
v 0.831969 0.593092 -0.583787
v 0.468297 1.053248 -0.583787
v -0.028969 1.053248 -0.583787
v -0.413051 0.750807 -0.581931
v 0.839391 0.750807 -0.581931
v 0.442320 0.572682 -0.581931
v 0.089781 1.105201 -0.581931
v 0.338414 1.105201 -0.581931
v 0.214098 0.531862 -0.581931
v 0.212242 1.270338 -0.578220
v -0.090199 0.730397 -0.578220
v 0.525816 0.730397 -0.578220
v 0.082359 0.504030 -0.578220
v 0.356969 0.504030 -0.578220
v 0.035973 0.927077 -0.576365
v -0.420473 0.737819 -0.576365
v 0.846813 0.737819 -0.576365
v 0.214098 0.097682 -0.576365
v -0.325844 0.708131 -0.572654
v 0.752184 0.708131 -0.572654
v -0.053090 0.735963 -0.570798
v 0.488707 0.735963 -0.570798
v 0.143590 0.533717 -0.568943
v 0.284606 0.533717 -0.568943
v 0.497984 0.713698 -0.568943
v 0.214098 0.498463 -0.568943
v -0.407484 0.747096 -0.568943
v 0.833824 0.747096 -0.568943
v -0.403773 0.750807 -0.567087
v 0.830113 0.750807 -0.567087
v -0.025258 0.826881 -0.567087
v 0.453453 0.826881 -0.567087
v -0.411195 0.709987 -0.563376
v 0.837535 0.709987 -0.563376
v -0.398207 0.684010 -0.559665
v 0.824547 0.684010 -0.559665
v 0.212242 1.231373 -0.557810
v -0.260902 0.691432 -0.555955
v 0.687242 0.691432 -0.555955
v 0.195543 1.238795 -0.555955
v 0.236363 1.238795 -0.555955
v -0.355531 0.498463 -0.554099
v 0.781871 0.498463 -0.554099
v -0.127309 0.795338 -0.550388
v 0.561070 0.795338 -0.550388
v 0.188121 1.249928 -0.550388
v 0.243785 1.249928 -0.550388
v 0.019274 0.463209 -0.548533
v 0.407066 0.463209 -0.548533
v -0.177406 0.515162 -0.548533
v 0.603746 0.515162 -0.548533
v 0.362535 0.572682 -0.546677
v 0.073082 0.572682 -0.546677
v -0.019691 0.374147 -0.546677
v 0.446031 0.374147 -0.546677
v 0.442320 0.860280 -0.542966
v -0.374086 0.739674 -0.542966
v 0.800426 0.739674 -0.542966
v -0.392641 0.318483 -0.542966
v 0.818981 0.318483 -0.542966
v -0.381508 0.730397 -0.542966
v 0.807848 0.730397 -0.542966
v 0.212242 1.262916 -0.541111
v -0.006703 0.847291 -0.541111
v 0.073082 0.116237 -0.539255
v 0.353258 0.116237 -0.539255
v 0.214098 0.565260 -0.537400
v -0.385219 0.685866 -0.535544
v 0.811559 0.685866 -0.535544
v -0.010414 0.687721 -0.535544
v 0.442320 0.687721 -0.535544
v -0.372230 0.687721 -0.531833
v 0.798570 0.687721 -0.531833
v 0.214098 0.594948 -0.529978
v 0.063805 0.546705 -0.528123
v 0.364391 0.546705 -0.528123
v 0.167711 0.596803 -0.526267
v 0.258629 0.596803 -0.526267
v -0.186684 0.658034 -0.524412
v 0.613024 0.658034 -0.524412
v -0.374086 0.676588 -0.520701
v 0.800426 0.676588 -0.520701
v 0.440465 0.663600 -0.520701
v -0.053090 0.589381 -0.520701
v 0.481285 0.589381 -0.520701
v -0.041957 0.262819 -0.516990
v 0.468297 0.262819 -0.516990
v -0.147719 0.906666 -0.515134
v 0.577770 0.906666 -0.515134
v -0.110609 0.619069 -0.507712
v 0.549938 0.619069 -0.507712
v 0.214098 1.183131 -0.505857
v -0.021547 0.637623 -0.504001
v 0.447887 0.637623 -0.504001
v 0.078649 1.147877 -0.502146
v 0.349547 1.147877 -0.502146
v 0.048961 1.088502 -0.502146
v 0.381090 1.088502 -0.502146
v 0.071227 0.632057 -0.500291
v 0.360680 0.632057 -0.500291
v -0.342543 0.708131 -0.500291
v 0.768883 0.708131 -0.500291
v -0.054945 1.019850 -0.500291
v 0.484996 1.019850 -0.500291
v -0.320277 0.721120 -0.498435
v 0.746617 0.721120 -0.498435
v 0.164000 1.197975 -0.498435
v 0.264195 1.197975 -0.498435
v -0.275746 0.422389 -0.494724
v 0.702086 0.422389 -0.494724
v 0.112047 0.606080 -0.494724
v 0.316149 0.606080 -0.494724
v 0.214098 0.004909 -0.494724
v 0.214098 0.617213 -0.492869
v 0.149156 1.210963 -0.491013
v 0.279039 1.210963 -0.491013
v 0.457164 0.800905 -0.487302
v -0.335121 0.643190 -0.487302
v 0.761461 0.643190 -0.487302
v -0.142152 0.370436 -0.485447
v 0.568492 0.370436 -0.485447
v -0.034535 0.489186 -0.485447
v 0.460875 0.489186 -0.485447
v 0.024840 0.567116 -0.483591
v 0.403355 0.567116 -0.483591
v -0.361098 0.628346 -0.481736
v 0.787438 0.628346 -0.481736
v 0.214098 -0.462670 -0.479880
v -0.040101 0.687721 -0.478025
v 0.466442 0.687721 -0.478025
v -0.179262 0.309205 -0.474314
v 0.605602 0.309205 -0.474314
v -0.090199 0.691432 -0.474314
v 0.516539 0.691432 -0.474314
v 0.214098 0.633912 -0.474314
v -0.305434 0.272096 -0.472458
v 0.731774 0.272096 -0.472458
v 0.212242 1.235084 -0.472458
v 0.193688 0.633912 -0.470603
v 0.232652 0.633912 -0.470603
v 0.091637 0.620924 -0.470603
v 0.336559 0.620924 -0.470603
v 0.783727 0.283229 -0.468747
v -0.079066 0.405690 -0.468747
v 0.505406 0.405690 -0.468747
v -0.040101 0.164479 -0.468747
v 0.468297 0.164479 -0.468747
v -0.095766 0.463209 -0.465037
v 0.522106 0.463209 -0.465037
v 0.078649 0.027174 -0.463181
v 0.349547 0.027174 -0.463181
v 0.214098 -0.373607 -0.457615
v -0.118031 0.611647 -0.452048
v 0.544371 0.611647 -0.452048
v 0.175133 0.645045 -0.452048
v 0.251207 0.645045 -0.452048
v 0.214098 -0.173216 -0.452048
v 0.542516 0.743385 -0.448337
v -0.116176 0.743385 -0.448337
v 0.002574 0.838014 -0.448337
v 0.425621 0.838014 -0.448337
v 0.523961 1.053248 -0.446482
v -0.095766 1.053248 -0.446482
v 0.032262 0.728541 -0.446482
v 0.395934 0.728541 -0.446482
v 0.089781 0.632057 -0.444626
v 0.338414 0.632057 -0.444626
v 0.008141 0.585670 -0.442771
v 0.420055 0.585670 -0.442771
v 0.214098 -0.152806 -0.442771
v -0.244203 0.715553 -0.440915
v 0.670543 0.715553 -0.440915
v 0.399645 0.747096 -0.440915
v 0.214098 -0.317943 -0.440915
v -0.296156 0.682155 -0.439060
v 0.722496 0.682155 -0.439060
v 0.060094 1.131178 -0.439060
v 0.368102 1.131178 -0.439060
v 0.523961 0.316627 -0.439060
v -0.097621 0.316627 -0.439060
v 0.086070 0.680299 -0.439060
v 0.342125 0.680299 -0.439060
v 0.093492 0.967897 -0.439060
v 0.332848 0.967897 -0.439060
v 0.164000 0.650612 -0.439060
v 0.262340 0.650612 -0.439060
v -0.279457 0.589381 -0.437205
v 0.705797 0.589381 -0.437205
v 0.126891 -0.182494 -0.437205
v 0.299449 -0.182494 -0.437205
v 0.212242 0.667311 -0.435349
v 0.139879 -0.163939 -0.433494
v 0.286461 -0.163939 -0.433494
v 0.707652 0.299928 -0.433494
v 0.214098 0.659889 -0.431638
v 0.677965 0.270241 -0.429783
v 0.145445 -0.147240 -0.429783
v 0.280895 -0.147240 -0.429783
v 0.724352 0.296217 -0.429783
v 0.128746 1.160866 -0.429783
v 0.297594 1.160866 -0.429783
v 0.214098 -0.121263 -0.427927
v 0.214098 -0.043334 -0.427927
v 0.156578 -0.180638 -0.427927
v 0.269762 -0.180638 -0.427927
v 0.214098 1.023561 -0.427927
v 0.214098 0.661744 -0.426072
v -0.320277 0.567116 -0.426072
v 0.746617 0.567116 -0.426072
v 0.214098 -0.095287 -0.426072
v 0.214098 0.663600 -0.426072
v 0.214098 -0.275267 -0.426072
v 0.214098 0.663600 -0.424216
v 0.214098 -0.039623 -0.424216
v 0.214098 0.001198 -0.424216
v 0.176988 -0.121263 -0.422361
v 0.249352 -0.121263 -0.422361
v 0.214098 0.663600 -0.422361
v 0.126891 -0.171361 -0.422361
v 0.299449 -0.171361 -0.422361
v -0.066078 0.518873 -0.422361
v 0.492418 0.518873 -0.422361
v 0.214098 0.665455 -0.420505
v -0.207094 0.259108 -0.420505
v 0.633434 0.259108 -0.420505
v 0.121324 1.171998 -0.420505
v 0.305016 1.171998 -0.420505
v 0.184410 -0.162084 -0.420505
v 0.241930 -0.162084 -0.420505
v 0.214098 -0.039623 -0.420505
v 0.728063 0.283229 -0.418650
v 0.214098 0.665455 -0.418650
v 0.167711 -0.095287 -0.418650
v 0.258629 -0.095287 -0.418650
v -0.335121 0.221998 -0.416794
v 0.158434 0.661744 -0.416794
v 0.267906 0.661744 -0.416794
v 0.138024 -0.188060 -0.414939
v 0.288316 -0.188060 -0.414939
v 0.535094 0.969752 -0.414939
v -0.108754 0.967897 -0.413083
v 0.115758 -0.063744 -0.413083
v 0.310582 -0.063744 -0.413083
v 0.121324 -0.117552 -0.413083
v 0.305016 -0.117552 -0.413083
v 0.117613 -0.097142 -0.411228
v 0.308727 -0.097142 -0.411228
v 0.112047 0.014186 -0.411228
v 0.314293 0.014186 -0.411228
v 0.718785 0.266530 -0.409373
v 0.214098 -0.234447 -0.409373
v 0.214098 -0.180638 -0.407517
v 0.405211 1.053248 -0.407517
v 0.021129 1.053248 -0.407517
v 0.091637 0.650612 -0.407517
v 0.334703 0.650612 -0.407517
v -0.015980 0.572682 -0.407517
v 0.442320 0.572682 -0.407517
v 0.089781 -0.373607 -0.407517
v 0.336559 -0.373607 -0.407517
v 0.121324 -0.154662 -0.405662
v 0.305016 -0.154662 -0.405662
v -0.175551 0.361159 -0.405662
v 0.601891 0.361159 -0.405662
v 0.136168 -0.054466 -0.403806
v 0.290172 -0.054466 -0.403806
v 0.089781 -0.021068 -0.403806
v 0.336559 -0.021068 -0.403806
v 0.117613 -0.039623 -0.403806
v 0.308727 -0.039623 -0.403806
v 0.045250 -0.173216 -0.403806
v 0.381090 -0.173216 -0.403806
v -0.069789 0.337038 -0.401951
v 0.496129 0.337038 -0.401951
v 0.056383 -0.160228 -0.401951
v 0.369957 -0.160228 -0.401951
v -0.056801 1.001295 -0.401951
v 0.483141 1.001295 -0.401951
v -0.145863 0.834303 -0.400095
v 0.572203 0.834303 -0.400095
v 0.063805 -0.141673 -0.400095
v 0.362535 -0.141673 -0.400095
v -0.106898 0.594948 -0.398240
v 0.533238 0.594948 -0.398240
v 0.214098 1.194264 -0.398240
v 0.097203 -0.048900 -0.398240
v 0.329137 -0.048900 -0.398240
v 0.095348 -0.171361 -0.396384
v 0.330992 -0.171361 -0.396384
v 0.015563 0.596803 -0.396384
v 0.410777 0.596803 -0.396384
v 0.073082 -0.115697 -0.396384
v 0.353258 -0.115697 -0.396384
v 0.651988 0.338893 -0.396384
v 0.164000 0.672877 -0.394529
v 0.264195 0.672877 -0.394529
v 0.689098 0.238698 -0.394529
v 0.536949 0.993873 -0.394529
v -0.110609 0.993873 -0.394529
v 0.102770 -0.325365 -0.394529
v 0.323570 -0.325365 -0.394529
v -0.105043 0.448366 -0.392673
v 0.531383 0.448366 -0.392673
v 0.214098 -0.191771 -0.392673
v -0.017836 0.082838 -0.390818
v 0.442320 0.082838 -0.390818
v 0.151012 -0.176927 -0.390818
v 0.275328 -0.176927 -0.390818
v -0.099477 0.225709 -0.390818
v 0.525816 0.225709 -0.390818
v 0.078649 -0.095287 -0.390818
v 0.347691 -0.095287 -0.390818
v -0.034535 0.422389 -0.388962
v 0.460875 0.422389 -0.388962
v 0.156578 -0.061888 -0.388962
v 0.269762 -0.061888 -0.388962
v 0.119469 -0.045189 -0.387107
v 0.306871 -0.045189 -0.387107
v 0.180699 -0.130541 -0.387107
v 0.245641 -0.130541 -0.387107
v 0.035973 -0.158373 -0.387107
v 0.390367 -0.158373 -0.387107
v 0.538805 0.904811 -0.387107
v -0.105043 0.904811 -0.387107
v 0.173277 0.680299 -0.385251
v 0.254918 0.680299 -0.385251
v -0.210805 0.530006 -0.385251
v 0.637145 0.530006 -0.385251
v -0.079066 0.309205 -0.383396
v 0.505406 0.309205 -0.383396
v -0.054945 0.555983 -0.383396
v 0.481285 0.555983 -0.383396
v 0.067516 -0.173216 -0.383396
v 0.358824 -0.173216 -0.383396
v 0.594469 0.283229 -0.383396
v 0.674254 0.327760 -0.383396
v 0.034117 -0.002513 -0.381540
v 0.392223 -0.002513 -0.381540
v 0.095348 0.663600 -0.381540
v 0.330992 0.663600 -0.381540
v 0.112047 -0.286400 -0.381540
v 0.314293 -0.286400 -0.381540
v 0.087926 -0.065599 -0.379685
v 0.338414 -0.065599 -0.379685
v 0.008141 0.633912 -0.379685
v 0.418199 0.633912 -0.379685
v 0.028551 0.825026 -0.379685
v 0.399645 0.825026 -0.379685
v 0.186266 0.684010 -0.377830
v 0.240074 0.684010 -0.377830
v -0.001137 0.609791 -0.377830
v 0.427477 0.609791 -0.377830
v -0.275746 0.270241 -0.377830
v 0.130602 -0.126830 -0.375974
v 0.295738 -0.126830 -0.375974
v 0.214098 -0.143529 -0.375974
v -0.014125 0.101393 -0.375974
v 0.442320 0.101393 -0.375974
v 0.008141 -0.136107 -0.374119
v 0.418199 -0.136107 -0.374119
v -0.066078 0.648756 -0.374119
v 0.492418 0.648756 -0.374119
v 0.464586 1.019850 -0.374119
v 0.214098 -0.149095 -0.374119
v 0.214098 0.689577 -0.374119
v -0.038246 1.019850 -0.374119
v 0.073082 -0.154662 -0.372263
v 0.353258 -0.154662 -0.372263
v 0.379234 -0.048900 -0.370408
v 0.047106 -0.048900 -0.370408
v -0.249769 0.494752 -0.370408
v 0.676109 0.494752 -0.370408
v 0.214098 -0.035912 -0.368552
v -0.049379 0.238698 -0.368552
v 0.477574 0.238698 -0.368552
v 0.039684 1.092213 -0.368552
v 0.386656 1.092213 -0.368552
v 0.121324 -0.243724 -0.368552
v 0.305016 -0.243724 -0.368552
v 0.008141 -0.108275 -0.368552
v 0.418199 -0.108275 -0.368552
v -0.054945 -0.154662 -0.366697
v 0.481285 -0.154662 -0.366697
v 0.672398 0.311061 -0.366697
v -0.234926 0.650612 -0.364841
v 0.661266 0.650612 -0.364841
v 0.026695 -0.035912 -0.362986
v 0.399645 -0.035912 -0.362986
v -0.168129 0.698854 -0.361130
v 0.594469 0.698854 -0.361130
v 0.008141 -0.087865 -0.361130
v 0.418199 -0.087865 -0.361130
v 0.009996 -0.060033 -0.361130
v 0.416344 -0.060033 -0.361130
v 0.214098 -0.050755 -0.359275
v 0.605602 0.387135 -0.359275
v 0.125035 -0.022923 -0.359275
v 0.301305 -0.022923 -0.359275
v 0.164000 -0.043334 -0.359275
v 0.262340 -0.043334 -0.359275
v 0.009996 -0.039623 -0.359275
v 0.416344 -0.039623 -0.359275
v 0.017418 -0.329076 -0.357419
v 0.408922 -0.329076 -0.357419
v 0.214098 -0.054466 -0.357419
v 0.011852 -0.030345 -0.357419
v 0.414488 -0.030345 -0.357419
v 0.076793 -0.119408 -0.357419
v 0.349547 -0.119408 -0.357419
v 0.009996 0.029030 -0.357419
v 0.418199 0.029030 -0.357419
v -0.119887 0.374147 -0.355564
v 0.548082 0.374147 -0.355564
v 0.160289 -0.050755 -0.355564
v 0.266051 -0.050755 -0.355564
v 0.319859 0.678444 -0.355564
v 0.106481 0.678444 -0.355564
v -0.049379 0.112526 -0.353708
v 0.477574 0.112526 -0.353708
v -0.249769 0.242409 -0.353708
v 0.099059 -0.032201 -0.353708
v 0.327281 -0.032201 -0.353708
v 0.128746 -0.191771 -0.351853
v 0.297594 -0.191771 -0.351853
v 0.212242 0.704420 -0.351853
v -0.066078 0.915944 -0.351853
v 0.492418 0.915944 -0.351853
v 0.028551 -0.032201 -0.351853
v 0.397789 -0.032201 -0.351853
v -0.036391 0.960475 -0.351853
v 0.460875 0.960475 -0.351853
v -0.045668 -0.132396 -0.351853
v 0.472008 -0.132396 -0.351853
v 0.106481 0.715553 -0.348142
v 0.321715 0.715553 -0.348142
v -0.086488 0.691432 -0.348142
v 0.512828 0.691432 -0.348142
v 0.056383 -0.041478 -0.346287
v 0.369957 -0.041478 -0.346287
v 0.429332 0.030885 -0.346287
v -0.002992 0.030885 -0.346287
v 0.214098 -0.052611 -0.346287
v 0.640856 0.372291 -0.346287
v 0.048961 -0.022923 -0.344431
v 0.379234 -0.022923 -0.344431
v 0.028551 -0.286400 -0.344431
v 0.397789 -0.286400 -0.344431
v 0.000719 -0.037767 -0.344431
v 0.425621 -0.037767 -0.344431
v -0.060512 0.561549 -0.344431
v 0.488707 0.561549 -0.344431
v -0.221937 0.314772 -0.342576
v 0.021129 -0.113841 -0.342576
v 0.405211 -0.113841 -0.342576
v 0.030406 -0.006224 -0.342576
v 0.395934 -0.006224 -0.342576
v 0.538805 0.951198 -0.342576
v -0.110609 0.951198 -0.340720
v 0.214098 -0.334642 -0.340720
v 0.214098 -0.087865 -0.340720
v 0.214098 -0.381029 -0.340720
v -0.028969 -0.137963 -0.338865
v 0.455309 -0.137963 -0.338865
v -0.095766 0.266530 -0.338865
v 0.522106 0.266530 -0.338865
v -0.123598 0.472487 -0.337009
v 0.549938 0.472487 -0.337009
v 0.013707 0.633912 -0.337009
v 0.412633 0.633912 -0.337009
v 0.136168 -0.147240 -0.337009
v 0.290172 -0.147240 -0.337009
v 0.104625 1.116334 -0.337009
v 0.321715 1.116334 -0.337009
v 0.011852 -0.030345 -0.337009
v 0.414488 -0.030345 -0.337009
v -0.066078 0.368580 -0.335154
v 0.494274 0.368580 -0.335154
v 0.214098 1.160866 -0.335154
v -0.069789 0.331471 -0.333298
v 0.496129 0.331471 -0.333298
v 0.214098 -0.535033 -0.333298
v 0.214098 -0.388451 -0.333298
v 0.516539 0.836159 -0.333298
v -0.090199 0.836159 -0.333298
v 0.123180 0.687721 -0.333298
v 0.303160 0.687721 -0.333298
v 0.648277 0.260963 -0.333298
v -0.041957 -0.104564 -0.333298
v 0.468297 -0.104564 -0.333298
v 0.039684 -0.247435 -0.331443
v 0.386656 -0.247435 -0.331443
v 0.214098 -0.466380 -0.331443
v 0.130602 -0.050755 -0.331443
v 0.297594 -0.050755 -0.331443
v 0.214098 1.196120 -0.331443
v 0.115758 -0.381029 -0.331443
v 0.310582 -0.381029 -0.331443
v 0.214098 -0.427416 -0.331443
v 0.123180 -0.334642 -0.331443
v 0.303160 -0.334642 -0.331443
v 0.214098 -0.390306 -0.329587
v 0.173277 1.160866 -0.327732
v 0.253063 1.160866 -0.327732
v 0.214098 -0.330931 -0.327732
v 0.214098 -0.347630 -0.327732
v -0.155141 0.416823 -0.325876
v 0.581481 0.416823 -0.325876
v -0.002992 0.481764 -0.325876
v 0.429332 0.481764 -0.325876
v 0.073082 0.739674 -0.325876
v 0.355113 0.739674 -0.325876
v 0.525816 0.316627 -0.325876
v 0.017418 -0.006224 -0.325876
v 0.408922 -0.006224 -0.325876
v 0.214098 -0.304955 -0.325876
v 0.089781 -0.048900 -0.325876
v 0.336559 -0.048900 -0.325876
v 0.214098 -0.234447 -0.324021
v -0.281312 0.259108 -0.324021
v 0.117613 -0.388451 -0.324021
v 0.308727 -0.388451 -0.324021
v -0.064223 -0.137963 -0.324021
v 0.490563 -0.137963 -0.324021
v 0.214098 1.125612 -0.324021
v 0.214098 -0.262279 -0.324021
v 0.006285 0.969752 -0.324021
v 0.420055 0.969752 -0.324021
v -0.008559 -0.047045 -0.324021
v 0.434899 -0.047045 -0.324021
v 0.214098 -0.284545 -0.322166
v -0.014125 -0.251146 -0.322166
v 0.440465 -0.251146 -0.322166
v 0.019274 -0.240013 -0.320310
v 0.407066 -0.240013 -0.320310
v 0.156578 1.162721 -0.320310
v 0.269762 1.162721 -0.320310
v 0.549938 0.457643 -0.320310
v 0.214098 -0.336498 -0.320310
v 0.214098 -0.373607 -0.320310
v 0.167711 -0.304955 -0.320310
v 0.258629 -0.304955 -0.320310
v 0.214098 -0.169505 -0.320310
v -0.021547 -0.111986 -0.320310
v 0.447887 -0.111986 -0.320310
v 0.045250 -0.221459 -0.320310
v 0.381090 -0.221459 -0.320310
v 0.162145 -0.496068 -0.318455
v 0.264195 -0.496068 -0.318455
v 0.373668 -0.189916 -0.318455
v 0.052672 -0.189916 -0.318455
v 0.002574 -0.206615 -0.318455
v 0.425621 -0.204759 -0.318455
v 0.164000 -0.347630 -0.318455
v 0.262340 -0.347630 -0.318455
v -0.060512 -0.251146 -0.318455
v 0.486852 -0.251146 -0.318455
v 0.162145 -0.466380 -0.318455
v 0.264195 -0.466380 -0.318455
v 0.087926 0.897389 -0.318455
v 0.338414 0.897389 -0.318455
v 0.162145 -0.429271 -0.318455
v 0.264195 -0.429271 -0.318455
v 0.087926 -0.431127 -0.318455
v 0.336559 -0.431127 -0.318455
v 0.325426 -0.314232 -0.318455
v 0.099059 -0.314232 -0.318455
v 0.132457 -0.330931 -0.318455
v 0.293883 -0.330931 -0.318455
v 0.162145 -0.390306 -0.316599
v 0.264195 -0.390306 -0.316599
v 0.061949 -0.201048 -0.316599
v 0.364391 -0.201048 -0.316599
v -0.015980 -0.214037 -0.316599
v 0.442320 -0.212181 -0.316599
v 0.030406 -0.184349 -0.316599
v 0.395934 -0.184349 -0.316599
v 0.609313 0.227565 -0.314744
v -0.125453 0.290651 -0.314744
v 0.551793 0.290651 -0.314744
v 0.318004 -0.343920 -0.314744
v 0.106481 -0.343920 -0.314744
v 0.149156 1.127467 -0.314744
v 0.277184 1.127467 -0.314744
v 0.149156 -0.169505 -0.314744
v 0.277184 -0.169505 -0.314744
v 0.060094 -0.445970 -0.314744
v 0.364391 -0.445970 -0.314744
v 0.162145 0.700709 -0.312888
v 0.266051 0.700709 -0.312888
v 0.058238 -0.034056 -0.312888
v 0.368102 -0.034056 -0.312888
v 0.009996 -0.034056 -0.312888
v 0.416344 -0.034056 -0.312888
v -0.038246 0.060573 -0.312888
v 0.464586 0.060573 -0.312888
v 0.100914 -0.395873 -0.312888
v 0.323570 -0.395873 -0.312888
v -0.177406 0.361159 -0.312888
v 0.214098 0.706276 -0.312888
v 0.091637 -0.490502 -0.312888
v 0.334703 -0.490502 -0.312888
v 0.134313 -0.304955 -0.311033
v 0.292027 -0.304955 -0.311033
v 0.125035 -0.234447 -0.311033
v 0.301305 -0.234447 -0.311033
v -0.051234 -0.212181 -0.311033
v 0.477574 -0.212181 -0.311033
v -0.084633 0.142213 -0.311033
v 0.510973 0.142213 -0.311033
v 0.126891 -0.265990 -0.311033
v 0.299449 -0.265990 -0.311033
v -0.164418 0.281373 -0.311033
v 0.126891 -0.284545 -0.311033
v 0.299449 -0.284545 -0.311033
v 0.214098 -0.392162 -0.311033
v -0.108754 -0.227025 -0.309177
v 0.535094 -0.227025 -0.309177
v 0.126891 -0.336498 -0.309177
v 0.299449 -0.336498 -0.309177
v -0.272035 0.240553 -0.309177
v 0.087926 -0.512767 -0.309177
v 0.338414 -0.512767 -0.309177
v -0.041957 -0.074877 -0.309177
v 0.468297 -0.074877 -0.309177
v 0.523961 0.504030 -0.309177
v -0.097621 0.504030 -0.309177
v 0.126891 -0.373607 -0.309177
v 0.299449 -0.373607 -0.309177
v 0.145445 -0.086009 -0.309177
v 0.280895 -0.086009 -0.309177
v 0.345836 -0.295677 -0.309177
v 0.078649 -0.295677 -0.309177
v 0.169566 -0.392162 -0.307322
v 0.256774 -0.392162 -0.307322
v 0.130602 -0.347630 -0.307322
v 0.295738 -0.347630 -0.307322
v 0.631578 0.342604 -0.307322
v -0.021547 -0.167650 -0.305466
v 0.447887 -0.167650 -0.305466
v -0.099477 0.750807 -0.305466
v 0.525816 0.750807 -0.305466
v 0.063805 -0.147240 -0.305466
v 0.362535 -0.147240 -0.305466
v 0.214098 1.166432 -0.305466
v -0.054945 -0.189916 -0.305466
v 0.481285 -0.189916 -0.305466
v 0.214098 -0.132396 -0.305466
v 0.436754 1.005006 -0.305466
v -0.010414 1.005006 -0.303611
v 0.319859 -0.312377 -0.303611
v 0.104625 -0.312377 -0.303611
v 0.032262 -0.381029 -0.303611
v 0.394078 -0.381029 -0.303611
v 0.128746 1.129323 -0.303611
v 0.297594 1.129323 -0.303611
v 0.605602 0.439088 -0.301755
v 0.125035 -0.392162 -0.301755
v 0.301305 -0.392162 -0.301755
v 0.065660 -0.167650 -0.301755
v 0.360680 -0.167650 -0.301755
v 0.126891 -0.429271 -0.301755
v 0.299449 -0.429271 -0.301755
v 0.214098 -0.368041 -0.301755
v 0.126891 -0.466380 -0.301755
v 0.299449 -0.466380 -0.301755
v 0.214098 -0.425560 -0.301755
v -0.077211 -0.202904 -0.301755
v 0.503551 -0.202904 -0.301755
v -0.071644 -0.128685 -0.301755
v 0.497984 -0.128685 -0.301755
v 0.091637 -0.432982 -0.301755
v 0.332848 -0.432982 -0.301755
v 0.214098 -0.061888 -0.301755
v 0.041539 -0.334642 -0.299900
v 0.384801 -0.334642 -0.299900
v -0.030824 0.426100 -0.299900
v 0.457164 0.426100 -0.299900
v 0.169566 -0.429271 -0.299900
v 0.256774 -0.429271 -0.299900
v -0.270180 0.218287 -0.299900
v -0.053090 -0.052611 -0.299900
v 0.479430 -0.052611 -0.299900
v 0.312438 -0.345775 -0.299900
v 0.112047 -0.345775 -0.299900
v -0.066078 -0.265990 -0.299900
v 0.492418 -0.265990 -0.299900
v 0.073082 -0.169505 -0.299900
v 0.353258 -0.169505 -0.299900
v -0.015980 -0.264134 -0.298044
v 0.442320 -0.264134 -0.298044
v 0.030406 -0.145384 -0.298044
v 0.395934 -0.145384 -0.298044
v 0.063805 -0.445970 -0.298044
v 0.360680 -0.445970 -0.298044
v 0.099059 -0.427416 -0.298044
v 0.327281 -0.427416 -0.298044
v 0.145445 -0.132396 -0.298044
v 0.280895 -0.132396 -0.298044
v 0.165856 -0.368041 -0.298044
v 0.260484 -0.368041 -0.298044
v 0.047106 -0.388451 -0.298044
v 0.379234 -0.388451 -0.298044
v 0.021129 -0.251146 -0.298044
v 0.405211 -0.251146 -0.298044
v 0.095348 -0.457103 -0.298044
v 0.330992 -0.457103 -0.298044
v -0.075355 -0.117552 -0.298044
v 0.501695 -0.117552 -0.298044
v 0.097203 -0.438548 -0.296189
v 0.329137 -0.438548 -0.296189
v -0.164418 0.602370 -0.296189
v 0.590758 0.602370 -0.296189
v 0.106481 -0.394017 -0.296189
v 0.318004 -0.394017 -0.296189
v -0.073500 -0.108275 -0.296189
v 0.499840 -0.108275 -0.296189
v -0.047523 0.363014 -0.296189
v 0.473863 0.363014 -0.296189
v 0.047106 0.665455 -0.296189
v 0.379234 0.665455 -0.296189
v -0.021547 -0.060033 -0.296189
v 0.447887 -0.060033 -0.296189
v 0.342125 -0.293822 -0.296189
v 0.082359 -0.293822 -0.296189
v 0.128746 -0.043334 -0.294334
v 0.297594 -0.043334 -0.294334
v 0.048961 -0.227025 -0.294334
v 0.377379 -0.227025 -0.294334
v 0.102770 -0.390306 -0.294334
v 0.323570 -0.390306 -0.294334
v 0.024840 -0.484935 -0.294334
v 0.401500 -0.484935 -0.294334
v -0.032680 0.600514 -0.294334
v 0.459020 0.600514 -0.294334
v -0.014125 0.915944 -0.294334
v 0.021129 -0.442259 -0.294334
v 0.401500 -0.440404 -0.294334
v 0.063805 -0.202904 -0.294334
v 0.362535 -0.202904 -0.294334
v 0.438609 0.915944 -0.292478
v 0.214098 0.934498 -0.292478
v -0.040101 -0.048900 -0.292478
v 0.466442 -0.048900 -0.292478
v -0.121742 -0.238158 -0.292478
v 0.548082 -0.238158 -0.292478
v 0.351402 0.778639 -0.290623
v 0.076793 0.778639 -0.290623
v 0.165856 -0.494213 -0.290623
v 0.260484 -0.494213 -0.290623
v 0.060094 -0.330931 -0.290623
v 0.366246 -0.330931 -0.290623
v 0.026695 -0.509056 -0.290623
v 0.399645 -0.509056 -0.290623
v -0.058656 -0.110130 -0.290623
v 0.484996 -0.110130 -0.290623
v 0.156578 -0.516478 -0.288767
v 0.269762 -0.516478 -0.288767
v 0.056383 -0.032201 -0.288767
v 0.369957 -0.032201 -0.288767
v 0.371813 -0.290111 -0.288767
v 0.050816 -0.290111 -0.288767
v 0.214098 -0.078588 -0.288767
v 0.108336 -0.366185 -0.288767
v 0.318004 -0.366185 -0.288767
v 0.180699 -0.434838 -0.286912
v 0.245641 -0.434838 -0.286912
v 0.169566 -0.440404 -0.286912
v 0.256774 -0.440404 -0.286912
v 0.214098 -0.429271 -0.286912
v 0.102770 -0.529466 -0.286912
v 0.323570 -0.529466 -0.286912
v 0.019274 0.001198 -0.286912
v 0.408922 0.001198 -0.286912
v 0.167711 -0.462670 -0.286912
v 0.258629 -0.462670 -0.286912
v 0.067516 -0.167650 -0.286912
v 0.358824 -0.167650 -0.286912
v -0.066078 -0.030345 -0.285056
v 0.492418 -0.030345 -0.285056
v -0.105043 0.170045 -0.285056
v 0.533238 0.170045 -0.285056
v -0.006703 0.025319 -0.285056
v 0.433043 0.025319 -0.285056
v 0.100914 -0.553587 -0.285056
v 0.325426 -0.553587 -0.285056
v -0.160707 0.416823 -0.285056
v 0.035973 -0.455248 -0.285056
v 0.390367 -0.455248 -0.285056
v 0.377379 -0.340209 -0.285056
v 0.047106 -0.340209 -0.285056
v -0.086488 -0.121263 -0.285056
v 0.512828 -0.121263 -0.285056
v 0.499840 0.530006 -0.283201
v 0.525816 0.908522 -0.283201
v -0.099477 0.908522 -0.283201
v -0.097621 0.659889 -0.283201
v 0.523961 0.659889 -0.283201
v 0.086070 -0.525755 -0.283201
v 0.340270 -0.525755 -0.283201
v 0.039684 -0.390306 -0.283201
v 0.384801 -0.390306 -0.283201
v -0.080922 -0.132396 -0.283201
v 0.507262 -0.132396 -0.283201
v 0.069371 -0.137963 -0.283201
v 0.356969 -0.137963 -0.283201
v 0.214098 -0.156517 -0.283201
v -0.134730 0.194166 -0.281345
v 0.559215 0.194166 -0.281345
v 0.030406 -0.444115 -0.281345
v 0.392223 -0.444115 -0.281345
v -0.116176 0.055006 -0.281345
v 0.540660 0.055006 -0.281345
v 0.047106 -0.427416 -0.281345
v 0.379234 -0.427416 -0.281345
v 0.086070 -0.086009 -0.281345
v 0.340270 -0.086009 -0.281345
v -0.047523 0.097682 -0.281345
v 0.473863 0.097682 -0.281345
v -0.060512 -0.028490 -0.281345
v 0.486852 -0.028490 -0.281345
v 0.082359 -0.538744 -0.281345
v 0.343981 -0.538744 -0.281345
v -0.145863 -0.193627 -0.281345
v 0.572203 -0.193627 -0.281345
v -0.066078 0.786061 -0.279490
v 0.484996 0.786061 -0.279490
v -0.086488 -0.158373 -0.279490
v 0.512828 -0.158373 -0.279490
v -0.047523 -0.132396 -0.279490
v 0.473863 -0.132396 -0.279490
v 0.004430 0.548561 -0.279490
v 0.421910 0.548561 -0.279490
v 0.028551 1.016139 -0.279490
v 0.397789 1.016139 -0.279490
v 0.171422 -0.080443 -0.279490
v 0.254918 -0.080443 -0.279490
v -0.123598 0.316627 -0.277634
v 0.549938 0.316627 -0.277634
v 0.368102 -0.288256 -0.277634
v 0.054527 -0.286400 -0.277634
v 0.099059 -0.555443 -0.277634
v 0.327281 -0.555443 -0.277634
v 0.041539 -0.525755 -0.277634
v 0.384801 -0.525755 -0.277634
v 0.024840 -0.188060 -0.277634
v 0.401500 -0.188060 -0.277634
v 0.093492 -0.612962 -0.275779
v 0.332848 -0.612962 -0.275779
v 0.095348 -0.594408 -0.275779
v 0.330992 -0.594408 -0.275779
v -0.153285 0.194166 -0.275779
v 0.575914 0.194166 -0.275779
v 0.061949 -0.392162 -0.275779
v 0.364391 -0.392162 -0.275779
v 0.058238 -0.130541 -0.275779
v 0.368102 -0.130541 -0.275779
v -0.114320 -0.175072 -0.275779
v 0.540660 -0.175072 -0.275779
v 0.214098 -0.110130 -0.275779
v -0.106898 0.324049 -0.275779
v 0.373668 -0.342064 -0.273923
v 0.050816 -0.342064 -0.273923
v 0.097203 -0.570287 -0.273923
v 0.329137 -0.570287 -0.273923
v -0.136586 0.055006 -0.273923
v 0.561070 0.055006 -0.273923
v -0.058656 -0.024779 -0.273923
v 0.484996 -0.024779 -0.273923
v -0.038246 -0.041478 -0.273923
v 0.464586 -0.041478 -0.273923
v -0.075355 -0.017357 -0.273923
v 0.501695 -0.017357 -0.273923
v 0.045250 -0.549877 -0.273923
v 0.381090 -0.549877 -0.273923
v 0.093492 -0.627806 -0.273923
v 0.332848 -0.627806 -0.273923
v -0.080922 -0.028490 -0.273923
v 0.507262 -0.028490 -0.273923
v 0.214098 -0.061888 -0.272068
v 0.041539 -0.392162 -0.272068
v 0.382945 -0.392162 -0.272068
v 0.214098 -0.089720 -0.272068
v -0.060512 0.170045 -0.272068
v 0.486852 0.170045 -0.272068
v 0.004430 -0.113841 -0.272068
v 0.421910 -0.113841 -0.272068
v -0.073500 0.090260 -0.272068
v 0.505406 0.090260 -0.272068
v -0.144008 0.311061 -0.272068
v 0.570348 0.311061 -0.272068
v 0.073082 -0.366185 -0.272068
v 0.353258 -0.366185 -0.272068
v -0.086488 -0.050755 -0.270212
v 0.512828 -0.050755 -0.270212
v -0.116176 0.331471 -0.270212
v 0.542516 0.331471 -0.270212
v 0.011852 -0.195482 -0.270212
v 0.414488 -0.195482 -0.270212
v 0.047106 -0.551732 -0.270212
v 0.379234 -0.551732 -0.270212
v 0.019274 -0.145384 -0.270212
v 0.407066 -0.145384 -0.270212
v 0.082359 0.682155 -0.268357
v 0.343981 0.682155 -0.268357
v -0.155141 0.470631 -0.268357
v -0.092055 -0.073021 -0.268357
v 0.518395 -0.073021 -0.268357
v -0.156996 -0.202904 -0.266501
v 0.583336 -0.202904 -0.266501
v -0.075355 0.238698 -0.266501
v 0.503551 0.238698 -0.266501
v 0.061949 -0.238158 -0.266501
v 0.364391 -0.238158 -0.266501
v 0.052672 -0.594408 -0.266501
v 0.373668 -0.594408 -0.266501
v 0.052672 -0.612962 -0.266501
v 0.373668 -0.612962 -0.266501
v 0.063805 -0.267845 -0.266501
v 0.362535 -0.267845 -0.266501
v 0.065660 -0.284545 -0.266501
v 0.360680 -0.284545 -0.266501
v 0.214098 -0.089720 -0.266501
v 0.011852 -0.047045 -0.266501
v 0.414488 -0.047045 -0.266501
v -0.025258 0.012330 -0.264646
v 0.459020 0.012330 -0.264646
v 0.050816 -0.570287 -0.264646
v 0.375523 -0.570287 -0.264646
v 0.214098 1.146022 -0.264646
v -0.112465 0.439088 -0.264646
v 0.538805 0.439088 -0.264646
v 0.054527 -0.627806 -0.264646
v 0.371813 -0.627806 -0.264646
v 0.132457 -0.529466 -0.264646
v 0.293883 -0.529466 -0.264646
v 0.028551 -0.234447 -0.264646
v 0.397789 -0.234447 -0.264646
v -0.062367 -0.253002 -0.264646
v 0.488707 -0.253002 -0.264646
v 0.069371 -0.336498 -0.264646
v 0.356969 -0.336498 -0.264646
v 0.037828 -0.525755 -0.262790
v 0.388512 -0.525755 -0.262790
v -0.092055 0.383424 -0.262790
v 0.041539 -0.536888 -0.262790
v 0.384801 -0.536888 -0.262790
v 0.067516 -0.373607 -0.262790
v 0.358824 -0.373607 -0.262790
v -0.047523 -0.240013 -0.262790
v 0.473863 -0.240013 -0.262790
v -0.095766 -0.098998 -0.262790
v 0.522106 -0.098998 -0.262790
v -0.002992 -0.206615 -0.262790
v 0.429332 -0.206615 -0.262790
v -0.234926 0.296217 -0.262790
v 0.562926 0.520729 -0.262790
v 0.030406 -0.102709 -0.260935
v 0.395934 -0.102709 -0.260935
v -0.088344 0.299928 -0.260935
v 0.516539 0.299928 -0.260935
v 0.468297 0.376002 -0.260935
v 0.126891 -0.538744 -0.260935
v 0.299449 -0.538744 -0.260935
v 0.214098 0.706276 -0.260935
v -0.023402 -0.223314 -0.259080
v 0.449742 -0.223314 -0.259080
v 0.082359 -0.627806 -0.259080
v 0.343981 -0.627806 -0.259080
v 0.000719 -0.152806 -0.259080
v 0.425621 -0.152806 -0.259080
v 0.149156 0.700709 -0.259080
v 0.279039 0.700709 -0.259080
v 0.484996 0.568971 -0.259080
v -0.058656 0.568971 -0.259080
v 0.386656 -0.291966 -0.257224
v 0.037828 -0.290111 -0.257224
v -0.238637 0.197877 -0.257224
v 0.401500 -0.295677 -0.257224
v 0.021129 -0.293822 -0.257224
v 0.145445 -0.533177 -0.257224
v 0.280895 -0.533177 -0.257224
v 0.015563 -0.234447 -0.257224
v 0.410777 -0.234447 -0.257224
v -0.092055 -0.128685 -0.257224
v 0.518395 -0.128685 -0.257224
v 0.108336 -0.086009 -0.255369
v 0.318004 -0.086009 -0.255369
v 0.143590 -0.111986 -0.255369
v 0.282750 -0.111986 -0.255369
v -0.056801 -0.282689 -0.255369
v 0.483141 -0.282689 -0.255369
v 0.138024 -0.557298 -0.255369
v 0.288316 -0.557298 -0.255369
v 0.460875 0.594948 -0.253513
v 0.006285 -0.431127 -0.253513
v 0.418199 -0.429271 -0.253513
v 0.026695 -0.390306 -0.253513
v 0.397789 -0.390306 -0.253513
v 0.134313 -0.559154 -0.253513
v 0.292027 -0.559154 -0.253513
v -0.088344 -0.243724 -0.253513
v 0.514684 -0.243724 -0.253513
v 0.147301 -0.089720 -0.251658
v 0.279039 -0.089720 -0.251658
v 0.394078 -0.343920 -0.251658
v 0.030406 -0.342064 -0.251658
v 0.017418 -0.388451 -0.251658
v 0.405211 -0.388451 -0.251658
v -0.093910 0.368580 -0.251658
v 0.522106 0.368580 -0.251658
v -0.080922 -0.228880 -0.251658
v 0.507262 -0.228880 -0.251658
v 0.405211 -0.342064 -0.251658
v 0.019274 -0.340209 -0.251658
v 0.015563 -0.438548 -0.251658
v 0.407066 -0.436693 -0.251658
v 0.121324 -0.612962 -0.251658
v 0.305016 -0.612962 -0.251658
v -0.019691 -0.171361 -0.251658
v 0.446031 -0.171361 -0.251658
v -0.084633 -0.021068 -0.251658
v 0.510973 -0.021068 -0.251658
v 0.123180 -0.594408 -0.251658
v 0.303160 -0.594408 -0.251658
v -0.073500 -0.297533 -0.249802
v 0.499840 -0.297533 -0.249802
v -0.036391 -0.284545 -0.249802
v 0.462731 -0.284545 -0.249802
v 0.126891 -0.570287 -0.249802
v 0.299449 -0.570287 -0.249802
v -0.067933 -0.214037 -0.249802
v 0.494274 -0.214037 -0.249802
v -0.040101 -0.193627 -0.249802
v 0.466442 -0.193627 -0.249802
v 0.121324 -0.627806 -0.249802
v 0.305016 -0.627806 -0.249802
v 0.006285 -0.240013 -0.249802
v 0.420055 -0.240013 -0.249802
v -0.125453 0.526295 -0.247947
v 0.151012 -0.149095 -0.247947
v 0.275328 -0.149095 -0.247947
v -0.021547 -0.275267 -0.247947
v 0.447887 -0.275267 -0.247947
v 0.152867 -0.087865 -0.247947
v 0.273473 -0.087865 -0.247947
v -0.105043 -0.260423 -0.247947
v 0.531383 -0.260423 -0.247947
v -0.075355 -0.299388 -0.247947
v 0.501695 -0.299388 -0.247947
v 0.006285 0.643190 -0.247947
v 0.421910 0.643190 -0.247947
v -0.004848 -0.253002 -0.246091
v 0.431188 -0.253002 -0.246091
v -0.079066 -0.017357 -0.246091
v 0.505406 -0.017357 -0.246091
v 0.600035 0.285084 -0.246091
v -0.077211 0.440944 -0.244236
v -0.106898 -0.264134 -0.244236
v 0.533238 -0.264134 -0.244236
v -0.140297 -0.358763 -0.244236
v 0.566637 -0.358763 -0.244236
v 0.149156 -0.063744 -0.242380
v 0.277184 -0.063744 -0.242380
v 0.494274 0.559694 -0.242380
v -0.067933 0.559694 -0.242380
v -0.080922 0.533717 -0.242380
v 0.507262 0.533717 -0.242380
v -0.121742 -0.343920 -0.240525
v 0.548082 -0.343920 -0.240525
v 0.097203 1.047682 -0.240525
v 0.329137 1.047682 -0.240525
v -0.097621 0.270241 -0.240525
v 0.525816 0.270241 -0.240525
v 0.410777 0.967897 -0.240525
v -0.097621 -0.319798 -0.240525
v 0.523961 -0.319798 -0.240525
v 0.015563 0.967897 -0.240525
v -0.080922 0.194166 -0.240525
v 0.509117 0.194166 -0.240525
v -0.075355 -0.111986 -0.238669
v 0.501695 -0.111986 -0.238669
v 0.021129 0.862135 -0.238669
v -0.079066 -0.269701 -0.238669
v 0.505406 -0.269701 -0.238669
v 0.403355 0.862135 -0.238669
v -0.173695 -0.327220 -0.238669
v 0.600035 -0.327220 -0.238669
v 0.592613 0.405690 -0.238669
v 0.123180 0.808326 -0.236814
v 0.303160 0.808326 -0.236814
v -0.131019 -0.288256 -0.234958
v 0.557359 -0.288256 -0.234958
v -0.156996 -0.312377 -0.234958
v 0.583336 -0.312377 -0.234958
v -0.028969 0.591237 -0.234958
v 0.455309 0.591237 -0.234958
v -0.006703 -0.381029 -0.233103
v 0.433043 -0.381029 -0.233103
v -0.058656 -0.295677 -0.233103
v 0.484996 -0.295677 -0.233103
v -0.095766 -0.249291 -0.233103
v 0.522106 -0.249291 -0.233103
v -0.186684 -0.371752 -0.233103
v 0.613024 -0.371752 -0.233103
v 0.004430 -0.388451 -0.233103
v 0.421910 -0.388451 -0.233103
v -0.060512 0.847291 -0.231247
v 0.486852 0.847291 -0.231247
v 0.214098 -0.158373 -0.231247
v 0.002574 -0.334642 -0.231247
v 0.423766 -0.334642 -0.231247
v -0.186684 -0.171361 -0.231247
v 0.613024 -0.171361 -0.231247
v -0.084633 0.580104 -0.231247
v -0.175551 -0.356908 -0.231247
v 0.601891 -0.356908 -0.231247
v -0.195961 -0.388451 -0.231247
v 0.622301 -0.388451 -0.231247
v -0.144008 -0.356908 -0.229392
v 0.570348 -0.356908 -0.229392
v -0.195961 -0.392162 -0.229392
v 0.622301 -0.392162 -0.229392
v 0.173277 -0.152806 -0.229392
v 0.253063 -0.152806 -0.229392
v 0.024840 -0.330931 -0.229392
v 0.401500 -0.330931 -0.229392
v -0.179262 -0.150951 -0.229392
v 0.605602 -0.150951 -0.229392
v -0.062367 0.494752 -0.227537
v -0.095766 -0.030345 -0.227537
v 0.522106 -0.030345 -0.227537
v -0.197816 -0.401439 -0.227537
v 0.624156 -0.401439 -0.227537
v -0.197816 -0.405150 -0.227537
v 0.624156 -0.405150 -0.227537
v -0.028969 0.594948 -0.227537
v 0.455309 0.594948 -0.227537
v 0.416344 0.641334 -0.225681
v -0.001137 -0.507201 -0.225681
v 0.427477 -0.507201 -0.225681
v 0.030406 -0.612962 -0.225681
v 0.395934 -0.612962 -0.225681
v 0.032262 -0.627806 -0.225681
v 0.394078 -0.627806 -0.225681
v -0.103187 0.372291 -0.225681
v 0.531383 0.372291 -0.225681
v 0.019274 -0.548021 -0.225681
v 0.407066 -0.548021 -0.225681
v 0.022984 -0.551732 -0.225681
v 0.403355 -0.551732 -0.225681
v 0.017418 -0.523900 -0.225681
v 0.408922 -0.523900 -0.225681
v -0.197816 -0.414427 -0.225681
v 0.624156 -0.414427 -0.225681
v 0.030406 -0.590697 -0.223826
v 0.395934 -0.590697 -0.223826
v 0.026695 -0.570287 -0.223826
v 0.399645 -0.570287 -0.223826
v 0.015563 -0.523900 -0.223826
v 0.410777 -0.523900 -0.223826
v -0.142152 -0.147240 -0.223826
v 0.568492 -0.147240 -0.223826
v -0.105043 0.470631 -0.223826
v 0.533238 0.470631 -0.223826
v 0.021129 -0.536888 -0.223826
v 0.405211 -0.536888 -0.223826
v -0.002992 -0.481224 -0.223826
v 0.429332 -0.481224 -0.223826
v 0.522106 0.581959 -0.223826
v -0.194105 -0.364330 -0.221970
v 0.620445 -0.364330 -0.221970
v -0.216371 0.275807 -0.221970
v -0.201527 -0.384740 -0.221970
v 0.627867 -0.384740 -0.221970
v -0.171840 -0.332787 -0.221970
v 0.598180 -0.332787 -0.221970
v -0.103187 -0.113841 -0.221970
v 0.529527 -0.113841 -0.221970
v -0.201527 -0.388451 -0.221970
v 0.627867 -0.388451 -0.221970
v -0.118031 -0.130541 -0.221970
v 0.544371 -0.130541 -0.221970
v -0.203383 -0.399584 -0.220115
v 0.629723 -0.399584 -0.220115
v -0.203383 -0.403295 -0.220115
v 0.629723 -0.403295 -0.220115
v 0.011852 -0.453392 -0.220115
v 0.414488 -0.453392 -0.220115
v -0.203383 -0.412572 -0.220115
v 0.629723 -0.412572 -0.220115
v -0.190394 -0.343920 -0.220115
v 0.616734 -0.343920 -0.220115
v -0.177406 -0.371752 -0.218259
v 0.603746 -0.371752 -0.218259
v -0.162562 -0.362474 -0.218259
v 0.588902 -0.362474 -0.218259
v -0.084633 -0.021068 -0.218259
v 0.510973 -0.021068 -0.218259
v -0.214516 0.342604 -0.218259
v -0.190394 -0.392162 -0.218259
v 0.616734 -0.392162 -0.218259
v 0.026695 -0.425560 -0.218259
v 0.399645 -0.425560 -0.218259
v -0.197816 -0.414427 -0.216404
v 0.624156 -0.414427 -0.216404
v 0.045250 -0.390306 -0.216404
v 0.381090 -0.390306 -0.216404
v -0.192250 -0.401439 -0.216404
v 0.618590 -0.401439 -0.216404
v 0.073082 -0.627806 -0.216404
v 0.353258 -0.627806 -0.216404
v -0.194105 -0.412572 -0.216404
v 0.620445 -0.412572 -0.216404
v -0.025258 0.613502 -0.216404
v 0.451598 0.613502 -0.216404
v 0.364391 0.669166 -0.216404
v 0.061949 0.669166 -0.216404
v -0.036391 -0.154662 -0.216404
v 0.462731 -0.154662 -0.216404
v 0.058238 -0.366185 -0.216404
v 0.368102 -0.366185 -0.216404
v -0.073500 -0.108275 -0.214548
v 0.499840 -0.108275 -0.214548
v -0.038246 0.954909 -0.214548
v 0.464586 0.954909 -0.214548
v -0.110609 -0.006224 -0.214548
v 0.536949 -0.006224 -0.214548
v 0.123180 -0.143529 -0.214548
v 0.303160 -0.143529 -0.214548
v 0.138024 -0.542455 -0.212693
v 0.288316 -0.542455 -0.212693
v -0.073500 -0.104564 -0.212693
v 0.499840 -0.104564 -0.212693
v -0.058656 -0.009935 -0.212693
v 0.486852 -0.009935 -0.212693
v -0.201527 -0.412572 -0.210837
v 0.627867 -0.412572 -0.210837
v -0.201527 -0.403295 -0.210837
v 0.627867 -0.403295 -0.210837
v -0.201527 -0.399584 -0.210837
v 0.627867 -0.399584 -0.210837
v 0.145445 -0.531322 -0.210837
v 0.280895 -0.531322 -0.210837
v -0.197816 -0.358763 -0.210837
v 0.624156 -0.358763 -0.210837
v -0.025258 -0.301244 -0.210837
v 0.451598 -0.301244 -0.210837
v -0.199672 -0.390306 -0.210837
v 0.626012 -0.390306 -0.210837
v -0.012269 -0.290111 -0.210837
v 0.438609 -0.290111 -0.210837
v -0.012269 0.463209 -0.210837
v 0.438609 0.463209 -0.210837
v -0.034535 -0.308666 -0.210837
v 0.460875 -0.308666 -0.210837
v 0.555504 0.246120 -0.210837
v 0.011852 -0.256712 -0.210837
v 0.414488 -0.256712 -0.210837
v -0.199672 -0.384740 -0.208982
v 0.626012 -0.384740 -0.208982
v 0.004430 -0.267845 -0.208982
v 0.421910 -0.267845 -0.208982
v 0.017418 -0.251146 -0.208982
v 0.408922 -0.251146 -0.208982
v -0.027113 -0.093431 -0.208982
v 0.453453 -0.093431 -0.208982
v 0.041539 -0.373607 -0.208982
v 0.384801 -0.373607 -0.208982
v -0.004848 -0.137963 -0.208982
v 0.431188 -0.137963 -0.208982
v 0.043395 -0.336498 -0.208982
v 0.382945 -0.336498 -0.208982
v 0.037828 -0.284545 -0.208982
v 0.388512 -0.284545 -0.208982
v 0.035973 -0.269701 -0.208982
v 0.390367 -0.269701 -0.208982
v 0.015563 -0.126830 -0.208982
v 0.410777 -0.126830 -0.208982
v 0.034117 -0.256712 -0.208982
v 0.392223 -0.256712 -0.208982
v -0.047523 -0.306810 -0.208982
v 0.473863 -0.306810 -0.208982
v 0.028551 -0.251146 -0.208982
v 0.397789 -0.251146 -0.208982
v 0.414488 0.450221 -0.208982
v 0.171422 -0.518334 -0.208982
v 0.254918 -0.518334 -0.208982
v 0.067516 -0.119408 -0.208982
v 0.358824 -0.119408 -0.208982
v 0.052672 -0.086009 -0.208982
v 0.373668 -0.086009 -0.208982
v 0.080504 -0.525755 -0.208982
v 0.345836 -0.525755 -0.208982
v 0.121324 -0.104564 -0.208982
v 0.305016 -0.104564 -0.208982
v -0.023402 -0.156517 -0.208982
v 0.449742 -0.156517 -0.208982
v -0.051234 -0.321654 -0.208982
v 0.477574 -0.321654 -0.208982
v 0.126891 -0.093431 -0.208982
v 0.299449 -0.093431 -0.208982
v -0.195961 -0.364330 -0.208982
v 0.622301 -0.364330 -0.208982
v -0.045668 -0.186205 -0.207126
v 0.472008 -0.186205 -0.207126
v -0.056801 -0.317943 -0.207126
v 0.483141 -0.317943 -0.207126
v 0.009996 -0.086009 -0.207126
v 0.416344 -0.086009 -0.207126
v 0.134313 -0.091576 -0.207126
v 0.292027 -0.091576 -0.207126
v 0.182555 -0.494213 -0.207126
v 0.243785 -0.494213 -0.207126
v -0.079066 -0.201048 -0.207126
v 0.505406 -0.201048 -0.207126
v 0.214098 -0.089720 -0.207126
v -0.105043 -0.234447 -0.205271
v 0.531383 -0.234447 -0.205271
v -0.095766 -0.212181 -0.205271
v 0.522106 -0.212181 -0.205271
v -0.090199 0.299928 -0.205271
v 0.516539 0.299928 -0.205271
v -0.108754 -0.210326 -0.205271
v 0.535094 -0.210326 -0.205271
v 0.184410 -0.462670 -0.205271
v 0.241930 -0.462670 -0.205271
v -0.077211 -0.015502 -0.205271
v 0.505406 -0.015502 -0.205271
v 0.373668 0.669166 -0.205271
v -0.077211 -0.334642 -0.205271
v 0.503551 -0.334642 -0.205271
v -0.208949 -0.386595 -0.203415
v 0.635289 -0.386595 -0.203415
v 0.125035 -0.590697 -0.203415
v 0.301305 -0.590697 -0.203415
v -0.208949 -0.390306 -0.203415
v 0.635289 -0.390306 -0.203415
v 0.121324 -0.627806 -0.203415
v 0.305016 -0.627806 -0.203415
v 0.123180 -0.612962 -0.203415
v 0.303160 -0.612962 -0.203415
v 0.189977 -0.444115 -0.203415
v 0.236363 -0.444115 -0.203415
v 0.128746 -0.570287 -0.203415
v 0.297594 -0.570287 -0.203415
v 0.136168 -0.559154 -0.201560
v 0.290172 -0.559154 -0.201560
v -0.125453 -0.234447 -0.201560
v 0.551793 -0.234447 -0.201560
v -0.123598 -0.241869 -0.201560
v 0.549938 -0.241869 -0.201560
v 0.134313 -0.073021 -0.201560
v 0.292027 -0.073021 -0.201560
v -0.101332 -0.356908 -0.201560
v 0.527672 -0.356908 -0.201560
v 0.139879 -0.557298 -0.201560
v 0.286461 -0.557298 -0.201560
v 0.193688 -0.436693 -0.201560
v 0.232652 -0.436693 -0.201560
v 0.214098 0.817604 -0.201560
v 0.214098 -0.432982 -0.201560
v -0.214516 -0.401439 -0.201560
v 0.640856 -0.401439 -0.201560
v 0.152867 -0.152806 -0.201560
v 0.273473 -0.152806 -0.201560
v -0.214516 -0.405150 -0.201560
v 0.640856 -0.405150 -0.201560
v 0.139879 0.689577 -0.199705
v 0.288316 0.689577 -0.199705
v 0.214098 0.698854 -0.199705
v -0.116176 -0.375462 -0.199705
v 0.542516 -0.375462 -0.199705
v -0.123598 -0.371752 -0.199705
v 0.549938 -0.371752 -0.199705
v 0.149156 -0.535033 -0.199705
v 0.277184 -0.535033 -0.199705
v -0.038246 0.635768 -0.199705
v -0.218226 -0.414427 -0.199705
v 0.644566 -0.414427 -0.199705
v -0.112465 -0.035912 -0.197849
v 0.538805 -0.035912 -0.197849
v -0.099477 -0.080443 -0.197849
v 0.525816 -0.080443 -0.197849
v -0.142152 -0.271556 -0.197849
v 0.568492 -0.271556 -0.197849
v 0.149156 -0.073021 -0.197849
v 0.277184 -0.073021 -0.197849
v -0.188539 0.246120 -0.195994
v -0.145863 0.210866 -0.195994
v -0.182973 -0.368041 -0.195994
v 0.609313 -0.368041 -0.195994
v -0.153285 -0.369896 -0.195994
v 0.579625 -0.369896 -0.195994
v -0.203383 -0.356908 -0.195994
v 0.629723 -0.356908 -0.195994
v -0.110609 -0.054466 -0.194138
v 0.536949 -0.054466 -0.194138
v 0.214098 -0.176927 -0.194138
v 0.481285 0.630202 -0.194138
v -0.166273 -0.299388 -0.194138
v 0.592613 -0.299388 -0.194138
v 0.058238 -0.052611 -0.194138
v 0.369957 -0.052611 -0.194138
v -0.069789 -0.102709 -0.194138
v 0.496129 -0.102709 -0.194138
v -0.019691 0.611647 -0.194138
v 0.447887 0.611647 -0.194138
v -0.138441 -0.093431 -0.194138
v 0.564781 -0.093431 -0.194138
v -0.216371 -0.381029 -0.192283
v 0.642711 -0.381029 -0.192283
v 0.015563 0.524440 -0.192283
v 0.410777 0.524440 -0.192283
v -0.216371 -0.384740 -0.192283
v 0.642711 -0.384740 -0.192283
v -0.201527 -0.390306 -0.192283
v 0.627867 -0.390306 -0.192283
v -0.175551 -0.325365 -0.192283
v 0.601891 -0.325365 -0.192283
v -0.220082 -0.399584 -0.192283
v 0.646422 -0.399584 -0.192283
v -0.208949 -0.403295 -0.192283
v 0.635289 -0.403295 -0.192283
v -0.221937 -0.401439 -0.192283
v 0.648277 -0.401439 -0.192283
v -0.069789 -0.035912 -0.192283
v 0.496129 -0.035912 -0.192283
v -0.214516 -0.414427 -0.190427
v 0.640856 -0.414427 -0.190427
v -0.218226 -0.416283 -0.190427
v 0.644566 -0.416283 -0.190427
v -0.223793 -0.414427 -0.190427
v 0.650133 -0.414427 -0.190427
v -0.182973 -0.314232 -0.190427
v 0.609313 -0.314232 -0.190427
v -0.169984 -0.204759 -0.190427
v 0.596324 -0.204759 -0.190427
v 0.011852 -0.390306 -0.190427
v 0.412633 -0.390306 -0.190427
v -0.004848 -0.427416 -0.190427
v 0.429332 -0.425560 -0.190427
v 0.214098 1.086647 -0.188572
v 0.009996 -0.434838 -0.188572
v 0.410777 -0.432982 -0.188572
v -0.001137 0.635768 -0.188572
v 0.427477 0.635768 -0.188572
v 0.022984 -0.392162 -0.188572
v 0.401500 -0.392162 -0.188572
v -0.118031 -0.026634 -0.188572
v 0.544371 -0.026634 -0.188572
v -0.071644 0.227565 -0.188572
v 0.497984 0.227565 -0.188572
v -0.093910 -0.108275 -0.188572
v 0.520250 -0.108275 -0.188572
v -0.034535 -0.037767 -0.188572
v 0.460875 -0.037767 -0.188572
v 0.410777 -0.342064 -0.188572
v 0.013707 -0.342064 -0.188572
v -0.132875 -0.111986 -0.188572
v 0.559215 -0.111986 -0.188572
v 0.397789 -0.343920 -0.186716
v 0.026695 -0.343920 -0.186716
v -0.190394 -0.338353 -0.186716
v 0.616734 -0.338353 -0.186716
v -0.082777 0.500319 -0.186716
v 0.510973 0.500319 -0.186716
v 0.410777 -0.295677 -0.186716
v 0.011852 -0.293822 -0.186716
v 0.006285 -0.022923 -0.184861
v 0.421910 -0.022923 -0.184861
v 0.397789 -0.290111 -0.184861
v 0.024840 -0.290111 -0.184861
v -0.101332 0.409401 -0.184861
v 0.527672 0.409401 -0.184861
v -0.056801 -0.293822 -0.183005
v 0.483141 -0.293822 -0.183005
v 0.017418 -0.627806 -0.183005
v 0.408922 -0.627806 -0.183005
v -0.221937 -0.410716 -0.183005
v 0.648277 -0.410716 -0.183005
v -0.199672 0.394557 -0.183005
v -0.218226 -0.399584 -0.183005
v 0.644566 -0.399584 -0.183005
v -0.218226 -0.397728 -0.183005
v 0.644566 -0.397728 -0.183005
v 0.043395 0.901100 -0.183005
v 0.382945 0.901100 -0.183005
v 0.017418 -0.612962 -0.181150
v 0.408922 -0.612962 -0.181150
v -0.212660 -0.382884 -0.181150
v 0.639000 -0.382884 -0.181150
v -0.214516 -0.386595 -0.181150
v 0.640856 -0.386595 -0.181150
v -0.201527 -0.353197 -0.181150
v 0.627867 -0.353197 -0.181150
v -0.199672 -0.362474 -0.179294
v 0.626012 -0.362474 -0.179294
v -0.132875 -0.098998 -0.179294
v 0.559215 -0.098998 -0.179294
v -0.088344 0.439088 -0.179294
v 0.516539 0.439088 -0.179294
v 0.555504 0.472487 -0.177439
v -0.019691 0.010475 -0.177439
v 0.446031 0.010475 -0.177439
v -0.186684 0.240553 -0.177439
v -0.147719 -0.384740 -0.177439
v 0.574059 -0.384740 -0.177439
v 0.037828 0.680299 -0.177439
v -0.090199 -0.249291 -0.177439
v 0.516539 -0.249291 -0.177439
v 0.299449 0.691432 -0.177439
v 0.032262 -0.536888 -0.175583
v 0.394078 -0.536888 -0.175583
v -0.160707 -0.193627 -0.175583
v 0.587047 -0.193627 -0.175583
v -0.123598 -0.084154 -0.175583
v 0.549938 -0.084154 -0.175583
v 0.091637 -0.136107 -0.175583
v 0.334703 -0.136107 -0.175583
v -0.036391 0.060573 -0.175583
v 0.462731 0.060573 -0.175583
v -0.002992 -0.254857 -0.173728
v 0.429332 -0.254857 -0.173728
v -0.001137 -0.147240 -0.173728
v 0.427477 -0.147240 -0.173728
v -0.041957 0.752662 -0.173728
v 0.468297 0.752662 -0.173728
v -0.210805 -0.384740 -0.173728
v 0.637145 -0.384740 -0.173728
v 0.061949 -0.627806 -0.173728
v 0.364391 -0.627806 -0.173728
v -0.056801 -0.110130 -0.171873
v 0.483141 -0.110130 -0.171873
v -0.131019 -0.176927 -0.171873
v 0.557359 -0.176927 -0.171873
v -0.212660 -0.386595 -0.171873
v 0.639000 -0.386595 -0.171873
v -0.019691 -0.275267 -0.171873
v 0.446031 -0.275267 -0.171873
v -0.105043 -0.015502 -0.171873
v 0.531383 -0.015502 -0.171873
v 0.028551 -0.525755 -0.171873
v 0.397789 -0.525755 -0.171873
v 0.006285 -0.240013 -0.171873
v 0.420055 -0.240013 -0.171873
v 0.024840 -0.553587 -0.171873
v 0.401500 -0.553587 -0.171873
v 0.028551 -0.568431 -0.171873
v 0.397789 -0.568431 -0.171873
v -0.036391 -0.286400 -0.170017
v 0.462731 -0.286400 -0.170017
v -0.075355 -0.269701 -0.170017
v 0.501695 -0.269701 -0.170017
v -0.043812 0.116237 -0.170017
v 0.472008 0.116237 -0.170017
v 0.214098 -0.169505 -0.170017
v -0.218226 -0.399584 -0.170017
v 0.644566 -0.399584 -0.170017
v -0.118031 -0.045189 -0.170017
v 0.544371 -0.045189 -0.170017
v 0.030406 -0.583275 -0.170017
v 0.395934 -0.583275 -0.170017
v 0.214098 -0.080443 -0.170017
v -0.218226 -0.401439 -0.168162
v 0.644566 -0.401439 -0.168162
v 0.019274 -0.137963 -0.168162
v 0.407066 -0.137963 -0.168162
v 0.022984 -0.549877 -0.168162
v 0.403355 -0.549877 -0.168162
v 0.416344 0.667311 -0.168162
v -0.221937 -0.412572 -0.166306
v 0.648277 -0.412572 -0.166306
v -0.034535 -0.201048 -0.166306
v 0.460875 -0.201048 -0.166306
v -0.012269 -0.186205 -0.166306
v 0.438609 -0.186205 -0.166306
v -0.053090 0.175612 -0.166306
v 0.481285 0.175612 -0.166306
v -0.184828 -0.375462 -0.166306
v 0.611168 -0.375462 -0.166306
v 0.009996 -0.388451 -0.166306
v 0.416344 -0.388451 -0.166306
v 0.017418 -0.525755 -0.164451
v 0.408922 -0.525755 -0.164451
v 0.028551 -0.330931 -0.164451
v 0.397789 -0.330931 -0.164451
v -0.069789 -0.299388 -0.164451
v 0.496129 -0.299388 -0.164451
v -0.092055 -0.319798 -0.164451
v 0.518395 -0.319798 -0.164451
v -0.142152 0.181178 -0.164451
v -0.001137 -0.381029 -0.164451
v 0.427477 -0.381029 -0.164451
v -0.153285 -0.397728 -0.164451
v 0.579625 -0.397728 -0.164451
v -0.138441 -0.238158 -0.164451
v 0.564781 -0.238158 -0.164451
v -0.201527 -0.355052 -0.164451
v 0.627867 -0.355052 -0.164451
v -0.158851 -0.373607 -0.164451
v 0.585191 -0.373607 -0.164451
v 0.110191 -0.627806 -0.164451
v 0.316149 -0.627806 -0.164451
v -0.123598 -0.288256 -0.162595
v 0.549938 -0.288256 -0.162595
v 0.015563 -0.234447 -0.162595
v 0.410777 -0.234447 -0.162595
v -0.114320 -0.128685 -0.162595
v 0.540660 -0.128685 -0.162595
v 0.008141 -0.334642 -0.162595
v 0.418199 -0.334642 -0.162595
v -0.199672 -0.392162 -0.162595
v 0.626012 -0.392162 -0.162595
v -0.064223 -0.217748 -0.162595
v 0.490563 -0.217748 -0.162595
v -0.129164 -0.382884 -0.162595
v 0.555504 -0.382884 -0.162595
v 0.110191 -0.612962 -0.162595
v 0.316149 -0.612962 -0.162595
v -0.067933 0.240553 -0.162595
v 0.494274 0.240553 -0.162595
v 0.065660 -0.132396 -0.162595
v 0.360680 -0.132396 -0.162595
v -0.067933 -0.295677 -0.162595
v 0.494274 -0.295677 -0.162595
v -0.051234 -0.282689 -0.162595
v 0.477574 -0.282689 -0.162595
v -0.101332 -0.262279 -0.162595
v 0.527672 -0.262279 -0.162595
v -0.212660 -0.379173 -0.162595
v 0.639000 -0.379173 -0.162595
v 0.050816 0.650612 -0.160740
v 0.377379 0.650612 -0.160740
v -0.216371 -0.382884 -0.160740
v 0.642711 -0.382884 -0.160740
v 0.021129 -0.510912 -0.160740
v 0.405211 -0.510912 -0.160740
v -0.017836 -0.228880 -0.160740
v 0.444176 -0.228880 -0.160740
v 0.035973 0.654323 -0.160740
v 0.390367 0.654323 -0.160740
v -0.131019 -0.362474 -0.160740
v 0.557359 -0.362474 -0.160740
v -0.079066 -0.230736 -0.160740
v 0.505406 -0.230736 -0.160740
v 0.102770 0.702565 -0.160740
v -0.105043 -0.158373 -0.160740
v 0.531383 -0.158373 -0.160740
v 0.000719 -0.217748 -0.160740
v 0.425621 -0.217748 -0.160740
v -0.181117 0.457643 -0.158884
v -0.097621 -0.260423 -0.158884
v 0.523961 -0.260423 -0.158884
v -0.220082 -0.397728 -0.158884
v 0.646422 -0.397728 -0.158884
v 0.240074 0.700709 -0.158884
v -0.088344 0.381569 -0.158884
v 0.514684 0.381569 -0.158884
v 0.149156 -0.097142 -0.158884
v 0.277184 -0.097142 -0.158884
v -0.221937 -0.399584 -0.158884
v 0.648277 -0.399584 -0.158884
v -0.160707 -0.408861 -0.158884
v 0.587047 -0.408861 -0.158884
v -0.160707 -0.334642 -0.158884
v 0.587047 -0.334642 -0.158884
v -0.225648 -0.412572 -0.158884
v 0.651988 -0.412572 -0.158884
v -0.220082 -0.418138 -0.158884
v 0.646422 -0.418138 -0.158884
v -0.114320 -0.342064 -0.158884
v 0.540660 -0.342064 -0.158884
v -0.173695 -0.347630 -0.158884
v 0.600035 -0.347630 -0.158884
v 0.032262 -0.455248 -0.158884
v 0.394078 -0.455248 -0.158884
v -0.160707 -0.388451 -0.158884
v 0.587047 -0.388451 -0.158884
v -0.214516 -0.418138 -0.157029
v 0.640856 -0.418138 -0.157029
v -0.077211 0.303639 -0.157029
v 0.503551 0.303639 -0.157029
v -0.208949 -0.407005 -0.157029
v 0.635289 -0.407005 -0.157029
v -0.086488 0.372291 -0.157029
v 0.514684 0.372291 -0.157029
v 0.028551 -0.234447 -0.157029
v 0.397789 -0.234447 -0.157029
v -0.147719 -0.312377 -0.157029
v 0.574059 -0.312377 -0.157029
v 0.006285 -0.173216 -0.157029
v 0.420055 -0.173216 -0.157029
v 0.013707 -0.627806 -0.157029
v 0.412633 -0.627806 -0.157029
v -0.082777 -0.241869 -0.157029
v 0.509117 -0.241869 -0.157029
v 0.182555 -0.444115 -0.157029
v 0.243785 -0.444115 -0.157029
v -0.199672 0.314772 -0.157029
v 0.019274 -0.486791 -0.157029
v 0.407066 -0.486791 -0.157029
v 0.034117 -0.241869 -0.157029
v 0.392223 -0.241869 -0.157029
v 0.047106 -0.425560 -0.155173
v 0.379234 -0.425560 -0.155173
v -0.177406 0.227565 -0.155173
v 0.030406 -0.592552 -0.155173
v 0.395934 -0.592552 -0.155173
v -0.168129 -0.362474 -0.155173
v 0.594469 -0.362474 -0.155173
v 0.117613 -0.540599 -0.155173
v 0.308727 -0.540599 -0.155173
v 0.076793 -0.368041 -0.155173
v 0.349547 -0.368041 -0.155173
v -0.043812 -0.245580 -0.155173
v 0.470152 -0.245580 -0.155173
v 0.188121 -0.434838 -0.155173
v 0.238219 -0.434838 -0.155173
v 0.141734 -0.100853 -0.155173
v 0.284606 -0.100853 -0.155173
v -0.140297 -0.399584 -0.155173
v 0.566637 -0.399584 -0.155173
v -0.112465 -0.067455 -0.155173
v 0.538805 -0.067455 -0.155173
v -0.140297 -0.371752 -0.155173
v 0.566637 -0.371752 -0.155173
v 0.100914 0.927077 -0.155173
v 0.325426 0.927077 -0.155173
v 0.063805 -0.392162 -0.153318
v 0.362535 -0.392162 -0.153318
v -0.188539 -0.362474 -0.153318
v 0.614879 -0.362474 -0.153318
v -0.088344 -0.008080 -0.153318
v 0.514684 -0.008080 -0.153318
v -0.207094 -0.382884 -0.153318
v 0.633434 -0.382884 -0.153318
v 0.097203 -0.583275 -0.153318
v 0.329137 -0.583275 -0.153318
v -0.169984 -0.405150 -0.153318
v 0.596324 -0.405150 -0.153318
v 0.017418 -0.612962 -0.153318
v 0.408922 -0.612962 -0.153318
v 0.106481 -0.570287 -0.153318
v 0.319859 -0.570287 -0.153318
v -0.058656 -0.256712 -0.153318
v 0.484996 -0.256712 -0.153318
v 0.113902 -0.559154 -0.153318
v 0.312438 -0.559154 -0.153318
v 0.214098 -0.427416 -0.153318
v 0.115758 -0.126830 -0.153318
v 0.310582 -0.126830 -0.153318
v -0.214516 -0.399584 -0.153318
v 0.640856 -0.399584 -0.153318
v -0.220082 -0.412572 -0.153318
v 0.646422 -0.412572 -0.153318
v -0.156996 0.196022 -0.153318
v -0.210805 -0.386595 -0.153318
v 0.637145 -0.386595 -0.153318
v -0.216371 -0.401439 -0.151462
v 0.642711 -0.401439 -0.151462
v 0.039684 -0.256712 -0.151462
v 0.386656 -0.256712 -0.151462
v -0.119887 -0.111986 -0.151462
v 0.546227 -0.111986 -0.151462
v -0.162562 -0.412572 -0.151462
v 0.588902 -0.412572 -0.151462
v 0.021129 -0.165795 -0.151462
v 0.405211 -0.165795 -0.151462
v -0.155141 -0.412572 -0.151462
v 0.581481 -0.412572 -0.151462
v 0.121324 -0.529466 -0.151462
v 0.305016 -0.529466 -0.151462
v 0.045250 -0.373607 -0.151462
v 0.381090 -0.373607 -0.151462
v 0.013707 -0.210326 -0.149607
v 0.412633 -0.210326 -0.149607
v 0.039684 -0.269701 -0.149607
v 0.386656 -0.269701 -0.149607
v 0.035973 -0.104564 -0.149607
v 0.390367 -0.104564 -0.149607
v -0.127309 -0.360619 -0.149607
v 0.553648 -0.360619 -0.149607
v 0.340270 0.691432 -0.149607
v -0.064223 -0.136107 -0.149607
v 0.490563 -0.136107 -0.149607
v -0.103187 -0.084154 -0.149607
v 0.529527 -0.084154 -0.149607
v 0.067516 -0.566576 -0.149607
v 0.358824 -0.566576 -0.149607
v 0.041539 -0.284545 -0.149607
v 0.384801 -0.284545 -0.149607
v -0.162562 -0.327220 -0.149607
v 0.588902 -0.327220 -0.149607
v -0.149574 -0.388451 -0.149607
v 0.575914 -0.388451 -0.149607
v 0.047106 -0.336498 -0.149607
v 0.379234 -0.336498 -0.149607
v 0.115758 -0.555443 -0.147751
v 0.310582 -0.555443 -0.147751
v 0.069371 -0.555443 -0.147751
v 0.356969 -0.555443 -0.147751
v -0.155141 0.518873 -0.145896
v -0.079066 0.440944 -0.145896
v 0.507262 0.440944 -0.145896
v -0.090199 -0.262279 -0.145896
v 0.516539 -0.262279 -0.145896
v -0.160707 -0.407005 -0.145896
v 0.587047 -0.407005 -0.145896
v 0.119469 -0.533177 -0.145896
v 0.306871 -0.533177 -0.145896
v 0.026695 -0.599974 -0.144041
v 0.399645 -0.599974 -0.144041
v -0.014125 -0.115697 -0.144041
v 0.440465 -0.115697 -0.144041
v 0.065660 -0.575853 -0.144041
v 0.360680 -0.575853 -0.144041
v 0.134313 0.674733 -0.144041
v 0.292027 0.674733 -0.144041
v -0.093910 -0.032201 -0.142185
v 0.520250 -0.032201 -0.142185
v 0.028551 -0.201048 -0.142185
v 0.397789 -0.201048 -0.142185
v 0.145445 -0.124974 -0.142185
v 0.280895 -0.124974 -0.142185
v 0.052672 -0.627806 -0.142185
v 0.373668 -0.627806 -0.142185
v -0.112465 0.581959 -0.142185
v 0.089781 -0.592552 -0.142185
v 0.336559 -0.592552 -0.142185
v -0.105043 -0.204759 -0.142185
v 0.531383 -0.202904 -0.142185
v -0.017836 -0.123119 -0.142185
v 0.444176 -0.123119 -0.142185
v -0.131019 -0.227025 -0.142185
v 0.557359 -0.227025 -0.142185
v 0.028551 -0.445970 -0.140330
v 0.395934 -0.445970 -0.140330
v 0.073082 -0.538744 -0.140330
v 0.353258 -0.538744 -0.140330
v 0.097203 -0.627806 -0.140330
v 0.329137 -0.627806 -0.140330
v 0.561070 0.201588 -0.140330
v 0.214098 0.685866 -0.140330
v 0.061949 -0.585130 -0.140330
v 0.364391 -0.585130 -0.140330
v 0.561070 0.338893 -0.140330
v -0.058656 0.628346 -0.140330
v 0.037828 -0.395873 -0.138474
v 0.386656 -0.395873 -0.138474
v -0.058656 -0.028490 -0.138474
v 0.484996 -0.028490 -0.138474
v -0.090199 -0.150951 -0.138474
v 0.516539 -0.150951 -0.138474
v 0.054527 -0.084154 -0.138474
v 0.371813 -0.084154 -0.138474
v 0.095348 -0.612962 -0.138474
v 0.330992 -0.612962 -0.138474
v 0.067516 -0.551732 -0.138474
v 0.358824 -0.551732 -0.138474
v 0.022984 -0.627806 -0.138474
v 0.403355 -0.627806 -0.138474
v 0.017418 0.676588 -0.136619
v 0.510973 0.533717 -0.136619
v 0.074938 -0.527611 -0.136619
v 0.351402 -0.527611 -0.136619
v 0.024840 -0.612962 -0.136619
v 0.401500 -0.612962 -0.136619
v 0.193688 0.706276 -0.136619
v -0.038246 -0.267845 -0.134763
v 0.464586 -0.267845 -0.134763
v 0.089781 0.700709 -0.134763
v 0.067516 -0.529466 -0.134763
v 0.358824 -0.529466 -0.134763
v 0.080504 -0.599974 -0.132908
v 0.345836 -0.599974 -0.132908
v -0.036391 0.561549 -0.132908
v 0.464586 0.561549 -0.132908
v 0.099059 -0.132396 -0.132908
v 0.327281 -0.132396 -0.132908
v 0.035973 -0.395873 -0.132908
v -0.082777 -0.189916 -0.132908
v 0.509117 -0.189916 -0.132908
v 0.269762 0.702565 -0.132908
v 0.373668 -0.345775 -0.132908
v 0.050816 -0.345775 -0.132908
v 0.056383 -0.592552 -0.131052
v 0.369957 -0.592552 -0.131052
v 0.388512 -0.395873 -0.131052
v 0.145445 -0.518334 -0.131052
v 0.280895 -0.518334 -0.131052
v 0.160289 -0.462670 -0.131052
v 0.266051 -0.462670 -0.131052
v 0.074938 0.669166 -0.129197
v 0.351402 0.669166 -0.129197
v -0.079066 0.242409 -0.129197
v 0.026695 -0.130541 -0.127341
v 0.399645 -0.130541 -0.127341
v 0.017418 -0.444115 -0.127341
v 0.405211 -0.442259 -0.127341
v 0.507262 -0.215892 -0.127341
v -0.080922 -0.214037 -0.127341
v 0.169566 -0.440404 -0.127341
v 0.256774 -0.440404 -0.127341
v 0.377379 -0.343920 -0.125486
v -0.077211 -0.154662 -0.125486
v 0.503551 -0.154662 -0.125486
v 0.000719 -0.254857 -0.125486
v 0.425621 -0.254857 -0.125486
v 0.074938 -0.627806 -0.125486
v 0.351402 -0.627806 -0.125486
v 0.004430 0.797194 -0.125486
v 0.421910 0.797194 -0.125486
v -0.090199 -0.247435 -0.125486
v 0.516539 -0.247435 -0.125486
v 0.045250 -0.343920 -0.125486
v -0.097621 -0.117552 -0.123630
v 0.523961 -0.117552 -0.123630
v 0.154723 -0.494213 -0.123630
v 0.271617 -0.494213 -0.123630
v 0.074938 -0.612962 -0.123630
v 0.351402 -0.612962 -0.123630
v 0.024840 -0.232591 -0.123630
v 0.401500 -0.232591 -0.123630
v -0.047523 -0.167650 -0.123630
v 0.473863 -0.167650 -0.123630
v 0.173277 -0.425560 -0.121775
v 0.253063 -0.425560 -0.121775
v -0.156996 0.286940 -0.121775
v 0.052672 -0.601830 -0.121775
v 0.373668 -0.601830 -0.121775
v 0.214098 -0.098998 -0.119919
v 0.369957 -0.288256 -0.119919
v 0.052672 -0.288256 -0.119919
v -0.053090 0.199733 -0.119919
v 0.479430 0.199733 -0.119919
v 0.060094 -0.065599 -0.119919
v 0.366246 -0.065599 -0.119919
v 0.045250 -0.627806 -0.119919
v 0.381090 -0.627806 -0.119919
v 0.138024 -0.087865 -0.119919
v 0.288316 -0.087865 -0.119919
v 0.047106 0.839870 -0.118064
v 0.379234 0.839870 -0.118064
v 0.162145 -0.104564 -0.118064
v 0.264195 -0.104564 -0.118064
v 0.063805 -0.126830 -0.118064
v 0.362535 -0.126830 -0.118064
v -0.047523 -0.219603 -0.116208
v 0.475719 -0.217748 -0.116208
v -0.080922 -0.084154 -0.116208
v 0.507262 -0.084154 -0.116208
v 0.048961 -0.612962 -0.116208
v 0.377379 -0.612962 -0.116208
v 0.013707 -0.145384 -0.116208
v 0.416344 -0.145384 -0.116208
v -0.064223 -0.160228 -0.116208
v 0.490563 -0.160228 -0.116208
v 0.214098 0.977174 -0.114353
v 0.043395 -0.204759 -0.114353
v 0.382945 -0.204759 -0.114353
v -0.073500 -0.141673 -0.114353
v 0.499840 -0.141673 -0.114353
v 0.156578 -0.106420 -0.114353
v 0.269762 -0.106420 -0.114353
v -0.077211 0.199733 -0.112498
v 0.503551 0.199733 -0.112498
v 0.214098 -0.421849 -0.112498
v -0.077211 -0.058177 -0.112498
v 0.503551 -0.058177 -0.112498
v 0.112047 -0.369896 -0.112498
v 0.314293 -0.369896 -0.112498
v 0.052672 -0.460814 -0.112498
v 0.371813 -0.460814 -0.112498
v 0.108336 -0.394017 -0.112498
v 0.318004 -0.394017 -0.112498
v 0.041539 -0.223314 -0.112498
v 0.384801 -0.223314 -0.112498
v -0.156996 0.288795 -0.110642
v -0.043812 -0.254857 -0.110642
v 0.470152 -0.254857 -0.110642
v 0.470152 0.593092 -0.110642
v 0.060094 -0.152806 -0.110642
v 0.366246 -0.152806 -0.110642
v 0.091637 -0.458959 -0.110642
v 0.334703 -0.458959 -0.110642
v 0.099059 -0.429271 -0.110642
v 0.327281 -0.429271 -0.110642
v -0.041957 0.095827 -0.110642
v 0.468297 0.095827 -0.110642
v 0.214098 0.966041 -0.110642
v -0.025258 -0.212181 -0.110642
v 0.453453 -0.208470 -0.110642
v 0.052672 -0.184349 -0.108787
v 0.373668 -0.184349 -0.108787
v -0.060512 0.320338 -0.108787
v 0.486852 0.320338 -0.108787
v 0.054527 -0.167650 -0.108787
v 0.371813 -0.167650 -0.108787
v 0.373668 -0.291966 -0.108787
v 0.048961 -0.290111 -0.108787
v 0.060094 -0.392162 -0.108787
v 0.366246 -0.392162 -0.108787
v 0.078649 -0.514623 -0.108787
v 0.347691 -0.514623 -0.108787
v 0.080504 -0.401439 -0.106931
v 0.343981 -0.401439 -0.106931
v -0.056801 -0.021068 -0.106931
v 0.483141 -0.021068 -0.106931
v 0.165856 -0.369896 -0.106931
v 0.260484 -0.369896 -0.106931
v -0.067933 -0.149095 -0.106931
v 0.494274 -0.149095 -0.106931
v -0.038246 -0.160228 -0.106931
v 0.464586 -0.160228 -0.106931
v 0.069371 -0.332787 -0.105076
v 0.356969 -0.332787 -0.105076
v 0.045250 0.615358 -0.105076
v 0.382945 0.615358 -0.105076
v 0.171422 -0.395873 -0.105076
v 0.254918 -0.395873 -0.105076
v 0.095348 0.672877 -0.105076
v 0.330992 0.672877 -0.105076
v 0.002574 -0.188060 -0.105076
v 0.423766 -0.182494 -0.105076
v -0.008559 -0.243724 -0.105076
v 0.434899 -0.243724 -0.105076
v -0.062367 0.077272 -0.103220
v 0.488707 0.077272 -0.103220
v -0.186684 0.368580 -0.103220
v 0.050816 -0.382884 -0.103220
v 0.375523 -0.382884 -0.103220
v -0.084633 0.314772 -0.103220
v 0.510973 0.314772 -0.103220
v 0.084215 -0.490502 -0.101365
v 0.342125 -0.490502 -0.101365
v 0.015563 -0.221459 -0.101365
v 0.410777 -0.221459 -0.101365
v 0.054527 -0.334642 -0.101365
v 0.371813 -0.334642 -0.101365
v 0.112047 -0.566576 -0.099509
v 0.314293 -0.566576 -0.099509
v 0.214098 -0.371752 -0.099509
v 0.076793 -0.401439 -0.099509
v 0.087926 -0.464525 -0.099509
v 0.336559 -0.464525 -0.099509
v 0.214098 -0.395873 -0.099509
v -0.054945 -0.119408 -0.099509
v 0.481285 -0.119408 -0.099509
v 0.347691 -0.401439 -0.097654
v 0.047106 -0.458959 -0.097654
v 0.377379 -0.458959 -0.097654
v 0.334703 -0.347630 -0.097654
v 0.089781 -0.347630 -0.097654
v 0.034117 -0.149095 -0.097654
v 0.392223 -0.149095 -0.097654
v 0.505406 0.296217 -0.097654
v 0.180699 -0.111986 -0.095798
v 0.245641 -0.111986 -0.095798
v 0.527672 0.249830 -0.095798
v 0.071227 -0.163939 -0.095798
v 0.355113 -0.163939 -0.095798
v 0.011852 -0.158373 -0.095798
v 0.414488 -0.158373 -0.095798
v 0.030406 -0.199193 -0.093943
v 0.395934 -0.199193 -0.093943
v 0.043395 -0.167650 -0.093943
v 0.382945 -0.167650 -0.093943
v 0.117613 -0.126830 -0.093943
v 0.308727 -0.126830 -0.093943
v 0.108336 -0.152806 -0.093943
v 0.318004 -0.152806 -0.093943
v -0.006703 -0.154662 -0.093943
v 0.433043 -0.154662 -0.093943
v -0.049379 -0.139818 -0.092087
v 0.475719 -0.139818 -0.092087
v 0.401500 0.646901 -0.092087
v 0.017418 -0.034056 -0.092087
v 0.410777 -0.034056 -0.092087
v 0.117613 -0.499779 -0.090232
v 0.308727 -0.499779 -0.090232
v 0.110191 -0.438548 -0.088376
v 0.314293 -0.438548 -0.088376
v 0.091637 0.691432 -0.088376
v 0.121324 -0.401439 -0.088376
v 0.303160 -0.401439 -0.088376
v 0.065660 -0.182494 -0.086521
v 0.360680 -0.182494 -0.086521
v 0.035973 -0.162084 -0.086521
v 0.390367 -0.162084 -0.086521
v 0.121324 -0.401439 -0.084665
v 0.305016 -0.401439 -0.084665
v 0.082359 -0.462670 -0.084665
v 0.342125 -0.462670 -0.084665
v 0.089781 -0.375462 -0.084665
v 0.336559 -0.375462 -0.084665
v 0.136168 0.643190 -0.084665
v 0.292027 0.643190 -0.084665
v 0.340270 -0.345775 -0.084665
v 0.084215 -0.345775 -0.084665
v 0.175133 -0.117552 -0.084665
v 0.251207 -0.117552 -0.084665
v 0.477574 0.233131 -0.082810
v -0.051234 -0.087865 -0.082810
v 0.477574 -0.087865 -0.082810
v 0.119469 -0.438548 -0.080955
v 0.306871 -0.438548 -0.080955
v 0.175133 -0.139818 -0.080955
v 0.251207 -0.139818 -0.080955
v 0.089781 -0.336498 -0.080955
v 0.336559 -0.336498 -0.080955
v 0.336559 0.680299 -0.079099
v 0.123180 -0.364330 -0.079099
v 0.303160 -0.364330 -0.079099
v 0.061949 -0.206615 -0.077244
v 0.364391 -0.206615 -0.077244
v 0.156578 -0.158373 -0.077244
v 0.269762 -0.158373 -0.077244
v 0.152867 -0.568431 -0.077244
v 0.273473 -0.568431 -0.077244
v 0.115758 -0.401439 -0.077244
v 0.308727 -0.401439 -0.077244
v 0.330992 -0.291966 -0.077244
v 0.093492 -0.291966 -0.075388
v 0.087926 -0.280834 -0.075388
v 0.338414 -0.280834 -0.075388
v 0.104625 -0.436693 -0.075388
v 0.319859 -0.436693 -0.075388
v 0.106481 -0.162084 -0.075388
v 0.319859 -0.162084 -0.075388
v -0.006703 0.008619 -0.075388
v 0.434899 0.008619 -0.075388
v 0.195543 -0.126830 -0.073533
v 0.230797 -0.126830 -0.073533
v 0.089781 -0.265990 -0.073533
v 0.336559 -0.265990 -0.073533
v -0.140297 0.268385 -0.073533
v 0.089781 -0.253002 -0.073533
v 0.336559 -0.253002 -0.073533
v 0.022984 0.661744 -0.071677
v 0.514684 0.401979 -0.069822
v 0.061949 -0.061888 -0.069822
v 0.364391 -0.061888 -0.069822
v -0.166273 0.435377 -0.069822
v -0.014125 -0.123119 -0.069822
v 0.440465 -0.123119 -0.069822
v 0.214098 0.654323 -0.069822
v 0.297594 -0.349486 -0.069822
v 0.126891 -0.349486 -0.069822
v 0.019274 -0.147240 -0.069822
v 0.407066 -0.147240 -0.069822
v -0.051234 0.479909 -0.069822
v 0.477574 0.479909 -0.069822
v 0.332848 -0.295677 -0.067966
v 0.091637 -0.295677 -0.067966
v 0.154723 -0.501634 -0.067966
v 0.271617 -0.501634 -0.067966
v -0.028969 -0.110130 -0.067966
v 0.455309 -0.110130 -0.067966
v 0.130602 -0.401439 -0.067966
v 0.295738 -0.401439 -0.067966
v -0.056801 0.196022 -0.067966
v 0.189977 -0.130541 -0.067966
v 0.236363 -0.130541 -0.067966
v 0.312438 -0.303099 -0.067966
v -0.015980 0.058717 -0.066111
v 0.444176 0.058717 -0.066111
v 0.126891 0.674733 -0.066111
v 0.299449 0.674733 -0.066111
v 0.112047 -0.303099 -0.066111
v 0.061949 -0.086009 -0.066111
v 0.364391 -0.086009 -0.066111
v 0.054527 -0.074877 -0.066111
v 0.371813 -0.074877 -0.066111
v -0.017836 -0.100853 -0.066111
v 0.444176 -0.100853 -0.066111
v -0.038246 -0.089720 -0.064255
v 0.464586 -0.089720 -0.064255
v 0.301305 -0.321654 -0.064255
v 0.510973 0.238698 -0.064255
v 0.214098 -0.150951 -0.064255
v 0.121324 -0.321654 -0.064255
v 0.260484 0.691432 -0.064255
v -0.017836 0.114381 -0.064255
v 0.444176 0.114381 -0.064255
v 0.100914 -0.180638 -0.060544
v 0.325426 -0.180638 -0.060544
v -0.142152 0.346315 -0.060544
v -0.019691 0.296217 -0.060544
v 0.121324 -0.349486 -0.060544
v 0.301305 -0.349486 -0.060544
v 0.158434 -0.440404 -0.058689
v 0.267906 -0.440404 -0.058689
v 0.160289 -0.167650 -0.058689
v 0.266051 -0.167650 -0.058689
v 0.026695 -0.078588 -0.058689
v 0.399645 -0.078588 -0.058689
v -0.047523 0.617213 -0.058689
v 0.128746 -0.394017 -0.058689
v 0.297594 -0.394017 -0.058689
v 0.214098 -0.163939 -0.058689
v 0.318004 -0.306810 -0.058689
v 0.106481 -0.306810 -0.058689
v 0.145445 -0.336498 -0.058689
v 0.280895 -0.336498 -0.058689
v -0.138441 0.500319 -0.056833
v -0.025258 0.171901 -0.056833
v 0.453453 0.171901 -0.056833
v 0.034117 -0.149095 -0.056833
v 0.392223 -0.149095 -0.056833
v 0.091637 0.756373 -0.056833
v 0.336559 0.756373 -0.056833
v -0.015980 -0.047045 -0.056833
v 0.442320 -0.047045 -0.056833
v -0.088344 0.220143 -0.056833
v -0.001137 -0.104564 -0.054978
v 0.427477 -0.104564 -0.054978
v 0.158434 -0.405150 -0.054978
v 0.267906 -0.405150 -0.054978
v 0.117613 -0.323509 -0.054978
v 0.306871 -0.323509 -0.054978
v 0.126891 -0.267845 -0.053123
v 0.299449 -0.267845 -0.053123
v -0.019691 -0.100853 -0.053123
v 0.446031 -0.100853 -0.053123
v 0.492418 0.312916 -0.053123
v 0.139879 -0.078588 -0.053123
v 0.286461 -0.078588 -0.053123
v 0.093492 -0.221459 -0.053123
v 0.332848 -0.221459 -0.053123
v -0.021547 -0.067455 -0.053123
v 0.447887 -0.067455 -0.053123
v -0.097621 0.565260 -0.053123
v 0.214098 -0.169505 -0.051267
v 0.160289 -0.369896 -0.051267
v 0.266051 -0.369896 -0.051267
v -0.051234 0.403834 -0.051267
v 0.477574 0.403834 -0.051267
v 0.160289 -0.375462 -0.051267
v 0.266051 -0.375462 -0.051267
v -0.017836 -0.091576 -0.051267
v 0.444176 -0.091576 -0.051267
v 0.152867 -0.349486 -0.051267
v 0.275328 -0.349486 -0.051267
v 0.106481 0.682155 -0.049412
v -0.021547 -0.039623 -0.049412
v 0.447887 -0.039623 -0.049412
v -0.030824 -0.043334 -0.047556
v 0.457164 -0.043334 -0.047556
v -0.036391 0.240553 -0.047556
v 0.464586 0.240553 -0.047556
v 0.019274 -0.130541 -0.045701
v 0.407066 -0.130541 -0.045701
v -0.045668 0.309205 -0.045701
v 0.472008 0.309205 -0.045701
v 0.138024 -0.342064 -0.045701
v 0.288316 -0.342064 -0.045701
v 0.151012 -0.353197 -0.045701
v 0.275328 -0.353197 -0.045701
v 0.099059 -0.156517 -0.043845
v 0.327281 -0.156517 -0.043845
v 0.206676 -0.171361 -0.043845
v 0.219664 -0.171361 -0.043845
v 0.214098 -0.087865 -0.041990
v 0.058238 -0.041478 -0.041990
v 0.368102 -0.041478 -0.041990
v 0.160289 -0.336498 -0.041990
v 0.266051 -0.336498 -0.041990
v 0.414488 0.290651 -0.040134
v 0.214098 -0.570287 -0.040134
v -0.028969 -0.030345 -0.038279
v 0.455309 -0.030345 -0.038279
v 0.162145 -0.184349 -0.038279
v 0.264195 -0.184349 -0.038279
v -0.001137 -0.110130 -0.038279
v 0.427477 -0.110130 -0.038279
v 0.214098 -0.375462 -0.036423
v 0.479430 0.218287 -0.036423
v 0.178844 -0.327220 -0.036423
v 0.093492 -0.091576 -0.036423
v 0.332848 -0.091576 -0.036423
v 0.249352 -0.327220 -0.036423
v 0.164000 -0.282689 -0.034568
v 0.262340 -0.282689 -0.034568
v 0.176988 -0.366185 -0.034568
v 0.251207 -0.366185 -0.034568
v 0.214098 -0.503490 -0.034568
v 0.470152 0.479909 -0.032712
v 0.214098 -0.186205 -0.032712
v 0.165856 -0.149095 -0.032712
v 0.260484 -0.149095 -0.032712
v 0.169566 -0.366185 -0.032712
v 0.256774 -0.368041 -0.032712
v 0.164000 -0.264134 -0.032712
v 0.262340 -0.264134 -0.032712
v 0.214098 -0.445970 -0.030857
v 0.176988 -0.143529 -0.030857
v 0.249352 -0.143529 -0.030857
v -0.012269 -0.030345 -0.030857
v 0.438609 -0.030345 -0.030857
v 0.214098 -0.444115 -0.030857
v 0.188121 -0.262279 -0.029001
v 0.238219 -0.262279 -0.029001
v 0.176988 -0.332787 -0.029001
v 0.164000 -0.247435 -0.029001
v 0.262340 -0.247435 -0.029001
v 0.214098 -0.408861 -0.029001
v 0.251207 -0.330931 -0.029001
v 0.108336 -0.069310 -0.029001
v 0.318004 -0.069310 -0.029001
v 0.164000 -0.219603 -0.027146
v 0.262340 -0.219603 -0.027146
v 0.214098 -0.373607 -0.027146
v 0.058238 -0.128685 -0.027146
v 0.368102 -0.128685 -0.027146
v 0.214098 -0.336498 -0.027146
v 0.006285 -0.095287 -0.025291
v 0.420055 -0.095287 -0.025291
v 0.214098 -0.243724 -0.025291
v 0.306871 0.656178 -0.025291
v 0.206676 -0.186205 -0.025291
v 0.219664 -0.186205 -0.025291
v 0.214098 -0.310521 -0.023435
v -0.118031 0.414967 -0.023435
v 0.191832 -0.351341 -0.023435
v 0.214098 0.771217 -0.023435
v 0.214098 -0.219603 -0.023435
v 0.234508 -0.351341 -0.023435
v 0.214098 -0.262279 -0.023435
v 0.460875 0.370436 -0.023435
v 0.052672 0.648756 -0.023435
v -0.021547 -0.039623 -0.023435
v 0.447887 -0.039623 -0.023435
v 0.214098 0.667311 -0.021580
v 0.214098 -0.282689 -0.021580
v 0.171422 -0.126830 -0.021580
v 0.254918 -0.126830 -0.021580
v 0.191832 -0.360619 -0.019724
v 0.234508 -0.360619 -0.019724
v 0.436754 0.541139 -0.019724
v 0.188121 -0.349486 -0.019724
v 0.197398 -0.347630 -0.019724
v 0.228942 -0.347630 -0.019724
v 0.240074 -0.349486 -0.019724
v 0.008141 -0.035912 -0.017869
v 0.418199 -0.035912 -0.017869
v 0.214098 -0.438548 -0.017869
v 0.197398 -0.375462 -0.017869
v 0.228942 -0.375462 -0.017869
v 0.097203 -0.147240 -0.017869
v 0.329137 -0.147240 -0.017869
v 0.151012 -0.095287 -0.016013
v 0.275328 -0.095287 -0.016013
v -0.006703 -0.058177 -0.016013
v 0.433043 -0.058177 -0.016013
v 0.206676 -0.221459 -0.016013
v 0.219664 -0.221459 -0.016013
v 0.214098 -0.312377 -0.016013
v 0.214098 0.784205 -0.016013
v 0.214098 -0.386595 -0.014158
v 0.214098 -0.384740 -0.014158
v 0.056383 0.004909 -0.014158
v 0.369957 0.004909 -0.014158
v 0.214098 -0.338353 -0.014158
v 0.212242 -0.340209 -0.012302
v 0.373668 0.350026 -0.012302
v 0.160289 -0.139818 -0.012302
v 0.266051 -0.139818 -0.012302
v 0.212242 -0.382884 -0.012302
v 0.052672 -0.056322 -0.012302
v 0.373668 -0.056322 -0.012302
v 0.139879 -0.054466 -0.008591
v 0.286461 -0.054466 -0.008591
v 0.214098 -0.334642 -0.008591
v -0.092055 0.476198 -0.006736
v 0.238219 0.676588 -0.006736
v -0.015980 0.600514 -0.004880
v 0.034117 -0.082298 -0.004880
v 0.392223 -0.082298 -0.004880
v 0.468297 0.292506 -0.004880
v -0.112465 0.324049 -0.004880
v 0.212242 -0.360619 -0.004880
v 0.104625 -0.119408 -0.003025
v 0.321715 -0.119408 -0.003025
v 0.056383 0.055006 -0.003025
v 0.369957 0.055006 -0.003025
v 0.214098 -0.392162 -0.003025
v 0.054527 0.114381 -0.001169
v 0.373668 0.114381 -0.001169
v 0.351402 0.606080 0.000686
v 0.017418 0.502174 0.002541
v 0.408922 0.502174 0.002541
v -0.056801 0.546705 0.004397
v 0.017418 0.032741 0.004397
v 0.408922 0.032741 0.004397
v 0.433043 0.457643 0.006252
v 0.212242 0.671022 0.006252
v 0.214098 -0.060033 0.009963
v 0.152867 0.669166 0.009963
v 0.214098 0.769362 0.009963
v 0.047106 0.175612 0.011819
v 0.379234 0.175612 0.011819
v -0.002992 0.012330 0.011819
v 0.429332 0.012330 0.011819
v 0.405211 0.524440 0.011819
v 0.184410 0.841725 0.013674
v 0.241930 0.841725 0.013674
v 0.214098 0.852858 0.013674
v 0.189977 0.671022 0.015530
v 0.271617 0.645045 0.015530
v 0.165856 0.804616 0.022952
v 0.260484 0.804616 0.022952
v 0.015563 0.418678 0.024807
v 0.410777 0.418678 0.024807
v 0.436754 0.350026 0.030374
v 0.035973 0.244264 0.030374
v 0.392223 0.244264 0.030374
v 0.141734 -0.000658 0.030374
v 0.286461 -0.000658 0.030374
v 0.410777 0.268385 0.030374
v 0.021129 0.316627 0.035940
v 0.405211 0.316627 0.035940
v 0.030406 0.246120 0.035940
v 0.214098 0.839870 0.037795
v -0.027113 0.272096 0.039651
v 0.139879 0.116237 0.039651
v 0.288316 0.116237 0.039651
v 0.306871 0.583815 0.041506
v 0.193688 0.830592 0.043362
v 0.232652 0.830592 0.043362
v -0.080922 0.390846 0.045217
v 0.141734 0.053151 0.045217
v 0.284606 0.053151 0.045217
v 0.214098 0.695143 0.045217
v 0.169566 0.760084 0.047073
v 0.256774 0.760084 0.047073
v 0.119469 0.517018 0.048928
v 0.308727 0.517018 0.048928
v 0.132457 0.632057 0.052639
v 0.132457 0.179323 0.054495
v 0.293883 0.179323 0.054495
v 0.397789 0.435377 0.054495
v 0.180699 0.808326 0.056350
v 0.245641 0.808326 0.056350
v 0.214098 0.802760 0.058206
v 0.364391 0.500319 0.060061
v 0.214098 -0.000658 0.060061
v 0.189977 0.630202 0.065628
v -0.053090 0.457643 0.067483
v 0.349547 0.498463 0.069338
v 0.234508 0.633912 0.069338
v 0.214098 0.119948 0.071194
v 0.019274 0.583815 0.071194
v 0.214098 0.524440 0.071194
v 0.180699 0.780494 0.071194
v 0.245641 0.780494 0.071194
v 0.366246 0.329616 0.073049
v 0.191832 0.730397 0.074905
v 0.236363 0.730397 0.074905
v 0.251207 0.574538 0.074905
v 0.126891 0.246120 0.076760
v 0.301305 0.246120 0.076760
v -0.019691 0.526295 0.076760
v 0.214098 0.800905 0.076760
v 0.121324 0.427955 0.078616
v 0.306871 0.427955 0.078616
v 0.282750 0.377858 0.078616
v 0.214098 0.179323 0.080471
v 0.364391 0.424245 0.084182
v 0.193688 0.758229 0.086038
v 0.232652 0.758229 0.086038
v 0.210387 0.630202 0.086038
v 0.191832 0.071705 0.086038
v 0.234508 0.071705 0.086038
v 0.312438 0.485475 0.087893
v 0.019274 0.344459 0.087893
v 0.214098 0.721120 0.089749
v 0.355113 0.346315 0.089749
v 0.125035 0.320338 0.089749
v 0.301305 0.320338 0.089749
v 0.214098 0.748952 0.091604
v 0.214098 0.051295 0.091604
v 0.308727 0.283229 0.093460
v 0.112047 0.570827 0.093460
v 0.327281 0.411256 0.095315
v 0.115758 0.324049 0.097170
v 0.214098 0.073561 0.097170
v 0.189977 0.572682 0.100881
v 0.217809 0.309205 0.102737
v 0.214098 0.433522 0.104592
v 0.214098 0.247975 0.104592
v 0.254918 0.483619 0.106448
v 0.249352 0.249830 0.113870
v 0.260484 0.572682 0.113870
v 0.214098 0.324049 0.115725
v 0.214098 0.589381 0.115725
v 0.052672 0.418678 0.117581
v 0.189977 0.422389 0.123147
v 0.086070 0.498463 0.123147
v 0.164000 0.403834 0.126858
v 0.143590 0.281373 0.128713
v 0.189977 0.489186 0.132424
v 0.164000 0.234987 0.134280
v 0.217809 0.572682 0.134280
v 0.214098 0.576393 0.137991
v 0.149156 0.381569 0.139846
v 0.227086 0.405690 0.141702
v 0.173277 0.489186 0.145413
v 0.277184 0.487330 0.147268
v 0.108336 0.361159 0.160256
v 0.082359 0.277662 0.160256
v 0.221520 0.487330 0.165823
v 0.154723 0.439088 0.167678
v 0.178844 0.355592 0.167678
v 0.275328 0.387135 0.171389
v 0.084215 0.238698 0.171389
v 0.219664 0.309205 0.176956
v 0.126891 0.407545 0.182522
v 0.197398 0.487330 0.182522
v 0.202965 0.420534 0.184377
v 0.143590 0.279518 0.186233
v 0.169566 0.372291 0.188088
v 0.063805 0.351881 0.193655
v 0.026695 0.288795 0.195510
v 0.119469 0.335182 0.197366
v 0.086070 0.272096 0.197366
v 0.095348 0.385280 0.199221
v 0.178844 0.429811 0.202932
v 0.082359 0.316627 0.206643
v 0.021129 0.268385 0.206643
v 0.147301 0.388991 0.210354
v 0.028551 0.285084 0.217776
v 0.030406 0.309205 0.217776
v 0.060094 0.374147 0.217776
v 0.106481 0.363014 0.223342
v 0.067516 0.331471 0.225198
v 0.026695 0.359303 0.228909
v 0.063805 0.351881 0.238186
v -0.025258 0.318483 0.238186
v 0.026695 0.370436 0.240042
v 0.028551 0.346315 0.249319
v 0.026695 0.357448 0.251174
v -0.001137 0.376002 0.269729
vn 0.6884 -0.5235 0.5020
vn -0.5681 0.8102 0.1447
vn 0.5293 0.8439 0.0873
vn 0.4028 0.6484 -0.6460
vn 0.5212 -0.6028 0.6041
vn 0.8452 0.1690 -0.5071
vn 0.8902 -0.0654 0.4509
vn 0.5340 -0.8421 0.0758
vn 0.3876 0.5747 -0.7207
vn 0.4775 0.8748 -0.0818
vn -0.5216 0.5279 -0.6702
vn -0.8148 -0.1478 0.5606
vn 0.4398 -0.3769 0.8152
vn -0.3984 -0.3753 0.8369
vn 0.2922 0.3732 -0.8806
vn -0.8867 -0.4551 0.0819
vn 0.8351 -0.4075 0.3695
vn 0.8951 -0.1213 0.4291
vn -0.9349 -0.2937 0.1992
vn 0.9060 -0.0256 0.4225
vn -0.4968 0.8168 -0.2934
vn 0.5199 -0.3727 0.7686
vn 0.6800 0.0377 -0.7322
vn -0.8677 -0.4969 0.0083
vn -0.9888 -0.0364 -0.1445
vn 0.8572 -0.5126 0.0497
vn 0.6186 0.7813 0.0828
vn -0.3831 -0.8637 0.3276
vn 0.1431 0.8954 -0.4216
vn -0.1600 0.8758 -0.4554
vn 0.3213 0.3320 -0.8869
vn -0.4359 0.1458 -0.8881
vn -0.2312 -0.0122 -0.9728
vn -0.8275 0.3087 -0.4689
vn 0.8046 -0.1433 0.5762
vn -0.9088 -0.2718 0.3165
vn -0.4805 0.5210 -0.7055
vn 0.4338 0.5390 -0.7221
vn -0.8708 0.0117 -0.4915
vn 0.6896 0.1869 -0.6996
vn 0.7342 0.1465 0.6629
vn -0.4598 0.8242 -0.3305
vn 0.7631 -0.2492 0.5963
vn 0.9897 0.0532 0.1329
vn 0.9042 0.4217 -0.0679
vn -0.6916 -0.7084 0.1411
vn -0.8688 0.4277 -0.2496
vn 0.7388 -0.1694 0.6523
vn -0.8643 -0.2008 0.4612
vn 0.7381 -0.0760 -0.6704
vn -0.3930 -0.8361 0.3829
vn -0.9649 -0.1167 -0.2353
vn 0.8781 -0.1694 0.4476
vn -0.4974 0.5810 -0.6442
vn 0.4856 0.6094 -0.6268
vn -0.8432 -0.2256 0.4881
vn 0.7567 -0.1034 0.6455
vn -0.8277 -0.1196 0.5482
vn -0.3932 0.7345 -0.5531
vn 0.4028 0.7371 -0.5426
vn -0.7140 0.5233 -0.4652
vn -0.9937 -0.0443 -0.1031
vn 0.9490 0.2656 -0.1697
vn -0.7439 -0.5833 0.3263
vn -0.8679 0.3840 -0.3150
vn 0.9021 0.1800 -0.3922
vn 0.4965 -0.8601 0.1174
vn -0.8115 0.0588 -0.5814
vn 0.8466 0.0258 -0.5315
vn -0.5512 0.0295 -0.8338
vn -0.8327 0.2888 -0.4725
vn 0.7948 0.3912 -0.4641
vn -0.3921 0.8543 -0.3411
vn -0.5707 -0.1171 0.8128
vn -0.4198 -0.8308 0.3655
vn 0.3471 0.7279 -0.5914
vn -0.7741 -0.5028 0.3846
vn -0.8546 0.4122 -0.3159
vn -0.4368 0.7925 0.4255
vn 0.5218 0.1565 0.8386
vn 0.8484 -0.1480 0.5082
vn 0.9136 0.1243 -0.3870
vn -0.9882 0.0074 -0.1531
vn -0.9534 -0.1498 0.2617
vn 0.4940 0.7462 0.4463
vn 0.5086 -0.2027 -0.8368
vn -0.7120 0.2162 -0.6681
vn 0.3600 0.8884 -0.2849
vn -0.3344 0.8965 -0.2905
vn 0.7160 0.2840 -0.6377
vn 0.8477 0.4285 -0.3126
vn -0.7060 0.6685 -0.2338
vn -0.5918 0.3851 -0.7081
vn -0.5414 -0.3968 0.7412
vn -0.5933 0.6917 -0.4118
vn 0.9078 -0.1359 0.3967
vn -0.6108 -0.6642 0.4310
vn -0.3264 0.8862 -0.3289
vn 0.6477 -0.5360 0.5415
vn 0.3370 0.8814 -0.3310
vn -0.9315 -0.2348 0.2776
vn -0.8058 -0.4500 0.3849
vn 0.7316 0.6556 -0.1870
vn -0.6648 0.7223 -0.1908
vn -0.7092 -0.2003 -0.6760
vn -0.5645 0.2207 -0.7954
vn 0.4936 0.2199 -0.8414
vn -0.6261 0.2916 0.7231
vn 0.1811 0.9012 -0.3937
vn 0.1661 -0.9057 0.3900
vn -0.8755 -0.1950 0.4422
vn -0.6514 0.4566 0.6059
vn -0.9062 0.1442 -0.3976
vn -0.8427 0.1874 -0.5048
vn 0.8117 0.2278 -0.5378
vn 0.9225 -0.3816 0.0587
vn 0.8356 0.5396 0.1032
vn -0.5819 0.5099 -0.6335
vn -0.8456 -0.3984 0.3553
vn 0.8920 -0.3078 0.3310
vn -0.9733 0.0349 -0.2268
vn -0.6581 0.6974 -0.2839
vn -0.8804 -0.4667 0.0846
vn 0.6455 0.6918 -0.3237
vn -0.3291 0.9379 -0.1096
vn 0.3621 0.9262 -0.1048
vn 0.4025 -0.8853 0.2328
vn 0.3956 0.8870 -0.2382
vn -0.8887 -0.1255 0.4409
vn -0.5612 -0.8039 -0.1972
vn 0.8034 0.5423 -0.2458
vn -0.7567 0.6272 -0.1844
vn -0.3358 0.9324 -0.1338
vn -0.3420 -0.9280 0.1478
vn 0.8529 -0.3370 0.3987
vn 0.8457 0.3326 -0.4173
vn -0.1652 -0.9159 -0.3658
vn 0.1732 -0.9130 -0.3693
vn -0.9318 -0.2135 0.2937
vn -0.1769 -0.6630 0.7274
vn -0.1340 0.6712 -0.7291
vn 0.9386 -0.1794 0.2948
vn 0.6612 -0.6228 -0.4182
vn 0.6780 0.6163 0.4006
vn 0.7611 -0.6482 0.0230
vn 0.5082 -0.3744 0.7756
vn 0.7644 0.5636 -0.3133
vn 0.9201 -0.0774 0.3839
vn -0.8772 -0.1233 0.4640
vn -0.9231 -0.3765 -0.0783
vn 0.9476 -0.3159 -0.0486
vn 0.0878 -0.0651 -0.9940
vn 0.0878 0.0651 0.9940
vn -0.7869 -0.6158 -0.0402
vn 0.4442 -0.8796 -0.1705
vn -0.4464 -0.8866 -0.1210
vn 0.3375 -0.1270 0.9327
vn 0.3375 0.1270 -0.9327
vn -0.2246 -0.0793 -0.9712
vn 0.2246 -0.0793 -0.9712
vn -0.9762 -0.2046 0.0723
vn 0.9602 -0.2744 0.0520
vn -0.7166 0.6869 -0.1207
vn 0.6953 0.6882 -0.2073
vn -0.2688 -0.2184 0.9381
vn 0.2688 -0.2184 0.9381
vn 0.9466 0.2659 -0.1823
vn -0.9811 0.1841 0.0599
vn 0.4114 -0.9115 -0.0023
vn 0.8762 -0.4773 -0.0663
vn -0.1139 -0.8924 -0.4367
vn 0.1150 -0.8915 -0.4382
vn 0.7013 0.3975 -0.5917
vn 0.2968 -0.9549 -0.0135
vn -0.3029 -0.9529 -0.0117
vn -0.5407 0.3311 -0.7733
vn -0.3676 -0.1102 0.9234
vn 0.3676 -0.1102 0.9234
vn 0.2404 -0.1976 0.9504
vn -0.2443 -0.1978 0.9493
vn 0.4544 -0.2709 0.8486
vn -0.4544 -0.2709 0.8486
vn 0.8662 -0.3012 0.3986
vn 0.8600 0.3153 -0.4013
vn 0.1143 0.3923 -0.9127
vn 0.2608 0.4720 -0.8421
vn 0.2608 -0.4720 0.8421
vn 0.2414 -0.3191 -0.9165
vn 0.2414 0.3191 0.9165
vn 0.6456 0.0281 -0.7632
vn 0.6456 -0.0281 0.7632
vn 0.6152 -0.4368 0.6563
vn -0.6152 -0.4368 0.6563
vn -0.7236 -0.0887 0.6845
vn -0.7236 0.0887 -0.6845
vn -0.4317 -0.4540 0.7795
vn -0.4317 0.4540 -0.7795
vn -0.5710 -0.0007 0.8210
vn 0.5710 -0.0007 0.8210
vn -0.1760 0.4047 -0.8974
vn -0.1780 -0.4033 0.8976
vn 0.1085 0.5966 0.7951
vn -0.1085 0.5966 0.7951
vn 0.4308 0.4859 -0.7605
vn 0.4308 -0.4859 0.7605
vn 0.6084 -0.4004 0.6852
vn 0.6135 0.4299 -0.6625
vn -0.5297 0.0311 0.8476
vn 0.5297 0.0311 0.8476
vn 0.1875 -0.9258 0.3281
vn -0.1875 -0.9258 0.3281
vn -0.8280 0.0425 0.5591
vn 0.8280 0.0425 0.5591
vn -0.0829 -0.2689 0.9596
vn 0.0739 -0.2656 0.9612
vn -0.3708 -0.9282 0.0311
vn 0.2937 0.4086 0.8642
vn 0.2973 -0.4081 -0.8632
vn -0.4079 -0.7492 0.5218
vn 0.4079 -0.7492 0.5218
vn 0.6089 -0.5799 -0.5413
vn -0.4528 0.1949 -0.8701
vn 0.4528 0.1949 -0.8701
vn 0.6737 -0.3270 0.6628
vn 0.7333 0.1833 -0.6547
vn -0.7333 0.1833 -0.6547
vn -0.5047 -0.3189 0.8022
vn 0.5047 -0.3189 0.8022
vn -0.5482 -0.7921 0.2684
vn 0.5482 -0.7921 0.2684
vn -0.9655 -0.0535 -0.2549
vn 0.9879 -0.0556 -0.1450
vn -0.5219 0.8193 0.2376
vn -0.5574 -0.7902 -0.2545
vn -0.5287 -0.1001 -0.8429
vn 0.5287 -0.1001 -0.8429
vn -0.8715 0.3996 0.2843
vn -0.8433 -0.3897 -0.3700
vn 0.6209 -0.1767 -0.7637
vn -0.6209 -0.1767 -0.7637
vn -0.3722 -0.4045 0.8354
vn -0.9364 -0.3490 -0.0369
vn 0.5284 -0.3419 -0.7771
vn -0.5284 -0.3419 -0.7771
vn -0.0932 0.6087 -0.7879
vn 0.0946 0.6097 -0.7870
vn 0.7252 -0.0133 -0.6884
vn -0.7252 -0.0133 -0.6884
vn 0.7595 -0.6470 -0.0676
vn -0.7579 -0.6353 -0.1479
vn -0.5283 0.1605 0.8338
vn 0.5283 0.1605 0.8338
vn -0.7689 -0.0771 0.6347
vn 0.7689 -0.0771 0.6347
vn 0.5979 -0.4770 0.6442
vn -0.6002 -0.4963 0.6273
vn -0.9651 0.2413 0.1016
vn 0.8756 -0.3644 0.3171
vn -0.8628 -0.3858 0.3268
vn 0.9561 0.2923 -0.0212
vn 0.9417 -0.3196 0.1050
vn 0.4334 -0.5024 -0.7482
vn -0.9290 -0.0330 -0.3685
vn 0.7129 0.1615 -0.6824
vn 0.7129 -0.1615 0.6824
vn 0.2828 0.6239 -0.7285
vn -0.2918 0.7017 0.6500
vn 0.5829 0.3458 0.7352
vn -0.5796 0.3426 0.7394
vn -0.6834 0.1967 0.7031
vn 0.6834 0.1967 0.7031
vn 0.7063 0.3090 0.6369
vn 0.7169 -0.3316 -0.6132
vn -0.6617 0.1583 0.7329
vn 0.6617 0.1583 0.7329
vn -0.4439 0.5318 0.7212
vn 0.4439 0.5318 0.7212
vn 0.1726 -0.7506 -0.6378
vn 0.1726 0.7506 0.6378
vn -0.2732 -0.6351 -0.7225
vn -0.2750 0.6332 0.7235
vn -0.2619 -0.9408 0.2153
vn 0.2619 -0.9408 0.2153
vn -0.7466 -0.1891 0.6378
vn -0.7466 0.1891 -0.6378
vn -0.4530 0.8395 0.3001
vn 0.4135 0.8490 0.3291
vn 0.8967 -0.4368 -0.0716
vn 0.8967 0.4208 0.1373
vn -0.6963 0.2652 -0.6670
vn 0.6963 0.2652 -0.6670
vn -0.5657 0.4586 -0.6853
vn 0.5716 0.4495 -0.6865
vn -0.8101 0.5741 0.1191
vn 0.8050 0.5814 0.1180
vn -0.2502 0.9667 0.0534
vn -0.2502 -0.9667 -0.0534
vn 0.7376 -0.2429 0.6300
vn -0.0389 0.8292 -0.5576
vn -0.9306 -0.1202 0.3458
vn 0.9281 -0.1043 0.3575
vn -0.5385 -0.8203 -0.1927
vn 0.5427 -0.8256 -0.1543
vn 0.3753 -0.6516 0.6592
vn -0.3753 -0.6516 0.6592
vn -0.8072 0.0104 0.5901
vn -0.8072 -0.0104 -0.5901
vn 0.1284 -0.8373 0.5314
vn -0.1255 -0.8375 0.5318
vn -0.6977 0.3122 0.6447
vn 0.6977 0.3122 0.6447
vn 0.6071 0.5597 -0.5640
vn -0.6021 0.5453 -0.5833
vn 0.9760 -0.2173 -0.0160
vn -0.9745 -0.2147 -0.0646
vn 0.4196 -0.6713 -0.6110
vn 0.4196 0.6713 0.6110
vn 0.7138 -0.2422 0.6571
vn 0.1052 0.7602 -0.6411
vn 0.1022 -0.7575 0.6448
vn 0.6363 0.5713 0.5183
vn -0.6391 0.5735 0.5125
vn 0.1157 -0.8255 0.5524
vn -0.1137 -0.8265 0.5513
vn 0.4714 -0.7499 0.4642
vn -0.4714 -0.7499 0.4642
vn -0.7719 -0.3412 -0.5364
vn 0.7753 -0.3530 -0.5238
vn -0.1395 0.6042 0.7845
vn 0.1395 0.6042 0.7845
vn -0.8598 0.2252 0.4582
vn -0.8567 -0.2342 -0.4595
vn 0.5333 -0.1539 -0.8318
vn -0.5333 -0.1539 -0.8318
vn 0.2360 0.8002 0.5513
vn -0.2374 0.8015 0.5488
vn 0.3562 -0.8439 -0.4013
vn -0.3523 -0.8466 -0.3990
vn 0.6006 0.7569 -0.2575
vn 0.6006 -0.7569 0.2575
vn 0.7552 -0.5568 -0.3459
vn 0.1041 -0.9003 0.4226
vn -0.9094 -0.4130 0.0494
vn -0.9037 0.4217 -0.0745
vn -0.3962 0.1227 -0.9099
vn 0.4154 0.1193 -0.9018
vn -0.6835 0.2218 0.6955
vn 0.6835 0.2218 0.6955
vn 0.1954 -0.8722 0.4483
vn 0.1934 0.8751 -0.4436
vn 0.1025 -0.8940 0.4362
vn 0.2353 0.0102 -0.9719
vn -0.2353 0.0102 -0.9719
vn -0.3698 0.2977 -0.8801
vn -0.3748 -0.2977 0.8780
vn 0.1532 -0.0782 0.9851
vn -0.1602 -0.0768 0.9841
vn -0.7138 0.3652 -0.5976
vn 0.7138 0.3652 -0.5976
vn 0.1413 -0.2650 0.9538
vn -0.1413 -0.2650 0.9538
vn -0.0894 0.8854 -0.4561
vn 0.0927 0.8826 -0.4610
vn 0.4968 -0.8530 0.1598
vn 0.4968 0.8530 -0.1598
vn -0.8918 0.4516 -0.0262
vn 0.8918 0.4516 -0.0262
vn 0.4227 -0.2621 0.8675
vn -0.3938 0.3364 -0.8555
vn -0.3996 -0.3361 0.8528
vn 0.4244 0.8815 -0.2068
vn -0.7299 -0.4957 0.4707
vn 0.7299 -0.4957 0.4707
vn 0.1068 -0.8661 0.4884
vn 0.1068 0.8661 -0.4884
vn -0.6646 -0.2249 0.7126
vn 0.1239 -0.5460 -0.8286
vn 0.1239 0.5460 0.8286
vn -0.5098 0.0726 0.8572
vn 0.1464 -0.4699 0.8705
vn -0.2095 -0.0267 -0.9774
vn 0.2095 -0.0267 -0.9774
vn 0.3784 -0.1822 0.9075
vn 0.3784 0.1822 -0.9075
vn -0.4556 0.6488 0.6094
vn 0.4556 0.6488 0.6094
vn 0.0419 0.1677 0.9850
vn -0.0419 0.1677 0.9850
vn -0.2011 0.8911 -0.4069
vn 0.2044 0.8878 -0.4124
vn 0.9123 0.2563 -0.3195
vn -0.9123 0.2563 -0.3195
vn 0.7242 0.4952 0.4799
vn -0.5292 -0.5980 0.6020
vn -0.6040 0.5959 -0.5293
vn -0.4067 0.3458 -0.8456
vn -0.4132 -0.3455 0.8426
vn 0.8120 -0.4965 -0.3066
vn -0.8054 -0.5053 -0.3098
vn -0.6787 -0.6018 -0.4211
vn -0.6860 0.6016 0.4093
vn -0.0952 -0.9155 0.3910
vn 0.0923 -0.9158 0.3908
vn -0.4356 0.8441 0.3128
vn 0.4314 0.8440 0.3188
vn -0.1749 -0.8203 -0.5446
vn 0.1783 -0.8199 -0.5440
vn 0.5689 0.7533 -0.3299
vn 0.5689 -0.7533 0.3299
vn 0.5693 -0.3955 -0.7207
vn 0.5533 0.4290 0.7140
vn 0.3776 -0.2202 0.8994
vn -0.3776 -0.2202 0.8994
vn 0.9988 0.0169 -0.0469
vn 0.9970 0.0657 0.0407
vn 0.1305 -0.9914 -0.0047
vn 0.1348 0.9909 0.0048
vn -0.7170 -0.0836 -0.6921
vn 0.8317 0.4667 0.3007
vn -0.8416 0.4544 0.2919
vn 0.4125 0.7459 0.5229
vn -0.4072 0.3322 -0.8508
vn -0.4144 -0.3316 0.8475
vn 0.3388 -0.3269 0.8822
vn 0.3388 0.3269 -0.8822
vn 0.3324 -0.5886 0.7369
vn 0.3324 0.5886 -0.7369
vn 0.9315 -0.3411 0.1266
vn 0.9315 0.3411 -0.1266
vn -0.2818 0.2346 -0.9303
vn 0.2818 0.2346 -0.9303
vn 0.5196 0.7597 -0.3910
vn 0.3813 -0.3655 0.8491
vn -0.3813 -0.3655 0.8491
vn -0.3707 0.7918 0.4854
vn 0.3755 0.7902 0.4843
vn 0.3341 0.7179 0.6107
vn -0.3306 0.7220 0.6078
vn -0.1814 -0.9230 0.3392
vn 0.1777 -0.9227 0.3421
vn -0.8882 -0.4171 0.1928
vn 0.8833 -0.4285 0.1900
vn 0.5056 -0.2461 0.8269
vn -0.3250 0.4078 -0.8533
vn 0.3250 0.4078 -0.8533
vn 0.6444 -0.0341 -0.7640
vn 0.6444 0.0341 0.7640
vn 0.3990 -0.3574 0.8445
vn -0.4066 -0.3567 0.8411
vn -0.2611 -0.1069 0.9594
vn -0.2611 0.1069 -0.9594
vn 0.0397 0.6202 -0.7834
vn 0.0397 -0.6202 0.7834
vn -0.3746 0.8436 -0.3847
vn -0.3746 -0.8436 0.3847
vn 0.8979 0.1043 0.4277
vn 0.3883 -0.3661 0.8457
vn -0.3883 -0.3661 0.8457
vn -0.3360 0.8851 -0.3220
vn 0.3360 0.8851 -0.3220
vn -0.1705 0.3907 0.9046
vn 0.1705 0.3907 0.9046
vn 0.2156 0.9534 0.2110
vn -0.4903 -0.7409 -0.4590
vn -0.4941 0.7416 0.4537
vn -0.4943 0.4413 -0.7489
vn 0.4943 0.4413 -0.7489
vn -0.1488 0.9455 -0.2896
vn 0.1488 0.9455 -0.2896
vn -0.1504 -0.9808 0.1242
vn 0.1504 -0.9808 0.1242
vn -0.7859 0.4978 0.3668
vn 0.8009 0.4868 0.3488
vn -0.8557 -0.3003 -0.4214
vn 0.5183 -0.0682 -0.8525
vn -0.9402 -0.3088 -0.1440
vn 0.9402 -0.3088 -0.1440
vn -0.1203 0.9538 -0.2755
vn -0.1229 -0.9528 0.2775
vn 0.3954 -0.7368 0.5484
vn -0.3954 -0.7368 0.5484
vn 0.4603 0.8429 -0.2785
vn -0.4603 0.8429 -0.2785
vn -0.3894 0.4612 -0.7973
vn -0.2730 -0.9460 -0.1750
vn 0.2730 -0.9460 -0.1750
vn 0.9755 -0.1785 0.1283
vn -0.9836 -0.1707 0.0588
vn 0.0976 -0.0078 0.9952
vn -0.4509 -0.6624 0.5983
vn -0.0668 -0.7097 -0.7013
vn 0.0681 -0.7097 -0.7012
vn -0.1982 -0.9263 -0.3206
vn -0.2023 0.9255 0.3202
vn -0.5991 0.7964 0.0825
vn 0.5991 0.7964 0.0825
vn -0.0285 0.9638 -0.2652
vn 0.3713 0.3531 -0.8588
vn -0.3713 0.3531 -0.8588
vn 0.4722 -0.4796 -0.7396
vn -0.4722 -0.4796 -0.7396
vn 0.6703 -0.7387 -0.0711
vn -0.2523 0.0182 -0.9675
vn 0.2610 0.0182 -0.9652
vn -0.2425 -0.0000 -0.9701
vn -0.2510 -0.0000 0.9680
vn -0.4304 0.6861 -0.5866
vn -0.4304 -0.6861 0.5866
vn -0.8654 -0.4168 -0.2781
vn -0.8706 0.4174 0.2604
vn 0.9371 0.1924 0.2912
vn -0.9416 0.1948 0.2749
vn -0.2431 0.0473 -0.9689
vn -0.2515 -0.0472 0.9667
vn 0.1967 0.9289 0.3137
vn -0.1967 0.9289 0.3137
vn -0.0342 0.0957 -0.9948
vn 0.0335 0.0903 -0.9953
vn -0.0189 0.0703 -0.9973
vn -0.0155 -0.0696 0.9975
vn 0.7634 0.6288 0.1477
vn -0.7634 0.6287 0.1477
vn -0.1457 -0.0046 -0.9893
vn 0.1488 -0.0047 -0.9889
vn 0.1196 -0.0222 0.9926
vn -0.1225 -0.0227 0.9922
vn 0.5842 -0.1315 0.8008
vn 0.1071 -0.1775 0.9783
vn -0.1112 -0.1737 0.9785
vn -0.1359 -0.0450 -0.9897
vn -0.1388 0.0450 0.9893
vn -0.4504 -0.0459 -0.8916
vn -0.4504 0.0459 0.8916
vn 0.3367 -0.0981 0.9365
vn 0.7857 -0.4834 -0.3860
vn 0.2920 0.0369 0.9557
vn 0.2115 0.7675 0.6052
vn 0.2115 -0.7675 -0.6052
vn 0.3376 0.9318 -0.1330
vn -0.3376 0.9318 -0.1330
vn -0.8564 -0.0109 -0.5162
vn 0.2086 0.9606 0.1834
vn -0.2086 0.9606 0.1834
vn -0.8133 -0.4538 -0.3641
vn 0.8024 -0.4469 -0.3954
vn 0.1061 -0.2923 0.9504
vn 0.1061 0.2923 -0.9504
vn 0.4281 -0.0000 0.9037
vn -0.4281 -0.0000 0.9037
vn 0.4975 0.0609 -0.8653
vn 0.3998 -0.0126 0.9165
vn -0.3998 -0.0126 0.9165
vn -0.3010 0.8461 0.4399
vn -0.3010 -0.8461 -0.4399
vn -0.0872 0.3505 -0.9325
vn 0.0831 0.3609 -0.9289
vn 0.0056 -0.8381 -0.5456
vn -0.0056 -0.8381 -0.5456
vn -0.1425 0.2157 -0.9660
vn 0.1496 0.2202 -0.9639
vn 0.0893 -0.3858 0.9182
vn -0.0918 -0.3856 0.9181
vn -0.6776 -0.6725 -0.2976
vn 0.6018 -0.7307 -0.3224
vn 0.6018 0.7307 0.3224
vn -0.3686 0.4419 -0.8178
vn 0.3686 0.4419 -0.8178
vn 0.4270 -0.8926 -0.1445
vn -0.4270 -0.8926 -0.1445
vn -0.9174 0.3058 0.2548
vn 0.9174 0.3058 0.2548
vn 0.3615 -0.3269 0.8732
vn -0.3615 -0.3269 0.8732
vn 0.8046 -0.2060 -0.5570
vn -0.7965 -0.2192 -0.5635
vn 0.5607 -0.7755 0.2903
vn -0.5607 -0.7755 0.2903
vn -0.5415 0.6883 0.4827
vn 0.5415 0.6883 0.4827
vn 0.8098 -0.5586 -0.1794
vn -0.8098 -0.5586 -0.1794
vn 0.0511 0.2302 0.9718
vn 0.0534 -0.2302 -0.9717
vn 0.4150 0.6143 0.6711
vn 0.4150 -0.6143 -0.6711
vn -0.0746 0.3530 -0.9326
vn 0.0777 0.3527 -0.9325
vn -0.2850 -0.1403 -0.9482
vn 0.2850 -0.1403 -0.9482
vn 0.2712 -0.1969 -0.9422
vn -0.1086 -0.0442 -0.9931
vn -0.1086 0.0442 0.9931
vn -0.9919 0.0739 0.1029
vn 0.9919 0.0739 0.1029
vn 0.5585 -0.8055 -0.1982
vn -0.5585 -0.8055 -0.1982
vn 0.2189 0.5165 -0.8278
vn -0.2189 0.5165 -0.8278
vn -0.4401 -0.0234 0.8976
vn 0.4401 -0.0234 0.8976
vn -0.3201 0.7642 0.5600
vn -0.3271 -0.7639 -0.5563
vn -0.1889 0.4130 -0.8909
vn 0.1889 0.4130 -0.8909
vn -0.9131 -0.2263 -0.3391
vn -0.3845 -0.1515 -0.9106
vn 0.3845 -0.1515 -0.9106
vn -0.9053 0.0812 0.4170
vn 0.9111 0.0780 0.4048
vn 0.2015 -0.3908 0.8981
vn -0.2015 -0.3908 0.8981
vn 0.0886 0.9958 0.0235
vn 0.1404 -0.9881 -0.0621
vn -0.2301 -0.2491 0.9408
vn 0.2301 -0.2491 0.9408
vn 0.0287 -0.5561 -0.8306
vn -0.0287 -0.5561 -0.8306
vn 0.1024 -0.9307 -0.3512
vn -0.1074 -0.9295 -0.3528
vn -0.6276 0.7673 -0.1322
vn 0.6266 0.7657 -0.1450
vn 0.2655 -0.9612 0.0753
vn 0.2733 0.9587 -0.0789
vn 0.4042 -0.1667 -0.8993
vn -0.4042 -0.1667 -0.8993
vn -0.2832 0.4248 -0.8598
vn -0.2832 -0.4248 0.8598
vn -0.0789 0.9814 -0.1752
vn 0.0572 0.9688 -0.2412
vn -0.5348 -0.6249 -0.5687
vn -0.5376 0.6177 0.5740
vn -0.3734 -0.5819 0.7225
vn -0.3066 0.2843 -0.9084
vn -0.3066 -0.2843 0.9084
vn -0.1412 -0.0321 0.9895
vn 0.1412 -0.0321 0.9895
vn -0.1786 0.5185 -0.8363
vn -0.1786 -0.5185 0.8363
vn -0.7760 0.2760 0.5671
vn -0.3429 0.3620 -0.8668
vn 0.3429 0.3620 -0.8668
vn 0.2227 -0.1774 0.9586
vn 0.2227 0.1774 -0.9586
vn -0.2468 -0.6374 0.7299
vn 0.2468 -0.6374 0.7299
vn -0.1025 0.5598 -0.8223
vn 0.1025 0.5598 -0.8223
vn 0.5753 0.0349 0.8172
vn 0.5753 -0.0349 -0.8172
vn -0.5818 -0.0306 -0.8127
vn -0.5818 0.0306 0.8127
vn -0.3511 0.2071 -0.9131
vn 0.3511 0.2071 -0.9131
vn 0.7049 0.2127 0.6767
vn 0.7049 -0.2127 -0.6767
vn -0.6433 0.0470 -0.7642
vn 0.6433 0.0470 -0.7642
vn 0.0852 -0.9019 -0.4234
vn -0.0852 -0.9019 -0.4234
vn -0.6540 0.3389 0.6764
vn 0.6513 0.3022 0.6960
vn -0.0950 0.9954 -0.0117
vn -0.0950 -0.9954 0.0117
vn -0.3689 -0.0031 0.9295
vn 0.3689 -0.0031 0.9295
vn -0.7668 0.2662 -0.5841
vn 0.7668 0.2662 -0.5841
vn -0.6885 0.1901 -0.6998
vn 0.6885 0.1901 -0.6998
vn -0.7796 0.6194 -0.0921
vn -0.4622 -0.1813 0.8680
vn -0.1128 0.8546 -0.5069
vn 0.1158 0.8543 -0.5068
vn 0.9087 -0.2939 0.2964
vn 0.6399 -0.0843 0.7639
vn -0.6399 -0.0843 0.7639
vn -0.9240 -0.2430 0.2953
vn -0.4662 0.4522 -0.7604
vn -0.4662 -0.4522 0.7604
vn -0.2287 -0.8253 0.5163
vn 0.1781 0.1196 0.9767
vn 0.1781 -0.1196 -0.9767
vn 0.5575 0.7312 -0.3930
vn 0.5575 -0.7312 0.3930
vn -0.8459 0.1336 0.5164
vn 0.2874 0.7663 -0.5747
vn -0.2874 0.7663 -0.5747
vn 0.1191 0.9419 0.3140
vn 0.1191 -0.9419 -0.3140
vn 0.7289 -0.4731 0.4949
vn 0.4011 0.0703 0.9133
vn 0.4011 -0.0703 -0.9133
vn 0.3545 -0.3631 -0.8617
vn -0.3545 -0.3631 -0.8617
vn 0.1711 0.2725 0.9468
vn -0.1711 0.2725 0.9468
vn -0.2169 0.0109 -0.9761
vn -0.2169 -0.0109 0.9761
vn -0.5777 0.1725 0.7978
vn 0.5777 0.1725 0.7978
vn -0.8177 0.3220 -0.4771
vn 0.8132 0.3336 -0.4769
vn -0.2525 -0.9656 0.0620
vn 0.2827 -0.9521 0.1164
vn 0.7490 0.0083 -0.6625
vn 0.7478 0.0207 0.6636
vn -0.2034 0.0751 -0.9762
vn 0.2034 0.0751 -0.9762
vn 0.2245 0.1347 0.9651
vn -0.2245 0.1347 0.9651
vn 0.4583 0.8886 -0.0175
vn -0.4859 0.8739 -0.0126
vn 0.5328 -0.0789 0.8426
vn 0.5328 0.0789 -0.8426
vn -0.6355 0.0186 -0.7719
vn 0.8017 0.0502 -0.5956
vn 0.7893 -0.0630 0.6107
vn -0.1274 0.9449 0.3016
vn 0.1274 0.9449 0.3016
vn 0.8549 -0.1997 0.4788
vn -0.8549 -0.1997 0.4788
vn 0.4357 0.8609 0.2626
vn -0.4357 0.8609 0.2626
vn 0.7402 0.0320 -0.6716
vn 0.7554 -0.0217 0.6550
vn 0.3778 0.2158 -0.9004
vn -0.8151 0.2208 -0.5356
vn 0.8181 0.1952 -0.5410
vn 0.3095 0.8736 0.3756
vn 0.5309 -0.4027 -0.7457
vn -0.5309 -0.4027 -0.7457
vn -0.2822 0.1881 -0.9407
vn -0.2894 -0.1884 0.9385
vn -0.6535 0.0654 0.7541
vn -0.6535 -0.0654 -0.7541
vn -0.7529 -0.1014 0.6503
vn -0.7509 0.0992 -0.6530
vn -0.6425 0.0152 0.7661
vn -0.6425 -0.0152 -0.7661
vn -0.6520 0.0941 0.7523
vn -0.6520 -0.0941 -0.7523
vn 0.3336 -0.5712 -0.7499
vn -0.3387 -0.5695 -0.7489
vn -0.4483 0.0780 -0.8905
vn -0.4589 -0.0774 0.8851
vn 0.4514 -0.0923 0.8875
vn -0.4514 -0.0923 0.8875
vn 0.2883 0.3689 0.8836
vn -0.2883 0.3689 0.8836
vn 0.0386 -0.9841 0.1736
vn 0.0395 0.9841 -0.1730
vn 0.9230 0.0823 0.3759
vn 0.9230 -0.0823 -0.3759
vn -0.1333 -0.5734 -0.8084
vn 0.1393 -0.5730 -0.8076
vn 0.2003 -0.3237 0.9247
vn -0.2003 -0.3237 0.9247
vn 0.4385 0.8978 0.0398
vn -0.4466 0.8938 0.0415
vn -0.2721 0.2061 0.9399
vn -0.2721 -0.2061 -0.9399
vn 0.3867 0.6173 -0.6851
vn 0.2775 -0.1553 0.9481
vn 0.2775 0.1553 -0.9481
vn 0.8276 -0.4496 0.3359
vn -0.8276 -0.4496 0.3359
vn 0.1376 -0.2874 0.9479
vn -0.1376 -0.2874 0.9479
vn -0.1006 0.3406 0.9348
vn 0.1006 0.3406 0.9348
vn 0.3075 -0.1889 -0.9326
vn -0.3075 -0.1889 -0.9326
vn 0.1514 -0.7742 0.6146
vn 0.1514 0.7742 -0.6146
vn -0.7279 0.1636 -0.6659
vn -0.7279 -0.1636 0.6659
vn 0.6049 0.7532 0.2586
vn -0.6049 0.7532 0.2586
vn -0.2065 -0.1239 -0.9706
vn 0.2065 -0.1239 -0.9706
vn 0.2860 0.9518 -0.1107
vn -0.2860 0.9518 -0.1107
vn -0.8499 0.4274 -0.3080
vn -0.8499 -0.4274 0.3080
vn -0.4526 0.6714 -0.5869
vn 0.4526 0.6714 -0.5869
vn -0.8829 0.1529 0.4439
vn -0.0452 -0.9986 0.0256
vn 0.0452 -0.9986 0.0256
vn -0.4487 0.6766 0.5839
vn 0.4552 0.6749 0.5808
vn -0.8773 0.4066 -0.2550
vn 0.3959 -0.7637 0.5099
vn 0.9006 -0.3963 -0.1785
vn 0.9006 0.3963 0.1785
vn -0.5712 -0.7667 -0.2931
vn -0.5712 0.7667 0.2931
vn 0.8579 -0.4351 0.2732
vn -0.8579 -0.4351 0.2732
vn 0.9794 -0.0401 -0.1981
vn -0.9794 -0.0401 -0.1981
vn -0.3612 -0.1642 0.9179
vn 0.5255 0.4004 0.7507
vn -0.5255 0.4004 0.7507
vn -0.6793 -0.2504 -0.6898
vn 0.6793 -0.2504 -0.6898
vn 0.3873 0.5696 0.7250
vn -0.3873 0.5696 0.7250
vn 0.8399 0.2629 0.4748
vn -0.8399 0.2629 0.4748
vn 0.8817 -0.0214 0.4712
vn -0.8817 -0.0214 0.4712
vn -0.9615 0.1648 0.2198
vn 0.9615 0.1648 0.2198
vn -0.8648 -0.1383 -0.4827
vn 0.8648 -0.1383 -0.4827
vn -0.9110 -0.2954 -0.2878
vn 0.8724 0.0890 0.4807
vn -0.8724 0.0890 0.4807
vn -0.6614 0.7338 0.1550
vn 0.6614 0.7338 0.1550
vn -0.1697 0.9845 0.0450
vn -0.1819 -0.9822 -0.0459
vn -0.2432 0.8771 -0.4143
vn 0.2432 0.8771 -0.4143
vn -0.8451 -0.2944 -0.4463
vn 0.8451 -0.2944 -0.4463
vn -0.4177 0.9016 0.1121
vn -0.1337 -0.7600 -0.6360
vn 0.1353 -0.7572 -0.6391
vn 0.2459 0.1052 0.9636
vn -0.2459 0.1052 0.9636
vn -0.0000 -1.0000 -0.0000
vn 0.0316 0.2070 -0.9778
vn -0.0316 0.2070 -0.9778
vn 0.2442 0.9368 -0.2506
vn 0.5824 0.7851 0.2107
vn 0.5743 -0.7894 -0.2167
vn 0.8930 -0.0548 0.4466
vn -0.1151 -0.9933 -0.0022
vn 0.8920 0.0776 0.4454
vn -0.8920 0.0776 0.4454
vn -0.0824 0.0856 -0.9929
vn 0.0824 0.0856 -0.9929
vn -0.8945 -0.1052 -0.4345
vn -0.8945 0.1052 0.4345
vn -0.1903 0.9081 -0.3729
vn 0.1903 0.9081 -0.3729
vn -0.9829 0.1542 -0.1002
vn 0.9829 0.1542 -0.1002
vn 0.2331 0.9107 0.3410
vn -0.2331 0.9107 0.3410
vn 0.8135 -0.5377 -0.2216
vn -0.8135 -0.5377 -0.2216
vn 0.8996 0.0880 0.4277
vn -0.8996 0.0880 0.4277
vn -0.4776 0.8298 -0.2887
vn 0.4776 0.8298 -0.2887
vn 0.2862 0.9494 0.1294
vn -0.2797 0.9511 0.1315
vn 0.6139 -0.7894 -0.0000
vn 0.6139 0.7894 -0.0000
vn -0.9396 -0.0989 0.3278
vn -0.0933 -0.9484 -0.3032
vn 0.0933 -0.9484 -0.3032
vn -0.7421 -0.6364 -0.2102
vn 0.7657 -0.6087 -0.2080
vn 0.6818 0.7208 0.1249
vn -0.6818 0.7208 0.1249
vn -0.9707 -0.1036 -0.2168
vn 0.9707 -0.1037 -0.2168
vn -0.9205 -0.0327 -0.3894
vn -0.6892 0.6672 -0.2824
vn -0.6892 -0.6672 0.2824
vn -0.4746 0.8077 0.3497
vn 0.4746 0.8077 0.3497
vn -0.8595 0.2858 -0.4237
vn -0.8595 -0.2858 0.4237
vn -0.4213 0.6689 0.6124
vn 0.4213 0.6689 0.6124
vn 0.7889 -0.6111 0.0647
vn 0.5496 -0.7093 -0.4415
vn -0.5496 -0.7093 -0.4415
vn 0.1031 -0.9843 -0.1435
vn -0.1031 -0.9843 -0.1435
vn 0.9016 0.4185 0.1097
vn -0.9016 0.4185 0.1097
vn 0.7584 -0.6058 0.2405
vn -0.7584 -0.6058 0.2405
vn -0.6846 0.6164 0.3892
vn -0.6846 -0.6164 -0.3892
vn 0.7493 -0.5287 -0.3988
vn -0.7493 -0.5287 -0.3988
vn -0.2603 0.9649 -0.0357
vn 0.2603 0.9649 -0.0357
vn -0.6021 0.6881 -0.4050
vn 0.6021 0.6881 -0.4050
vn 0.4773 -0.8290 0.2916
vn -0.4773 -0.8290 0.2916
vn 0.9396 -0.3382 -0.0526
vn 0.9396 0.3382 0.0526
vn 0.4441 -0.8958 -0.0156
vn -0.4441 -0.8958 -0.0156
vn 0.9953 -0.0905 -0.0348
vn 0.9953 0.0905 0.0348
vn 0.8304 -0.5562 -0.0313
vn -0.8304 -0.5562 -0.0313
vn -0.7250 0.2951 -0.6223
vn 0.7250 0.2951 -0.6223
vn 0.9978 -0.0636 -0.0196
vn -0.9978 -0.0636 -0.0196
vn -0.9861 0.1630 0.0323
vn -0.9861 -0.1630 -0.0323
vn -0.6932 0.4369 -0.5732
vn 0.6932 0.4369 -0.5732
vn 0.8505 0.1275 0.5103
vn -0.8505 0.1275 0.5103
vn -0.1474 0.8847 0.4423
vn 0.1474 0.8847 0.4423
vn 0.5774 -0.5773 -0.5774
vn -0.5774 -0.5773 -0.5774
vn -0.7497 0.4730 0.4629
vn 0.7497 0.4730 0.4629
vn -0.7934 0.0338 -0.6077
vn -0.7934 -0.0338 0.6077
vn 0.4786 -0.6870 -0.5467
vn 0.4786 0.6870 0.5467
vn -0.9912 -0.0212 0.1304
vn -0.9912 0.0212 -0.1304
vn -0.4112 -0.7148 0.5657
vn -0.8589 0.3073 -0.4097
vn 0.8589 0.3073 -0.4097
vn -0.8000 -0.0000 -0.6000
vn 0.8000 -0.0000 -0.6000
vn 0.9372 0.1103 0.3308
vn 0.9372 -0.1103 -0.3308
vn -0.8010 -0.5857 -0.1240
vn 0.9308 -0.2758 0.2398
vn 0.7666 0.0639 0.6389
vn -0.7666 0.0639 0.6389
vn 0.8639 -0.2592 -0.4319
vn -0.8639 -0.2591 -0.4319
vn -0.9825 -0.1729 0.0696
vn -0.9838 0.1715 -0.0527
vn 0.5601 -0.6259 -0.5427
vn -0.5601 -0.6259 -0.5427
vn -0.3123 -0.9483 0.0569
vn 0.2402 -0.9700 0.0374
vn 0.6125 -0.5829 -0.5339
vn -0.6125 -0.5829 -0.5339
vn -0.9352 0.3293 -0.1305
vn 0.9208 0.3628 -0.1429
vn -0.9157 0.1182 0.3840
vn 0.9157 0.1182 0.3840
vn -0.5219 -0.8528 -0.0189
vn -0.4472 0.8944 -0.0000
vn -0.9920 -0.0658 0.1081
vn 0.9933 0.0353 -0.1104
vn -0.9939 -0.0043 -0.1105
vn 0.9643 -0.2543 0.0736
vn 0.9766 0.2065 -0.0596
vn 0.9952 0.0802 -0.0557
vn -0.9954 0.0787 -0.0546
vn 0.9944 0.0215 -0.1036
vn -0.9953 0.0400 -0.0879
vn -0.7381 0.4680 -0.4860
vn 0.7381 0.4680 -0.4860
vn 0.9314 0.1860 -0.3129
vn -0.9210 0.1798 -0.3456
vn -0.5088 -0.8588 -0.0597
vn 0.5088 -0.8588 -0.0597
vn -0.9722 -0.2214 0.0767
vn 0.9722 -0.2214 0.0767
vn 0.9623 -0.1924 -0.1924
vn -0.9623 -0.1924 -0.1924
vn 0.9883 0.0299 -0.1497
vn -0.9883 0.0299 -0.1497
vn -0.9806 -0.0000 0.1962
vn 0.9806 -0.0000 0.1962
vn -0.2457 -0.9611 -0.1261
vn 0.2457 -0.9611 -0.1261
vn 0.6708 -0.6175 0.4109
vn -0.6708 -0.6175 0.4109
vn -0.9648 0.2631 -0.0000
vn 0.9648 0.2631 -0.0000
vn -0.9491 0.0089 0.3148
vn -0.6258 0.7040 -0.3357
vn 0.6258 0.7040 -0.3357
vn 0.5689 -0.0316 0.8218
vn -0.5689 -0.0316 0.8218
vn -0.5709 0.4729 0.6711
vn -0.5709 -0.4729 -0.6711
vn 0.5579 -0.0507 0.8283
vn 0.5579 0.0507 -0.8283
vn -0.4711 0.1927 -0.8608
vn 0.4711 0.1927 -0.8608
vn 0.5640 0.6410 0.5205
vn 0.5640 -0.6410 -0.5205
vn 0.9787 0.1836 -0.0923
vn -0.9767 0.1847 -0.1096
vn 0.0433 0.9270 0.3725
vn -0.0433 0.9270 0.3725
vn 0.8551 -0.1992 -0.4787
vn -0.8551 -0.1992 -0.4787
vn -0.8663 0.4648 -0.1831
vn 0.6024 -0.7741 0.1948
vn -0.6024 -0.7741 0.1948
vn -0.5206 -0.8312 -0.1951
vn 0.5276 -0.8259 -0.1991
vn 0.9519 0.0405 0.3038
vn -0.9519 0.0405 0.3038
vn -0.8400 0.5133 -0.1759
vn -0.8400 -0.5133 0.1759
vn 0.8038 -0.1968 0.5614
vn -0.9505 0.2742 -0.1462
vn 0.9505 0.2742 -0.1462
vn 0.3093 -0.7421 -0.5946
vn -0.3093 -0.7421 -0.5946
vn -0.4974 0.8634 0.0845
vn -0.7370 0.2907 -0.6101
vn 0.7370 0.2907 -0.6101
vn -0.8626 -0.3964 -0.3144
vn -0.5515 -0.8329 0.0453
vn 0.5515 -0.8329 0.0453
vn 0.9325 0.3021 -0.1980
vn 0.9325 -0.3021 0.1980
vn -0.9001 0.0937 -0.4254
vn 0.8320 -0.0000 0.5547
vn 0.8320 -0.0000 -0.5547
vn -0.9781 0.1924 0.0793
vn -0.9781 -0.1924 -0.0793
vn 0.3491 0.8540 -0.3857
vn -0.9760 -0.2150 0.0343
vn 0.9760 -0.2150 0.0342
vn 0.7785 -0.2365 0.5814
vn -0.7785 -0.2365 0.5814
vn -0.7400 0.4377 0.5107
vn 0.7400 0.4377 0.5107
vn 0.7951 0.6061 -0.0195
vn -0.7951 0.6061 -0.0195
vn -0.9875 -0.1543 0.0309
vn 0.9875 -0.1543 0.0309
vn 0.1713 -0.9851 -0.0119
vn 0.1713 0.9851 0.0119
vn 0.7557 -0.2519 0.6045
vn -0.7557 -0.2519 0.6045
vn 0.8290 0.3640 0.4247
vn -0.9803 -0.1932 0.0405
vn 0.9803 -0.1932 0.0405
vn -0.7291 -0.6619 0.1740
vn -0.7291 0.6619 -0.1740
vn 0.8049 -0.1039 0.5842
vn -0.8049 -0.1039 0.5842
vn 0.5873 -0.6641 -0.4627
vn -0.5873 -0.6641 -0.4627
vn 0.1617 -0.8924 0.4213
vn -0.1617 -0.8924 0.4212
vn 0.7762 -0.5922 0.2164
vn -0.9052 -0.0915 0.4150
vn 0.9115 -0.0863 0.4022
vn -0.7340 0.5744 -0.3622
vn -0.7340 -0.5744 0.3622
vn -0.9444 -0.1046 0.3119
vn -0.9444 0.1046 -0.3119
vn -0.7906 0.5082 -0.3416
vn 0.7906 0.5082 -0.3416
vn -0.5658 0.7211 -0.3999
vn -0.5658 -0.7211 0.3999
vn 0.9289 -0.0281 0.3692
vn -0.2276 -0.9718 -0.0612
vn 0.4598 -0.8455 -0.2717
vn 0.4598 0.8455 0.2717
vn -0.7996 0.4622 0.3834
vn -0.7996 -0.4622 -0.3834
vn 0.8643 -0.3954 -0.3110
vn -0.8643 -0.3954 -0.3110
vn -0.8423 -0.4920 -0.2201
vn -0.8392 0.4911 0.2335
vn 0.3665 -0.8552 0.3665
vn 0.3665 0.8552 -0.3665
vn 0.8618 -0.4168 -0.2892
vn -0.8618 -0.4168 -0.2892
vn -0.9455 -0.2009 -0.2561
vn -0.9455 0.2009 0.2561
vn -0.5588 0.3810 -0.7366
vn 0.5588 0.3810 -0.7366
vn -0.8049 0.4838 0.3436
vn -0.8049 -0.4838 -0.3436
vn 0.6042 -0.6249 -0.4944
vn -0.6042 -0.6249 -0.4944
vn -0.9335 0.2334 0.2722
vn 0.9335 0.2334 0.2722
vn -0.8489 0.2297 0.4761
vn 0.8489 0.2297 0.4761
vn 0.1410 -0.9534 -0.2667
vn -0.1410 -0.9534 -0.2667
vn -0.9503 0.2591 0.1728
vn 0.9503 0.2591 0.1728
vn -0.5864 -0.3049 0.7505
vn 0.9428 -0.2357 -0.2357
vn -0.9428 -0.2357 -0.2357
vn 0.5794 -0.3310 0.7448
vn 0.5794 0.3310 -0.7448
vn -0.4897 0.7625 0.4228
vn 0.4897 0.7625 0.4228
vn 0.8618 -0.4278 -0.2725
vn 0.3858 -0.8210 -0.4208
vn -0.3858 -0.8210 -0.4208
vn -0.5338 0.6475 -0.5439
vn 0.5338 0.6475 -0.5439
vn 0.8445 -0.4649 -0.2660
vn -0.8445 -0.4649 -0.2660
vn 0.5934 -0.6594 0.4616
vn -0.5934 -0.6594 0.4616
vn 0.0737 0.9447 -0.3195
vn -0.0737 0.9447 -0.3195
vn -0.5022 0.7284 0.4662
vn 0.7939 0.6067 -0.0413
vn 0.7939 -0.6067 0.0413
vn -0.9543 0.0777 -0.2885
vn 0.9543 0.0777 -0.2885
vn -0.0312 -0.9985 -0.0442
vn 0.0312 -0.9985 -0.0442
vn 0.8111 -0.4866 0.3245
vn -0.8111 -0.4866 0.3245
vn 0.6669 -0.6036 0.4369
vn 0.6669 0.6036 -0.4369
vn -0.3200 0.9237 0.2107
vn 0.3200 0.9237 0.2107
vn 0.8849 0.4478 -0.1279
vn -0.8849 0.4478 -0.1279
vn 0.6282 -0.5004 -0.5957
vn 0.6282 0.5004 0.5957
vn -0.8598 -0.0318 0.5096
vn -0.8598 0.0318 -0.5096
vn 0.5970 -0.4696 -0.6504
vn 0.5970 0.4696 0.6504
vn -0.9090 -0.1237 -0.3980
vn 0.9090 -0.1237 -0.3980
vn -0.3030 -0.9244 -0.2319
vn -0.3030 0.9244 0.2319
vn -0.9947 -0.0654 0.0790
vn 0.9947 -0.0654 0.0790
vn 0.0059 -0.9840 -0.1782
vn -0.0059 -0.9840 -0.1782
vn 0.9968 -0.0483 -0.0633
vn -0.9968 -0.0483 -0.0633
vn -0.9904 -0.1238 0.0619
vn -0.9904 0.1238 -0.0619
vn -0.9202 -0.3560 -0.1625
vn 0.9202 -0.3560 -0.1625
vn -0.9924 -0.1063 0.0620
vn 0.9924 -0.1063 0.0620
vn -0.8543 0.5034 -0.1297
vn 0.8543 0.5034 -0.1297
vn -0.9247 0.1735 0.3388
vn 0.9247 0.1735 0.3388
vn 0.8360 -0.3251 0.4421
vn -0.8360 -0.3251 0.4421
vn 0.5642 -0.6210 -0.5441
vn -0.5642 -0.6210 -0.5441
vn -0.6687 0.7188 -0.1904
vn 0.1792 -0.9148 -0.3620
vn -0.1792 -0.9148 -0.3620
vn 0.2291 -0.9693 0.0895
vn -0.2477 -0.9646 0.0902
vn -0.7667 0.5400 -0.3472
vn -0.7667 -0.5400 0.3472
vn -0.7945 -0.4872 0.3625
vn -0.3744 0.9152 -0.1490
vn 0.3744 0.9152 -0.1490
vn 0.2146 0.9444 -0.2490
vn 0.7652 0.4071 -0.4987
vn -0.5420 0.6850 0.4868
vn 0.5420 0.6850 0.4868
vn 0.4730 -0.4889 -0.7330
vn -0.4790 -0.4870 -0.7303
vn 0.8437 -0.4894 0.2207
vn -0.8437 -0.4894 0.2207
vn -0.8533 0.2852 -0.4365
vn -0.8533 -0.2852 0.4365
vn -0.7460 0.4307 -0.5079
vn -0.5004 0.7148 0.4885
vn 0.5004 0.7148 0.4885
vn 0.9338 0.3441 0.0983
vn -0.8115 -0.5399 0.2235
vn -0.8115 0.5399 -0.2235
vn 0.4602 -0.8053 -0.3739
vn 0.4602 0.8053 0.3739
vn 0.1077 0.9929 0.0503
vn -0.1077 0.9929 0.0503
vn -0.1333 0.9647 0.2270
vn -0.1349 -0.9641 -0.2289
vn 0.8751 0.3747 -0.3063
vn -0.8751 0.3747 -0.3063
vn -0.3905 0.4513 0.8024
vn -0.3905 -0.4513 -0.8024
vn 0.8754 -0.3706 0.3103
vn -0.8754 -0.3706 0.3103
vn 0.2618 0.6108 -0.7472
vn -0.2618 0.6108 -0.7472
vn -0.9883 0.1363 -0.0682
vn 0.9883 0.1363 -0.0682
vn -0.8014 0.3795 0.4623
vn 0.8014 0.3795 0.4623
vn -0.8061 -0.2716 0.5257
vn 0.8061 -0.2716 0.5257
vn 0.8611 -0.4196 0.2871
vn -0.8611 -0.4196 0.2871
vn -0.7675 0.5006 -0.4004
vn 0.7675 0.5006 -0.4004
vn 0.1503 -0.7737 -0.6154
vn 0.1503 0.7737 0.6154
vn -0.2590 0.3420 -0.9033
vn -0.2590 -0.3420 0.9033
vn 0.9465 -0.0838 0.3118
vn -0.9465 -0.0838 0.3118
vn 0.8260 0.4536 0.3345
vn -0.7881 -0.1819 -0.5880
vn 0.7881 -0.1819 -0.5880
vn 0.3585 -0.2314 0.9044
vn -0.3585 -0.2314 0.9044
vn -0.4598 -0.4661 -0.7558
vn -0.9173 0.2663 -0.2959
vn 0.9173 0.2663 -0.2959
vn -0.6247 -0.2367 0.7441
vn -0.6247 0.2367 -0.7441
vn -0.9730 0.0714 0.2193
vn 0.4543 -0.6639 -0.5940
vn -0.4543 -0.6639 -0.5940
vn 0.9150 -0.2127 -0.3429
vn 0.9319 0.1838 0.3126
vn -0.7421 0.3797 0.5523
vn 0.7421 0.3797 0.5523
vn -0.0000 1.0000 -0.0000
vn -0.7770 0.6224 -0.0943
vn 0.0288 -0.0276 0.9992
vn 0.0288 0.0276 -0.9992
vn 0.0892 -0.1403 -0.9861
vn -0.0892 -0.1403 -0.9861
vn 0.8775 -0.2380 0.4164
vn 0.8775 0.2380 -0.4164
vn -0.5037 0.8569 -0.1100
vn 0.6379 -0.3240 -0.6986
vn -0.6379 -0.3240 -0.6986
vn 0.4468 -0.4149 -0.7926
vn -0.4468 -0.4149 -0.7926
vn 0.3026 -0.2767 0.9121
vn 0.3026 0.2767 -0.9121
vn -0.3707 -0.9239 -0.0950
vn 0.4041 -0.9091 -0.1010
vn -0.4082 -0.4083 0.8165
vn 0.4083 -0.4083 0.8165
vn -0.0185 -0.2389 -0.9709
vn -0.4320 -0.4695 0.7700
vn -0.4320 0.4695 -0.7700
vn 0.1437 0.0927 0.9853
vn -0.1437 0.0927 0.9853
vn -0.0348 0.0933 -0.9950
vn -0.0348 -0.0933 0.9950
vn -0.8409 0.3729 0.3923
vn 0.0268 -0.6702 0.7417
vn -0.0268 -0.6702 0.7417
vn 0.4834 0.0967 -0.8701
vn -0.4834 0.0967 -0.8701
vn -0.8426 -0.3628 -0.3979
vn 0.5575 -0.4308 0.7096
vn -0.5575 -0.4308 0.7096
vn -0.8425 0.5382 0.0223
vn 0.8425 0.5382 0.0223
vn 0.8999 0.0850 0.4278
vn -0.9048 0.0615 0.4214
vn -0.2708 -0.9493 -0.1598
vn -0.2678 0.9506 0.1570
vn -0.5497 0.2457 0.7984
vn 0.5497 0.2457 0.7984
vn 0.5547 -0.0000 0.8320
vn -0.5547 -0.0000 0.8320
vn 0.5422 0.0022 -0.8402
vn 0.5422 -0.0022 0.8402
vn 0.5576 -0.4020 -0.7262
vn -0.5576 -0.4020 -0.7262
vn -0.0952 -0.1508 -0.9840
vn -0.0952 0.1508 0.9840
vn -0.0597 0.2231 0.9730
vn 0.0597 0.2231 0.9730
vn 0.3827 -0.4710 -0.7948
vn -0.3960 -0.4681 -0.7900
vn -0.4831 0.6340 0.6038
vn -0.4831 -0.6340 -0.6038
vn -0.4066 0.6299 0.6617
vn 0.4066 0.6299 0.6617
vn 0.8960 0.1531 0.4169
vn 0.5623 -0.0982 0.8211
vn 0.5623 0.0982 -0.8211
vn 0.9159 -0.0229 0.4007
vn -0.9149 -0.0534 0.4002
vn -0.4957 0.4394 0.7492
vn -0.4957 -0.4394 -0.7492
vn -0.6883 -0.2294 -0.6882
vn 0.2854 0.8650 -0.4127
vn 0.2854 -0.8650 0.4127
vn 0.6081 0.2961 -0.7365
vn -0.6081 0.2961 -0.7365
vn -0.4243 0.7071 0.5657
vn 0.4243 0.7071 0.5657
vn 0.7349 -0.1757 -0.6550
vn -0.7349 -0.1757 -0.6550
vn 0.5369 -0.0000 0.8437
vn 0.5369 -0.0000 -0.8437
vn 0.4150 -0.2459 0.8760
vn -0.4150 -0.2459 0.8760
vn -0.6325 -0.6819 0.3674
vn -0.6324 0.6819 -0.3675
vn 0.2570 0.2523 0.9329
vn 0.2570 -0.2523 -0.9329
vn 0.2615 0.4272 -0.8655
vn 0.2615 -0.4272 0.8655
vn -0.4922 0.6628 0.5643
vn 0.4922 0.6628 0.5643
vn 0.3099 -0.9477 0.0760
vn 0.8930 -0.0507 0.4472
vn -0.8970 -0.0632 0.4375
vn -0.5449 0.3114 0.7785
vn 0.5403 0.3237 0.7768
vn 0.5295 0.1956 -0.8255
vn 0.5295 -0.1956 0.8255
vn 0.5258 -0.4878 -0.6968
vn -0.5258 -0.4878 -0.6968
vn 0.8662 -0.0084 0.4997
vn 0.8662 0.0084 -0.4997
vn -0.0987 0.1234 -0.9874
vn -0.0987 -0.1234 0.9874
vn 0.4505 -0.1120 -0.8857
vn -0.4505 -0.1120 -0.8857
vn -0.2009 -0.1418 -0.9693
vn 0.2009 -0.1418 -0.9693
vn -0.4590 0.1729 -0.8714
vn 0.4590 0.1729 -0.8714
vn 0.5891 -0.7019 -0.4003
vn -0.5891 -0.7019 -0.4003
vn -0.7137 0.2203 0.6649
vn -0.7137 -0.2203 -0.6649
vn -0.5623 -0.8235 -0.0752
vn 0.5537 -0.8297 -0.0706
vn -0.0000 -0.8944 0.4472
vn -0.0000 0.8944 -0.4472
vn 0.9002 -0.0889 -0.4264
vn -0.9002 -0.0888 -0.4264
vn 0.2754 -0.3653 0.8892
vn -0.2754 -0.3653 0.8892
vn 0.7797 -0.1907 -0.5964
vn -0.7797 -0.1907 -0.5964
vn -0.2778 -0.4929 -0.8245
vn -0.2778 0.4929 0.8245
vn 0.7744 0.4377 -0.4569
vn -0.7744 0.4377 -0.4569
vn 0.5375 0.6755 -0.5047
vn -0.5375 0.6755 -0.5047
vn -0.7367 -0.3102 -0.6009
vn 0.7366 -0.3102 -0.6009
vn -0.3894 0.8200 0.4194
vn 0.3894 0.8200 0.4194
vn 0.9131 0.2435 -0.3272
vn -0.9131 0.2435 -0.3272
vn -0.6040 -0.7134 -0.3555
vn 0.4496 -0.4025 -0.7974
vn 0.4496 0.4025 0.7974
vn -0.1879 0.1372 -0.9725
vn 0.7863 -0.4368 0.4369
vn 0.7863 0.4368 -0.4369
vn 0.2487 0.7313 0.6352
vn 0.7194 -0.4247 -0.5497
vn -0.2386 -0.6562 -0.7159
vn 0.2386 -0.6562 -0.7159
vn 0.2641 -0.9345 -0.2387
vn -0.2641 -0.9345 -0.2387
vn -0.1249 0.9678 -0.2186
vn 0.1318 0.9666 -0.2197
vn -0.7513 0.3226 0.5757
vn 0.7513 0.3226 0.5757
vn -0.4947 -0.7773 0.3887
vn 0.4947 -0.7773 0.3887
vn 0.1670 0.9848 0.0485
vn -0.6217 0.1856 0.7609
vn -0.6217 -0.1856 -0.7609
vn -0.3239 -0.2356 -0.9163
vn -0.3326 0.2411 0.9117
vn 0.6912 -0.2651 -0.6723
vn -0.6912 -0.2651 -0.6723
vn -0.7908 -0.0767 0.6073
vn 0.7908 -0.0767 0.6073
vn -0.2823 0.5232 0.8041
vn 0.2929 0.5275 0.7974
vn 0.4972 -0.5967 -0.6299
vn -0.4972 -0.5967 -0.6299
vn 0.6353 -0.2404 -0.7339
vn -0.6353 -0.2404 -0.7339
vn -0.7765 0.0821 0.6248
vn 0.7765 0.0821 0.6248
vn -0.8239 -0.5630 0.0645
vn 0.8345 -0.5479 0.0588
vn -0.1456 0.6729 0.7253
vn -0.1428 -0.6796 -0.7196
vn -0.5698 0.0668 -0.8191
vn 0.5698 0.0668 -0.8191
vn -0.5956 0.3225 0.7357
vn -0.5956 -0.3225 -0.7357
vn -0.6594 -0.1205 0.7421
vn -0.6594 0.1205 -0.7421
vn -0.0878 0.9103 -0.4045
vn 0.0878 0.9103 -0.4045
vn -0.1486 0.9189 0.3655
vn 0.1486 0.9189 0.3655
vn -0.9141 0.0098 0.4054
vn 0.2406 0.8363 -0.4926
vn -0.2406 0.8363 -0.4926
vn 0.9578 -0.1930 -0.2130
vn -0.7779 0.1033 0.6199
vn 0.7779 0.1033 0.6199
vn 0.2805 0.5428 0.7916
vn -0.2805 0.5428 0.7916
vn -0.6430 -0.0229 0.7655
vn 0.6430 -0.0230 0.7655
vn 0.6277 -0.1611 -0.7616
vn 0.6277 0.1612 0.7616
vn -0.9536 -0.2634 0.1459
vn 0.9562 -0.2623 0.1296
vn 0.3421 -0.8174 -0.4636
vn -0.3388 -0.8207 -0.4601
vn 0.7601 0.4751 -0.4434
vn 0.7601 -0.4751 0.4434
vn 0.0443 0.9951 0.0880
vn 0.4123 0.8785 0.2412
vn 0.2223 -0.2065 0.9529
vn -0.2223 -0.2065 0.9529
vn -0.3121 0.1344 0.9405
vn -0.3236 -0.1504 -0.9342
vn -0.2885 0.1260 0.9491
vn 0.3013 0.1186 0.9461
vn -0.3872 -0.9154 -0.1103
vn 0.4609 -0.8848 -0.0689
vn 0.2404 -0.1458 0.9597
vn -0.2404 -0.1458 0.9597
vn 0.1709 -0.8414 0.5127
vn 0.1709 0.8414 -0.5127
vn -0.6317 0.0247 0.7748
vn 0.6317 0.0247 0.7748
vn 0.9735 0.0950 -0.2082
vn -0.9735 0.0950 -0.2082
vn -0.1881 0.8016 0.5675
vn 0.1881 0.8016 0.5675
vn -0.2971 -0.1867 -0.9364
vn 0.2971 -0.1867 -0.9364
vn 0.2705 -0.3582 0.8936
vn 0.2705 0.3582 -0.8936
vn -0.7515 -0.4261 0.5036
vn -0.5798 0.3171 0.7506
vn 0.9587 0.1594 -0.2355
vn 0.9544 -0.1746 0.2423
vn 0.5941 0.2920 0.7496
vn 0.2554 -0.2273 -0.9397
vn 0.2729 0.2427 0.9309
vn -0.5252 0.6392 -0.5618
vn -0.5252 -0.6392 0.5618
vn -0.0294 0.2259 -0.9737
vn 0.0294 0.2259 -0.9737
vn -0.8384 0.0388 0.5436
vn -0.8403 -0.0338 0.5411
vn 0.2729 0.1097 0.9558
vn -0.2729 0.1097 0.9558
vn 0.2665 -0.0665 0.9615
vn -0.2665 -0.0665 0.9615
vn 0.2186 -0.0950 -0.9712
vn -0.2160 -0.0777 -0.9733
vn -0.7279 -0.3925 0.5622
vn -0.6827 -0.0450 0.7293
vn 0.4137 0.7700 -0.4857
vn 0.6899 -0.0059 0.7238
vn -0.1342 -0.4698 0.8725
vn -0.1403 0.4696 -0.8717
vn -0.1757 0.8845 0.4321
vn 0.1776 0.8852 0.4300
vn 0.6699 0.4748 -0.5708
vn 0.1099 -0.0327 -0.9934
vn -0.1099 -0.0327 -0.9934
vn -0.9465 -0.2080 0.2469
vn 0.9509 -0.1951 0.2404
vn 0.6036 -0.5835 0.5433
vn -0.6036 -0.5835 0.5433
vn 0.9100 -0.3389 -0.2388
vn 0.3273 -0.9187 -0.2209
vn 0.6239 0.0922 -0.7760
vn 0.6239 -0.0922 0.7760
vn -0.8866 -0.0310 0.4616
vn -0.8866 0.0310 -0.4616
vn -0.2473 -0.6593 0.7100
vn -0.2472 0.6593 -0.7100
vn -0.2122 0.0424 0.9763
vn -0.2016 -0.0367 -0.9788
vn 0.8361 0.2666 0.4794
vn 0.9516 0.1492 -0.2689
vn 0.7600 -0.3132 0.5695
vn -0.7600 -0.3132 0.5695
vn 0.6785 -0.1155 -0.7254
vn -0.6785 -0.1155 -0.7254
vn -0.0894 -0.9160 -0.3910
vn -0.1410 0.0210 0.9898
vn 0.1469 0.0203 0.9889
vn 0.3708 -0.2545 -0.8932
vn 0.3377 0.2476 0.9081
vn 0.5140 -0.8327 -0.2061
vn -0.4056 0.0596 0.9121
vn -0.4056 -0.0596 -0.9121
vn -0.7547 0.3226 0.5712
vn 0.8180 -0.5191 -0.2476
vn 0.2562 -0.8410 -0.4765
vn -0.2562 -0.8410 -0.4765
vn -0.1314 -0.9885 0.0743
vn 0.1314 -0.9885 0.0743
vn -0.6668 0.7127 0.2177
vn -0.7208 0.1433 -0.6782
vn 0.8709 -0.2426 -0.4274
vn -0.8709 -0.2426 -0.4274
vn -0.7061 -0.1470 0.6927
vn -0.2525 -0.9608 0.1148
vn -0.2525 0.9608 -0.1148
vn 0.1868 0.6313 -0.7527
vn -0.1868 0.6313 -0.7527
vn 0.4146 -0.1786 -0.8923
vn 0.4079 0.1538 0.9000
vn 0.4260 -0.2600 -0.8665
vn 0.4326 0.2588 0.8637
vn 0.6402 -0.6852 0.3474
vn -0.6402 -0.6852 0.3474
vn 0.5900 0.1623 -0.7909
vn 0.5900 -0.1623 0.7909
vn 0.1434 0.9797 -0.1400
vn -0.1470 0.9792 -0.1400
vn -0.4973 -0.0922 0.8627
vn -0.4973 0.0922 -0.8627
vn -0.6730 0.2818 0.6839
vn -0.6730 -0.2818 -0.6839
vn -0.0937 -0.8425 -0.5305
vn 0.0937 -0.8425 -0.5305
vn -0.4703 0.5758 0.6688
vn -0.4703 -0.5758 -0.6688
vn 0.6943 0.3671 -0.6190
vn -0.6943 0.3671 -0.6190
vn -0.5312 0.0564 -0.8454
vn -0.0495 0.8923 0.4486
vn -0.0495 -0.8923 -0.4486
vn 0.8044 0.3369 0.4893
vn -0.5062 -0.1067 0.8558
vn 0.5062 -0.1067 0.8558
vn 0.5632 0.0144 0.8262
vn -0.5359 0.2952 0.7910
vn -0.5359 -0.2952 -0.7910
vn 0.4750 0.6577 -0.5846
vn 0.4750 -0.6577 0.5846
vn -0.3041 0.8363 0.4562
vn -0.6406 -0.1037 0.7608
vn 0.6557 -0.1265 0.7443
vn -0.2470 -0.8117 -0.5293
vn 0.7160 0.1223 -0.6873
vn -0.9068 -0.0902 0.4119
vn -0.8904 0.0602 0.4512
vn -0.6503 0.5261 0.5480
vn -0.6869 -0.4834 -0.5427
vn 0.0618 -0.8955 -0.4409
vn -0.0639 -0.8940 -0.4435
vn -0.3144 0.8689 0.3824
vn -0.1757 0.7053 0.6868
vn 0.1757 0.7053 0.6868
vn -0.5897 -0.5806 -0.5613
vn 0.6647 0.4801 -0.5724
vn -0.6534 0.4823 -0.5834
vn -0.8579 -0.1403 -0.4944
vn -0.5047 -0.0884 0.8587
vn -0.5166 0.0875 -0.8518
vn -0.5824 -0.6387 0.5028
vn 0.5824 -0.6387 0.5028
vn 0.5059 -0.1140 0.8550
vn -0.5059 -0.1140 0.8550
vn 0.4288 0.6771 0.5981
vn 0.5047 0.7638 -0.4024
vn 0.5047 -0.7638 0.4024
vn -0.4609 -0.6909 -0.5570
vn 0.4724 0.0812 -0.8776
vn -0.4845 0.0801 -0.8711
vn -0.3302 0.2464 0.9112
vn -0.3302 -0.2464 -0.9112
vn 0.3053 0.8179 -0.4877
vn 0.3053 -0.8179 0.4877
vn -0.5573 -0.7366 0.3832
vn 0.5763 -0.7014 0.4196
vn -0.4379 -0.0708 0.8962
vn 0.4500 -0.0703 0.8903
vn 0.4764 -0.0728 0.8762
vn -0.7070 -0.1530 0.6905
vn -0.7070 0.1530 -0.6905
vn -0.3808 -0.1939 0.9041
vn -0.1450 0.7656 0.6267
vn -0.1116 -0.6894 -0.7157
vn 0.0508 -0.9714 -0.2318
vn -0.4117 0.7786 0.4735
vn 0.6676 0.2075 -0.7150
vn 0.6577 -0.2084 0.7239
vn 0.6805 -0.1201 -0.7228
vn 0.2592 0.2237 -0.9396
vn 0.2678 -0.2232 0.9373
vn -0.4681 -0.7114 0.5242
vn 0.4681 -0.7114 0.5242
vn 0.4835 0.6669 0.5669
vn 0.5930 -0.6135 -0.5215
vn -0.3113 -0.7812 0.5411
vn 0.3113 -0.7812 0.5411
vn -0.8021 -0.4356 0.4084
vn 0.8021 -0.4356 0.4084
vn -0.3184 -0.5601 0.7648
vn 0.3184 -0.5601 0.7648
vn 0.6571 0.0455 -0.7524
vn 0.6571 -0.0455 0.7524
vn -0.7203 -0.6577 -0.2202
vn 0.5756 -0.0371 -0.8169
vn -0.2572 -0.1070 0.9604
vn 0.2661 -0.1064 0.9580
vn 0.6832 0.0040 0.7302
vn 0.2249 -0.0000 0.9744
vn -0.6764 0.3065 0.6697
vn -0.5850 0.5822 0.5646
vn 0.6557 0.2068 -0.7262
vn -0.6557 0.2068 -0.7262
vn 0.2084 -0.7237 0.6579
vn 0.4497 -0.4117 0.7926
vn 0.4497 0.4117 -0.7926
vn -0.3019 -0.7379 0.6037
vn 0.1434 0.2330 -0.9619
vn 0.2467 -0.2635 -0.9326
vn -0.2467 -0.2635 -0.9326
vn 0.4951 0.8320 0.2502
vn -0.2000 0.1551 -0.9674
vn -0.6821 -0.1908 -0.7060
vn -0.7793 0.1635 0.6049
vn -0.1799 -0.8661 0.4664
vn -0.1843 0.8654 -0.4660
vn -0.6198 -0.4613 0.6349
vn -0.7487 0.1724 0.6401
vn 0.7487 0.1724 0.6401
vn -0.2178 0.4250 0.8786
vn -0.2178 -0.4250 -0.8786
vn 0.3621 0.8269 0.4302
vn -0.6347 0.2197 -0.7409
vn 0.4592 -0.2358 -0.8564
vn -0.4513 -0.2297 -0.8623
vn -0.6827 -0.2499 0.6867
vn 0.6765 -0.2586 0.6896
vn -0.3094 -0.5375 0.7845
vn 0.3094 -0.5375 0.7845
vn -0.5542 0.2675 0.7882
vn 0.5223 0.2026 -0.8284
vn -0.4843 0.2004 -0.8517
vn 0.8539 0.1961 0.4821
vn 0.0679 -0.2336 -0.9700
vn -0.0679 -0.2336 -0.9700
vn 0.3117 0.7332 -0.6043
vn 0.8728 -0.0458 -0.4860
vn -0.6440 -0.2010 -0.7381
vn -0.7638 0.0116 0.6454
vn 0.7638 0.0116 0.6454
vn 0.4103 0.5059 -0.7588
vn 0.4132 -0.5104 0.7541
vn 0.7383 0.1608 -0.6551
vn -0.7411 0.1418 -0.6562
vn -0.3263 0.8130 0.4822
vn 0.4239 0.6143 0.6655
vn 0.8507 0.4883 0.1945
vn -0.4737 -0.2136 0.8544
vn -0.4782 0.2050 -0.8540
vn -0.8259 -0.1503 -0.5434
vn -0.8392 0.1987 0.5062
vn 0.4625 -0.0128 -0.8865
vn -0.4626 0.0012 -0.8866
vn -0.2721 -0.5923 0.7584
vn -0.2747 0.5946 -0.7556
vn -0.4194 -0.2457 0.8739
vn 0.4210 -0.2339 0.8764
vn -0.2985 0.8506 0.4328
vn 0.3190 0.8431 0.4329
vn 0.5026 0.4693 0.7261
vn -0.5559 0.1769 -0.8122
vn -0.6914 -0.2645 -0.6723
vn 0.7637 -0.5390 -0.3554
vn -0.7637 -0.5390 -0.3554
vn -0.8025 0.3223 0.5022
vn -0.1221 0.7730 0.6225
vn 0.6853 -0.5541 -0.4726
vn -0.4437 0.2584 0.8581
vn 0.4502 0.2574 0.8550
vn -0.5246 -0.2755 0.8055
vn 0.4211 0.3089 -0.8528
vn -0.4193 0.3193 -0.8498
vn -0.2212 0.7559 0.6162
vn -0.9231 0.1445 0.3563
vn 0.9231 0.1445 0.3563
vn -0.0000 -0.7071 -0.7071
vn -0.4375 -0.3612 0.8235
vn 0.4432 -0.3535 0.8238
vn 0.4590 -0.0737 -0.8854
vn 0.4622 0.0693 0.8841
vn 0.4476 0.1623 -0.8794
vn -0.4487 0.1513 -0.8808
vn -0.5201 0.2453 0.8181
vn 0.5200 0.2289 0.8229
vn 0.3349 0.2016 -0.9204
vn 0.3389 -0.1966 0.9200
vn 0.1743 0.4753 -0.8624
vn -0.8439 -0.1494 0.5153
vn -0.8468 0.1184 -0.5186
vn 0.2570 -0.3173 -0.9128
vn -0.2570 -0.3173 -0.9128
vn 0.1244 -0.5503 -0.8256
vn 0.2844 0.3211 -0.9034
vn 0.2868 -0.3244 0.9014
vn 0.4513 0.1293 -0.8829
vn -0.0000 0.2747 0.9615
vn -0.4878 -0.1829 0.8536
vn 0.5001 -0.1650 0.8501
vn 0.2370 -0.3631 -0.9011
vn 0.3913 -0.0845 -0.9164
vn 0.2839 0.1554 -0.9462
vn -0.2870 0.1518 -0.9458
vn 0.2779 -0.0933 -0.9561
vn -0.2805 -0.0908 -0.9555
vn 0.1343 0.2937 -0.9464
vn 0.0696 -0.3748 -0.9245
vn 0.2076 0.2513 0.9454
vn -0.6534 0.3367 -0.6781
vn 0.0897 0.0348 -0.9954
vn 0.5726 -0.3661 0.7336
vn 0.3423 0.3696 0.8639
vn -0.4204 -0.2786 -0.8635
vn -0.3058 0.6365 -0.7081
vn -0.2842 -0.2046 -0.9367
vn 0.6128 -0.5275 0.5883
vn -0.2678 0.6486 -0.7124
vn 0.4095 -0.6663 0.6232
vn 0.7056 -0.4578 -0.5409
vn 0.5576 0.2607 0.7881
vn 0.5975 0.0720 0.7987
vn 0.5020 -0.6027 -0.6202
vn -0.5373 0.6053 -0.5873
vn -0.2446 0.7399 -0.6267
vn 0.5350 -0.2910 0.7931
vn -0.2427 0.1285 -0.9616
vn -0.1463 0.6062 -0.7817
vn -0.1957 0.7099 0.6766
vn 0.4872 -0.4348 0.7574
vn -0.2691 0.1218 -0.9554
vn 0.4811 -0.6106 0.6291
vn -0.0899 -0.7191 -0.6891
vn 0.5381 0.7341 0.4142
vn -0.3557 -0.6437 -0.6776
vn 0.3320 -0.3530 0.8747
vn 0.2243 -0.0089 -0.9745
vn 0.9211 0.3687 -0.1250
vn -0.9230 -0.3200 0.2137
vn 0.8195 -0.3080 0.4833
vn 0.7961 0.0783 0.6001
vn 0.7792 -0.6166 0.1130
vn -0.9156 -0.3153 0.2495
vn 0.8870 -0.3171 0.3357
vn -0.7811 -0.5893 0.2065
vn -0.8369 0.2948 -0.4612
vn -0.4404 -0.8893 0.1231
vn -0.9843 0.1077 -0.1397
vn -0.3126 0.7512 -0.5814
vn 0.4773 0.7828 -0.3992
vn -0.4618 0.7861 -0.4108
vn 0.9391 -0.3434 0.0093
vn 0.9432 0.3307 -0.0323
vn -0.9108 -0.3200 0.2607
vn -0.8495 0.4279 -0.3086
vn 0.4278 -0.8711 0.2412
vn 0.9284 0.3708 -0.0261
vn -0.8900 0.2437 -0.3855
vn 0.8575 -0.3796 0.3472
vn 0.8176 -0.5315 0.2217
vn -0.5067 -0.7371 -0.4472
vn 0.7074 0.3561 0.6106
vn -0.9254 0.3788 0.0102
vn 0.9499 0.2976 0.0952
vn 0.8460 -0.5281 0.0736
vn -0.2882 0.9137 0.2867
vn 0.8839 -0.1839 0.4301
vn 0.8120 0.3524 0.4653
vn -0.7210 0.3156 0.6169
vn -0.9120 -0.2098 0.3524
vn 0.9394 -0.2497 -0.2351
vn 0.9185 0.3310 0.2162
vn -0.7742 0.5359 -0.3367
vn -0.9519 0.2891 0.1018
vn -0.9032 0.1502 -0.4021
vn 0.7726 -0.5918 -0.2298
vn -0.7992 -0.5909 0.1101
vn 0.8177 -0.5687 0.0891
vn -0.6926 0.3525 -0.6293
vn 0.9503 0.0324 0.3098
vn 0.9480 -0.0159 -0.3178
vn 0.2957 0.1352 0.9457
vn -0.2996 0.1347 0.9445
vn 0.0918 -0.3856 0.9181
vn -0.9553 0.0828 -0.2839
vn 0.8377 0.3776 0.3945
vn -0.8534 0.4090 0.3230
vn -0.6089 -0.5799 -0.5413
vn -0.3699 0.4110 -0.8332
vn -0.0764 0.4236 -0.9026
vn 0.0816 0.4254 -0.9013
vn -0.9358 -0.3096 -0.1688
vn -0.4334 -0.5024 -0.7482
vn -0.2869 0.6221 -0.7285
vn 0.3202 0.6905 0.6486
vn -0.4286 0.9003 0.0757
vn 0.4337 0.8979 0.0758
vn 0.0412 0.8294 -0.5571
vn -0.7138 -0.2422 0.6571
vn 0.6490 -0.5289 0.5469
vn -0.6570 -0.5196 0.5463
vn 0.7538 0.5241 0.3963
vn 0.8188 -0.2957 0.4922
vn -0.8188 -0.2957 0.4922
vn 0.7529 0.5495 0.3623
vn -0.9059 -0.3703 0.2053
vn 0.9059 -0.3703 0.2053
vn -0.9127 0.3385 0.2290
vn -0.8765 -0.3823 -0.2925
vn 0.5609 -0.5096 -0.6525
vn -0.5609 -0.5096 -0.6525
vn 0.7053 -0.1955 -0.6814
vn 0.7053 0.1955 0.6814
vn -0.0998 -0.8842 0.4564
vn -0.1061 -0.8933 0.4367
vn 0.4682 -0.8026 0.3697
vn -0.4686 -0.8088 0.3553
vn 0.9442 -0.0608 0.3236
vn 0.6646 -0.2249 0.7126
vn -0.4375 0.7445 0.5043
vn -0.4375 -0.7445 -0.5043
vn 0.4375 0.7841 0.4402
vn -0.7309 0.4816 0.4836
vn 0.7210 0.4919 0.4880
vn 0.1273 -0.8468 0.5165
vn -0.8137 0.1477 -0.5622
vn -0.1741 -0.9657 -0.1926
vn 0.1756 -0.9659 -0.1903
vn -0.4701 0.8205 -0.3252
vn 0.4701 0.8205 -0.3252
vn 0.9678 -0.0893 -0.2353
vn -0.9693 -0.0779 -0.2333
vn -0.2277 -0.7763 -0.5878
vn 0.1603 0.9865 -0.0334
vn -0.1603 0.9865 -0.0334
vn -0.2079 0.9556 0.2087
vn 0.7032 -0.6636 -0.2552
vn -0.6917 -0.6766 -0.2526
vn 0.3913 0.3081 -0.8672
vn -0.3913 0.3081 -0.8672
vn -0.6812 0.3876 0.6211
vn 0.6548 0.3898 0.6475
vn 0.3977 0.4600 -0.7939
vn -0.6699 -0.7220 0.1729
vn 0.7273 -0.3180 -0.6083
vn 0.7020 0.3206 0.6359
vn -0.9820 0.1839 -0.0436
vn 0.7630 -0.3594 0.5373
vn 0.7630 0.3594 -0.5373
vn -0.9456 -0.2648 -0.1891
vn 0.9424 -0.2643 -0.2052
vn 0.1545 0.2787 0.9479
vn -0.1601 0.2767 0.9475
vn -0.2132 0.0046 -0.9770
vn 0.2208 0.0048 -0.9753
vn -0.1520 0.0066 -0.9884
vn 0.1580 0.0069 -0.9874
vn -0.0577 -0.9372 -0.3440
vn 0.0600 -0.9371 -0.3438
vn 0.3293 -0.6401 0.6942
vn -0.7857 -0.4834 -0.3860
vn 0.2149 0.2066 0.9545
vn -0.1293 -0.0000 0.9916
vn 0.2920 -0.0369 -0.9557
vn -0.3441 -0.0505 -0.9376
vn 0.3441 -0.0505 -0.9376
vn -0.5734 -0.1573 0.8041
vn 0.5734 -0.1573 0.8041
vn 0.9217 -0.1762 0.3456
vn 0.9217 0.1762 -0.3456
vn -0.1858 -0.4039 0.8957
vn -0.1858 0.4039 -0.8957
vn 0.9516 0.0878 0.2946
vn -0.9516 0.0878 0.2946
vn 0.4706 -0.1716 -0.8655
vn -0.4706 -0.1716 -0.8655
vn -0.9359 0.1223 0.3303
vn 0.9359 0.1223 0.3303
vn -0.1313 -0.9119 -0.3889
vn 0.1313 -0.9119 -0.3889
vn -0.2712 -0.1969 -0.9422
vn -0.6199 0.4069 0.6710
vn 0.6270 0.3857 0.6768
vn 0.8266 0.5617 -0.0349
vn 0.8250 -0.5629 0.0498
vn -0.1598 0.2959 -0.9417
vn -0.1598 -0.2959 0.9417
vn 0.9235 0.3480 -0.1612
vn -0.9235 0.3480 -0.1612
vn -0.4914 0.8540 0.1707
vn -0.5993 -0.0499 -0.7990
vn -0.5993 0.0499 0.7990
vn -0.1894 -0.8732 -0.4491
vn -0.1894 0.8732 0.4491
vn -0.6139 -0.0044 -0.7893
vn 0.9583 -0.1637 -0.2344
vn -0.8720 -0.4195 0.2525
vn -0.8720 0.4195 -0.2525
vn -0.3834 0.2418 -0.8914
vn 0.2287 -0.8253 0.5163
vn -0.9914 0.0276 0.1279
vn 0.9914 0.0276 0.1279
vn -0.3159 -0.0463 -0.9477
vn 0.3300 -0.0459 -0.9429
vn -0.1499 -0.6488 0.7461
vn -0.1499 0.6488 -0.7461
vn 0.2814 -0.0537 0.9581
vn 0.9092 0.1110 -0.4013
vn 0.9151 -0.1053 0.3893
vn 0.4080 0.2981 0.8630
vn -0.4080 0.2981 0.8630
vn -0.8898 -0.2226 0.3983
vn -0.8898 0.2226 -0.3983
vn -0.3095 0.8736 0.3756
vn -0.1548 0.9840 -0.0884
vn -0.1548 -0.9840 0.0884
vn -0.4306 0.2257 0.8739
vn 0.4306 0.2257 0.8739
vn 0.8022 0.0550 -0.5945
vn 0.9421 -0.1276 -0.3100
vn -0.9455 -0.1150 -0.3048
vn 0.8829 0.1529 0.4439
vn 0.3959 0.7637 -0.5099
vn 0.8664 -0.4353 0.2446
vn -0.8664 -0.4353 0.2446
vn 0.2219 0.9441 0.2436
vn -0.2194 0.9441 0.2459
vn -0.7465 0.6650 0.0229
vn -0.7553 -0.6553 -0.0111
vn 0.4177 0.9016 0.1121
vn -0.1719 0.9483 -0.2669
vn 0.1719 0.9483 -0.2669
vn 0.9023 0.4173 0.1083
vn -0.9069 0.4033 0.1221
vn 0.2442 -0.9368 0.2506
vn -0.8899 -0.0389 0.4546
vn 0.1151 -0.9933 -0.0022
vn -0.9029 0.0344 -0.4285
vn 0.9029 0.0344 -0.4285
vn -0.9396 0.0989 -0.3278
vn -0.5165 -0.3847 -0.7650
vn 0.5165 -0.3847 -0.7650
vn -0.6698 0.1505 0.7272
vn -0.6460 -0.1986 -0.7370
vn 0.2554 -0.9107 0.3245
vn -0.2554 -0.9107 0.3245
vn 0.7889 0.6111 -0.0647
vn 0.6876 -0.7261 -0.0056
vn -0.0819 0.3687 -0.9259
vn 0.0819 0.3687 -0.9259
vn 0.9993 -0.0346 0.0155
vn 0.9916 -0.0480 0.1200
vn 0.4560 -0.0548 -0.8883
vn 0.4560 0.0548 0.8883
vn -0.4990 0.0907 -0.8618
vn -0.5247 -0.0807 0.8475
vn 0.4922 -0.7278 -0.4776
vn -0.4922 -0.7278 -0.4776
vn -0.9866 0.1181 -0.1124
vn 0.2606 -0.9627 0.0724
vn 0.2606 0.9627 -0.0724
vn 0.7815 0.1716 -0.5998
vn -0.4974 -0.8634 -0.0845
vn 0.5602 -0.5295 -0.6370
vn -0.5602 -0.5295 -0.6370
vn 0.8963 0.0929 -0.4336
vn 0.9158 0.0105 -0.4016
vn -0.8290 0.3640 0.4247
vn -0.9257 -0.0138 0.3779
vn -0.2276 0.9718 0.0612
vn -0.5647 0.3191 -0.7611
vn -0.8618 -0.4278 -0.2725
vn -0.9065 0.1927 0.3756
vn -0.9121 -0.1751 -0.3707
vn 0.5022 0.7284 0.4662
vn 0.2097 -0.9288 -0.3056
vn 0.2097 0.9288 0.3056
vn -0.9194 0.3464 -0.1864
vn -0.3142 0.8530 0.4167
vn 0.3142 0.8530 0.4167
vn -0.7945 0.4872 -0.3625
vn -0.9338 0.3440 0.0983
vn 0.7985 -0.0092 -0.6019
vn -0.7985 -0.0092 -0.6019
vn -0.4818 0.4564 0.7480
vn 0.7770 0.6224 -0.0943
vn 0.1789 0.9745 0.1353
vn -0.1831 0.9738 0.1351
vn 0.5403 -0.1198 -0.8329
vn 0.9260 0.1305 0.3542
vn -0.9260 0.1305 0.3542
vn -0.0185 0.2389 0.9709
vn 0.6883 -0.2294 -0.6882
vn 0.4562 0.8809 -0.1259
vn -0.4562 0.8809 -0.1259
vn -0.4136 -0.8975 -0.1530
vn -0.2716 0.9585 0.0861
vn 0.8479 0.5287 0.0389
vn -0.4511 -0.7460 0.4899
vn 0.4511 -0.7460 0.4899
vn -0.1879 -0.1372 0.9725
vn -0.2487 0.7313 0.6352
vn -0.0440 0.9032 0.4270
vn 0.0439 0.9030 0.4274
vn -0.1373 0.9839 0.1144
vn -0.1373 -0.9839 -0.1144
vn -0.6242 0.1642 0.7638
vn 0.6242 0.1642 0.7638
vn -0.5000 -0.3939 0.7713
vn 0.8408 0.0191 -0.5411
vn 0.7515 -0.4261 0.5036
vn -0.9501 0.0873 0.2994
vn -0.9477 -0.0772 -0.3097
vn 0.8445 -0.0856 0.5287
vn -0.8384 -0.0388 -0.5436
vn 0.8403 -0.0338 0.5411
vn -0.3404 -0.2887 0.8949
vn -0.3404 0.2887 -0.8949
vn 0.6326 0.7549 -0.1728
vn 0.6326 -0.7549 0.1728
vn 0.7038 -0.1582 0.6925
vn 0.7018 0.1802 -0.6892
vn -0.9555 0.1359 -0.2618
vn -0.9483 -0.0786 0.3074
vn 0.9483 -0.0786 0.3074
vn 0.0894 -0.9160 -0.3910
vn 0.7547 0.3226 0.5712
vn 0.0563 -0.9385 -0.3408
vn -0.0563 -0.9385 -0.3408
vn -0.4426 -0.8964 0.0252
vn 0.4426 -0.8964 0.0252
vn 0.8464 0.3815 -0.3716
vn -0.8448 0.3789 -0.3778
vn -0.2093 -0.9359 -0.2832
vn -0.1435 0.9589 0.2446
vn 0.5082 -0.1518 0.8477
vn -0.5082 -0.1518 0.8477
vn -0.2355 -0.6312 0.7390
vn -0.8546 -0.3906 0.3422
vn -0.8532 0.3879 -0.3487
vn 0.4073 0.7433 -0.5307
vn -0.4073 0.7433 -0.5307
vn -0.7049 0.2377 -0.6683
vn 0.8350 -0.2692 0.4799
vn 0.5343 -0.0576 -0.8433
vn 0.5183 0.1823 -0.8355
vn 0.4952 -0.1669 0.8526
vn 0.1105 0.9545 0.2769
vn -0.5312 -0.0564 0.8454
vn -0.1993 -0.9230 -0.3291
vn -0.8057 0.2494 -0.5372
vn -0.5632 0.0144 0.8262
vn 0.2938 -0.3809 0.8767
vn 0.5345 -0.2672 0.8018
vn -0.8904 -0.0602 -0.4512
vn 0.4768 0.0956 -0.8738
vn -0.8075 0.2599 0.5295
vn -0.4154 0.2710 -0.8683
vn -0.3902 0.4537 0.8012
vn 0.3929 0.4539 0.7997
vn -0.4288 0.6771 0.5981
vn 0.4188 0.0605 -0.9061
vn 0.4307 -0.0598 0.9005
vn 0.7036 -0.6578 -0.2689
vn 0.7277 0.6351 0.2590
vn 0.3850 0.8205 -0.4226
vn 0.3850 -0.8205 0.4226
vn -0.5828 0.2922 0.7583
vn -0.5852 -0.2926 -0.7563
vn -0.2173 0.3194 -0.9224
vn 0.5428 -0.1809 0.8202
vn -0.5938 -0.0086 -0.8046
vn 0.2906 0.8316 0.4732
vn -0.2962 0.8293 0.4739
vn -0.5217 0.7874 0.3285
vn 0.1074 0.3033 0.9468
vn -0.1074 0.3033 0.9468
vn -0.5160 -0.2669 -0.8140
vn -0.1702 -0.0193 -0.9852
vn 0.1780 -0.0180 -0.9839
vn -0.2879 -0.8292 -0.4792
vn 0.1828 0.8735 0.4512
vn 0.6133 0.6014 0.5120
vn -0.0000 -0.8557 -0.5174
vn -0.5097 0.0011 -0.8603
vn 0.3423 0.3796 0.8595
vn 0.4419 0.1649 0.8818
vn -0.1852 0.0270 -0.9823
vn -0.0478 -0.1676 -0.9847
vn -0.7365 0.4018 0.5442
vn -0.3475 -0.6360 -0.6890
vn 0.3962 0.3421 0.8520
vn 0.6805 0.0789 0.7285
vn -0.7126 0.4516 0.5369
vn 0.1944 -0.5663 -0.8009
vn -0.6812 0.3712 -0.6310
vn 0.0044 -0.7795 -0.6264
vn -0.1615 0.0415 -0.9860
vn 0.1815 -0.0704 0.9809
vn 0.2147 0.8302 0.5145
vn 0.4225 -0.4765 0.7710
vn -0.9139 0.1342 -0.3831
vn -0.8936 0.3371 -0.2963
vn 0.3780 0.8920 -0.2478
vn 0.9818 -0.1841 -0.0460
vn 0.7774 0.5901 -0.2178
vn 0.4682 -0.7623 -0.4468
vn 0.9330 -0.3600 0.0028
vn -0.9542 -0.2992 -0.0022
vn 0.9399 0.3382 0.0466
vn 0.9490 -0.1696 -0.2659
vn 0.9850 -0.1699 -0.0314
vn -0.4798 0.7466 0.4609
vn 0.4409 -0.8708 0.2174
vn 0.4550 0.8617 -0.2247
vn 0.8382 -0.5452 0.0144
vn -0.9507 -0.3102 -0.0002
vn -0.0948 -0.6306 0.7703
vn -0.7711 -0.1694 0.6137
vn 0.7711 -0.1694 0.6137
vn 0.3199 -0.9429 -0.0929
vn -0.7630 0.5150 0.3906
vn 0.0870 -0.8468 0.5247
vn -0.9396 -0.0654 0.3360
vn -0.4375 0.7841 0.4402
vn 0.6889 -0.6496 0.3216
vn -0.6889 -0.6496 0.3216
vn 0.8137 0.1477 -0.5622
vn -0.5693 -0.0963 -0.8165
vn -0.7347 -0.6236 0.2670
vn 0.7347 -0.6236 0.2670
vn -0.5268 -0.1792 0.8309
vn -0.6780 0.7135 -0.1768
vn -0.2844 0.9529 0.1056
vn -0.2844 -0.9529 -0.1056
vn -0.9795 -0.1971 0.0425
vn 0.9100 0.0300 -0.4136
vn -0.1266 -0.0354 -0.9913
vn 0.1293 -0.0354 -0.9910
vn 0.2149 -0.2066 -0.9545
vn 0.1266 -0.0000 0.9919
vn -0.0843 0.9721 -0.2187
vn -0.6804 0.7324 0.0251
vn 0.1417 0.2551 -0.9565
vn -0.5842 -0.0652 0.8090
vn -0.3834 -0.2418 0.8914
vn -0.2051 -0.3546 -0.9123
vn 0.2051 -0.3546 -0.9123
vn 0.5169 0.3477 -0.7822
vn -0.5169 0.3477 -0.7822
vn -0.2214 -0.9341 -0.2801
vn 0.2263 -0.9331 -0.2797
vn 0.2833 0.5742 0.7682
vn -0.2833 0.5742 0.7682
vn 0.8716 -0.1695 -0.4600
vn -0.8716 -0.1695 -0.4600
vn -0.9993 -0.0346 0.0155
vn -0.0451 -0.9926 0.1128
vn 0.0451 -0.9926 0.1128
vn 0.9886 0.1174 -0.0939
vn -0.5471 -0.6227 0.5594
vn -0.9175 0.0173 -0.3974
vn -0.9510 -0.2623 -0.1640
vn 0.3447 0.9379 0.0391
vn 0.3447 -0.9379 -0.0391
vn -0.4810 0.6875 -0.5441
vn -0.4675 -0.6888 0.5541
vn 0.4302 0.0293 -0.9023
vn 0.4408 -0.0294 0.8971
vn -0.9795 0.2003 0.0223
vn -0.8835 -0.2409 0.4016
vn -0.5403 -0.1198 -0.8329
vn -0.2698 -0.7284 0.6298
vn 0.5000 -0.3939 0.7713
vn 0.8408 -0.0191 0.5411
vn 0.3317 0.8573 -0.3937
vn 0.1105 -0.9545 -0.2769
vn 0.8857 0.2460 -0.3937
vn 0.4516 0.1467 -0.8801
vn 0.4516 -0.1467 0.8801
vn -0.4768 0.0956 -0.8738
vn -0.5196 0.3716 0.7693
vn 0.5223 0.3719 0.7674
vn -0.5342 -0.1832 0.8253
vn -0.2095 -0.0191 0.9776
vn 0.2198 -0.7953 0.5650
vn 0.0362 0.6883 -0.7245
vn 0.6690 0.4460 0.5946
vn -0.5592 0.1330 -0.8183
vn -0.4828 0.5758 -0.6598
vn -0.8510 0.5059 -0.1409
vn 0.9173 -0.3967 0.0340
vn 0.4954 0.8116 0.3097
vn 0.9493 0.3015 -0.0892
vn 0.0912 -0.6290 0.7721
vn 0.3428 0.9331 0.1082
vn -0.3904 0.2963 -0.8717
vn -0.4024 -0.2930 0.8673
vn -0.0381 -0.5487 0.8352
vn 0.5693 -0.0963 -0.8165
vn 0.5268 -0.1792 0.8309
vn -0.6784 0.7342 0.0269
vn 0.0843 0.9721 -0.2187
vn 0.4477 0.5333 -0.7178
vn -0.4443 0.5111 -0.7358
vn -0.2936 -0.0478 0.9547
vn -0.8353 0.4662 0.2914
vn 0.5022 -0.6982 -0.5102
vn -0.5272 -0.6184 -0.5827
vn -0.8784 0.3864 0.2812
vn 0.9510 -0.2623 -0.1640
vn 0.6513 -0.2399 0.7199
vn -0.6513 -0.2399 0.7199
vn 0.2329 -0.1528 -0.9604
vn 0.8835 -0.2409 0.4016
vn 0.4705 -0.1639 -0.8670
vn -0.8445 -0.0856 0.5287
vn 0.5117 -0.2623 0.8182
vn -0.2085 0.0973 0.9732
vn 0.0630 -0.1801 -0.9816
vn -0.3940 0.4435 0.8050
vn 0.0554 -0.8182 0.5723
vn 0.1101 0.8504 -0.5145
vn -0.0695 0.9976 0.0070
vn 0.4561 -0.7891 -0.4114
vn -0.0995 -0.0080 0.9950
vn -0.0291 -0.9638 0.2650
vn -0.3367 -0.0981 0.9365
vn 0.1287 -0.2745 0.9529
vn -0.6804 0.0597 -0.7304
vn 0.6889 0.0796 -0.7205
vn -0.7893 -0.2592 0.5565
vn 0.4759 -0.4501 0.7557
vn 0.7383 0.3131 0.5973
vn 0.5112 -0.8179 0.2641
vn -0.2822 -0.9297 -0.2366
vn 0.9795 0.2003 0.0223
vn -0.9833 -0.0718 0.1674
vn -0.5747 0.2874 -0.7663
vn 0.2238 0.0970 0.9698
vn 0.9090 0.3538 0.2204
vn 0.7401 -0.1533 -0.6548
vn 0.4558 0.1553 0.8765
vn -0.7071 -0.0000 0.7071
vn -0.7586 0.3714 -0.5353
vn -0.2339 -0.9607 0.1498
vn -0.2339 0.9607 -0.1498
vn 0.4048 0.5603 -0.7227
vn -0.4048 0.5603 -0.7227
vn -0.4829 -0.1238 0.8669
vn -0.6807 -0.4238 -0.5975
vn 0.1223 0.7426 -0.6584
vn -0.5878 0.6677 0.4568
vn -0.5600 -0.6837 -0.4678
vn 0.8157 0.1255 -0.5647
vn -0.9191 0.2089 -0.3342
vn 0.8796 -0.0138 0.4755
vn -0.9560 -0.2747 0.1033
vn 0.8190 0.5651 0.0996
vn 0.8225 -0.4650 0.3275
vn 0.8679 -0.4879 -0.0938
vn 0.5383 0.7909 0.2910
vn 0.8083 0.5231 0.2703
vn 0.9874 0.0355 0.1540
vn 0.4501 -0.2584 0.8548
vn 0.4336 0.2608 -0.8626
vn -0.1355 -0.7508 0.6465
vn 0.1295 -0.7514 0.6470
vn 0.6035 -0.3135 0.7331
vn 0.5903 0.2579 -0.7648
vn 0.7131 0.1009 0.6938
vn 0.7567 -0.6171 0.2157
vn -0.6229 0.4074 -0.6678
vn 0.6076 0.4384 -0.6623
vn -0.8546 -0.3641 -0.3704
vn 0.6527 0.6515 -0.3867
vn -0.7301 0.1460 -0.6675
vn -0.8140 -0.0600 0.5778
vn -0.4327 -0.8574 0.2787
vn 0.4908 -0.8286 0.2693
vn -0.4024 0.8375 0.3698
vn -0.4063 -0.8239 -0.3950
vn 0.9543 -0.2280 0.1932
vn -0.9074 -0.3919 0.1522
vn -0.9606 -0.2225 -0.1662
vn 0.7447 0.6406 -0.1874
vn 0.8721 -0.0707 0.4842
vn -0.9792 0.1605 0.1240
vn 0.6455 -0.6155 0.4522
vn -0.5821 0.4136 -0.7000
vn -0.5394 -0.4284 0.7250
vn -0.6076 -0.7914 0.0670
vn 0.5252 -0.8430 0.1159
vn -0.1952 -0.9594 0.2035
vn -0.2261 0.9529 -0.2021
vn -0.5547 0.1832 0.8116
vn 0.9503 -0.2807 -0.1345
vn -0.9372 -0.3101 -0.1598
vn -0.7012 -0.7099 -0.0662
vn 0.9706 0.0784 0.2277
vn -0.9136 0.2168 0.3441
vn -0.2104 0.9131 0.3492
vn 0.5172 0.8315 0.2028
vn -0.3051 -0.9432 0.1316
vn -0.2720 0.9515 -0.1438
vn -0.9340 -0.1121 -0.3393
vn -0.9243 -0.0184 0.3811
vn 0.2403 0.9133 0.3288
vn 0.2667 -0.9068 -0.3264
vn -0.4205 0.0234 0.9070
vn -0.0184 -0.0768 0.9969
vn -0.0184 0.0768 -0.9969
vn -0.4111 -0.9116 0.0068
vn -0.5879 -0.7857 -0.1923
vn 0.3490 0.3287 0.8776
vn -0.3490 0.3287 0.8776
vn 0.5450 -0.1281 -0.8286
vn 0.5450 0.1281 0.8286
vn 0.6460 -0.7046 0.2936
vn 0.6460 0.7046 -0.2936
vn 0.1075 -0.1613 0.9810
vn 0.1058 0.1827 -0.9774
vn -0.1535 0.1017 -0.9829
vn 0.8415 -0.2885 -0.4568
vn 0.8415 0.2885 0.4568
vn -0.9881 0.0457 -0.1472
vn 0.3218 0.9252 -0.2011
vn -0.3218 0.9252 -0.2011
vn 0.8295 0.0160 -0.5583
vn -0.8295 0.0160 -0.5583
vn -0.0789 -0.3673 -0.9268
vn -0.7326 0.5036 0.4579
vn -0.7326 -0.5036 -0.4579
vn -0.2914 -0.4439 -0.8474
vn 0.7048 0.1203 0.6991
vn 0.7126 0.1508 -0.6852
vn 0.2681 -0.9546 -0.1302
vn -0.2726 -0.9533 -0.1300
vn 0.5166 -0.8396 -0.1679
vn -0.4190 -0.8904 -0.1781
vn -0.4006 0.9162 -0.0132
vn -0.1414 0.9900 -0.0001
vn -0.1414 -0.9900 0.0001
vn -0.4547 -0.8709 0.1865
vn 0.4547 -0.8709 0.1865
vn 0.2867 -0.7009 -0.6531
vn 0.2867 0.7009 0.6531
vn 0.3077 0.6466 0.6980
vn 0.3077 -0.6466 -0.6980
vn 0.4828 0.8404 -0.2463
vn 0.4828 -0.8404 0.2463
vn -0.5367 0.2264 0.8128
vn 0.5367 0.2264 0.8128
vn 0.1858 -0.6131 -0.7679
vn 0.1858 0.6131 0.7679
vn -0.0420 0.6777 0.7341
vn -0.3099 -0.7607 -0.5703
vn -0.3103 0.7649 0.5644
vn -0.0941 0.8504 -0.5176
vn -0.1034 -0.8496 0.5172
vn -0.2170 0.7679 0.6027
vn 0.2170 0.7679 0.6027
vn -0.1943 0.8965 -0.3981
vn -0.1898 -0.8975 0.3982
vn 0.3641 -0.2259 0.9035
vn 0.3689 0.2254 -0.9017
vn 0.3616 -0.2493 0.8984
vn -0.2161 -0.9764 -0.0039
vn 0.5533 0.7902 -0.2634
vn 0.5152 0.6379 0.5724
vn -0.6304 0.3212 -0.7067
vn -0.6548 -0.3128 0.6881
vn 0.6684 0.0412 0.7427
vn -0.2993 0.0187 0.9540
vn 0.2993 0.0187 0.9540
vn 0.6968 -0.5738 0.4304
vn 0.6968 0.5738 -0.4304
vn -0.3835 -0.0767 0.9203
vn 0.3835 -0.0767 0.9203
vn -0.4782 -0.8663 -0.1444
vn -0.5023 0.8529 0.1422
vn -0.1562 0.9370 0.3123
vn 0.1562 0.9370 0.3123
vn -0.8480 -0.4240 0.3180
vn 0.8480 -0.4240 0.3180
vn 0.4299 0.3687 0.8242
vn 0.4234 -0.3853 -0.8199
vn 0.9833 0.0673 -0.1689
vn 0.9777 -0.0714 0.1977
vn -0.6772 -0.1443 -0.7216
vn -0.6772 0.1443 0.7216
vn -0.1498 0.9887 -0.0000
vn 0.3417 0.9398 -0.0000
vn -0.6601 -0.0782 -0.7471
vn -0.6601 0.0782 0.7471
vn 0.7924 -0.1081 0.6003
vn -0.7996 -0.0909 0.5936
vn 0.4132 0.6492 0.6386
vn -0.8148 -0.5009 -0.2919
vn 0.7814 -0.5427 -0.3081
vn 0.4136 -0.6559 -0.6315
vn -0.1459 -0.0162 0.9892
vn 0.1459 -0.0162 0.9892
vn -0.4752 0.5098 -0.7171
vn -0.4752 -0.5098 0.7171
vn 0.3140 -0.8897 -0.3314
vn 0.3140 0.8897 0.3314
vn 0.5440 -0.2961 0.7851
vn 0.5440 0.2961 -0.7851
vn 0.4260 -0.1689 0.8888
vn 0.4260 0.1689 -0.8888
vn 0.8856 0.2847 0.3669
vn 0.8856 -0.2847 -0.3669
vn 0.0170 -0.9058 0.4233
vn 0.6450 0.4465 -0.6202
vn 0.1117 -0.8738 0.4733
vn -0.4229 -0.0000 -0.9062
vn -0.4229 -0.0000 0.9062
vn 0.3878 -0.3356 0.8585
vn 0.3878 0.3356 -0.8585
vn -0.6080 0.1136 0.7858
vn 0.4236 0.7891 -0.4449
vn 0.4236 -0.7891 0.4449
vn -0.4753 -0.3638 -0.8011
vn 0.4689 -0.3628 -0.8053
vn 0.1442 0.9736 0.1770
vn 0.1496 -0.9728 -0.1769
vn 0.2043 0.8851 -0.4182
vn 0.1992 -0.8852 0.4205
vn 0.1597 -0.4722 0.8669
vn 0.8661 -0.1516 -0.4764
vn -0.6616 0.7450 0.0857
vn 0.2336 -0.0312 -0.9718
vn 0.2336 0.0312 0.9718
vn -0.1566 -0.9875 0.0161
vn 0.9108 -0.4022 0.0934
vn 0.9108 0.4022 -0.0934
vn -0.6417 0.7286 0.2396
vn 0.6417 0.7286 0.2396
vn -0.3007 0.9152 -0.2684
vn -0.3007 -0.9152 0.2684
vn 0.2610 -0.2393 0.9352
vn 0.2610 0.2393 -0.9352
vn -0.3944 0.8851 0.2472
vn -0.1451 -0.9795 -0.1400
vn -0.1505 0.9787 0.1399
vn 0.9806 0.1300 0.1470
vn 0.9806 -0.1300 -0.1470
vn 0.8607 0.0235 -0.5086
vn -0.5547 0.8321 -0.0000
vn 0.5547 0.8321 -0.0000
vn -0.8845 0.0589 -0.4629
vn -0.8845 -0.0589 0.4629
vn 0.1882 0.8690 0.4576
vn 0.1881 -0.8632 -0.4685
vn -0.7368 0.5598 -0.3792
vn -0.7368 -0.5598 0.3792
vn 0.1643 -0.9059 0.3902
vn -0.1643 -0.9059 0.3902
vn -0.9153 0.1161 0.3857
vn 0.8355 0.2456 0.4915
vn 0.8355 -0.2456 -0.4915
vn -0.8650 0.1299 0.4847
vn 0.9004 0.2416 -0.3619
vn -0.9004 0.2416 -0.3619
vn 0.1779 -0.1030 0.9786
vn 0.1861 0.1029 -0.9771
vn -0.3552 0.3188 -0.8788
vn -0.3586 -0.3035 0.8828
vn -0.9079 0.0096 -0.4192
vn -0.9079 -0.0096 0.4192
vn -0.2303 0.6408 0.7323
vn -0.2376 -0.6396 -0.7310
vn 0.9883 -0.1150 -0.1005
vn -0.9884 -0.0998 -0.1144
vn 0.1798 -0.2091 0.9612
vn -0.2013 -0.2138 0.9559
vn -0.4281 -0.0000 -0.9037
vn 0.7026 -0.4488 0.5523
vn -0.7026 -0.4488 0.5523
vn -0.2689 0.1912 -0.9440
vn 0.2689 0.1912 -0.9440
vn 0.6695 0.7420 0.0350
vn 0.9521 0.1862 0.2424
vn 0.9473 -0.2109 -0.2411
vn 0.1003 0.9929 0.0633
vn 0.1003 -0.9929 -0.0633
vn 0.1361 -0.8121 -0.5674
vn -0.4133 0.3295 -0.8489
vn -0.4172 -0.3275 0.8478
vn -0.8748 -0.1367 -0.4648
vn -0.8748 0.1367 0.4648
vn 0.1274 0.6298 0.7662
vn -0.3549 0.7098 0.6084
vn -0.3549 -0.7098 -0.6084
vn 0.8631 -0.3589 -0.3552
vn 0.9542 0.2744 -0.1193
vn -0.9542 0.2744 -0.1193
vn 0.4633 0.4228 0.7788
vn -0.7956 -0.5218 -0.3076
vn -0.7674 0.4955 0.4070
vn 0.9481 0.0342 0.3160
vn -0.1494 0.8895 -0.4319
vn -0.1494 -0.8895 0.4319
vn 0.5541 -0.2771 0.7850
vn -0.5541 -0.2771 0.7850
vn 0.9395 0.1314 -0.3162
vn 0.0075 0.5987 -0.8009
vn -0.0075 0.5987 -0.8009
vn 0.1968 -0.5623 0.8032
vn 0.1968 0.5623 -0.8032
vn 0.1726 0.5611 -0.8095
vn 0.1726 -0.5611 0.8095
vn -0.9782 -0.2059 0.0257
vn -0.9744 0.2250 0.0033
vn 0.8143 -0.1951 0.5467
vn -0.5271 0.2278 -0.8187
vn -0.5271 -0.2278 0.8187
vn -0.6132 -0.7494 -0.2498
vn -0.6132 0.7494 0.2498
vn -0.4056 -0.9125 -0.0541
vn 0.4056 -0.9125 -0.0541
vn -0.9533 0.2007 -0.2258
vn -0.9533 -0.2007 0.2258
vn 0.5058 0.8600 -0.0674
vn 0.0664 0.6341 -0.7704
vn 0.0664 -0.6341 0.7704
vn 0.9581 0.1650 0.2342
vn -0.9586 -0.1613 -0.2348
vn -0.9112 0.2578 -0.3214
vn -0.9112 -0.2578 0.3214
vn -0.9405 0.1778 -0.2895
vn -0.9405 -0.1778 0.2895
vn 0.5387 -0.4897 0.6856
vn 0.5387 0.4897 -0.6856
vn -0.0244 0.9098 0.4143
vn -0.0244 -0.9098 -0.4143
vn 0.8729 -0.2182 -0.4365
vn 0.8729 0.2182 0.4365
vn -0.6643 -0.1281 -0.7364
vn 0.3161 0.9487 -0.0000
vn 0.3161 -0.9487 -0.0000
vn -0.4471 0.8945 -0.0000
vn -0.4471 -0.8945 -0.0000
vn -0.3840 0.7683 -0.5120
vn -0.3840 -0.7683 0.5121
vn 0.9263 0.3528 0.1324
vn -0.9263 0.3528 0.1324
vn 0.9889 0.1374 -0.0559
vn -0.9847 0.1686 -0.0445
vn 0.3394 0.9379 -0.0715
vn -0.3394 0.9379 -0.0715
vn 0.0596 -0.9542 -0.2932
vn 0.4968 -0.6020 -0.6251
vn -0.9547 -0.0972 0.2814
vn 0.9547 -0.0971 0.2814
vn 0.8506 0.2893 -0.4390
vn -0.8643 0.2624 -0.4291
vn 0.1126 -0.4925 -0.8630
vn -0.9088 -0.1599 -0.3853
vn -0.9088 0.1599 0.3853
vn -0.8320 -0.0000 0.5547
vn -0.8320 -0.0000 -0.5547
vn 0.8656 -0.1815 -0.4666
vn -0.9968 0.0037 -0.0803
vn -0.8481 0.4070 0.3391
vn 0.4404 0.8804 0.1761
vn 0.1272 -0.1823 -0.9750
vn 0.1272 0.1823 0.9750
vn 0.8539 0.3173 -0.4126
vn 0.8670 -0.2898 0.4053
vn 0.7857 -0.5753 -0.2275
vn 0.7857 0.5753 0.2275
vn -0.4979 -0.7809 0.3773
vn 0.7541 -0.4441 -0.4838
vn -0.7541 -0.4441 -0.4838
vn 0.2767 0.8300 -0.4842
vn 0.2767 -0.8300 0.4842
vn 0.0584 -0.5779 -0.8140
vn 0.9507 0.2068 -0.2312
vn 0.9590 -0.1607 0.2333
vn -0.8074 0.5882 -0.0461
vn -0.8074 -0.5882 0.0461
vn -0.9399 -0.1986 0.2780
vn -0.9399 0.1986 -0.2780
vn -0.4435 -0.8873 0.1268
vn -0.4435 0.8873 -0.1268
vn 0.9733 0.1622 -0.1622
vn 0.9733 -0.1622 0.1622
vn 0.5747 0.2874 -0.7663
vn -0.4358 0.8714 -0.2254
vn 0.4358 0.8714 -0.2254
vn -0.8042 0.3906 0.4480
vn -0.8042 -0.3906 -0.4480
vn 0.0485 0.8036 0.5932
vn -0.5131 -0.8246 -0.2382
vn 0.5131 -0.8246 -0.2382
vn 0.6069 -0.7565 -0.2436
vn -0.6069 -0.7565 -0.2436
vn -0.8021 -0.5600 -0.2074
vn 0.8021 -0.5600 -0.2074
vn 0.7856 -0.5891 0.1894
vn 0.2211 -0.9474 0.2316
vn -0.1270 0.7620 0.6350
vn -0.1270 -0.7620 -0.6350
vn -0.9227 0.3270 0.2044
vn -0.9227 -0.3270 -0.2044
vn -0.1881 0.9182 0.3485
vn -0.1881 -0.9182 -0.3485
vn 0.6160 0.7346 -0.2843
vn 0.8507 -0.3316 0.4078
vn -0.8507 -0.3316 0.4078
vn -0.5900 0.3105 0.7453
vn 0.5900 0.3105 0.7453
vn 0.1101 0.5826 0.8052
vn 0.3906 -0.6509 -0.6509
vn 0.3906 0.6509 0.6509
vn 0.6667 0.6667 0.3333
vn 0.6667 -0.6667 -0.3333
vn 0.2065 -0.7573 -0.6195
vn -0.2065 -0.7573 -0.6195
vn -0.2443 -0.7328 0.6350
vn -0.2443 0.7328 -0.6350
vn 0.5774 0.5774 -0.5773
vn -0.5774 0.5774 -0.5773
vn -0.4368 0.4368 -0.7864
vn -0.4368 -0.4368 0.7864
vn 0.2294 0.6883 -0.6883
vn 0.2294 -0.6883 0.6883
vn -0.0912 0.2736 0.9575
vn -0.0966 -0.9789 0.1803
vn -0.8567 0.2548 0.4485
vn -0.8567 -0.2548 -0.4485
vn 0.4408 0.8964 0.0463
vn 0.4408 -0.8964 -0.0463
vn 0.4953 -0.4760 -0.7267
vn -0.6471 -0.1080 -0.7547
vn -0.6471 0.1080 0.7547
vn -0.7664 -0.1393 -0.6271
vn -0.7664 0.1393 0.6271
vn -0.4740 0.3322 0.8154
vn 0.4740 0.3322 0.8154
vn 0.6114 0.4483 -0.6521
vn 0.6114 -0.4483 0.6521
vn 0.8591 -0.3409 -0.3818
vn -0.8591 -0.3409 -0.3818
vn 0.7673 0.2482 0.5913
vn -0.0526 0.9976 0.0450
vn 0.6667 0.5144 0.5394
vn -0.8165 0.4082 -0.4083
vn 0.8165 0.4082 -0.4083
vn -0.9371 0.0424 0.3465
vn -0.9371 -0.0424 -0.3465
vn -0.6237 -0.7519 0.2136
vn 0.6237 -0.7519 0.2136
vn -0.5593 -0.3096 -0.7690
vn -0.5593 0.3096 0.7690
vn -0.1963 0.9071 0.3723
vn -0.1963 -0.9071 -0.3723
vn 0.2807 -0.1953 -0.9397
vn 0.3183 0.1769 0.9313
vn 0.5546 -0.5127 -0.6554
vn 0.5546 0.5127 0.6554
vn 0.7949 -0.5914 0.1356
vn -0.8386 -0.1910 -0.5102
vn -0.7035 0.2895 0.6491
vn 0.7035 0.2895 0.6491
vn 0.2560 0.3628 0.8960
vn 0.2560 -0.3628 -0.8960
vn -0.1558 0.3807 -0.9115
vn -0.1558 -0.3807 0.9115
vn -0.0489 0.9790 0.1978
vn -0.6400 0.3864 -0.6641
vn 0.1796 -0.5655 -0.8050
vn 0.1658 0.5618 0.8105
vn 0.7992 -0.0454 0.5993
vn -0.7992 -0.0454 0.5993
vn -0.7467 0.0117 0.6651
vn -0.7467 -0.0117 -0.6651
vn -0.6913 -0.6933 0.2038
vn -0.6913 0.6933 -0.2038
vn 0.8562 0.1315 0.4997
vn -0.2392 0.6821 0.6910
vn 0.2392 0.6821 0.6910
vn 0.3876 0.0485 -0.9205
vn -0.3936 0.0437 -0.9183
vn -0.6334 -0.7174 -0.2900
vn 0.6334 -0.7174 -0.2900
vn 0.4107 -0.1232 -0.9034
vn 0.4107 0.1232 0.9034
vn -0.5573 -0.8262 0.0818
vn 0.5414 -0.8367 0.0820
vn 0.1959 -0.6219 -0.7582
vn -0.1959 -0.6219 -0.7582
vn -0.0270 0.9701 0.2413
vn 0.2811 -0.8693 -0.4066
vn 0.3896 -0.8816 0.2665
vn 0.3896 0.8816 -0.2665
vn -0.4874 -0.8371 -0.2484
vn -0.6074 -0.6931 0.3882
vn -0.7243 -0.0537 -0.6874
vn 0.7312 -0.2843 0.6202
vn 0.5572 0.2761 -0.7831
vn -0.6947 0.1182 0.7095
vn 0.6947 0.1182 0.7095
vn 0.5863 0.2700 -0.7638
vn -0.6052 0.2095 -0.7681
vn 0.6118 0.2302 -0.7568
vn 0.6176 -0.1869 0.7639
vn 0.6267 0.2103 -0.7504
vn 0.0392 -0.9711 -0.2354
vn -0.6218 -0.6688 0.4075
vn -0.6063 0.6777 -0.4161
vn 0.4819 -0.0000 -0.8762
vn -0.4819 -0.0000 -0.8762
vn -0.3640 -0.5649 -0.7405
vn -0.3791 0.5490 0.7449
vn -0.5869 0.2180 -0.7798
vn -0.6033 -0.2327 0.7628
vn 0.0524 0.3934 0.9179
vn -0.0582 0.3932 0.9176
vn -0.4500 -0.8330 0.3219
vn 0.4500 -0.8330 0.3219
vn 0.4596 0.7741 0.4354
vn 0.4475 -0.6055 0.6581
vn 0.1804 0.9052 -0.3848
vn -0.1804 0.9052 -0.3848
vn 0.6372 0.4085 -0.6536
vn 0.6372 -0.4085 0.6536
vn 0.3828 0.7834 -0.4896
vn -0.3828 0.7834 -0.4896
vn 0.5595 0.4029 -0.7243
vn -0.5595 0.4029 -0.7243
vn -0.5150 -0.7048 0.4879
vn 0.5150 -0.7048 0.4879
vn 0.5398 0.0601 -0.8397
vn -0.5398 0.0601 -0.8397
vn -0.5671 0.5747 -0.5900
vn -0.5671 -0.5747 0.5900
vn 0.3713 0.7428 0.5571
vn 0.5557 0.6602 -0.5054
vn -0.5557 0.6602 -0.5054
vn 0.2991 0.6554 -0.6936
vn 0.2991 -0.6554 0.6936
vn -0.4733 -0.0877 0.8765
vn -0.4733 0.0877 -0.8765
vn -0.4580 -0.1928 0.8678
vn 0.0946 0.9693 0.2269
vn -0.4794 -0.8008 0.3591
vn -0.3436 0.0625 -0.9370
vn 0.9175 0.1359 -0.3738
vn 0.9175 -0.1359 0.3738
vn -0.1439 -0.0985 0.9847
vn -0.1323 0.2150 -0.9676
vn 0.2682 -0.7509 -0.6035
vn 0.2682 0.7509 0.6035
vn 0.2240 0.0882 0.9706
vn 0.2545 0.0643 -0.9649
vn 0.1163 -0.3488 0.9300
vn -0.1296 -0.3536 0.9264
vn -0.7731 0.3361 0.5378
vn -0.7731 -0.3361 -0.5378
vn -0.7128 0.0538 -0.6993
vn 0.8046 0.0456 -0.5920
vn 0.4587 -0.0747 0.8854
vn 0.4587 0.0747 -0.8854
vn 0.5017 0.1751 0.8471
vn 0.5017 -0.1751 -0.8471
vn 0.3738 0.3569 -0.8561
vn 0.3738 -0.3569 0.8561
vn -0.3903 -0.7671 -0.5091
vn -0.3903 0.7671 0.5091
vn 0.5097 0.4370 0.7411
vn -0.4575 0.8002 0.3877
vn -0.5189 -0.4401 -0.7328
vn 0.5344 -0.4365 -0.7237
vn 0.3119 0.7638 0.5652
vn 0.3279 -0.7563 -0.5662
vn -0.3114 0.6078 0.7305
vn -0.3240 -0.6105 -0.7227
vn 0.3986 -0.4316 -0.8092
vn -0.4181 -0.4275 -0.8015
vn 0.5128 0.3450 -0.7861
vn -0.5278 0.3124 -0.7898
vn -0.3635 0.3606 0.8590
vn 0.3781 0.3507 0.8568
vn 0.4305 -0.4410 -0.7875
vn 0.4616 0.4334 0.7740
vn 0.4215 0.2199 -0.8798
vn 0.4523 -0.2163 0.8653
vn -0.1737 -0.2699 -0.9471
vn 0.2189 -0.4660 -0.8573
vn 0.5166 -0.4887 0.7031
vn -0.5407 -0.3122 -0.7811
vn 0.6867 0.1948 0.7004
vn 0.1184 -0.7417 0.6602
vn -0.0226 -0.5476 0.8364
vn -0.3403 0.0262 -0.9400
vn 0.5225 -0.6029 0.6029
vn -0.7692 -0.5685 -0.2918
vn -0.6849 -0.4742 -0.5532
vn 0.5293 -0.0528 0.8468
vn -0.8397 -0.1474 -0.5227
vn -0.4756 -0.0849 -0.8755
vn 0.9203 0.3599 -0.1530
vn -0.9020 0.3980 -0.1675
vn -0.9008 0.4337 0.0199
vn -0.8207 -0.3306 0.4659
vn 0.3713 -0.8918 -0.2585
vn 0.9905 0.0803 -0.1119
vn 0.7126 -0.1508 0.6852
vn 0.6749 -0.3837 0.6303
vn 0.5813 -0.8137 -0.0000
vn -0.0000 -0.7071 0.7071
vn -0.0000 0.7071 -0.7071
vn 0.4079 0.8788 0.2476
vn -0.0156 -0.9065 0.4220
vn -0.0668 -0.7639 0.6419
vn 0.1195 0.8730 -0.4729
vn 0.4742 -0.5532 0.6849
vn 0.4742 0.5532 -0.6849
vn 0.1597 0.4722 -0.8669
vn 0.6777 -0.3905 0.6232
vn -0.1566 0.9875 -0.0161
vn 0.6695 -0.4549 0.5872
vn -0.8877 0.0417 -0.4585
vn 0.8877 0.0417 -0.4585
vn 0.5267 0.8383 0.1410
vn -0.0665 -0.1256 0.9899
vn -0.0665 0.1256 -0.9899
vn 0.7812 -0.4842 -0.3941
vn -0.1384 -0.8119 -0.5671
vn 0.2912 0.5870 -0.7554
vn -0.2912 0.5870 -0.7554
vn 0.9471 -0.1126 0.3005
vn 0.5058 -0.8600 0.0674
vn -0.5484 0.1115 -0.8287
vn -0.5484 -0.1115 0.8287
vn 0.0155 -0.7386 0.6739
vn 0.0155 0.7386 -0.6739
vn -0.6643 0.1281 0.7364
vn 0.9267 -0.3751 -0.0221
vn 0.1470 -0.7352 -0.6617
vn -0.1470 -0.7352 -0.6617
vn -0.2828 -0.7570 0.5890
vn 0.0596 0.9542 0.2932
vn 0.0584 0.5779 0.8140
vn -0.7413 0.6536 -0.1527
vn -0.5174 0.4974 -0.6963
vn -0.5174 -0.4974 0.6963
vn -0.0485 0.8036 0.5932
vn 0.7856 0.5891 -0.1894
vn -0.7662 -0.5747 -0.2873
vn -0.7662 0.5747 0.2873
vn 0.6160 -0.7346 0.2843
vn -0.1101 0.5826 0.8052
vn -0.8735 0.0155 0.4866
vn -0.8895 -0.0113 -0.4568
vn -0.3623 0.5492 0.7531
vn -0.3623 -0.5492 -0.7531
vn -0.0469 -0.8555 -0.5157
vn -0.0469 0.8555 0.5157
vn -0.7442 -0.6576 0.1172
vn -0.7518 0.6481 -0.1214
vn 0.7500 0.1276 0.6490
vn -0.7673 0.2482 0.5913
vn 0.6667 -0.5144 -0.5394
vn 0.6218 0.7339 -0.2735
vn 0.6265 -0.7276 0.2795
vn 0.7903 0.5993 -0.1274
vn -0.6400 -0.3864 0.6641
vn -0.8083 -0.5774 0.1155
vn 0.3668 -0.4811 0.7963
vn 0.2811 0.8693 0.4066
vn 0.6074 -0.6931 0.3882
vn -0.7243 0.0537 0.6874
vn -0.2787 0.8861 -0.3703
vn -0.4932 0.7397 -0.4579
vn 0.4596 -0.7741 -0.4354
vn 0.9656 0.2207 -0.1379
vn -0.4705 0.7059 0.5294
vn -0.6884 -0.5138 0.5119
vn -0.6884 0.5138 -0.5119
vn 0.2337 0.8179 -0.5258
vn 0.2337 -0.8179 0.5258
vn -0.4794 0.8008 -0.3591
vn 0.6827 -0.5139 -0.5195
vn 0.6827 0.5139 0.5195
vn -0.2500 0.0876 0.9643
vn 0.3335 0.4176 0.8452
vn 0.6854 0.2722 0.6754
vn 0.7226 0.5684 -0.3935
vn 0.7632 0.6219 -0.1756
vn -0.8810 0.2721 -0.3870
vn -0.8003 0.3169 -0.5091
vn -0.1407 -0.7595 -0.6351
vn 0.0717 -0.8299 0.5533
vn -0.1476 -0.9890 -0.0000
vn 0.4079 -0.8788 -0.2476
vn 0.6478 0.1393 -0.7490
vn -0.1464 -0.4699 0.8705
vn 0.0668 -0.7639 0.6419
vn 0.7718 0.5413 0.3335
vn -0.7686 -0.5787 0.2728
vn -0.1313 0.6280 0.7670
vn 0.4633 -0.4228 -0.7788
vn -0.9481 0.0342 0.3160
vn -0.9575 0.2880 -0.0123
vn -0.9575 -0.2880 0.0123
vn -0.3199 -0.4936 0.8087
vn 0.4905 0.3018 -0.8175
vn 0.5522 -0.0639 -0.8312
vn 0.1126 0.4925 0.8630
vn -0.7139 -0.4294 0.5532
vn 0.7336 0.6630 -0.1492
vn -0.0377 0.5608 0.8271
vn -0.4779 -0.6332 -0.6088
vn 0.7747 -0.1387 -0.6169
vn 0.7747 0.1387 0.6169
vn 0.1324 0.9696 -0.2057
vn 0.6334 -0.1642 -0.7562
vn 0.6334 0.1642 0.7562
vn -0.7018 0.2449 0.6689
vn 0.7018 0.2449 0.6689
vn 0.2568 -0.9086 -0.3294
vn 0.2568 0.9086 0.3294
vn 0.8363 -0.5376 0.1075
vn -0.4354 0.8780 0.1987
vn -0.4354 -0.8780 -0.1987
vn -0.4932 -0.7397 0.4579
vn -0.2761 -0.2920 -0.9157
vn -0.5345 -0.2673 0.8018
vn -0.5345 0.2673 -0.8018
vn -0.2860 0.3870 0.8766
vn -0.2860 -0.3870 -0.8766
vn -0.4732 -0.0508 0.8795
vn 0.9656 -0.2207 0.1379
vn -0.7071 -0.0000 -0.7071
vn -0.5215 -0.1128 0.8457
vn 0.5081 -0.0721 0.8583
vn 0.2762 0.6132 0.7401
vn 0.1155 -0.0844 -0.9897
vn 0.7553 0.0265 0.6548
vn -0.7951 -0.3419 0.5009
vn 0.6478 -0.1393 0.7490
vn -0.5098 -0.0726 -0.8572
vn -0.7686 0.5787 -0.2728
vn 0.1179 -0.0192 -0.9928
vn 0.3199 -0.4936 0.8087
vn -0.4905 0.3018 -0.8175
vn -0.8810 0.3709 -0.2937
vn -0.5644 -0.0579 -0.8235
vn 0.6069 -0.2666 0.7487
vn 0.1242 -0.7927 -0.5969
vn 0.0824 -0.9650 -0.2488
vn 0.2762 -0.6132 -0.7401
vn 0.7113 -0.2337 -0.6629
vn -0.7113 -0.2337 -0.6629
vn -0.2684 0.2891 0.9189
vn -0.1728 0.8741 0.4540
vn 0.8075 0.1475 -0.5711
vn -0.6283 0.7732 -0.0863
vn 0.6260 0.7767 -0.0690
vn -0.7427 0.1757 0.6461
vn 0.0878 0.6794 -0.7285
vn 0.1728 0.8741 0.4540
vn -0.1223 0.7426 -0.6584
vn 0.1491 -0.9544 -0.2585
vn -0.2747 0.9014 -0.3348
vn -0.6601 0.3913 -0.6412
vn 0.6601 0.3913 -0.6412
vn 0.6806 -0.5297 0.5061
vn -0.0841 -0.4624 0.8827
vn -0.0841 0.4624 -0.8827
vn -0.5276 -0.6763 0.5141
vn 0.2329 0.1528 0.9604
vn -0.0912 -0.2736 -0.9575
vn 0.5276 -0.6763 0.5141
vn -0.8684 -0.4957 -0.0149
s 0
f 1//1 5//1 9//1 4//1
f 3//2 2//2 13//2 10//2
f 13//3 2//3 4//3 11//3
f 15//4 6//4 5//4 14//4
f 14//5 17//5 9//5 5//5
f 15//6 18//6 10//6 6//6
f 11//7 9//7 17//7 29//7
f 18//8 33//8 13//8 10//8
f 28//9 15//9 14//9 21//9
f 33//10 13//10 11//10 29//10
f 21//11 14//11 17//11 38//11
f 28//12 15//12 18//12 39//12
f 32//13 42//13 30//13 16//13
f 31//14 43//14 32//14 16//14
f 40//15 28//15 21//15 35//15
f 46//16 36//16 19//16 24//16
f 37//17 47//17 25//17 20//17
f 19//18 36//18 50//18 22//18
f 20//19 23//19 51//19 37//19
f 38//20 49//20 29//20 17//20
f 18//21 33//21 55//21 39//21
f 35//22 54//22 38//22 21//22
f 39//23 28//23 40//23 58//23
f 26//24 63//24 47//24 25//24
f 46//25 24//25 27//25 62//25
f 51//26 63//26 26//26 23//26
f 62//27 27//27 22//27 50//27
f 55//28 49//28 29//28 33//28
f 45//29 34//29 30//29 56//29
f 31//30 34//30 45//30 57//30
f 40//31 35//31 41//31 60//31
f 35//32 54//32 59//32 41//32
f 45//33 41//33 59//33 56//33
f 53//34 37//34 47//34 70//34
f 52//35 71//35 50//35 36//35
f 53//36 37//36 51//36 72//36
f 61//37 32//37 42//37 76//37
f 43//38 32//38 61//38 77//38
f 54//39 38//39 49//39 73//39
f 58//40 40//40 60//40 80//40
f 54//41 59//41 79//41 73//41
f 75//42 39//42 55//42 97//42
f 48//43 68//43 83//43 65//43
f 69//44 93//44 62//44 46//44
f 70//45 94//45 63//45 47//45
f 93//46 71//46 50//46 62//46
f 72//47 51//47 63//47 94//47
f 66//48 90//48 71//48 52//48
f 91//49 67//49 53//49 72//49
f 96//50 80//50 60//50 57//50
f 55//51 97//51 87//51 49//51
f 83//52 65//52 74//52 105//52
f 76//53 116//53 95//53 56//53
f 61//54 76//54 110//54 92//54
f 109//55 77//55 61//55 92//55
f 117//56 77//56 57//56 96//56
f 79//57 112//57 90//57 66//57
f 113//58 80//58 67//58 91//58
f 78//59 81//59 104//59 102//59
f 103//60 82//60 78//60 102//60
f 68//61 83//61 124//61 101//61
f 88//62 69//62 93//62 132//62
f 70//63 89//63 133//63 94//63
f 132//64 90//64 71//64 93//64
f 72//65 94//65 133//65 91//65
f 103//66 108//66 85//66 82//66
f 85//67 108//67 120//67 86//67
f 95//68 79//68 112//68 144//68
f 113//69 80//69 96//69 145//69
f 99//70 106//70 115//70 123//70
f 76//71 116//71 150//71 110//71
f 151//72 117//72 77//72 109//72
f 129//73 75//73 97//73 170//73
f 121//74 126//74 100//74 111//74
f 170//75 128//75 87//75 97//75
f 136//76 126//76 100//76 137//76
f 194//77 112//77 90//77 132//77
f 91//78 133//78 195//78 113//78
f 154//79 114//79 106//79 143//79
f 115//80 153//80 143//80 106//80
f 116//81 179//81 144//81 95//81
f 180//82 145//82 96//82 117//82
f 128//83 88//83 132//83 194//83
f 129//84 89//84 133//84 195//84
f 111//85 118//85 156//85 146//85
f 146//86 111//86 121//86 155//86
f 123//87 115//87 153//87 165//87
f 186//88 103//88 102//88 178//88
f 178//89 102//89 104//89 185//89
f 155//90 121//90 126//90 169//90
f 172//91 131//91 127//91 157//91
f 101//92 124//92 206//92 175//92
f 147//93 130//93 141//93 173//93
f 142//94 174//94 147//94 130//94
f 123//95 165//95 176//95 134//95
f 193//96 140//96 127//96 157//96
f 181//97 136//97 126//97 169//97
f 187//98 135//98 134//98 176//98
f 172//99 193//99 140//99 131//99
f 136//100 137//100 190//100 181//100
f 217//101 151//101 117//101 180//101
f 237//102 144//102 112//102 194//102
f 148//103 141//103 173//103 210//103
f 142//104 149//104 211//104 174//104
f 153//105 143//105 204//105 218//105
f 170//106 147//106 173//106 214//106
f 174//107 147//107 170//107 215//107
f 205//108 219//108 155//108 146//108
f 152//109 148//109 210//109 212//109
f 211//110 212//110 152//110 149//110
f 213//111 191//111 157//111 172//111
f 163//112 159//112 208//112 223//112
f 244//113 191//113 157//113 193//113
f 153//114 218//114 235//114 165//114
f 236//115 219//115 155//115 169//115
f 162//116 177//116 245//116 222//116
f 163//117 182//117 246//117 223//117
f 172//118 193//118 244//118 213//118
f 270//119 179//119 144//119 237//119
f 145//120 180//120 271//120 238//120
f 189//121 168//121 224//121 251//121
f 242//122 176//122 165//122 235//122
f 228//123 232//123 186//123 184//123
f 169//124 181//124 243//124 236//124
f 178//125 185//125 231//125 234//125
f 232//126 186//126 178//126 234//126
f 240//127 242//127 176//127 187//127
f 181//128 190//128 241//128 243//128
f 247//129 209//129 191//129 213//129
f 246//130 252//130 192//130 182//130
f 173//131 214//131 266//131 210//131
f 267//132 215//132 174//132 211//132
f 248//133 198//133 199//133 249//133
f 200//134 250//134 248//134 198//134
f 201//135 199//135 249//135 255//135
f 250//136 256//136 202//136 200//136
f 254//137 255//137 201//137 203//137
f 202//138 256//138 254//138 203//138
f 281//139 226//139 209//139 247//139
f 278//140 266//140 210//140 212//140
f 211//141 212//141 278//141 267//141
f 314//142 271//142 180//142 217//142
f 223//143 299//143 277//143 208//143
f 276//144 207//144 222//144 300//144
f 306//145 368//145 206//145 175//145
f 213//146 247//146 303//146 244//146
f 309//147 266//147 214//147 237//147
f 324//148 286//148 218//148 235//148
f 325//149 236//149 219//149 287//149
f 246//150 223//150 299//150 365//150
f 245//151 364//151 300//151 222//151
f 264//152 279//152 272//152 262//152
f 273//153 263//153 265//153 280//153
f 228//154 327//154 321//154 232//154
f 234//155 319//155 320//155 231//155
f 232//156 321//156 319//156 234//156
f 262//157 268//157 291//157 282//157
f 292//158 283//158 263//158 269//158
f 262//159 272//159 288//159 282//159
f 289//160 273//160 263//160 283//160
f 251//161 224//161 304//161 374//161
f 252//162 375//162 305//162 225//162
f 356//163 242//163 235//163 324//163
f 236//164 243//164 355//164 325//164
f 295//165 268//165 264//165 297//165
f 265//166 269//166 296//166 298//166
f 378//167 281//167 226//167 285//167
f 241//168 239//168 327//168 361//168
f 360//169 356//169 242//169 240//169
f 368//170 417//170 253//170 206//170
f 319//171 360//171 255//171 254//171
f 256//172 361//172 319//172 254//172
f 366//173 309//173 237//173 270//173
f 344//174 351//174 249//174 248//174
f 250//175 352//175 344//175 248//175
f 247//176 303//176 359//176 281//176
f 279//177 322//177 297//177 264//177
f 298//178 323//178 280//178 265//178
f 261//179 290//179 311//179 301//179
f 312//180 290//180 261//180 302//180
f 293//181 307//181 291//181 268//181
f 292//182 308//182 294//182 269//182
f 255//183 249//183 351//183 360//183
f 352//184 361//184 256//184 250//184
f 329//185 278//185 266//185 309//185
f 295//186 268//186 293//186 345//186
f 294//187 346//187 296//187 269//187
f 279//188 336//188 338//188 272//188
f 339//189 273//189 280//189 337//189
f 353//190 282//190 291//190 340//190
f 292//191 341//191 354//191 283//191
f 293//192 317//192 332//192 307//192
f 333//193 318//193 294//193 308//193
f 340//194 349//194 307//194 291//194
f 308//195 292//195 341//195 350//195
f 330//196 317//196 293//196 345//196
f 331//197 318//197 294//197 346//197
f 353//198 282//198 288//198 395//198
f 289//199 283//199 354//199 396//199
f 290//200 311//200 376//200 362//200
f 377//201 362//201 290//201 312//201
f 338//202 272//202 315//202 412//202
f 316//203 273//203 339//203 413//203
f 297//204 295//204 372//204 391//204
f 298//205 296//205 373//205 392//205
f 271//206 314//206 405//206 367//206
f 406//207 366//207 270//207 313//207
f 336//208 403//208 322//208 279//208
f 323//209 404//209 337//209 280//209
f 330//210 357//210 347//210 317//210
f 348//211 358//211 331//211 318//211
f 349//212 369//212 332//212 307//212
f 333//213 370//213 350//213 308//213
f 379//214 366//214 309//214 329//214
f 310//215 367//215 379//215 329//215
f 355//216 451//216 361//216 243//216
f 371//217 284//217 334//217 418//217
f 335//218 419//218 371//218 284//218
f 372//219 410//219 345//219 295//219
f 346//220 411//220 373//220 296//220
f 357//221 380//221 369//221 347//221
f 301//222 407//222 401//222 311//222
f 402//223 408//223 302//223 312//223
f 281//224 378//224 436//224 359//224
f 388//225 340//225 349//225 386//225
f 350//226 341//226 389//226 387//226
f 322//227 432//227 391//227 297//227
f 392//228 433//228 323//228 298//228
f 345//229 410//229 382//229 330//229
f 383//230 411//230 346//230 331//230
f 441//231 324//231 286//231 397//231
f 442//232 398//232 287//232 325//232
f 444//233 299//233 277//233 438//233
f 437//234 443//234 300//234 276//234
f 334//235 439//235 407//235 301//235
f 408//236 440//236 335//236 302//236
f 304//237 276//237 437//237 446//237
f 438//238 447//238 305//238 277//238
f 386//239 369//239 380//239 414//239
f 381//240 370//240 387//240 415//240
f 429//241 377//241 312//241 402//241
f 470//242 409//242 285//242 378//242
f 414//243 380//243 382//243 410//243
f 383//244 381//244 415//244 411//244
f 362//245 376//245 430//245 427//245
f 431//246 377//246 362//246 427//246
f 414//247 421//247 388//247 386//247
f 389//248 422//248 415//248 387//248
f 456//249 441//249 324//249 356//249
f 325//250 442//250 457//250 355//250
f 395//251 315//251 412//251 462//251
f 413//252 316//252 396//252 463//252
f 425//253 340//253 353//253 471//253
f 354//254 341//254 426//254 472//254
f 314//255 424//255 453//255 405//255
f 452//256 423//256 313//256 406//256
f 364//257 300//257 443//257 486//257
f 360//258 351//258 448//258 450//258
f 449//259 352//259 361//259 451//259
f 374//260 482//260 446//260 304//260
f 375//261 483//261 447//261 305//261
f 484//262 338//262 336//262 473//262
f 409//263 285//263 436//263 526//263
f 403//264 322//264 432//264 506//264
f 433//265 507//265 404//265 323//265
f 465//266 429//266 377//266 431//266
f 394//267 390//267 445//267 461//267
f 334//268 439//268 499//268 418//268
f 500//269 440//269 335//269 419//269
f 454//270 414//270 421//270 434//270
f 422//271 415//271 455//271 435//271
f 399//272 468//272 460//272 393//272
f 461//273 394//273 400//273 469//273
f 473//274 501//274 403//274 336//274
f 404//275 502//275 474//275 337//275
f 454//276 458//276 410//276 414//276
f 411//277 459//277 455//277 415//277
f 489//278 412//278 338//278 484//278
f 490//279 413//279 339//279 485//279
f 466//280 503//280 418//280 371//280
f 419//281 371//281 466//281 504//281
f 391//282 524//282 458//282 372//282
f 459//283 525//283 392//283 373//283
f 471//284 353//284 395//284 540//284
f 396//285 541//285 472//285 354//285
f 491//286 416//286 399//286 468//286
f 400//287 416//287 491//287 469//287
f 511//288 487//288 365//288 398//288
f 486//289 364//289 397//289 512//289
f 407//290 497//290 475//290 401//290
f 476//291 498//291 408//291 402//291
f 428//292 401//292 475//292 477//292
f 476//293 402//293 429//293 478//293
f 342//294 384//294 513//294 536//294
f 514//295 385//295 343//295 537//295
f 445//296 351//296 448//296 553//296
f 449//297 554//297 445//297 352//297
f 470//298 526//298 436//298 378//298
f 427//299 430//299 492//299 488//299
f 384//300 423//300 517//300 513//300
f 385//301 514//301 518//301 424//301
f 457//302 606//302 451//302 355//302
f 450//303 607//303 456//303 356//303
f 464//304 494//304 477//304 428//304
f 478//305 495//305 465//305 429//305
f 532//306 498//306 408//306 440//306
f 407//307 439//307 533//307 497//307
f 492//308 508//308 464//308 430//308
f 465//309 509//309 493//309 431//309
f 454//310 434//310 479//310 528//310
f 480//311 435//311 455//311 529//311
f 452//312 423//312 517//312 534//312
f 518//313 424//313 453//313 535//313
f 633//314 511//314 398//314 442//314
f 632//315 441//315 397//315 512//315
f 528//316 454//316 458//316 524//316
f 459//317 525//317 529//317 455//317
f 541//318 681//318 463//318 396//318
f 467//319 452//319 534//319 544//319
f 535//320 544//320 467//320 453//320
f 418//321 499//321 658//321 503//321
f 659//322 500//322 419//322 504//322
f 538//323 494//323 464//323 508//323
f 465//324 495//324 539//324 509//324
f 494//325 519//325 521//325 477//325
f 522//326 520//326 495//326 478//326
f 468//327 460//327 553//327 579//327
f 554//328 461//328 469//328 580//328
f 561//329 540//329 471//329 479//329
f 472//330 541//330 562//330 480//330
f 663//331 532//331 440//331 500//331
f 439//332 499//332 662//332 533//332
f 616//333 577//333 489//333 462//333
f 490//334 578//334 617//334 463//334
f 466//335 503//335 620//335 567//335
f 621//336 504//336 466//336 567//336
f 638//337 579//337 468//337 491//337
f 469//338 580//338 638//338 491//338
f 506//339 432//339 524//339 742//339
f 525//340 743//340 507//340 433//340
f 779//341 632//341 441//341 456//341
f 548//342 560//342 538//342 508//342
f 531//343 451//343 606//343 730//343
f 530//344 450//344 607//344 729//344
f 555//345 523//345 581//345 569//345
f 582//346 523//346 555//346 570//346
f 528//347 479//347 561//347 738//347
f 562//348 480//348 529//348 739//348
f 589//349 608//349 519//349 538//349
f 520//350 539//350 590//350 609//350
f 564//351 566//351 589//351 538//351
f 581//352 557//352 550//352 569//352
f 551//353 558//353 582//353 570//353
f 505//354 612//354 653//354 527//354
f 654//355 527//355 505//355 613//355
f 563//356 586//356 569//356 555//356
f 570//357 587//357 563//357 555//357
f 545//358 572//358 614//358 550//358
f 615//359 573//359 546//359 551//359
f 569//360 586//360 597//360 550//360
f 598//361 587//361 570//361 551//361
f 576//362 571//362 589//362 648//362
f 590//363 571//363 576//363 649//363
f 660//364 591//364 557//364 581//364
f 661//365 592//365 558//365 582//365
f 487//366 715//366 790//366 511//366
f 789//367 714//367 486//367 512//367
f 549//368 547//368 647//368 688//368
f 527//369 653//369 694//369 565//369
f 695//370 565//370 527//370 654//370
f 547//371 647//371 689//371 552//371
f 660//372 614//372 572//372 591//372
f 573//373 615//373 661//373 592//373
f 585//374 678//374 648//374 576//374
f 649//375 576//375 585//375 679//375
f 616//376 819//376 680//376 462//376
f 724//377 561//377 540//377 680//377
f 541//378 681//378 725//378 562//378
f 618//379 595//379 599//379 668//379
f 586//380 668//380 599//380 597//380
f 614//381 634//381 645//381 597//381
f 646//382 635//382 615//382 598//382
f 599//383 664//383 645//383 597//383
f 646//384 598//384 600//384 665//384
f 738//385 742//385 524//385 528//385
f 525//386 743//386 739//386 529//386
f 641//387 614//387 634//387 628//387
f 635//388 615//388 642//388 629//388
f 589//389 608//389 692//389 648//389
f 693//390 609//390 590//390 649//390
f 700//391 863//391 517//391 513//391
f 701//392 514//392 518//392 864//392
f 584//393 552//393 689//393 737//393
f 709//394 672//394 581//394 605//394
f 582//395 605//395 717//395 673//395
f 565//396 694//396 731//396 604//396
f 732//397 604//397 565//397 695//397
f 536//398 912//398 700//398 513//398
f 701//399 913//399 537//399 514//399
f 780//400 880//400 606//400 457//400
f 607//401 456//401 779//401 879//401
f 544//402 778//402 787//402 534//402
f 788//403 778//403 544//403 535//403
f 825//404 553//404 530//404 729//404
f 531//405 554//405 826//405 730//405
f 568//406 726//406 750//406 601//406
f 751//407 726//407 568//407 602//407
f 787//408 534//408 517//408 863//408
f 518//409 864//409 788//409 535//409
f 783//410 677//410 594//410 630//410
f 593//411 631//411 784//411 676//411
f 645//412 733//412 712//412 634//412
f 713//413 734//413 646//413 635//413
f 593//414 651//414 810//414 676//414
f 594//415 652//415 811//415 677//415
f 758//416 767//416 668//416 556//416
f 669//417 556//417 758//417 768//417
f 603//418 840//418 737//418 584//418
f 771//419 499//419 662//419 961//419
f 663//420 500//420 772//420 962//420
f 650//421 549//421 688//421 930//421
f 657//422 604//422 731//422 776//422
f 732//423 777//423 657//423 604//423
f 664//424 744//424 733//424 645//424
f 734//425 646//425 665//425 745//425
f 707//426 761//426 720//426 614//426
f 721//427 615//427 708//427 762//427
f 994//428 790//428 511//428 633//428
f 993//429 789//429 512//429 632//429
f 664//430 744//430 746//430 696//430
f 747//431 745//431 665//431 697//431
f 647//432 749//432 796//432 689//432
f 653//433 694//433 799//433 756//433
f 800//434 695//434 654//434 757//434
f 1094//435 559//435 536//435 912//435
f 537//436 559//436 1094//436 913//436
f 601//437 763//437 808//437 750//437
f 809//438 764//438 602//438 751//438
f 769//439 839//439 679//439 649//439
f 678//440 838//440 770//440 648//440
f 978//441 804//441 575//441 656//441
f 574//442 803//442 979//442 655//442
f 688//443 647//443 749//443 865//443
f 712//444 735//444 785//444 733//444
f 786//445 736//445 713//445 734//445
f 738//446 1064//446 724//446 561//446
f 725//447 562//447 739//447 1065//447
f 717//448 823//448 776//448 657//448
f 777//449 824//449 717//449 657//449
f 747//450 755//450 741//450 722//450
f 740//451 723//451 746//451 754//451
f 761//452 720//452 712//452 806//452
f 713//453 807//453 762//453 721//453
f 741//454 722//454 792//454 782//454
f 791//455 781//455 740//455 723//455
f 716//456 1001//456 784//456 631//456
f 694//457 731//457 843//457 799//457
f 844//458 732//458 695//458 800//458
f 792//459 722//459 697//459 870//459
f 696//460 723//460 791//460 869//460
f 819//461 680//461 724//461 859//461
f 725//462 681//462 820//462 860//462
f 774//463 620//463 797//463 943//463
f 810//464 1001//464 716//464 651//464
f 719//465 652//465 811//465 1002//465
f 733//466 785//466 841//466 744//466
f 842//467 786//467 734//467 745//467
f 941//468 702//468 678//468 838//468
f 679//469 703//469 942//469 839//469
f 781//470 827//470 759//470 740//470
f 760//471 828//471 782//471 741//471
f 948//472 772//472 659//472 793//472
f 658//473 771//473 947//473 794//473
f 737//474 990//474 796//474 689//474
f 805//475 965//475 773//475 706//475
f 606//476 880//476 1187//476 730//476
f 607//477 729//477 1186//477 879//477
f 952//478 718//478 702//478 941//478
f 703//479 942//479 952//479 718//479
f 806//480 896//480 815//480 712//480
f 816//481 897//481 807//481 713//481
f 822//482 693//482 769//482 1073//482
f 770//483 692//483 821//483 1072//483
f 813//484 709//484 823//484 982//484
f 791//485 945//485 827//485 781//485
f 828//486 946//486 792//486 782//486
f 676//487 810//487 1147//487 836//487
f 1148//488 811//488 677//488 837//488
f 814//489 812//489 852//489 849//489
f 749//490 796//490 1009//490 890//490
f 814//491 835//491 873//491 849//491
f 874//492 835//492 814//492 850//492
f 1026//493 1078//493 750//493 726//493
f 751//494 726//494 1026//494 1079//494
f 827//495 801//495 881//495 945//495
f 882//496 802//496 828//496 946//496
f 812//497 852//497 920//497 857//497
f 996//498 902//498 777//498 824//498
f 776//499 903//499 995//499 823//499
f 1064//500 738//500 742//500 1149//500
f 743//501 739//501 1065//501 1150//501
f 805//502 1308//502 872//502 706//502
f 845//503 834//503 900//503 910//503
f 901//504 834//504 845//504 911//504
f 851//505 845//505 910//505 914//505
f 911//506 915//506 851//506 845//506
f 744//507 841//507 976//507 1074//507
f 977//508 1075//508 745//508 842//508
f 763//509 1135//509 1170//509 710//509
f 1171//510 711//510 764//510 1136//510
f 1236//511 1170//511 710//511 727//511
f 1237//512 728//512 711//512 1171//512
f 851//513 914//513 922//513 854//513
f 923//514 854//514 851//514 915//514
f 750//515 808//515 1111//515 1078//515
f 1112//516 809//516 751//516 1079//516
f 886//517 884//517 926//517 904//517
f 927//518 885//518 887//518 905//518
f 898//519 886//519 904//519 928//519
f 905//520 929//520 899//520 887//520
f 1125//521 808//521 763//521 1135//521
f 764//522 809//522 1126//522 1136//522
f 871//523 878//523 963//523 957//523
f 964//524 878//524 871//524 958//524
f 871//525 895//525 937//525 957//525
f 938//526 895//526 871//526 958//526
f 890//527 1314//527 865//527 749//527
f 884//528 926//528 959//528 908//528
f 960//529 927//529 885//529 909//529
f 883//530 966//530 963//530 878//530
f 964//531 878//531 883//531 967//531
f 888//532 855//532 935//532 1007//532
f 936//533 1008//533 889//533 856//533
f 849//534 852//534 1027//534 1005//534
f 1327//535 636//535 714//535 1448//535
f 906//536 893//536 955//536 988//536
f 849//537 1005//537 1054//537 873//537
f 1055//538 874//538 850//538 1006//538
f 1073//539 769//539 839//539 1257//539
f 838//540 770//540 1072//540 1256//540
f 840//541 1409//541 990//541 737//541
f 869//542 791//542 945//542 1276//542
f 946//543 792//543 870//543 1277//543
f 771//544 947//544 1240//544 961//544
f 1241//545 948//545 772//545 962//545
f 908//546 959//546 1020//546 969//546
f 1021//547 970//547 909//547 960//547
f 910//548 914//548 1014//548 1017//548
f 1018//549 1015//549 915//549 911//549
f 965//550 805//550 951//550 1213//550
f 922//551 1010//551 1014//551 914//551
f 1015//552 1011//552 923//552 915//552
f 1056//553 886//553 884//553 1042//553
f 885//554 1043//554 1057//554 887//554
f 928//555 904//555 991//555 1044//555
f 992//556 905//556 929//556 1045//556
f 1042//557 1038//557 908//557 884//557
f 909//558 1039//558 1043//558 885//558
f 926//559 959//559 998//559 991//559
f 999//560 960//560 927//560 992//560
f 1000//561 1050//561 937//561 895//561
f 938//562 1051//562 1000//562 895//562
f 930//563 1609//563 865//563 688//563
f 1080//564 1056//564 886//564 898//564
f 887//565 899//565 1081//565 1057//565
f 823//566 995//566 1168//566 982//566
f 1169//567 996//567 824//567 983//567
f 916//568 1024//568 1046//568 939//568
f 1047//569 1025//569 917//569 940//569
f 949//570 916//570 1024//570 1066//570
f 950//571 1067//571 1025//571 917//571
f 916//572 949//572 1153//572 939//572
f 1154//573 950//573 917//573 940//573
f 912//574 1442//574 1100//574 700//574
f 1099//575 1443//575 913//575 701//575
f 984//576 1076//576 1003//576 918//576
f 1004//577 1077//577 985//577 919//577
f 825//578 729//578 1186//578 1423//578
f 1187//579 730//579 826//579 1424//579
f 924//580 1091//580 1080//580 898//580
f 1081//581 1092//581 925//581 899//581
f 1019//582 968//582 986//582 1031//582
f 987//583 1032//583 1019//583 968//583
f 1038//584 908//584 969//584 1097//584
f 970//585 1098//585 1039//585 909//585
f 1016//586 968//586 986//586 1052//586
f 987//587 968//587 1016//587 1053//587
f 974//588 1105//588 1084//588 953//588
f 1085//589 1106//589 975//589 954//589
f 1109//590 974//590 953//590 1101//590
f 1031//591 1048//591 1082//591 986//591
f 1083//592 987//592 1032//592 1049//592
f 1012//593 924//593 1091//593 1129//593
f 1013//594 1130//594 1092//594 925//594
f 945//595 1276//595 1074//595 881//595
f 1075//596 1277//596 946//596 882//596
f 976//597 1034//597 1095//597 1074//597
f 1096//598 1035//598 977//598 1075//598
f 1142//599 933//599 950//599 1154//599
f 949//600 934//600 1143//600 1153//600
f 1282//601 997//601 888//601 1007//601
f 889//602 1008//602 1282//602 997//602
f 1050//603 937//603 1040//603 1157//603
f 1041//604 938//604 1051//604 1158//604
f 1009//605 796//605 990//605 1441//605
f 957//606 1265//606 1040//606 937//606
f 1041//607 1266//607 958//607 938//607
f 1002//608 783//608 1088//608 1430//608
f 1001//609 1427//609 1093//609 784//609
f 953//610 1058//610 1140//610 1084//610
f 1141//611 1059//611 954//611 1085//611
f 1046//612 939//612 1089//612 1162//612
f 1090//613 1163//613 1047//613 940//613
f 1101//614 1127//614 1058//614 953//614
f 1059//615 1128//615 1102//615 954//615
f 1120//616 1062//616 1048//616 1031//616
f 1049//617 1063//617 1121//617 1032//617
f 1019//618 1122//618 1118//618 1031//618
f 1119//619 1122//619 1019//619 1032//619
f 821//620 1086//620 1403//620 1072//620
f 1404//621 1087//621 822//621 1073//621
f 1324//622 1256//622 838//622 941//622
f 839//623 942//623 1325//623 1257//623
f 1214//624 1036//624 1003//624 1076//624
f 1004//625 1037//625 1215//625 1077//625
f 1182//626 991//626 998//626 1180//626
f 999//627 1181//627 1183//627 992//627
f 1113//628 984//628 1076//628 1192//628
f 1077//629 985//629 1114//629 1193//629
f 1147//630 1427//630 1001//630 810//630
f 1002//631 811//631 1148//631 1430//631
f 1309//632 1146//632 890//632 1009//632
f 1024//633 1046//633 1233//633 1066//633
f 1234//634 1067//634 1025//634 1047//634
f 1127//635 1120//635 1062//635 1058//635
f 1063//636 1121//636 1128//636 1059//636
f 969//637 1176//637 1210//637 1020//637
f 1211//638 1021//638 970//638 1177//638
f 1156//639 1145//639 1061//639 1023//639
f 1020//640 1210//640 1180//640 998//640
f 1181//641 1211//641 1021//641 999//641
f 1058//642 1062//642 1166//642 1140//642
f 1167//643 1141//643 1059//643 1063//643
f 1034//644 1095//644 1172//644 1131//644
f 1173//645 1096//645 1035//645 1132//645
f 1238//646 1044//646 991//646 1182//646
f 992//647 1045//647 1239//647 1183//647
f 957//648 1265//648 1271//648 963//648
f 1272//649 964//649 958//649 1266//649
f 963//650 966//650 1273//650 1271//650
f 1274//651 1272//651 964//651 967//651
f 1048//652 1166//652 1206//652 1082//652
f 1207//653 1167//653 1049//653 1083//653
f 1097//654 969//654 1176//654 1261//654
f 1177//655 1262//655 1098//655 970//655
f 1034//656 976//656 1259//656 1246//656
f 1260//657 977//657 1035//657 1247//657
f 1287//658 1151//658 974//658 1109//658
f 975//659 1152//659 1288//659 1110//659
f 1088//660 837//660 1178//660 1435//660
f 1179//661 836//661 1093//661 1438//661
f 1317//662 952//662 941//662 1324//662
f 942//663 1325//663 1317//663 952//663
f 1214//664 1036//664 1067//664 1234//664
f 1066//665 1037//665 1215//665 1233//665
f 1068//666 1060//666 1144//666 1304//666
f 1145//667 1061//667 1069//667 1305//667
f 1068//668 1304//668 1259//668 976//668
f 1260//669 1305//669 1069//669 977//669
f 951//670 805//670 1308//670 1552//670
f 1297//671 1139//671 951//671 1213//671
f 1212//672 1000//672 1050//672 1341//672
f 1051//673 1000//673 1212//673 1342//673
f 1461//674 1179//674 836//674 1147//674
f 1131//675 1230//675 1246//675 1034//675
f 1247//676 1231//676 1132//676 1035//676
f 1460//677 1148//677 837//677 1178//677
f 1082//678 1206//678 1300//678 1116//678
f 1301//679 1117//679 1083//679 1207//679
f 1074//680 1276//680 1222//680 1095//680
f 1123//681 1196//681 1226//681 1137//681
f 1227//682 1138//682 1124//682 1197//682
f 1222//683 1095//683 1172//683 1220//683
f 1173//684 1221//684 1223//684 1096//684
f 1308//685 872//685 973//685 1525//685
f 1172//686 1131//686 1224//686 1220//686
f 1225//687 1132//687 1173//687 1221//687
f 1137//688 1226//688 1252//688 1194//688
f 1253//689 1195//689 1138//689 1227//689
f 930//690 840//690 1409//690 1609//690
f 1151//691 1295//691 1298//691 1174//691
f 1299//692 1175//692 1152//692 1296//692
f 1315//693 1174//693 1151//693 1287//693
f 1152//694 1175//694 1316//694 1288//694
f 1194//695 1252//695 1280//695 1216//695
f 1281//696 1253//696 1195//696 1217//696
f 1200//697 1269//697 1267//697 1202//697
f 1268//698 1203//698 1201//698 1270//698
f 1345//699 1333//699 1123//699 1137//699
f 1124//700 1334//700 1346//700 1138//700
f 1153//701 1089//701 1348//701 1360//701
f 1349//702 1090//702 1154//702 1361//702
f 1328//703 1192//703 1113//703 1331//703
f 1114//704 1193//704 1329//704 1332//704
f 1331//705 1366//705 1142//705 1113//705
f 1143//706 1114//706 1332//706 1367//706
f 1216//707 1202//707 1267//707 1280//707
f 1268//708 1203//708 1217//708 1281//708
f 1200//709 1269//709 1285//709 1228//709
f 1286//710 1270//710 1201//710 1229//710
f 1162//711 1089//711 1348//711 1368//711
f 1349//712 1090//712 1163//712 1369//712
f 1198//713 1254//713 1322//713 1250//713
f 1323//714 1251//714 1199//714 1255//714
f 1146//715 890//715 1314//715 1638//715
f 1366//716 1361//716 1154//716 1142//716
f 1153//717 1143//717 1367//717 1360//717
f 1352//718 1345//718 1137//718 1194//718
f 1138//719 1346//719 1353//719 1195//719
f 1005//720 1027//720 1463//720 1450//720
f 1464//721 1028//721 1006//721 1451//721
f 1005//722 1450//722 1458//722 1054//722
f 1459//723 1451//723 1006//723 1055//723
f 1328//724 1358//724 1214//724 1192//724
f 1215//725 1193//725 1329//725 1359//725
f 1410//726 1297//726 1139//726 1258//726
f 1233//727 1162//727 1368//727 1350//727
f 1369//728 1163//728 1234//728 1351//728
f 1339//729 869//729 1276//729 1643//729
f 1382//730 1216//730 1194//730 1352//730
f 1195//731 1217//731 1383//731 1353//731
f 1212//732 1341//732 1356//732 1235//732
f 1357//733 1235//733 1212//733 1342//733
f 1370//734 1376//734 1202//734 1200//734
f 1203//735 1201//735 1371//735 1377//735
f 1358//736 1214//736 1234//736 1351//736
f 1233//737 1350//737 1359//737 1215//737
f 1376//738 1382//738 1216//738 1202//738
f 1217//739 1203//739 1377//739 1383//739
f 1388//740 1370//740 1200//740 1228//740
f 1201//741 1229//741 1389//741 1371//741
f 1094//742 1713//742 1442//742 912//742
f 1443//743 1713//743 1094//743 913//743
f 1232//744 1159//744 1393//744 1415//744
f 1394//745 1416//745 1232//745 1159//745
f 1250//746 1322//746 1372//746 1306//746
f 1373//747 1323//747 1251//747 1307//747
f 1335//748 1250//748 1306//748 1390//748
f 1307//749 1251//749 1336//749 1391//749
f 1235//750 1275//750 1397//750 1356//750
f 1398//751 1357//751 1235//751 1275//751
f 1084//752 1520//752 1492//752 1105//752
f 1085//753 1521//753 1493//753 1106//753
f 1462//754 1476//754 1188//754 1115//754
f 1189//755 1477//755 1462//755 1115//755
f 1302//756 1384//756 1364//756 1291//756
f 1365//757 1385//757 1303//757 1292//757
f 1073//758 1257//758 1569//758 1404//758
f 1570//759 1256//759 1072//759 1403//759
f 1380//760 1395//760 1302//760 1291//760
f 1303//761 1292//761 1381//761 1396//761
f 1522//762 1309//762 1146//762 1347//762
f 1306//763 1372//763 1386//763 1318//763
f 1387//764 1319//764 1307//764 1373//764
f 1140//765 1540//765 1520//765 1084//765
f 1521//766 1541//766 1141//766 1085//766
f 1318//767 1386//767 1384//767 1302//767
f 1385//768 1387//768 1319//768 1303//768
f 1390//769 1306//769 1318//769 1405//769
f 1319//770 1307//770 1391//770 1406//770
f 1405//771 1395//771 1302//771 1318//771
f 1303//772 1396//772 1406//772 1319//772
f 1514//773 1480//773 1176//773 1210//773
f 1177//774 1211//774 1515//774 1481//774
f 1261//775 1465//775 1480//775 1176//775
f 1481//776 1177//776 1262//776 1466//776
f 1295//777 1105//777 1492//777 1504//777
f 1493//778 1106//778 1296//778 1505//778
f 1343//779 1378//779 1399//779 1354//779
f 1400//780 1379//780 1344//780 1355//780
f 1222//781 1407//781 1550//781 1276//781
f 1551//782 1408//782 1223//782 1277//782
f 1140//783 1540//783 1555//783 1166//783
f 1556//784 1167//784 1141//784 1541//784
f 1210//785 1514//785 1534//785 1180//785
f 1535//786 1515//786 1211//786 1181//786
f 1501//787 1513//787 1197//787 1227//787
f 1645//788 1512//788 1196//788 1123//788
f 1197//789 1513//789 1646//789 1124//789
f 1282//790 1007//790 1423//790 1795//790
f 1424//791 1008//791 1282//791 1795//791
f 1139//792 951//792 1552//792 1834//792
f 1575//793 1534//793 1180//793 1182//793
f 1101//794 1665//794 1639//794 1109//794
f 1102//795 1666//795 1640//795 1110//795
f 1252//796 1502//796 1500//796 1226//796
f 1501//797 1227//797 1253//797 1503//797
f 1166//798 1206//798 1559//798 1555//798
f 1560//799 1207//799 1167//799 1556//799
f 1127//800 1678//800 1665//800 1101//800
f 1128//801 1102//801 1666//801 1679//801
f 1410//802 1482//802 1392//802 1258//802
f 1378//803 1399//803 1411//803 1401//803
f 1412//804 1400//804 1379//804 1402//804
f 1436//805 1454//805 1364//805 1291//805
f 1365//806 1455//806 1437//806 1292//806
f 1380//807 1291//807 1436//807 1452//807
f 1437//808 1292//808 1381//808 1453//808
f 1280//809 1252//809 1502//809 1510//809
f 1503//810 1253//810 1281//810 1511//810
f 1267//811 1508//811 1494//811 1269//811
f 1495//812 1509//812 1268//812 1270//812
f 1120//813 1127//813 1678//813 1695//813
f 1121//814 1696//814 1679//814 1128//814
f 1269//815 1285//815 1496//815 1494//815
f 1497//816 1286//816 1270//816 1495//816
f 1309//817 1009//817 1441//817 1855//817
f 1280//818 1510//818 1508//818 1267//818
f 1509//819 1511//819 1281//819 1268//819
f 1695//820 1711//820 1118//820 1120//820
f 1119//821 1712//821 1696//821 1121//821
f 1122//822 1118//822 1711//822 1714//822
f 1712//823 1714//823 1122//823 1119//823
f 1618//824 1238//824 1182//824 1575//824
f 1183//825 1239//825 1619//825 1576//825
f 1295//826 1298//826 1518//826 1504//826
f 1519//827 1299//827 1296//827 1505//827
f 1639//828 1109//828 1287//828 1595//828
f 1680//829 1218//829 1164//829 1587//829
f 1165//830 1219//830 1681//830 1588//830
f 1428//831 1401//831 1411//831 1444//831
f 1412//832 1402//832 1429//832 1445//832
f 1563//833 1496//833 1285//833 1320//833
f 1286//833 1497//833 1564//833 1321//833
f 1413//834 1439//834 1446//834 1421//834
f 1447//835 1440//835 1414//835 1422//835
f 1158//836 1342//836 1648//836 1642//836
f 1111//837 1125//837 1822//837 1755//837
f 1126//838 1823//838 1756//838 1112//838
f 1427//839 1840//839 1438//839 1093//839
f 1333//840 1728//840 1645//840 1123//840
f 1271//841 1265//841 1632//841 1628//841
f 1633//842 1266//842 1272//842 1629//842
f 1421//843 1446//843 1444//843 1428//843
f 1445//844 1447//844 1422//844 1429//844
f 1271//845 1273//845 1626//845 1628//845
f 1627//846 1629//846 1272//846 1274//846
f 1661//847 1310//847 1238//847 1618//847
f 1239//848 1311//848 1662//848 1619//848
f 1735//849 1259//849 1304//849 1530//849
f 1736//850 1531//850 1305//850 1260//850
f 1265//851 1289//851 1636//851 1632//851
f 1637//852 1290//852 1266//852 1633//852
f 1595//853 1583//853 1315//853 1287//853
f 1316//854 1584//854 1596//854 1288//854
f 1273//855 1626//855 1624//855 1293//855
f 1625//856 1627//856 1274//856 1294//856
f 1630//857 1254//857 1322//857 1622//857
f 1323//858 1255//858 1631//858 1623//858
f 1257//859 1325//859 1722//859 1569//859
f 1721//860 1324//860 1256//860 1570//860
f 1407//861 1550//861 1483//861 1374//861
f 1484//862 1375//862 1408//862 1551//862
f 1248//863 1425//863 1674//863 1498//863
f 1636//864 1616//864 1335//864 1289//864
f 1336//865 1617//865 1637//865 1290//865
f 1822//866 1856//866 1135//866 1125//866
f 1136//867 1857//867 1823//867 1126//867
f 1472//868 1413//868 1439//868 1528//868
f 1440//869 1414//869 1473//869 1529//869
f 1749//870 1246//870 1259//870 1735//870
f 1750//871 1736//871 1260//871 1247//871
f 1441//872 990//872 1409//872 2199//872
f 1691//833 1563//833 1320//833 1388//833
f 1321//833 1564//833 1692//833 1389//833
f 1322//873 1372//873 1649//873 1622//873
f 1650//874 1623//874 1323//874 1373//874
f 1616//875 1335//875 1390//875 1610//875
f 1391//876 1336//876 1617//876 1611//876
f 1341//877 1647//877 1653//877 1356//877
f 1654//878 1357//878 1342//878 1648//878
f 1607//879 1343//879 1378//879 1651//879
f 1379//880 1344//880 1608//880 1652//880
f 1355//881 1677//881 1608//881 1344//881
f 1395//882 1603//882 1599//882 1380//882
f 1600//883 1604//883 1396//883 1381//883
f 1723//884 1721//884 1324//884 1317//884
f 1325//885 1722//885 1723//885 1317//885
f 1135//886 1170//886 1873//886 1856//886
f 1874//887 1171//887 1136//887 1857//887
f 1372//888 1649//888 1657//888 1386//888
f 1658//889 1650//889 1373//889 1387//889
f 1610//890 1390//890 1405//890 1614//890
f 1406//891 1615//891 1611//891 1391//891
f 1614//892 1603//892 1395//892 1405//892
f 1396//893 1604//893 1615//893 1406//893
f 1356//894 1653//894 1663//894 1397//894
f 1664//895 1654//895 1357//895 1398//895
f 1384//896 1364//896 1672//896 1667//896
f 1673//897 1365//897 1385//897 1668//897
f 1657//898 1667//898 1384//898 1386//898
f 1385//899 1668//899 1658//899 1387//899
f 1333//900 1728//900 1709//900 1345//900
f 1334//901 1729//901 1710//901 1346//901
f 1709//902 1699//902 1352//902 1345//902
f 1353//903 1700//903 1710//903 1346//903
f 1376//904 1687//904 1693//904 1370//904
f 1377//905 1688//905 1694//905 1371//905
f 1699//906 1697//906 1382//906 1352//906
f 1383//907 1698//907 1700//907 1353//907
f 1456//908 1470//908 1526//908 1523//908
f 1527//909 1471//909 1457//909 1524//909
f 1693//910 1691//910 1388//910 1370//910
f 1694//911 1371//911 1389//911 1692//911
f 1382//912 1376//912 1687//912 1697//912
f 1383//913 1377//913 1688//913 1698//913
f 1354//914 1399//914 1701//914 1676//914
f 1702//915 1400//915 1355//915 1677//915
f 1470//916 1526//916 1532//916 1474//916
f 1533//917 1527//917 1471//917 1475//917
f 1599//918 1380//918 1452//918 1634//918
f 1453//919 1381//919 1600//919 1635//919
f 1468//920 1548//920 1546//920 1456//920
f 1547//921 1549//921 1469//921 1457//921
f 1456//922 1470//922 1553//922 1546//922
f 1554//923 1471//923 1457//923 1547//923
f 1474//924 1485//924 1536//924 1532//924
f 1537//925 1533//925 1475//925 1486//925
f 1659//926 1683//926 1428//926 1401//926
f 1429//927 1402//927 1660//927 1684//927
f 1283//928 1498//928 1826//928 1516//928
f 1284//929 1499//929 1827//929 1517//929
f 1752//930 1491//930 1347//930 1522//930
f 1454//931 1670//931 1672//931 1364//931
f 1673//932 1671//932 1455//932 1365//932
f 1485//933 1487//933 1538//933 1536//933
f 1537//934 1539//934 1488//934 1486//934
f 1703//935 1411//935 1399//935 1701//935
f 1704//936 1412//936 1400//936 1702//936
f 1609//937 2409//937 1314//937 865//937
f 1258//938 2004//938 1834//938 1139//938
f 1487//939 1538//939 1542//939 1506//939
f 1543//940 1539//940 1488//940 1507//940
f 1553//941 1561//941 1485//941 1474//941
f 1486//942 1562//942 1554//942 1475//942
f 1236//943 1170//943 1907//943 1930//943
f 1237//944 1171//944 1908//944 1931//944
f 1428//945 1683//945 1707//945 1421//945
f 1708//946 1684//946 1429//946 1422//946
f 1331//947 1820//947 1824//947 1328//947
f 1825//948 1821//948 1332//948 1329//948
f 1724//949 1413//949 1421//949 1707//949
f 1422//950 1414//950 1725//950 1708//950
f 1791//951 1360//951 1348//951 1793//951
f 1792//952 1794//952 1349//952 1361//952
f 1487//953 1506//953 1565//953 1561//953
f 1488//954 1562//954 1566//954 1507//954
f 1796//955 1793//955 1348//955 1368//955
f 1349//956 1369//956 1797//956 1794//956
f 1824//957 1328//957 1358//957 1814//957
f 1820//958 1810//958 1366//958 1331//958
f 1821//959 1332//959 1367//959 1811//959
f 1800//960 1796//960 1368//960 1350//960
f 1801//961 1797//961 1369//961 1351//961
f 1358//962 1814//962 1801//962 1351//962
f 1359//963 1350//963 1800//963 1815//963
f 1366//964 1810//964 1792//964 1361//964
f 1811//965 1367//965 1360//965 1791//965
f 1703//966 1411//966 1444//966 1737//966
f 1445//967 1412//967 1704//967 1738//967
f 1425//968 1674//968 1804//968 1431//968
f 1426//969 1432//969 1805//969 1675//969
f 1726//970 1472//970 1413//970 1724//970
f 1414//971 1473//971 1727//971 1725//971
f 1263//972 1236//972 1930//972 1973//972
f 1264//973 1974//973 1931//973 1237//973
f 1601//974 1593//974 1536//974 1532//974
f 1602//975 1533//975 1537//975 1594//975
f 1526//976 1612//976 1601//976 1532//976
f 1527//977 1533//977 1602//977 1613//977
f 1593//978 1536//978 1538//978 1591//978
f 1537//979 1594//979 1592//979 1539//979
f 1591//978 1538//978 1542//978 1589//978
f 1539//979 1592//979 1590//979 1543//979
f 1276//980 1808//980 1779//980 1550//980
f 1780//981 1809//981 1277//981 1551//981
f 1444//982 1737//982 1753//982 1446//982
f 1754//983 1738//983 1445//983 1447//983
f 1655//984 1523//984 1526//984 1612//984
f 1656//985 1613//985 1527//985 1524//985
f 1552//986 1308//986 1525//986 2052//986
f 1446//987 1439//987 1787//987 1753//987
f 1788//988 1440//988 1447//988 1754//988
f 1561//989 1553//989 1601//989 1593//989
f 1602//990 1554//990 1562//990 1594//990
f 1423//991 1186//991 1839//991 2080//991
f 1840//992 2081//992 1424//992 1187//992
f 1565//993 1561//993 1591//993 1589//993
f 1592//994 1590//994 1566//994 1562//994
f 1546//995 1553//995 1612//995 1655//995
f 1613//996 1554//996 1547//996 1656//996
f 1581//997 1339//997 1643//997 1871//997
f 1644//998 1872//998 1582//998 1340//998
f 1312//999 2034//999 1973//999 1263//999
f 1313//1000 1264//1000 1974//1000 2035//1000
f 1472//1001 1548//1001 1745//1001 1726//1001
f 1746//1002 1549//1002 1473//1002 1727//1002
f 1867//1003 1789//1003 1465//1003 1480//1003
f 1466//1004 1790//1004 1868//1004 1481//1004
f 1392//1005 1258//1005 2004//1005 2155//1005
f 1771//1006 1816//1006 1544//1006 1528//1006
f 1545//1007 1817//1007 1772//1007 1529//1007
f 1404//1008 1760//1008 1986//1008 1569//1008
f 1985//1009 1759//1009 1403//1009 1570//1009
f 1494//1010 1841//1010 1830//1010 1496//1010
f 1495//1011 1497//1011 1831//1011 1842//1011
f 1816//1012 1544//1012 1597//1012 1747//1012
f 1598//1013 1748//1013 1817//1013 1545//1013
f 1461//1014 2247//1014 1994//1014 1179//1014
f 1508//1015 1494//1015 1841//1015 1914//1015
f 1509//1016 1915//1016 1842//1016 1495//1016
f 1514//1017 1887//1017 1867//1017 1480//1017
f 1868//1018 1888//1018 1515//1018 1481//1018
f 1809//1019 1277//1019 1644//1019 2208//1019
f 1747//1020 1655//1020 1685//1020 1763//1020
f 1686//1021 1656//1021 1748//1021 1764//1021
f 1855//1022 2216//1022 1522//1022 1309//1022
f 1563//833 1883//833 1830//833 1496//833
f 1831//833 1884//833 1564//833 1497//833
f 1934//1023 1945//1023 1450//1023 1458//1023
f 1451//1024 1946//1024 1935//1024 1459//1024
f 1504//1025 1895//1025 1865//1025 1518//1025
f 1505//1026 1896//1026 1866//1026 1519//1026
f 1161//1027 1165//1027 2342//1027 2288//1027
f 1689//1028 1685//1028 1763//1028 1767//1028
f 1764//1029 1768//1029 1690//1029 1686//1029
f 1463//1030 1450//1030 1945//1030 1963//1030
f 1464//1031 1451//1031 1946//1031 1964//1031
f 1491//1032 1682//1032 1923//1032 1752//1032
f 1899//1033 1502//1033 1510//1033 1901//1033
f 1900//1034 1902//1034 1511//1034 1503//1034
f 1715//1035 1689//1035 1767//1035 1773//1035
f 1768//1036 1690//1036 1716//1036 1774//1036
f 1689//1037 1715//1037 1775//1037 1769//1037
f 1776//1038 1716//1038 1690//1038 1770//1038
f 1899//1039 1502//1039 1500//1039 1921//1039
f 1501//1040 1503//1040 1900//1040 1922//1040
f 1510//1041 1508//1041 1914//1041 1901//1041
f 1511//1042 1902//1042 1915//1042 1509//1042
f 1478//1043 1938//1043 1963//1043 1463//1043
f 1964//1044 1464//1044 1479//1044 1939//1044
f 1719//1045 1715//1045 1773//1045 1777//1045
f 1774//1046 1716//1046 1720//1046 1778//1046
f 1720//1047 1716//1047 1776//1047 1782//1047
f 1512//1048 1500//1048 1921//1048 1936//1048
f 1513//1049 1937//1049 1922//1049 1501//1049
f 1895//1050 1989//1050 1492//1050 1504//1050
f 1493//1051 1505//1051 1896//1051 1990//1051
f 1731//1052 1719//1052 1777//1052 1785//1052
f 1778//1053 1720//1053 1732//1053 1786//1053
f 1534//1054 2000//1054 1887//1054 1514//1054
f 1888//1055 2001//1055 1535//1055 1515//1055
f 1599//1056 1903//1056 1828//1056 1634//1056
f 1829//1057 1904//1057 1600//1057 1635//1057
f 2180//1058 2155//1058 1392//1058 1467//1058
f 2318//1059 1204//1059 1218//1059 2380//1059
f 2319//1060 2381//1060 1219//1060 1205//1060
f 1614//1061 1603//1061 1891//1061 1875//1061
f 1892//1062 1876//1062 1615//1062 1604//1062
f 1520//1063 1492//1063 1989//1063 2053//1063
f 1521//1064 1493//1064 1990//1064 2054//1064
f 1610//1065 1614//1065 1875//1065 1897//1065
f 1876//1066 1615//1066 1611//1066 1898//1066
f 1603//1067 1599//1067 1903//1067 1891//1067
f 1904//1068 1892//1068 1604//1068 1600//1068
f 1243//1069 2386//1069 2319//1069 1205//1069
f 1191//1070 1243//1070 2386//1070 2349//1070
f 1630//1071 1919//1071 1877//1071 1622//1071
f 1878//1072 1623//1072 1631//1072 1920//1072
f 1877//1073 1622//1073 1649//1073 1928//1073
f 1650//1074 1929//1074 1878//1074 1623//1074
f 2053//1075 1520//1075 1540//1075 2028//1075
f 1541//1076 1521//1076 2054//1076 2029//1076
f 1955//833 1883//833 1563//833 1691//833
f 1564//833 1884//833 1956//833 1692//833
f 1417//1077 1819//1077 2230//1077 1760//1077
f 2229//1078 1759//1078 1418//1078 1818//1078
f 1616//1079 1959//1079 1897//1079 1610//1079
f 1898//1080 1611//1080 1617//1080 1960//1080
f 2028//1081 1540//1081 1555//1081 2057//1081
f 1556//1082 1541//1082 2029//1082 2058//1082
f 1733//1083 1749//1083 1912//1083 1802//1083
f 1734//1084 1750//1084 1913//1084 1803//1084
f 1769//1085 1843//1085 1849//1085 1743//1085
f 1850//1086 1844//1086 1770//1086 1744//1086
f 1849//1087 1747//1087 1763//1087 1843//1087
f 1764//1088 1844//1088 1850//1088 1748//1088
f 1928//1089 1926//1089 1657//1089 1649//1089
f 1658//1090 1927//1090 1929//1090 1650//1090
f 1843//1091 1763//1091 1767//1091 1845//1091
f 1844//1092 1846//1092 1768//1092 1764//1092
f 1862//1093 1997//1093 1672//1093 1670//1093
f 1673//1094 1998//1094 1863//1094 1671//1094
f 1641//1095 1975//1095 1919//1095 1630//1095
f 1920//1096 1976//1096 1642//1096 1631//1096
f 1767//1097 1773//1097 1837//1097 1845//1097
f 1768//1098 1846//1098 1838//1098 1774//1098
f 1836//1099 1846//1099 1770//1099 1776//1099
f 1777//1100 1835//1100 1832//1100 1785//1100
f 1778//1101 1786//1101 1833//1101 1836//1101
f 1781//1102 1835//1102 1832//1102 1783//1102
f 1833//1103 1784//1103 1782//1103 1836//1103
f 1575//1104 1534//1104 2000//1104 2137//1104
f 2001//1105 1535//1105 1576//1105 2138//1105
f 2057//1106 1555//1106 1559//1106 2082//1106
f 1657//1107 1926//1107 1967//1107 1667//1107
f 1968//1108 1927//1108 1658//1108 1668//1108
f 1607//1109 1651//1109 1977//1109 1979//1109
f 1978//1110 1652//1110 1608//1110 1980//1110
f 2082//1111 1559//1111 1573//1111 2066//1111
f 1574//1112 1560//1112 2083//1112 2067//1112
f 1940//1113 1942//1113 1683//1113 1659//1113
f 1684//1114 1943//1114 1941//1114 1660//1114
f 1636//1115 1616//1115 1959//1115 2040//1115
f 1960//1116 1617//1116 1637//1116 2041//1116
f 1967//1117 1667//1117 1672//1117 1997//1117
f 1979//1118 1607//1118 1676//1118 2048//1118
f 1677//1119 2049//1119 1980//1119 1608//1119
f 1693//1120 1691//1120 1955//1120 1971//1120
f 1694//1121 1972//1121 1956//1121 1692//1121
f 1645//1122 2225//1122 1936//1122 1512//1122
f 1937//1123 2226//1123 1646//1123 1513//1123
f 1595//1124 2124//1124 2064//1124 1583//1124
f 2065//1125 2125//1125 1596//1125 1584//1125
f 1942//1126 2024//1126 1707//1126 1683//1126
f 1708//1127 1684//1127 1943//1127 2025//1127
f 2072//1128 2012//1128 1663//1128 1653//1128
f 1664//1129 2013//1129 2073//1129 1654//1129
f 2055//1130 2114//1130 1632//1130 1636//1130
f 2056//1131 1637//1131 1633//1131 2115//1131
f 1981//1132 1957//1132 1737//1132 1703//1132
f 1738//1133 1704//1133 1982//1133 1958//1133
f 1981//1134 2005//1134 1701//1134 1703//1134
f 1702//1135 1704//1135 1982//1135 2006//1135
f 2048//1136 2005//1136 1701//1136 1676//1136
f 1702//1137 1677//1137 2049//1137 2006//1137
f 1687//1138 1693//1138 1971//1138 2090//1138
f 1688//1139 2091//1139 1972//1139 1694//1139
f 1569//1140 1986//1140 2171//1140 1722//1140
f 2170//1141 1721//1141 1570//1141 1985//1141
f 2114//1142 1632//1142 1628//1142 2130//1142
f 2115//1143 2131//1143 1629//1143 1633//1143
f 1953//1144 1932//1144 1743//1144 1745//1144
f 1744//1145 1933//1145 1954//1145 1746//1145
f 1624//1146 2149//1146 2126//1146 1620//1146
f 1625//1147 1621//1147 2127//1147 2150//1147
f 2130//1148 1628//1148 1626//1148 2143//1148
f 2131//1149 1629//1149 1627//1149 2144//1149
f 1749//1150 1735//1150 2076//1150 1912//1150
f 1750//1151 1913//1151 2077//1151 1736//1151
f 2143//1152 1626//1152 1624//1152 2149//1152
f 1627//1153 2144//1153 2150//1153 1625//1153
f 1711//1154 1695//1154 2050//1154 2070//1154
f 2051//1155 1696//1155 1712//1155 2071//1155
f 2072//1156 1653//1156 1647//1156 2176//1156
f 1648//1157 1654//1157 2073//1157 2177//1157
f 1687//1158 1697//1158 2096//1158 2090//1158
f 2097//1159 1698//1159 1688//1159 2091//1159
f 1957//1160 2042//1160 1753//1160 1737//1160
f 1754//1161 2043//1161 1958//1161 1738//1161
f 2200//1162 1730//1162 1467//1162 2180//1162
f 1661//1163 2132//1163 2166//1163 1618//1163
f 2167//1164 2133//1164 1662//1164 1619//1164
f 2102//1165 2070//1165 1711//1165 1714//1165
f 1712//1166 2071//1166 2102//1166 1714//1166
f 1697//1167 2096//1167 2100//1167 1699//1167
f 2101//1168 1700//1168 1698//1168 2097//1168
f 1725//1169 2135//1169 2025//1169 1708//1169
f 1639//1170 1595//1170 2124//1170 2242//1170
f 2125//1171 1596//1171 1640//1171 2243//1171
f 1682//1172 1864//1172 2136//1172 1923//1172
f 1741//1173 1525//1173 2052//1173 2281//1173
f 2026//1174 2018//1174 1771//1174 1816//1174
f 1772//1175 2019//1175 2027//1175 1817//1175
f 2343//1176 2080//1176 1423//1176 1795//1176
f 1424//1177 2081//1177 2343//1177 1795//1177
f 1678//1178 1695//1178 2050//1178 2244//1178
f 2051//1179 1696//1179 1679//1179 2245//1179
f 1709//1180 2151//1180 2162//1180 1728//1180
f 2163//1181 1729//1181 1710//1181 2152//1181
f 2199//1182 1409//1182 1609//1182 2409//1182
f 2042//1183 1753//1183 1787//1183 2145//1183
f 1788//1184 1754//1184 2043//1184 2146//1184
f 1735//1185 2076//1185 2139//1185 1806//1185
f 2018//1186 2145//1186 1787//1186 1771//1186
f 1788//1187 1772//1187 2019//1187 2146//1187
f 2026//1188 1951//1188 1847//1188 1816//1188
f 1848//1189 1817//1189 2027//1189 1952//1189
f 2162//1190 1728//1190 1645//1190 2225//1190
f 1646//1191 1729//1191 2163//1191 2226//1191
f 2196//1192 1723//1192 1721//1192 2170//1192
f 1722//1193 2171//1193 2196//1193 1723//1193
f 1961//1194 1812//1194 1851//1194 2116//1194
f 1852//1195 1813//1195 1962//1195 2117//1195
f 1932//1196 1849//1196 1881//1196 1965//1196
f 1882//1197 1966//1197 1933//1197 1850//1197
f 1849//1198 1951//1198 1983//1198 1881//1198
f 1984//1199 1952//1199 1850//1199 1882//1199
f 1903//1200 1828//1200 1905//1200 2098//1200
f 1906//1201 1829//1201 1904//1201 2099//1201
f 1841//1202 1830//1202 2046//1202 2094//1202
f 1842//1203 2095//1203 2047//1203 1831//1203
f 1893//1204 1802//1204 1912//1204 2172//1204
f 1913//1205 1803//1205 1894//1205 2173//1205
f 1949//1206 2187//1206 1867//1206 1789//1206
f 1868//1207 2188//1207 1950//1207 1790//1207
f 1665//1208 2271//1208 2242//1208 1639//1208
f 2243//1209 2272//1209 1666//1209 1640//1209
f 1983//1210 1881//1210 1889//1210 1987//1210
f 1890//1211 1882//1211 1984//1211 1988//1211
f 1885//1212 2205//1212 1961//1212 1757//1212
f 1962//1213 1758//1213 1886//1213 2206//1213
f 1897//1214 1875//1214 1991//1214 2002//1214
f 1992//1215 2003//1215 1898//1215 1876//1215
f 2244//1216 2271//1216 1665//1216 1678//1216
f 2245//1217 1679//1217 1666//1217 2272//1217
f 2216//1218 1522//1218 1752//1218 2334//1218
f 1859//1219 1947//1219 2030//1219 1953//1219
f 2031//1220 1948//1220 1860//1220 1954//1220
f 1875//1221 1991//1221 2068//1221 1891//1221
f 2069//1222 1992//1222 1876//1222 1892//1222
f 1918//1223 2037//1223 1966//1223 1890//1223
f 1889//1224 1910//1224 2007//1224 1987//1224
f 1890//1225 1988//1225 2008//1225 1911//1225
f 1905//1226 2098//1226 1997//1226 1862//1226
f 1998//1227 1863//1227 1906//1227 2099//1227
f 1834//1228 1552//1228 2052//1228 2382//1228
f 1969//1229 2074//1229 1947//1229 1859//1229
f 1948//1230 2075//1230 1970//1230 1860//1230
f 2201//1231 2189//1231 1796//1231 1800//1231
f 2202//1232 2190//1232 1797//1232 1801//1232
f 2116//1233 2139//1233 1869//1233 1851//1233
f 1870//1234 2140//1234 2117//1234 1852//1234
f 1883//1235 1830//1235 2046//1235 2178//1235
f 2047//1235 1831//1235 1884//1235 2179//1235
f 2208//1236 1644//1236 1872//1236 2232//1236
f 1940//1237 1981//1237 1957//1237 1942//1237
f 1958//1238 1943//1238 1941//1238 1982//1238
f 2002//1239 1991//1239 1926//1239 1928//1239
f 1927//1240 1992//1240 2003//1240 1929//1240
f 2014//1241 2020//1241 1924//1241 1917//1241
f 2015//1242 2021//1242 1925//1242 1918//1242
f 2215//1243 1861//1243 1730//1243 2200//1243
f 2036//1244 2032//1244 1924//1244 1917//1244
f 1925//1245 2033//1245 2037//1245 1918//1245
f 2120//1246 2044//1246 1877//1246 1919//1246
f 1878//1247 2045//1247 2121//1247 1920//1247
f 1903//1248 1891//1248 2068//1248 2098//1248
f 2069//1249 2099//1249 1904//1249 1892//1249
f 2251//1250 1793//1250 1796//1250 2189//1250
f 1794//1251 2252//1251 2190//1251 1797//1251
f 1977//1252 2005//1252 1981//1252 1940//1252
f 1982//1253 2006//1253 1978//1253 1941//1253
f 1926//1254 1991//1254 2068//1254 1967//1254
f 1959//1255 2128//1255 2002//1255 1897//1255
f 2003//1256 1898//1256 1960//1256 2129//1256
f 2024//1257 1942//1257 1957//1257 2042//1257
f 1958//1258 1943//1258 2025//1258 2043//1258
f 1979//1259 1977//1259 2005//1259 2048//1259
f 2006//1260 2049//1260 1980//1260 1978//1260
f 2233//1261 1791//1261 1793//1261 2251//1261
f 2062//1262 2084//1262 1932//1262 1953//1262
f 1933//1263 2085//1263 2063//1263 1954//1263
f 2141//1264 1901//1264 1899//1264 2153//1264
f 1900//1265 1902//1265 2142//1265 2154//1265
f 1794//1266 2252//1266 2241//1266 1792//1266
f 1932//1267 2084//1267 2088//1267 1965//1267
f 2089//1268 2085//1268 1933//1268 1966//1268
f 2060//1269 1841//1269 2094//1269 2164//1269
f 2095//1270 1842//1270 2061//1270 2165//1270
f 1810//1271 2257//1271 2241//1271 1792//1271
f 1811//1272 1791//1272 2233//1272 2268//1272
f 1705//1273 2293//1273 2289//1273 1755//1273
f 2290//1274 1756//1274 1706//1274 2294//1274
f 2141//1275 1901//1275 1914//1275 2168//1275
f 1915//1276 1902//1276 2142//1276 2169//1276
f 2016//1277 1947//1277 2030//1277 2092//1277
f 2031//1278 1948//1278 2017//1278 2093//1278
f 2128//1279 2002//1279 1928//1279 2044//1279
f 1929//1280 2045//1280 2129//1280 2003//1280
f 2084//1281 2088//1281 1983//1281 1951//1281
f 1984//1282 2089//1282 2085//1282 1952//1282
f 2078//1283 2026//1283 2018//1283 1995//1283
f 2019//1284 1996//1284 2079//1284 2027//1284
f 2068//1285 1967//1285 1997//1285 2098//1285
f 1998//1286 1968//1286 2069//1286 2099//1286
f 1887//1287 2183//1287 2187//1287 1867//1287
f 2188//1288 2184//1288 1888//1288 1868//1288
f 2088//1289 1983//1289 1987//1289 2110//1289
f 1988//1290 2111//1290 2089//1290 1984//1290
f 1947//1291 2016//1291 2122//1291 2074//1291
f 2123//1292 2017//1292 1948//1292 2075//1292
f 2199//1293 1441//1293 1855//1293 2493//1293
f 1965//1294 2110//1294 2105//1294 2036//1294
f 2106//1295 2037//1295 1966//1295 2111//1295
f 1824//1296 2285//1296 2237//1296 1814//1296
f 1825//1297 1815//1297 2238//1297 2286//1297
f 2147//1298 2078//1298 1953//1298 2030//1298
f 1954//1299 2031//1299 2148//1299 2079//1299
f 2008//1300 2106//1300 2111//1300 1988//1300
f 2153//1301 1899//1301 1921//1301 2211//1301
f 1922//1302 2212//1302 2154//1302 1900//1302
f 2191//1303 1865//1303 1895//1303 2217//1303
f 1896//1304 1866//1304 2192//1304 2218//1304
f 2112//1305 2105//1305 2007//1305 2014//1305
f 2008//1306 2106//1306 2113//1306 2015//1306
f 2107//1307 2020//1307 2014//1307 2112//1307
f 2015//1308 2021//1308 2108//1308 2113//1308
f 1969//1309 2078//1309 2147//1309 2074//1309
f 2148//1310 2075//1310 1970//1310 2079//1310
f 2036//1311 2112//1311 2107//1311 2032//1311
f 2108//1312 2113//1312 2037//1312 2033//1312
f 2134//1313 2145//1313 2018//1313 1995//1313
f 2019//1314 1996//1314 2135//1314 2146//1314
f 2024//1315 2042//1315 2145//1315 2134//1315
f 2146//1316 2135//1316 2025//1316 2043//1316
f 2040//1317 1959//1317 2128//1317 2174//1317
f 2129//1318 2175//1318 2041//1318 1960//1318
f 2197//1319 2168//1319 1914//1319 2060//1319
f 1915//1320 2169//1320 2198//1320 2061//1320
f 2224//1321 2215//1321 1861//1321 1999//1321
f 1820//1322 2352//1322 2257//1322 1810//1322
f 2268//1323 2353//1323 1821//1323 1811//1323
f 2183//1324 2234//1324 2000//1324 1887//1324
f 2001//1325 2235//1325 2184//1325 1888//1325
f 2225//1326 2211//1326 1921//1326 1936//1326
f 1922//1327 1937//1327 2226//1327 2212//1327
f 2160//1328 2092//1328 2030//1328 2147//1328
f 2031//1329 2093//1329 2161//1329 2148//1329
f 1971//1330 2209//1330 2193//1330 1955//1330
f 2194//1331 1956//1331 1972//1331 2210//1331
f 2096//1332 2141//1332 2153//1332 2100//1332
f 2154//1333 2101//1333 2097//1333 2142//1333
f 2174//1334 2128//1334 2044//1334 2120//1334
f 2045//1335 2129//1335 2175//1335 2121//1335
f 2090//1336 2168//1336 2141//1336 2096//1336
f 2142//1337 2169//1337 2091//1337 2097//1337
f 2074//1338 2122//1338 2160//1338 2147//1338
f 2161//1339 2123//1339 2075//1339 2148//1339
f 2370//1340 2229//1340 1759//1340 1985//1340
f 1760//1341 2230//1341 2371//1341 1986//1341
f 2350//1342 2299//1342 2132//1342 1571//1342
f 2351//1343 2300//1343 2133//1343 1572//1343
f 2289//1344 2430//1344 1822//1344 1755//1344
f 1823//1345 2431//1345 2290//1345 1756//1345
f 2151//1346 2211//1346 2153//1346 2100//1346
f 2154//1347 2101//1347 2152//1347 2212//1347
f 2213//1348 2046//1348 2094//1348 2219//1348
f 2095//1349 2047//1349 2214//1349 2220//1349
f 2064//1350 2124//1350 2217//1350 2191//1350
f 2218//1351 2125//1351 2065//1351 2192//1351
f 2262//833 2178//833 1883//833 2193//833
f 1884//833 2179//833 2263//833 2194//833
f 2172//1352 2321//1352 2076//1352 1912//1352
f 2077//1353 2322//1353 2173//1353 1913//1353
f 2181//1354 2197//1354 2168//1354 2090//1354
f 2169//1355 2091//1355 2182//1355 2198//1355
f 2269//1356 2205//1356 1961//1356 2116//1356
f 1962//1357 2206//1357 2270//1357 2117//1357
f 2158//1358 1949//1358 2187//1358 2266//1358
f 2188//1359 1950//1359 2159//1359 2267//1359
f 2209//1360 2227//1360 2181//1360 1971//1360
f 2182//1361 2228//1361 2210//1361 1972//1361
f 2239//1362 2197//1362 2060//1362 2164//1362
f 2061//1363 2198//1363 2240//1363 2165//1363
f 2329//1364 2055//1364 2040//1364 2174//1364
f 2330//1365 2175//1365 2041//1365 2056//1365
f 2334//1366 2429//1366 1923//1366 1752//1366
f 2137//1367 2277//1367 2234//1367 2000//1367
f 2235//1368 2001//1368 2138//1368 2278//1368
f 2162//1369 2151//1369 2211//1369 2225//1369
f 2070//1370 2279//1370 2255//1370 2050//1370
f 2256//1371 2051//1371 2071//1371 2280//1371
f 2206//1372 1886//1372 2186//1372 2367//1372
f 2248//1373 2514//1373 1944//1373 1742//1373
f 2227//1374 2239//1374 2197//1374 2181//1374
f 2198//1375 2240//1375 2228//1375 2182//1375
f 2297//1376 2316//1376 2072//1376 2012//1376
f 2073//1377 2317//1377 2298//1377 2013//1377
f 2320//1378 2102//1378 2070//1378 2279//1378
f 2071//1379 2102//1379 2320//1379 2280//1379
f 2269//1380 2303//1380 2139//1380 2116//1380
f 2140//1381 2304//1381 2270//1381 2117//1381
f 2383//1382 1945//1382 1934//1382 2354//1382
f 1935//1383 1946//1383 2384//1383 2355//1383
f 2136//1384 1864//1384 2236//1384 2464//1384
f 2337//1385 2339//1385 2057//1385 2028//1385
f 2058//1386 2029//1386 2338//1386 2340//1386
f 2184//1387 2188//1387 2267//1387 2253//1387
f 2266//1388 2254//1388 2183//1388 2187//1388
f 2327//1389 2082//1389 2066//1389 2323//1389
f 2067//1390 2083//1390 2328//1390 2324//1390
f 2321//1391 2076//1391 2139//1391 2303//1391
f 2140//1392 2077//1392 2322//1392 2304//1392
f 2185//1393 2137//1393 2277//1393 2307//1393
f 2278//1394 2138//1394 2186//1394 2308//1394
f 2282//1395 2219//1395 2164//1395 2239//1395
f 2165//1396 2220//1396 2283//1396 2240//1396
f 2339//1397 2057//1397 2082//1397 2327//1397
f 2083//1398 2058//1398 2340//1398 2328//1398
f 2383//1399 2391//1399 1963//1399 1945//1399
f 1964//1400 2392//1400 2384//1400 1946//1400
f 2430//1401 2483//1401 1856//1401 1822//1401
f 1857//1402 2484//1402 2431//1402 1823//1402
f 2132//1403 2166//1403 2307//1403 2299//1403
f 2308//1404 2300//1404 2133//1404 2167//1404
f 2209//1405 2193//1405 2262//1405 2273//1405
f 2263//1406 2194//1406 2210//1406 2274//1406
f 2387//1407 2337//1407 2028//1407 2053//1407
f 2029//1408 2054//1408 2388//1408 2338//1408
f 2356//1409 2387//1409 2053//1409 1989//1409
f 2054//1410 1990//1410 2357//1410 2388//1410
f 2124//1411 2217//1411 2356//1411 2242//1411
f 2357//1412 2218//1412 2125//1412 2243//1412
f 2178//1235 2213//1235 2291//1235 2262//1235
f 2292//1235 2214//1235 2179//1235 2263//1235
f 2103//1413 1975//1413 2335//1413 2423//1413
f 2336//1414 1976//1414 2104//1414 2424//1414
f 2331//1415 1858//1415 2059//1415 2489//1415
f 2222//1416 2158//1416 2266//1416 2332//1416
f 2267//1417 2159//1417 2223//1417 2333//1417
f 2004//1418 2496//1418 2382//1418 1834//1418
f 2346//1419 2335//1419 2120//1419 2174//1419
f 2121//1420 2336//1420 2347//1420 2175//1420
f 2273//1421 2227//1421 2239//1421 2282//1421
f 2240//1422 2228//1422 2274//1422 2283//1422
f 2291//1423 2305//1423 2219//1423 2213//1423
f 2220//1424 2306//1424 2292//1424 2214//1424
f 2358//1425 2325//1425 2189//1425 2201//1425
f 2190//1426 2202//1426 2359//1426 2326//1426
f 1873//1427 1856//1427 2483//1427 2518//1427
f 1874//1428 2519//1428 2484//1428 1857//1428
f 2170//1429 2449//1429 2370//1429 1985//1429
f 1986//1430 2371//1430 2450//1430 2171//1430
f 2114//1431 2055//1431 2329//1431 2490//1431
f 2115//1432 2056//1432 2330//1432 2491//1432
f 2236//1433 2009//1433 2221//1433 2535//1433
f 2429//1434 1923//1434 2136//1434 2464//1434
f 2262//1435 2273//1435 2305//1435 2291//1435
f 2306//1436 2274//1436 2263//1436 2292//1436
f 2301//1437 2344//1437 2277//1437 2234//1437
f 2302//1438 2345//1438 2278//1438 2235//1438
f 2301//1439 2254//1439 2266//1439 2332//1439
f 2267//1440 2253//1440 2302//1440 2333//1440
f 2325//1441 2403//1441 2251//1441 2189//1441
f 2252//1442 2404//1442 2326//1442 2190//1442
f 2244//1443 2255//1443 2339//1443 2337//1443
f 2340//1444 2256//1444 2245//1444 2338//1444
f 2260//1445 2378//1445 2332//1445 2222//1445
f 2333//1446 2223//1446 2261//1446 2379//1446
f 2358//1447 2406//1447 2238//1447 2201//1447
f 2237//1448 2405//1448 2359//1448 2202//1448
f 1907//1449 2536//1449 2518//1449 1873//1449
f 1908//1450 1874//1450 2519//1450 2537//1450
f 2425//1451 2249//1451 2185//1451 2366//1451
f 2186//1452 2250//1452 2426//1452 2367//1452
f 2271//1453 2387//1453 2337//1453 2244//1453
f 2338//1454 2388//1454 2272//1454 2245//1454
f 2242//1455 2271//1455 2387//1455 2356//1455
f 2388//1456 2357//1456 2243//1456 2272//1456
f 2364//1457 2314//1457 2258//1457 2309//1457
f 2403//1458 2396//1458 2233//1458 2251//1458
f 1930//1459 2559//1459 2536//1459 1907//1459
f 1931//1460 2560//1460 2537//1460 1908//1460
f 2241//1461 2402//1461 2404//1461 2252//1461
f 2376//1462 2344//1462 2277//1462 2307//1462
f 2278//1463 2308//1463 2377//1463 2345//1463
f 2275//1464 2260//1464 2378//1464 2389//1464
f 2379//1465 2390//1465 2276//1465 2261//1465
f 2279//1466 2339//1466 2327//1466 2372//1466
f 2328//1467 2340//1467 2280//1467 2373//1467
f 2490//1468 2114//1468 2130//1468 2487//1468
f 2477//1469 2487//1469 2130//1469 2143//1469
f 2341//1470 2287//1470 2318//1470 2380//1470
f 2319//1471 2288//1471 2342//1471 2381//1471
f 2287//1472 2348//1472 2385//1472 2318//1472
f 2386//1473 2349//1473 2288//1473 2319//1473
f 2344//1474 2378//1474 2332//1474 2301//1474
f 2302//1475 2333//1475 2379//1475 2345//1475
f 2281//1476 2540//1476 2382//1476 2052//1476
f 2396//1477 2452//1477 2268//1477 2233//1477
f 2567//1478 2514//1478 1944//1478 2109//1478
f 2257//1479 2451//1479 2402//1479 2241//1479
f 2320//1480 2399//1480 2372//1480 2279//1480
f 2373//1481 2280//1481 2320//1481 2399//1481
f 2196//1482 2170//1482 2449//1482 2499//1482
f 2450//1483 2171//1483 2196//1483 2499//1483
f 2489//1484 2567//1484 2109//1484 2059//1484
f 2362//1485 2372//1485 2327//1485 2323//1485
f 2328//1486 2373//1486 2363//1486 2324//1486
f 1973//1487 1930//1487 2559//1487 2602//1487
f 1974//1488 2603//1488 2560//1488 1931//1488
f 2312//1489 2417//1489 2389//1489 2275//1489
f 2390//1490 2418//1490 2313//1490 2276//1490
f 2155//1491 2558//1491 2496//1491 2004//1491
f 2436//1492 2492//1492 2215//1492 2224//1492
f 2400//1493 2269//1493 2303//1493 2456//1493
f 2304//1494 2457//1494 2401//1494 2270//1494
f 2460//1495 2453//1495 2316//1495 2176//1495
f 2317//1496 2177//1496 2461//1496 2454//1496
f 2366//1497 2427//1497 2364//1497 2309//1497
f 2365//1498 2310//1498 2367//1498 2428//1498
f 2389//1499 2376//1499 2344//1499 2378//1499
f 2345//1500 2379//1500 2390//1500 2377//1500
f 2493//1501 1855//1501 2216//1501 2640//1501
f 2034//1502 2606//1502 2602//1502 1973//1502
f 2312//1503 2350//1503 2419//1503 2417//1503
f 2420//1504 2351//1504 2313//1504 2418//1504
f 2400//1505 2427//1505 2364//1505 2314//1505
f 2365//1506 2428//1506 2401//1506 2315//1506
f 2317//1507 2454//1507 2411//1507 2298//1507
f 2395//1508 2362//1508 2372//1508 2399//1508
f 2373//1509 2363//1509 2395//1509 2399//1509
f 2419//1510 2417//1510 2376//1510 2307//1510
f 2377//1511 2308//1511 2420//1511 2418//1511
f 2492//1512 2550//1512 2200//1512 2215//1512
f 2397//1513 2434//1513 2358//1513 2325//1513
f 2359//1514 2326//1514 2398//1514 2435//1514
f 2413//1515 2335//1515 2346//1515 2439//1515
f 2585//1516 2558//1516 2155//1516 2180//1516
f 2469//1517 2423//1517 2176//1517 2460//1517
f 2177//1518 2424//1518 2470//1518 2461//1518
f 2445//1519 2403//1519 2325//1519 2397//1519
f 2326//1520 2404//1520 2446//1520 2398//1520
f 2550//1521 2200//1521 2180//1521 2585//1521
f 2352//1522 2257//1522 2451//1522 2506//1522
f 2467//1523 2329//1523 2346//1523 2439//1523
f 2347//1524 2330//1524 2468//1524 2440//1524
f 2452//1525 2507//1525 2353//1525 2268//1525
f 2293//1526 2579//1526 2494//1526 2289//1526
f 2495//1527 2290//1527 2294//1527 2580//1527
f 2425//1528 2366//1528 2427//1528 2497//1528
f 2428//1529 2367//1529 2426//1529 2498//1529
f 2445//1530 2403//1530 2396//1530 2479//1530
f 2402//1531 2480//1531 2446//1531 2404//1531
f 2343//1532 2686//1532 2520//1532 2080//1532
f 2521//1533 2081//1533 2343//1533 2686//1533
f 2434//1534 2479//1534 2445//1534 2397//1534
f 2446//1535 2480//1535 2435//1535 2398//1535
f 2497//1536 2427//1536 2400//1536 2456//1536
f 2401//1537 2457//1537 2498//1537 2428//1537
f 2284//1538 2293//1538 2579//1538 2616//1538
f 2580//1539 2294//1539 2284//1539 2616//1539
f 2471//1540 2508//1540 2432//1540 2393//1540
f 2433//1541 2394//1541 2472//1541 2509//1541
f 2565//1542 2360//1542 2321//1542 2583//1542
f 2322//1543 2584//1543 2566//1543 2361//1543
f 2485//1544 2515//1544 2453//1544 2410//1544
f 2454//1545 2516//1545 2486//1545 2411//1545
f 2481//1546 2413//1546 2439//1546 2538//1546
f 2440//1547 2539//1547 2482//1547 2414//1547
f 2490//1548 2329//1548 2467//1548 2581//1548
f 2468//1549 2330//1549 2491//1549 2582//1549
f 2392//1550 2384//1550 2552//1550 2609//1550
f 2469//1551 2423//1551 2481//1551 2546//1551
f 2482//1552 2547//1552 2470//1552 2424//1552
f 2216//1553 2334//1553 2692//1553 2640//1553
f 2508//1554 2544//1554 2458//1554 2432//1554
f 2459//1555 2545//1555 2509//1555 2433//1555
f 2459//1556 2444//1556 2571//1556 2545//1556
f 2538//1557 2439//1557 2467//1557 2581//1557
f 2468//1558 2582//1558 2539//1558 2440//1558
f 2502//1559 2425//1559 2497//1559 2604//1559
f 2498//1560 2605//1560 2503//1560 2426//1560
f 2506//1561 2475//1561 2517//1561 2554//1561
f 2570//1562 2587//1562 2465//1562 2437//1562
f 2438//1563 2466//1563 2592//1563 2571//1563
f 2522//1564 2555//1564 2507//1564 2476//1564
f 2540//1565 2382//1565 2496//1565 2676//1565
f 2540//1566 2331//1566 2489//1566 2733//1566
f 2531//1567 2500//1567 2543//1567 2573//1567
f 2554//1568 2517//1568 2531//1568 2573//1568
f 2534//1569 2572//1569 2555//1569 2522//1569
f 2553//1570 2614//1570 2546//1570 2469//1570
f 2547//1571 2615//1571 2553//1571 2470//1571
f 2597//1572 2436//1572 2492//1572 2683//1572
f 2546//1573 2481//1573 2538//1573 2625//1573
f 2539//1574 2482//1574 2547//1574 2626//1574
f 2692//1575 2742//1575 2429//1575 2334//1575
f 2617//1576 2430//1576 2483//1576 2714//1576
f 2484//1577 2431//1577 2618//1577 2715//1577
f 2532//1578 2732//1578 2578//1578 2412//1578
f 2622//1579 2639//1579 2508//1579 2471//1579
f 2509//1580 2472//1580 2622//1580 2639//1580
f 2627//1581 2576//1581 2497//1581 2604//1581
f 2498//1582 2577//1582 2628//1582 2605//1582
f 2565//1583 2598//1583 2600//1583 2583//1583
f 2601//1584 2599//1584 2566//1584 2584//1584
f 2381//1585 2342//1585 2747//1585 2756//1585
f 2568//1586 2527//1586 2593//1586 2669//1586
f 2594//1587 2670//1587 2569//1587 2528//1587
f 2742//1588 2672//1588 2464//1588 2429//1588
f 2639//1589 2508//1589 2544//1589 2648//1589
f 2545//1590 2509//1590 2639//1590 2648//1590
f 2625//1591 2538//1591 2581//1591 2663//1591
f 2582//1592 2664//1592 2626//1592 2539//1592
f 2579//1593 2494//1593 2617//1593 2724//1593
f 2618//1594 2725//1594 2580//1594 2495//1594
f 2653//1595 2699//1595 2551//1595 2512//1595
f 2513//1596 2552//1596 2699//1596 2648//1596
f 2659//1597 2570//1597 2544//1597 2653//1597
f 2545//1598 2571//1598 2659//1598 2653//1598
f 2478//1599 2488//1599 2575//1599 2636//1599
f 2627//1600 2669//1600 2593//1600 2576//1600
f 2594//1601 2577//1601 2628//1601 2670//1601
f 2657//1602 2663//1602 2581//1602 2574//1602
f 2614//1603 2546//1603 2625//1603 2673//1603
f 2626//1604 2641//1604 2615//1604 2547//1604
f 2221//1605 2761//1605 2751//1605 2597//1605
f 2492//1606 2550//1606 2729//1606 2683//1606
f 2714//1607 2483//1607 2518//1607 2737//1607
f 2519//1608 2738//1608 2715//1608 2484//1608
f 2676//1609 2496//1609 2558//1609 2727//1609
f 2668//1610 2629//1610 2591//1610 2619//1610
f 2592//1611 2620//1611 2668//1611 2629//1611
f 2651//1612 2598//1612 2565//1612 2697//1612
f 2566//1613 2599//1613 2652//1613 2698//1613
f 2641//1614 2586//1614 2614//1614 2673//1614
f 2615//1615 2674//1615 2641//1615 2586//1615
f 2612//1616 2702//1616 2666//1616 2561//1616
f 2667//1617 2703//1617 2613//1617 2562//1617
f 2684//1618 2600//1618 2583//1618 2706//1618
f 2584//1619 2601//1619 2685//1619 2707//1619
f 2669//1620 2627//1620 2604//1620 2666//1620
f 2605//1621 2628//1621 2670//1621 2667//1621
f 2740//1622 2737//1622 2518//1622 2536//1622
f 2519//1623 2537//1623 2741//1623 2738//1623
f 2630//1624 2772//1624 2621//1624 2455//1624
f 2656//1625 2693//1625 2644//1625 2610//1625
f 2668//1626 2687//1626 2635//1626 2619//1626
f 2636//1627 2687//1627 2668//1627 2620//1627
f 2640//1628 2748//1628 2682//1628 2493//1628
f 2636//1629 2647//1629 2655//1629 2687//1629
f 2727//1630 2745//1630 2585//1630 2558//1630
f 2550//1631 2585//1631 2745//1631 2729//1631
f 2740//1632 2536//1632 2559//1632 2753//1632
f 2560//1633 2537//1633 2741//1633 2754//1633
f 2693//1634 2644//1634 2637//1634 2677//1634
f 2548//1635 2525//1635 2746//1635 2755//1635
f 2747//1636 2756//1636 2549//1636 2526//1636
f 2638//1637 2645//1637 2696//1637 2680//1637
f 2654//1638 2646//1638 2657//1638 2708//1638
f 2673//1639 2708//1639 2663//1639 2625//1639
f 2664//1640 2709//1640 2674//1640 2626//1640
f 2660//1641 2634//1641 2675//1641 2710//1641
f 2658//1642 2655//1642 2709//1642 2664//1642
f 2679//1643 2708//1643 2673//1643 2641//1643
f 2674//1644 2641//1644 2679//1644 2709//1644
f 2616//1645 2750//1645 2724//1645 2579//1645
f 2725//1646 2580//1646 2616//1646 2750//1646
f 2567//1647 2777//1647 2733//1647 2489//1647
f 2765//1648 2743//1648 2504//1648 2589//1648
f 2505//1649 2744//1649 2766//1649 2590//1649
f 2697//1650 2651//1650 2684//1650 2706//1650
f 2685//1651 2707//1651 2698//1651 2652//1651
f 2672//1652 2535//1652 2728//1652 2762//1652
f 2630//1653 2772//1653 2732//1653 2532//1653
f 2726//1654 2693//1654 2656//1654 2710//1654
f 2660//1655 2696//1655 2726//1655 2710//1655
f 2753//1656 2768//1656 2602//1656 2559//1656
f 2603//1657 2769//1657 2754//1657 2560//1657
f 2666//1658 2735//1658 2730//1658 2669//1658
f 2731//1659 2736//1659 2667//1659 2670//1659
f 2734//1660 2717//1660 2694//1660 2690//1660
f 2734//1661 2721//1661 2700//1661 2690//1661
f 2701//1662 2721//1662 2734//1662 2691//1662
f 2732//1663 2578//1663 2682//1663 2767//1663
f 2730//1664 2706//1664 2697//1664 2722//1664
f 2698//1665 2707//1665 2731//1665 2723//1665
f 2777//1666 2775//1666 2514//1666 2567//1666
f 2733//1667 2540//1667 2676//1667 2783//1667
f 2692//1668 2640//1668 2748//1668 2757//1668
f 2773//1669 2765//1669 2589//1669 2606//1669
f 2590//1670 2766//1670 2774//1670 2607//1670
f 2724//1671 2617//1671 2714//1671 2770//1671
f 2715//1672 2771//1672 2725//1672 2618//1672
f 2773//1673 2768//1673 2602//1673 2606//1673
f 2603//1674 2769//1674 2774//1674 2607//1674
f 2751//1675 2597//1675 2683//1675 2791//1675
f 2742//1676 2672//1676 2762//1676 2780//1676
f 2772//1677 2621//1677 2718//1677 2809//1677
f 2770//1678 2784//1678 2737//1678 2714//1678
f 2738//1679 2715//1679 2771//1679 2785//1679
f 2767//1680 2794//1680 2748//1680 2682//1680
f 2783//1681 2801//1681 2727//1681 2676//1681
f 2778//1682 2784//1682 2737//1682 2740//1682
f 2738//1683 2785//1683 2779//1683 2741//1683
f 2750//1684 2799//1684 2770//1684 2724//1684
f 2771//1685 2725//1685 2750//1685 2799//1685
f 2778//1686 2792//1686 2753//1686 2740//1686
f 2754//1687 2793//1687 2779//1687 2741//1687
f 2776//1688 2760//1688 2758//1688 2781//1688
f 2759//1689 2760//1689 2776//1689 2782//1689
f 2757//1690 2742//1690 2780//1690 2798//1690
f 2767//1691 2732//1691 2772//1691 2809//1691
f 2748//1692 2794//1692 2798//1692 2757//1692
f 2781//1693 2795//1693 2763//1693 2758//1693
f 2764//1694 2796//1694 2782//1694 2759//1694
f 2801//1695 2815//1695 2745//1695 2727//1695
f 2800//1696 2761//1696 2751//1696 2791//1696
f 2805//1697 2815//1697 2745//1697 2729//1697
f 2789//1698 2743//1698 2765//1698 2817//1698
f 2766//1699 2744//1699 2790//1699 2818//1699
f 2777//1700 2828//1700 2783//1700 2733//1700
f 2792//1701 2753//1701 2768//1701 2813//1701
f 2769//1702 2754//1702 2793//1702 2814//1702
f 2791//1703 2683//1703 2805//1703 2836//1703
f 2795//1704 2763//1704 2787//1704 2807//1704
f 2796//1705 2808//1705 2788//1705 2764//1705
f 2776//1706 2782//1706 2816//1706 2781//1706
f 2799//1707 2834//1707 2784//1707 2770//1707
f 2785//1708 2834//1708 2799//1708 2771//1708
f 2817//1709 2831//1709 2773//1709 2765//1709
f 2774//1710 2766//1710 2818//1710 2832//1710
f 2831//1711 2813//1711 2768//1711 2773//1711
f 2774//1712 2769//1712 2814//1712 2832//1712
f 2825//1713 2804//1713 2778//1713 2784//1713
f 2779//1714 2804//1714 2826//1714 2785//1714
f 2804//1715 2778//1715 2792//1715 2820//1715
f 2793//1716 2820//1716 2804//1716 2779//1716
f 2775//1717 2777//1717 2828//1717 2838//1717
f 2822//1718 2807//1718 2787//1718 2810//1718
f 2788//1719 2811//1719 2823//1719 2808//1719
f 2806//1720 2842//1720 2817//1720 2789//1720
f 2818//1721 2842//1721 2806//1721 2790//1721
f 2840//1722 2836//1722 2791//1722 2800//1722
f 2820//1723 2792//1723 2813//1723 2843//1723
f 2814//1724 2843//1724 2820//1724 2793//1724
f 2828//1725 2783//1725 2801//1725 2849//1725
f 2833//1726 2823//1726 2816//1726 2822//1726
f 2833//1727 2822//1727 2810//1727 2829//1727
f 2811//1728 2823//1728 2833//1728 2829//1728
f 2851//1729 2815//1729 2805//1729 2836//1729
f 2849//1730 2801//1730 2815//1730 2851//1730
f 2843//1731 2813//1731 2831//1731 2847//1731
f 2832//1732 2814//1732 2843//1732 2847//1732
f 2847//1733 2831//1733 2817//1733 2842//1733
f 2832//1734 2847//1734 2842//1734 2818//1734
f 2838//1735 2828//1735 2849//1735 2852//1735
f 2854//1736 2851//1736 2836//1736 2840//1736
f 2841//1737 2853//1737 2855//1737 2845//1737
f 2859//1738 2819//1738 2841//1738 2866//1738
f 2852//1739 2849//1739 2851//1739 2854//1739
f 2835//1740 2830//1740 2867//1740 2869//1740
f 2861//1741 2846//1741 2856//1741 2864//1741
f 2853//1742 2855//1742 2868//1742 2863//1742
f 2869//1743 2845//1743 2855//1743 2873//1743
f 2867//1744 2872//1744 2864//1744 2861//1744
f 2870//1745 2879//1745 2862//1745 2858//1745
f 2873//1746 2855//1746 2868//1746 2878//1746
f 2877//1747 2881//1747 2863//1747 2853//1747
f 2871//1748 2880//1748 2865//1748 2860//1748
f 2868//1749 2863//1749 2876//1749 2882//1749
f 2872//1750 2864//1750 2871//1750 2880//1750
f 2880//1751 2883//1751 2870//1751 2865//1751
f 2879//1752 2862//1752 2875//1752 2886//1752
f 2881//1753 2863//1753 2876//1753 2885//1753
f 2880//1754 2883//1754 2874//1754 2872//1754
f 2873//1755 2878//1755 2881//1755 2877//1755
f 2878//1756 2868//1756 2882//1756 2884//1756
f 2883//1757 2870//1757 2879//1757 2887//1757
f 2883//1758 2887//1758 2877//1758 2874//1758
f 2881//1759 2878//1759 2884//1759 2885//1759
f 2886//1760 2892//1760 2889//1760 2875//1760
f 2887//1761 2890//1761 2886//1761 2879//1761
f 2888//1762 2875//1762 2889//1762 2893//1762
f 2890//1763 2894//1763 2892//1763 2886//1763
f 2890//1764 2894//1764 2893//1764 2888//1764
f 60//1765 41//1765 45//1765 57//1765
f 69//1766 46//1766 36//1766 52//1766
f 88//1767 66//1767 52//1767 69//1767
f 53//1768 67//1768 89//1768 70//1768
f 59//1769 56//1769 95//1769 79//1769
f 80//1770 129//1770 75//1770 58//1770
f 128//1771 79//1771 66//1771 88//1771
f 67//1772 80//1772 129//1772 89//1772
f 128//1773 79//1773 73//1773 87//1773
f 84//1774 107//1774 104//1774 81//1774
f 120//1775 107//1775 84//1775 86//1775
f 160//1776 124//1776 83//1776 105//1776
f 99//1777 123//1777 134//1777 135//1777
f 197//1778 109//1778 92//1778 167//1778
f 167//1779 92//1779 110//1779 196//1779
f 122//1780 164//1780 154//1780 114//1780
f 125//1781 166//1781 156//1781 118//1781
f 103//1782 108//1782 184//1782 186//1782
f 104//1783 107//1783 183//1783 185//1783
f 108//1784 184//1784 188//1784 120//1784
f 135//1785 187//1785 164//1785 122//1785
f 116//1786 179//1786 216//1786 150//1786
f 113//1787 145//1787 238//1787 195//1787
f 196//1788 260//1788 150//1788 110//1788
f 146//1789 205//1789 221//1789 156//1789
f 207//1790 158//1790 162//1790 222//1790
f 160//1791 158//1791 216//1791 224//1791
f 159//1792 171//1792 225//1792 208//1792
f 185//1793 231//1793 227//1793 183//1793
f 251//1794 189//1794 177//1794 245//1794
f 191//1795 209//1795 303//1795 244//1795
f 251//1796 204//1796 218//1796 286//1796
f 219//1797 205//1797 252//1797 287//1797
f 179//1798 270//1798 313//1798 216//1798
f 224//1799 304//1799 276//1799 207//1799
f 225//1800 305//1800 277//1800 208//1800
f 215//1801 267//1801 310//1801 238//1801
f 328//1802 233//1802 220//1802 274//1802
f 359//1803 226//1803 209//1803 303//1803
f 231//1804 320//1804 328//1804 227//1804
f 259//1805 385//1805 343//1805 197//1805
f 342//1806 384//1806 260//1806 196//1806
f 238//1807 310//1807 367//1807 271//1807
f 217//1808 259//1808 424//1808 314//1808
f 216//1809 260//1809 423//1809 313//1809
f 284//1810 261//1810 301//1810 334//1810
f 302//1811 261//1811 284//1811 335//1811
f 267//1812 310//1812 329//1812 278//1812
f 226//1813 359//1813 436//1813 285//1813
f 364//1814 251//1814 286//1814 397//1814
f 287//1815 252//1815 365//1815 398//1815
f 370//1816 381//1816 358//1816 348//1816
f 311//1817 401//1817 428//1817 376//1817
f 367//1818 379//1818 420//1818 405//1818
f 420//1819 379//1819 366//1819 406//1819
f 365//1820 299//1820 444//1820 487//1820
f 337//1821 339//1821 485//1821 474//1821
f 376//1822 428//1822 464//1822 430//1822
f 445//1823 390//1823 393//1823 460//1823
f 326//1824 342//1824 536//1824 559//1824
f 537//1825 343//1825 326//1825 559//1825
f 493//1826 431//1826 427//1826 488//1826
f 462//1827 680//1827 540//1827 395//1827
f 521//1828 574//1828 475//1828 477//1828
f 476//1829 575//1829 522//1829 478//1829
f 447//1830 644//1830 611//1830 438//1830
f 574//1831 655//1831 497//1831 475//1831
f 498//1832 656//1832 575//1832 476//1832
f 442//1833 457//1833 780//1833 633//1833
f 446//1834 643//1834 698//1834 482//1834
f 699//1835 644//1835 447//1835 483//1835
f 486//1836 443//1836 636//1836 714//1836
f 637//1837 715//1837 487//1837 444//1837
f 626//1838 682//1838 484//1838 473//1838
f 485//1839 683//1839 627//1839 474//1839
f 626//1840 473//1840 501//1840 666//1840
f 502//1841 667//1841 627//1841 474//1841
f 539//1842 566//1842 548//1842 509//1842
f 590//1843 566//1843 564//1843 539//1843
f 519//1844 608//1844 704//1844 521//1844
f 705//1845 609//1845 520//1845 522//1845
f 497//1846 655//1846 765//1846 533//1846
f 681//1847 820//1847 617//1847 463//1847
f 682//1848 484//1848 577//1848 817//1848
f 578//1849 818//1849 683//1849 485//1849
f 620//1850 503//1850 690//1850 797//1850
f 659//1851 504//1851 691//1851 793//1851
f 690//1852 503//1852 658//1852 794//1852
f 708//1853 717//1853 582//1853 615//1853
f 685//1854 502//1854 667//1854 862//1854
f 752//1855 774//1855 620//1855 583//1855
f 621//1856 775//1856 753//1856 583//1856
f 608//1857 704//1857 821//1857 692//1857
f 822//1858 705//1858 609//1858 693//1858
f 532//1859 766//1859 932//1859 663//1859
f 533//1860 662//1860 931//1860 765//1860
f 580//1861 826//1861 877//1861 638//1861
f 767//1862 668//1862 670//1862 869//1862
f 671//1863 669//1863 768//1863 870//1863
f 798//1864 621//1864 775//1864 944//1864
f 867//1865 798//1865 691//1865 793//1865
f 690//1866 797//1866 866//1866 794//1866
f 902//1867 844//1867 732//1867 777//1867
f 731//1868 843//1868 903//1868 776//1868
f 1088//1869 783//1869 677//1869 837//1869
f 836//1870 676//1870 784//1870 1093//1870
f 824//1871 709//1871 813//1871 983//1871
f 1087//1872 822//1872 705//1872 804//1872
f 1178//1873 993//1873 632//1873 779//1873
f 633//1874 780//1874 1179//1874 994//1874
f 655//1875 765//1875 1283//1875 979//1875
f 841//1876 1068//1876 875//1876 785//1876
f 876//1877 786//1877 842//1877 1069//1877
f 662//1878 961//1878 1133//1878 931//1878
f 663//1879 932//1879 1134//1879 962//1879
f 877//1880 831//1880 855//1880 935//1880
f 856//1881 831//1881 877//1881 936//1881
f 854//1882 922//1882 906//1882 858//1882
f 907//1883 923//1883 854//1883 858//1883
f 858//1884 906//1884 893//1884 868//1884
f 894//1885 907//1885 858//1885 868//1885
f 1115//1886 1188//1886 767//1886 758//1886
f 768//1887 1189//1887 1115//1887 758//1887
f 896//1888 1060//1888 875//1888 815//1888
f 715//1889 637//1889 1326//1889 1449//1889
f 860//1890 820//1890 1030//1890 1071//1890
f 981//1891 972//1891 891//1891 892//1891
f 956//1892 989//1892 907//1892 894//1892
f 922//1893 1010//1893 988//1893 906//1893
f 989//1894 1011//1894 923//1894 907//1894
f 859//1895 1419//1895 1064//1895 724//1895
f 1065//1896 1420//1896 860//1896 725//1896
f 1003//1897 1036//1897 933//1897 918//1897
f 1004//1898 1037//1898 934//1898 919//1898
f 1012//1899 1044//1899 928//1899 924//1899
f 929//1900 925//1900 1013//1900 1045//1900
f 1312//1901 1263//1901 727//1901 829//1901
f 1313//1902 830//1902 728//1902 1264//1902
f 1142//1903 933//1903 918//1903 984//1903
f 919//1904 934//1904 1143//1904 985//1904
f 1037//1905 934//1905 949//1905 1066//1905
f 1036//1906 1067//1906 950//1906 933//1906
f 1188//1907 1339//1907 869//1907 767//1907
f 870//1908 1340//1908 1189//1908 768//1908
f 954//1909 975//1909 1110//1909 1102//1909
f 1435//1910 879//1910 779//1910 1178//1910
f 780//1911 880//1911 1438//1911 1179//1911
f 1417//1912 978//1912 804//1912 1087//1912
f 803//1913 1086//1913 1418//1913 979//1913
f 1052//1914 986//1914 1082//1914 1116//1914
f 1083//1915 1117//1915 1053//1915 987//1915
f 789//1916 1567//1916 1448//1916 714//1916
f 790//1917 715//1917 1449//1917 1568//1917
f 965//1918 773//1918 1033//1918 1741//1918
f 966//1919 971//1919 1293//1919 1273//1919
f 1294//1920 1274//1920 967//1920 972//1920
f 1151//1921 1295//1921 1105//1921 974//1921
f 1106//1922 975//1922 1152//1922 1296//1922
f 980//1923 1300//1923 1293//1923 971//1923
f 1305//1924 1531//1924 1338//1924 1145//1924
f 861//1925 1765//1925 1489//1925 684//1925
f 1490//1926 685//1926 862//1926 1766//1926
f 1040//1927 1198//1927 1254//1927 1157//1927
f 1223//1928 1277//1928 1075//1928 1096//1928
f 1283//1929 765//1929 1248//1929 1498//1929
f 1284//1930 1499//1930 1249//1930 766//1930
f 1160//1931 1164//1931 1218//1931 1204//1931
f 1161//1932 1205//1932 1219//1932 1165//1932
f 1310//1933 1238//1933 1044//1933 1208//1933
f 1311//1934 1239//1934 1045//1934 1209//1934
f 1160//1935 1190//1935 1242//1935 1204//1935
f 1425//1936 1431//1936 1133//1936 931//1936
f 1426//1937 1432//1937 1134//1937 932//1937
f 1289//1938 1198//1938 1250//1938 1335//1938
f 1251//1939 1199//1939 1290//1939 1336//1939
f 1567//1940 1798//1940 993//1940 789//1940
f 994//1941 790//1941 1568//1941 1799//1941
f 1277//1942 870//1942 1340//1942 1644//1942
f 1027//1943 1463//1943 1478//1943 1103//1943
f 1479//1944 1104//1944 1028//1944 1464//1944
f 1419//1945 1489//1945 1149//1945 1064//1945
f 1150//1946 1490//1946 1420//1946 1065//1946
f 1525//1947 1741//1947 1033//1947 973//1947
f 1186//1948 1839//1948 1435//1948 879//1948
f 1187//1949 880//1949 1438//1949 1840//1949
f 1196//1950 1512//1950 1500//1950 1226//1950
f 1181//1951 1183//1951 1576//1951 1535//1951
f 1206//1952 1244//1952 1573//1952 1559//1952
f 1574//1953 1245//1953 1207//1953 1560//1953
f 1078//1954 1111//1954 1755//1954 1705//1954
f 1112//1955 1079//1955 1706//1955 1756//1955
f 1759//1956 1403//1956 1086//1956 1418//1956
f 1087//1957 1417//1957 1760//1957 1404//1957
f 1288//1958 1110//1958 1640//1958 1596//1958
f 1641//1959 1157//1959 1254//1959 1630//1959
f 1255//1960 1158//1960 1642//1960 1631//1960
f 1417//1961 1819//1961 1517//1961 978//1961
f 1418//1962 979//1962 1516//1962 1818//1962
f 1647//1963 1641//1963 1157//1963 1341//1963
f 1435//1964 1839//1964 1430//1964 1088//1964
f 1646//1965 1729//1965 1334//1965 1124//1965
f 1624//1966 1293//1966 1300//1966 1620//1966
f 1625//1967 1621//1967 1301//1967 1294//1967
f 1249//1968 1426//1968 1675//1968 1499//1968
f 1461//1969 1840//1969 1427//1969 1147//1969
f 1430//1970 1839//1970 1460//1970 1148//1970
f 1798//1971 1993//1971 1178//1971 993//1971
f 1179//1972 994//1972 1799//1972 1994//1972
f 1433//1973 1575//1973 1530//1973 1337//1973
f 1531//1974 1576//1974 1434//1974 1338//1974
f 1607//1975 1343//1975 1354//1975 1676//1975
f 1213//1976 2281//1976 1741//1976 965//1976
f 1468//1977 1544//1977 1528//1977 1472//1977
f 1529//1978 1545//1978 1469//1978 1473//1978
f 1740//1979 1718//1979 1394//1979 1416//1979
f 1825//1980 1815//1980 1359//1980 1329//1980
f 1765//1981 1605//1981 1419//1981 1489//1981
f 1420//1982 1490//1982 1766//1982 1606//1982
f 1561//1983 1565//1983 1593//1983 1601//1983
f 1592//1984 1602//1984 1562//1984 1566//1984
f 1550//1985 1779//1985 1749//1985 1483//1985
f 1750//1986 1780//1986 1551//1986 1484//1986
f 1363//1987 1313//1987 2035//1987 2011//1987
f 1585//1988 1757//1988 1806//1988 1530//1988
f 1807//1989 1531//1989 1586//1989 1758//1989
f 1993//1990 1178//1990 1460//1990 2246//1990
f 1643//1991 2207//1991 1808//1991 1276//1991
f 1655//1992 1743//1992 1769//1992 1685//1992
f 1770//1993 1744//1993 1656//1993 1686//1993
f 2341//1994 1164//1994 1160//1994 2287//1994
f 1190//1995 2348//1995 2287//1995 1160//1995
f 1775//1996 1715//1996 1719//1996 1781//1996
f 1242//1997 1204//1997 2318//1997 2385//1997
f 2385//1998 2348//1998 1190//1998 1242//1998
f 1769//1999 1775//1999 1837//1999 1845//1999
f 1560//2000 1556//2000 2058//2000 2083//2000
f 1516//2001 1826//2001 2156//2001 1818//2001
f 1517//2002 1827//2002 2157//2002 1819//2002
f 1673//2003 1668//2003 1968//2003 1998//2003
f 2103//2004 1975//2004 1641//2004 1647//2004
f 1642//2005 1648//2005 2104//2005 1976//2005
f 1297//2006 1213//2006 2281//2006 2540//2006
f 1618//2007 1575//2007 2137//2007 2185//2007
f 2138//2008 1576//2008 1619//2008 2186//2008
f 2024//2009 1707//2009 1724//2009 2134//2009
f 2140//2010 2077//2010 1736//2010 1807//2010
f 1961//2011 1812//2011 1869//2011 2139//2011
f 1870//2012 1813//2012 1962//2012 2140//2012
f 1965//2013 1889//2013 1910//2013 2036//2013
f 1871//2014 1643//2014 2207//2014 2231//2014
f 1669//2015 1705//2015 2293//2015 2284//2015
f 2294//2016 1706//2016 1669//2016 2284//2016
f 1839//2017 2374//2017 2246//2017 1460//2017
f 1814//2018 2237//2018 2202//2018 1801//2018
f 1815//2019 1800//2019 2201//2019 2238//2019
f 2069//2020 1968//2020 1927//2020 1992//2020
f 2110//2021 2105//2021 2007//2021 1987//2021
f 2160//2022 2122//2022 2016//2022 2092//2022
f 2017//2023 2123//2023 2161//2023 2093//2023
f 1820//2024 2352//2024 2285//2024 1824//2024
f 2286//2025 1825//2025 1821//2025 2353//2025
f 2409//2026 1314//2026 1638//2026 2682//2026
f 2217//2027 2356//2027 1989//2027 1895//2027
f 1990//2028 2357//2028 2218//2028 1896//2028
f 2212//2029 2226//2029 2163//2029 2152//2029
f 2185//2030 1885//2030 2205//2030 2366//2030
f 2548//2031 2525//2031 1587//2031 1680//2031
f 1588//2032 2526//2032 2549//2032 1681//2032
f 2391//2033 2368//2033 1938//2033 1963//2033
f 1939//2034 1964//2034 2392//2034 2369//2034
f 2374//2035 2520//2035 2080//2035 1839//2035
f 2081//2036 2521//2036 2375//2036 1840//2036
f 2400//2037 2269//2037 2205//2037 2366//2037
f 2447//2038 2126//2038 2149//2038 2462//2038
f 2259//2039 2315//2039 2365//2039 2310//2039
f 2504//2040 1853//2040 2010//2040 2589//2040
f 2505//2041 1854//2041 2011//2041 2590//2041
f 2144//2042 2478//2042 2463//2042 2150//2042
f 2131//2043 2488//2043 2491//2043 2115//2043
f 2131//2044 2488//2044 2478//2044 2144//2044
f 2366//2045 2400//2045 2314//2045 2309//2045
f 2315//2046 2310//2046 2367//2046 2401//2046
f 2231//2047 2207//2047 2523//2047 2421//2047
f 2524//2048 2422//2048 2232//2048 2208//2048
f 2285//2049 2475//2049 2405//2049 2237//2049
f 2406//2050 2238//2050 2286//2050 2476//2050
f 2035//2051 1974//2051 2603//2051 2607//2051
f 2010//2052 2034//2052 2606//2052 2589//2052
f 2011//2053 2590//2053 2607//2053 2035//2053
f 2410//2054 2453//2054 2316//2054 2297//2054
f 2347//2055 2336//2055 2414//2055 2440//2055
f 2231//2056 2612//2056 2407//2056 2249//2056
f 2408//2057 2613//2057 2232//2057 2250//2057
f 2207//2058 2523//2058 2565//2058 2203//2058
f 2566//2059 2524//2059 2208//2059 2204//2059
f 2525//2060 1587//2060 2341//2060 2746//2060
f 2342//2061 1588//2061 2526//2061 2747//2061
f 2352//2062 2506//2062 2475//2062 2285//2062
f 2476//2063 2286//2063 2353//2063 2507//2063
f 2405//2064 2500//2064 2438//2064 2359//2064
f 2437//2065 2501//2065 2406//2065 2358//2065
f 2541//2066 2540//2066 2331//2066 2248//2066
f 2548//2067 2755//2067 2380//2067 1680//2067
f 2381//2068 1681//2068 2549//2068 2756//2068
f 2551//2069 2512//2069 2354//2069 2383//2069
f 2355//2070 2513//2070 2552//2070 2384//2070
f 2493//2071 2199//2071 2409//2071 2682//2071
f 2473//2072 2479//2072 2434//2072 2443//2072
f 2459//2073 2438//2073 2444//2073 2480//2073
f 2473//2074 2396//2074 2452//2074 2542//2074
f 2451//2075 2543//2075 2474//2075 2402//2075
f 2369//2076 2557//2076 2609//2076 2392//2076
f 2551//2077 2608//2077 2391//2077 2383//2077
f 2464//2078 2672//2078 2535//2078 2236//2078
f 2501//2079 2443//2079 2473//2079 2542//2079
f 2570//2080 2443//2080 2458//2080 2544//2080
f 2578//2081 2621//2081 2455//2081 2412//2081
f 2463//2082 2573//2082 2611//2082 2451//2082
f 2542//2083 2572//2083 2534//2083 2501//2083
f 2619//2084 2462//2084 2477//2084 2635//2084
f 2541//2085 2248//2085 2514//2085 2775//2085
f 2658//2086 2582//2086 2575//2086 2647//2086
f 2786//2087 2711//2087 2295//2087 2264//2087
f 2265//2088 2296//2088 2711//2088 2786//2088
f 2746//2089 2341//2089 2380//2089 2755//2089
f 2665//2090 2659//2090 2570//2090 2587//2090
f 2571//2091 2588//2091 2665//2091 2659//2091
f 2656//2092 2610//2092 2595//2092 2631//2092
f 2596//2093 2634//2093 2660//2093 2611//2093
f 2523//2094 2565//2094 2697//2094 2722//2094
f 2698//2095 2723//2095 2524//2095 2566//2095
f 2848//2096 2786//2096 2264//2096 1879//2096
f 2265//2097 1880//2097 2848//2097 2786//2097
f 2682//2098 2578//2098 2621//2098 2718//2098
f 2552//2099 2609//2099 2739//2099 2699//2099
f 2645//2100 2696//2100 2660//2100 2611//2100
f 2712//2101 2556//2101 2608//2101 2739//2101
f 2609//2102 2557//2102 2712//2102 2739//2102
f 2675//2103 2631//2103 2656//2103 2710//2103
f 2704//2104 2661//2104 2735//2104 2719//2104
f 2736//2105 2662//2105 2705//2105 2720//2105
f 2695//2106 2691//2106 2734//2106 2717//2106
f 2752//2107 2763//2107 2758//2107 2760//2107
f 2759//2108 2764//2108 2752//2108 2760//2108
f 2762//2109 2803//2109 2749//2109 2728//2109
f 2803//2110 2749//2110 2761//2110 2824//2110
f 2780//2111 2762//2111 2803//2111 2846//2111
f 2811//2112 2829//2112 2810//2112 2752//2112
f 2794//2113 2767//2113 2809//2113 2837//2113
f 2802//2114 2780//2114 2812//2114 2844//2114
f 2798//2115 2827//2115 2837//2115 2794//2115
f 2821//2116 2819//2116 2844//2116 2802//2116
f 2835//2117 2841//2117 2819//2117 2830//2117
f 2824//2118 2800//2118 2840//2118 2857//2118
f 2846//2119 2856//2119 2824//2119 2803//2119
f 2844//2120 2812//2120 2840//2120 2860//2120
f 2821//2121 2861//2121 2867//2121 2830//2121
f 2856//2122 2840//2122 2860//2122 2871//2122
f 2850//2123 2859//2123 2866//2123 2858//2123
f 2865//2124 2850//2124 2858//2124 2870//2124
f 2866//2125 2877//2125 2862//2125 2858//2125
f 2867//2126 2869//2126 2874//2126 2872//2126
f 2874//2127 2877//2127 2873//2127 2869//2127
f 2877//2128 2862//2128 2875//2128 2888//2128
f 2887//2129 2890//2129 2888//2129 2877//2129
f 68//2130 48//2130 74//2130 105//2130
f 68//2131 105//2131 160//2131 101//2131
f 188//2132 120//2132 107//2132 183//2132
f 137//2133 190//2133 166//2133 125//2133
f 151//2134 109//2134 197//2134 259//2134
f 220//2135 204//2135 143//2135 154//2135
f 206//2136 253//2136 160//2136 124//2136
f 239//2137 166//2137 156//2137 221//2137
f 187//2138 240//2138 233//2138 164//2138
f 192//2139 252//2139 225//2139 171//2139
f 190//2140 241//2140 228//2140 166//2140
f 274//2141 220//2141 204//2141 251//2141
f 167//2142 326//2142 342//2142 196//2142
f 343//2143 197//2143 167//2143 326//2143
f 306//2144 417//2144 253//2144 175//2144
f 240//2145 233//2145 328//2145 360//2145
f 467//2146 452//2146 406//2146 420//2146
f 501//2147 684//2147 506//2147 403//2147
f 507//2148 685//2148 502//2148 404//2148
f 637//2149 611//2149 438//2149 444//2149
f 610//2150 643//2150 446//2150 437//2150
f 564//2151 538//2151 492//2151 488//2151
f 498//2152 532//2152 766//2152 656//2152
f 691//2153 504//2153 621//2153 798//2153
f 704//2154 803//2154 574//2154 521//2154
f 575//2155 804//2155 705//2155 522//2155
f 666//2156 501//2156 684//2156 861//2156
f 617//2157 578//2157 818//2157 833//2157
f 1149//2158 742//2158 506//2158 684//2158
f 507//2159 743//2159 1150//2159 685//2159
f 832//2160 1029//2160 819//2160 616//2160
f 704//2161 803//2161 1086//2161 821//2161
f 1326//2162 637//2162 611//2162 1185//2162
f 610//2163 1184//2163 1327//2163 636//2163
f 656//2164 766//2164 1284//2164 978//2164
f 1023//2165 876//2165 1069//2165 1061//2165
f 883//2166 891//2166 971//2166 966//2166
f 967//2167 972//2167 891//2167 883//2167
f 1029//2168 1070//2168 859//2168 819//2168
f 892//2169 891//2169 971//2169 980//2169
f 852//2170 1027//2170 1103//2170 920//2170
f 1136//2171 809//2171 944//2171 1112//2171
f 1047//2172 1059//2172 1049//2172 1207//2172
f 1245//2173 1294//2173 1036//2173 981//2173
f 1255//2174 1158//2174 1041//2174 1199//2174
f 1265//2175 1289//2175 1198//2175 1040//2175
f 1199//2176 1290//2176 1266//2176 1041//2176
f 1070//2177 859//2177 1419//2177 1605//2177
f 1420//2178 860//2178 1071//2178 1606//2178
f 1026//2179 1669//2179 1705//2179 1078//2179
f 1706//2180 1669//2180 1026//2180 1079//2180
f 1476//2181 1188//2181 1339//2181 1581//2181
f 1340//2182 1189//2182 1477//2182 1582//2182
f 1565//2183 1487//2183 1485//2183 1553//2183
f 1486//2184 1488//2184 1566//2184 1554//2184
f 1739//2185 1415//2185 1393//2185 1717//2185
f 1565//2186 1589//2186 1542//2186 1506//2186
f 1543//2187 1590//2187 1566//2187 1507//2187
f 1362//2188 2010//2188 2034//2188 1312//2188
f 1788//2189 1754//2189 1529//2189 1545//2189
f 1191//2190 1161//2190 2288//2190 2349//2190
f 1768//2191 1786//2191 1833//2191 1846//2191
f 1550//2192 1579//2192 1893//2192 2203//2192
f 1894//2193 2204//2193 1551//2193 1580//2193
f 1651//2194 1683//2194 1940//2194 1979//2194
f 1978//2195 1980//2195 1652//2195 1684//2195
f 1916//2196 1909//2196 1717//2196 1739//2196
f 1718//2197 1740//2197 1916//2197 1909//2197
f 1850//2198 1952//2198 1848//2198
f 1925//2199 2021//2199 1988//2199 1890//2199
f 2247//2200 2375//2200 1840//2200 1461//2200
f 2248//2201 2331//2201 1858//2201 1742//2201
f 2206//2202 2270//2202 2401//2202 2367//2202
f 2150//2203 2463//2203 2448//2203 2127//2203
f 2419//2204 2415//2204 2502//2204 2561//2204
f 2608//2205 2391//2205 2368//2205 2556//2205
f 2474//2206 2444//2206 2500//2206 2543//2206
f 2591//2207 2447//2207 2462//2207 2619//2207
f 2463//2208 2620//2208 2592//2208 2448//2208
f 2478//2209 2463//2209 2620//2209 2636//2209
f 2848//2210 2711//2210 2295//2210 1879//2210
f 2296//2211 2711//2211 2848//2211 1880//2211
f 2739//2212 2608//2212 2551//2212 2699//2212
f 2654//2213 2635//2213 2681//2213
f 2716//2214 2726//2214 2693//2214 2677//2214
f 2680//2215 2717//2215 2726//2215 2696//2215
f 2802//2216 2780//2216 2846//2216 2861//2216
f 2850//2217 2865//2217 2860//2217 2844//2217
f 2866//2218 2841//2218 2853//2218 2877//2218
f 175//2219 101//2219 160//2219 253//2219
f 233//2220 220//2220 154//2220 164//2220
f 205//2221 221//2221 275//2221 252//2221
f 327//2222 275//2222 221//2222 239//2222
f 405//2223 453//2223 467//2223 420//2223
f 437//2224 443//2224 636//2224 610//2224
f 583//2225 563//2225 586//2225 668//2225
f 587//2226 669//2226 583//2226 563//2226
f 672//2227 707//2227 614//2227 605//2227
f 817//2228 577//2228 616//2228 832//2228
f 820//2229 1030//2229 833//2229 617//2229
f 809//2230 792//2230 1112//2230 867//2230
f 1104//2231 1028//2231 853//2231 921//2231
f 1028//2232 918//2232 1076//2232 1331//2232
f 1077//2233 919//2233 1027//2233 1332//2233
f 1243//2234 1191//2234 1161//2234 1205//2234
f 1156//2235 1338//2235 1145//2235
f 1343//2236 1634//2236 1659//2236 1428//2236
f 1429//2237 1652//2237 1635//2237 1344//2237
f 1748//2238 1598//2238 1656//2238
f 1767//2239 1845//2239 1832//2239 1785//2239
f 1775//2240 1845//2240 1832//2240 1781//2240
f 1833//2241 1846//2241 1776//2241 1782//2241
f 2026//2242 2062//2242 1951//2242
f 1987//2243 2020//2243 1924//2243 1889//2243
f 2234//2244 2254//2244 2183//2244
f 2462//2245 2477//2245 2143//2245 2149//2245
f 2531//2246 2557//2246 2466//2246 2369//2246
f 2681//2247 2671//2247 2654//2247
f 2695//2248 2721//2248 2690//2248 2694//2248
f 2803//2249 2786//2249 2751//2249 2840//2249
f 228//2250 355//2250 449//2250 328//2250
f 493//2251 488//2251 548//2251 590//2251
f 551//2252 582//2252 824//2252 721//2252
f 831//2253 1423//2253 553//2253 491//2253
f 853//2254 812//2254 814//2254 850//2254
f 921//2255 857//2255 812//2255 853//2255
f 1028//2256 853//2256 850//2256 1006//2256
f 1014//2257 1233//2257 1046//2257 1058//2257
f 1140//2258 1368//2258 1153//2258 916//2258
f 1154//2259 1369//2259 1141//2259 917//2259
f 1104//2260 1214//2260 1272//2260 1076//2260
f 1273//2261 1332//2261 1103//2261 919//2261
f 1249//2262 820//2262 1606//2262 1675//2262
f 1548//2263 1743//2263 1546//2263
f 1970//2264 1727//2264 1860//2264
f 1849//2265 1847//2265 1951//2265
f 1516//2266 1312//2266 2038//2266 2156//2266
f 1843//2267 1769//2267 1845//2267
f 2681//2268 2655//2268 2671//2268
f 2045//2269 2390//2269 2379//2269 1319//2269
f 2346//2270 2128//2270 1571//2270 2335//2270
f 2235//2271 2253//2271 2184//2271
f 2490//2272 2350//2272 2044//2272 2128//2272
f 2475//2273 2285//2273 2500//2273 2573//2273
f 2413//2274 2612//2274 2502//2274 2407//2274
f 2503//2275 2408//2275 2414//2275 2613//2275
f 2425//2276 2529//2276 2593//2276 2568//2276
f 2594//2277 2530//2277 2426//2277 2569//2277
f 2574//2278 2487//2278 2635//2278
f 2642//2279 2735//2279 2579//2279 2453//2279
f 2736//2280 2703//2280 2613//2280 2643//2280
f 3//2281 1//2281 2//2281
f 4//2282 1//2282 2//2282
f 10//2283 3//2283 6//2283
f 4//2284 11//2284 9//2284
f 19//2285 22//2285 7//2285
f 20//2286 8//2286 23//2286
f 7//2287 19//2287 24//2287
f 8//2288 20//2288 25//2288
f 23//2289 26//2289 8//2289
f 22//2290 27//2290 7//2290
f 25//2291 26//2291 8//2291
f 24//2292 27//2292 7//2292
f 30//2293 12//2293 16//2293
f 16//2294 31//2294 12//2294
f 12//2295 34//2295 30//2295
f 34//2296 12//2296 31//2296
f 30//2297 42//2297 56//2297
f 57//2298 31//2298 43//2298
f 48//2299 65//2299 44//2299
f 75//2300 39//2300 58//2300
f 56//2301 76//2301 42//2301
f 77//2302 57//2302 43//2302
f 74//2303 65//2303 44//2303
f 87//2304 49//2304 73//2304
f 84//2305 81//2305 64//2305
f 85//2306 82//2306 64//2306
f 84//2307 64//2307 86//2307
f 85//2308 86//2308 64//2308
f 106//2309 114//2309 99//2309
f 111//2310 118//2310 100//2310
f 99//2311 122//2311 114//2311
f 125//2312 100//2312 118//2312
f 122//2313 135//2313 99//2313
f 131//2314 98//2314 127//2314
f 140//2315 98//2315 127//2315
f 125//2316 137//2316 100//2316
f 140//2317 98//2317 131//2317
f 130//2318 119//2318 141//2318
f 130//2319 119//2319 142//2319
f 141//2320 119//2320 148//2320
f 142//2321 149//2321 119//2321
f 152//2322 148//2322 119//2322
f 152//2323 149//2323 119//2323
f 159//2324 163//2324 139//2324
f 158//2325 138//2325 168//2325
f 159//2326 171//2326 139//2326
f 163//2327 182//2327 139//2327
f 189//2328 168//2328 138//2328
f 171//2329 192//2329 139//2329
f 177//2330 189//2330 138//2330
f 192//2331 182//2331 139//2331
f 128//2332 170//2332 237//2332
f 129//2333 170//2333 238//2333
f 194//2334 237//2334 128//2334
f 195//2335 238//2335 129//2335
f 201//2336 203//2336 161//2336
f 202//2337 203//2337 161//2337
f 215//2338 238//2338 170//2338
f 268//2339 262//2339 264//2339
f 269//2340 263//2340 265//2340
f 241//2341 243//2341 361//2341
f 246//2342 365//2342 252//2342
f 288//2343 315//2343 272//2343
f 316//2344 289//2344 273//2344
f 288//2345 395//2345 315//2345
f 289//2346 396//2346 316//2346
f 332//2347 317//2347 347//2347
f 333//2348 318//2348 348//2348
f 319//2349 360//2349 320//2349
f 319//2350 361//2350 321//2350
f 360//2351 320//2351 328//2351
f 369//2352 332//2352 347//2352
f 370//2353 333//2353 348//2353
f 385//2354 259//2354 424//2354
f 330//2355 357//2355 382//2355
f 358//2356 331//2356 383//2356
f 386//2357 349//2357 369//2357
f 387//2358 370//2358 350//2358
f 417//2359 368//2359 306//2359
f 382//2360 357//2360 380//2360
f 383//2361 358//2361 381//2361
f 393//2362 363//2362 390//2362
f 363//2363 399//2363 393//2363
f 340//2364 388//2364 425//2364
f 351//2365 344//2365 445//2365
f 344//2366 352//2366 445//2366
f 363//2367 416//2367 399//2367
f 400//2368 416//2368 363//2368
f 356//2369 450//2369 360//2369
f 388//2370 421//2370 425//2370
f 389//2371 422//2371 426//2371
f 372//2372 458//2372 410//2372
f 373//2373 411//2373 459//2373
f 425//2374 434//2374 421//2374
f 426//2375 435//2375 422//2375
f 434//2376 479//2376 425//2376
f 435//2377 480//2377 426//2377
f 391//2378 524//2378 432//2378
f 433//2379 392//2379 525//2379
f 462//2380 412//2380 489//2380
f 413//2381 463//2381 490//2381
f 471//2382 479//2382 425//2382
f 472//2383 480//2383 426//2383
f 409//2384 526//2384 470//2384
f 445//2385 553//2385 460//2385
f 445//2386 554//2386 461//2386
f 488//2387 492//2387 548//2387
f 488//2388 493//2388 548//2388
f 577//2389 484//2389 489//2389
f 578//2390 490//2390 485//2390
f 494//2391 519//2391 538//2391
f 495//2392 520//2392 539//2392
f 481//2393 505//2393 612//2393
f 481//2394 505//2394 613//2394
f 547//2395 549//2395 496//2395
f 552//2396 547//2396 496//2396
f 548//2397 560//2397 493//2397
f 496//2398 552//2398 584//2398
f 523//2399 510//2399 581//2399
f 523//2400 510//2400 582//2400
f 584//2401 603//2401 496//2401
f 545//2402 542//2402 557//2402
f 543//2403 546//2403 558//2403
f 542//2404 545//2404 572//2404
f 543//2405 546//2405 573//2405
f 550//2406 545//2406 557//2406
f 546//2407 551//2407 558//2407
f 510//2408 605//2408 581//2408
f 510//2409 605//2409 582//2409
f 542//2410 591//2410 557//2410
f 543//2411 558//2411 592//2411
f 572//2412 542//2412 591//2412
f 543//2413 573//2413 592//2413
f 631//2414 593//2414 515//2414
f 630//2415 594//2415 516//2415
f 515//2416 651//2416 593//2416
f 516//2417 652//2417 594//2417
f 597//2418 550//2418 614//2418
f 598//2419 551//2419 615//2419
f 567//2420 583//2420 621//2420
f 585//2421 576//2421 678//2421
f 595//2422 599//2422 639//2422
f 596//2423 600//2423 640//2423
f 515//2424 716//2424 631//2424
f 516//2425 630//2425 719//2425
f 651//2426 515//2426 716//2426
f 499//2427 658//2427 771//2427
f 659//2428 500//2428 772//2428
f 652//2429 516//2429 719//2429
f 628//2430 624//2430 641//2430
f 629//2431 642//2431 625//2431
f 624//2432 674//2432 628//2432
f 625//2433 675//2433 629//2433
f 622//2434 670//2434 639//2434
f 640//2435 623//2435 671//2435
f 628//2436 634//2436 674//2436
f 629//2437 635//2437 675//2437
f 641//2438 614//2438 686//2438
f 642//2439 615//2439 687//2439
f 553//2440 579//2440 825//2440
f 554//2441 580//2441 826//2441
f 702//2442 678//2442 585//2442
f 707//2443 660//2443 614//2443
f 718//2444 702//2444 585//2444
f 674//2445 712//2445 634//2445
f 675//2446 713//2446 635//2446
f 612//2447 653//2447 756//2447
f 613//2448 654//2448 757//2448
f 588//2449 773//2449 706//2449
f 674//2450 712//2450 686//2450
f 675//2451 713//2451 687//2451
f 710//2452 601//2452 763//2452
f 711//2453 764//2453 602//2453
f 748//2454 583//2454 752//2454
f 753//2455 748//2455 583//2455
f 769//2456 693//2456 649//2456
f 770//2457 692//2457 648//2457
f 721//2458 687//2458 713//2458
f 783//2459 630//2459 719//2459
f 872//2460 706//2460 588//2460
f 722//2461 747//2461 697//2461
f 696//2462 723//2462 746//2462
f 671//2463 640//2463 870//2463
f 696//2464 639//2464 869//2464
f 697//2465 640//2465 870//2465
f 1184//2466 643//2466 610//2466
f 644//2467 1185//2467 611//2467
f 712//2468 735//2468 815//2468
f 736//2469 816//2469 713//2469
f 740//2470 759//2470 754//2470
f 741//2471 760//2471 755//2471
f 1033//2472 773//2472 588//2472
f 748//2473 795//2473 752//2473
f 795//2474 753//2474 748//2474
f 1184//2475 643//2475 698//2475
f 1185//2476 644//2476 699//2476
f 872//2477 973//2477 588//2477
f 759//2478 801//2478 827//2478
f 802//2479 760//2479 828//2479
f 746//2480 744//2480 881//2480
f 747//2481 745//2481 882//2481
f 774//2482 846//2482 752//2482
f 775//2483 847//2483 753//2483
f 785//2484 735//2484 875//2484
f 786//2485 736//2485 876//2485
f 815//2486 875//2486 735//2486
f 876//2487 816//2487 736//2487
f 783//2488 1002//2488 719//2488
f 801//2489 881//2489 754//2489
f 802//2490 882//2490 755//2490
f 1033//2491 973//2491 588//2491
f 700//2492 1100//2492 863//2492
f 701//2493 864//2493 1099//2493
f 848//2494 855//2494 831//2494
f 848//2495 856//2495 831//2495
f 855//2496 888//2496 848//2496
f 856//2497 889//2497 848//2497
f 1074//2498 881//2498 744//2498
f 1075//2499 882//2499 745//2499
f 997//2500 848//2500 888//2500
f 997//2501 848//2501 889//2501
f 931//2502 765//2502 1248//2502
f 766//2503 932//2503 1249//2503
f 904//2504 991//2504 926//2504
f 905//2505 927//2505 992//2505
f 910//2506 900//2506 1017//2506
f 911//549 901//549 1018//549
f 976//2507 1068//2507 841//2507
f 977//2508 842//2508 1069//2508
f 998//2509 959//2509 1020//2509
f 999//2510 1021//2510 960//2510
f 1125//2511 1111//2511 808//2511
f 1263//2512 1236//2512 727//2512
f 1264//2513 1237//2513 728//2513
f 1107//2514 896//2514 1068//2514
f 1108//2515 897//2515 1069//2515
f 877//2516 1423//2516 825//2516
f 1089//2517 1153//2517 939//2517
f 1090//2518 1154//2518 940//2518
f 1022//2519 1155//2519 1060//2519
f 1023//2520 1156//2520 1061//2520
f 877//2521 935//2521 1423//2521
f 1118//2522 1031//2522 1120//2522
f 1119//2523 1032//2523 1121//2523
f 962//2524 1134//2524 1241//2524
f 1129//2525 1012//2525 1208//2525
f 1130//2526 1209//2526 1013//2526
f 1007//2527 1423//2527 935//2527
f 947//2528 1278//2528 1240//2528
f 948//2529 1279//2529 1241//2529
f 1362//2530 1312//2530 829//2530
f 1050//2531 1157//2531 1341//2531
f 1051//2532 1158//2532 1342//2532
f 1230//2533 1131//2533 1224//2533
f 1132//2534 1231//2534 1225//2534
f 1425//2535 931//2535 1248//2535
f 1042//2536 1038//2536 1571//2536
f 1039//2537 1043//2537 1572//2537
f 1042//2538 1056//2538 1571//2538
f 1043//2539 1057//2539 1572//2539
f 1038//2540 1097//2540 1571//2540
f 1039//2541 1098//2541 1572//2541
f 1284//2542 1517//2542 978//2542
f 1283//2543 1516//2543 979//2543
f 1228//833 1320//833 1285//833
f 1229//1235 1321//1235 1286//1235
f 1432//2544 1241//2544 1134//2544
f 1129//2545 1091//2545 1571//2545
f 1130//2546 1092//2546 1572//2546
f 1222//2547 1407//2547 1220//2547
f 1223//2548 1408//2548 1221//2548
f 1224//2549 1220//2549 1407//2549
f 1225//2550 1408//2550 1221//2550
f 1230//2551 1246//2551 1374//2551
f 1231//2552 1247//2552 1375//2552
f 1375//2553 1225//2553 1408//2553
f 1320//833 1228//833 1388//833
f 1321//833 1389//833 1229//833
f 1097//2554 1261//2554 1571//2554
f 1262//2555 1572//2555 1098//2555
f 1304//2556 1530//2556 1144//2556
f 1337//2557 1530//2557 1144//2557
f 1483//2558 1374//2558 1246//2558
f 1484//2559 1375//2559 1247//2559
f 1483//2560 1246//2560 1749//2560
f 1484//2561 1247//2561 1750//2561
f 1456//2562 1468//2562 1523//2562
f 1457//2563 1469//2563 1524//2563
f 1548//2564 1472//2564 1468//2564
f 1549//2565 1473//2565 1469//2565
f 1553//2566 1474//2566 1470//2566
f 1554//2567 1475//2567 1471//2567
f 1544//2568 1468//2568 1597//2568
f 1542//2569 1557//2569 1506//2569
f 1543//2570 1558//2570 1507//2570
f 1506//2571 1557//2571 1565//2571
f 1507//2572 1558//2572 1566//2572
f 1565//2573 1557//2573 1589//2573
f 1558//2574 1590//2574 1566//2574
f 1597//2575 1655//2575 1523//2575
f 1656//2576 1598//2576 1524//2576
f 1170//2577 1907//2577 1873//2577
f 1908//2578 1171//2578 1874//2578
f 1655//2579 1743//2579 1546//2579
f 1656//2580 1547//2580 1744//2580
f 1746//2581 1549//2581 1744//2581
f 1742//2582 1944//2582 1330//2582
f 1530//2583 1806//2583 1735//2583
f 1531//2584 1736//2584 1807//2584
f 1164//2585 2341//2585 1587//2585
f 1165//2586 1588//2586 2342//2586
f 1779//2587 1733//2587 1579//2587
f 1733//2588 1802//2588 1579//2588
f 1734//2589 1803//2589 1580//2589
f 1685//2590 1689//2590 1769//2590
f 1686//2591 1690//2591 1770//2591
f 1858//2592 2059//2592 1330//2592
f 2011//2593 1854//2593 1363//2593
f 1731//2594 1781//2594 1719//2594
f 1732//2595 1782//2595 1784//2595
f 1749//2596 1733//2596 1779//2596
f 1750//2597 1734//2597 1780//2597
f 2380//2598 1680//2598 1218//2598
f 2381//2599 1681//2599 1219//2599
f 1893//2600 1802//2600 1579//2600
f 1894//2601 1803//2601 1580//2601
f 1944//2602 2109//2602 1330//2602
f 1571//2603 1661//2603 2132//2603
f 1662//2604 1572//2604 2133//2604
f 1783//2605 1785//2605 1832//2605
f 1784//2606 1786//2606 1833//2606
f 1949//2607 1789//2607 1571//2607
f 1498//2608 1826//2608 2038//2608
f 1499//2609 1827//2609 2039//2609
f 1816//2610 1747//2610 1847//2610
f 1817//2611 1748//2611 1848//2611
f 1812//2612 1851//2612 1761//2612
f 1813//2613 1852//2613 1762//2613
f 1726//2614 1724//2614 1995//2614
f 1727//2615 1725//2615 1996//2615
f 1747//2616 1847//2616 1849//2616
f 1748//2617 1848//2617 1850//2617
f 1770//2618 1844//2618 1846//2618
f 1699//2619 2151//2619 1709//2619
f 1700//2620 1710//2620 2152//2620
f 1869//2621 1761//2621 1851//2621
f 1870//2622 1762//2622 1852//2622
f 1807//2623 1758//2623 1962//2623
f 1743//2624 1932//2624 1849//2624
f 1744//2625 1850//2625 1933//2625
f 2086//2626 1893//2626 1579//2626
f 1894//2627 2087//2627 1580//2627
f 1953//2628 1745//2628 1859//2628
f 1954//2629 1860//2629 1746//2629
f 2041//2630 2056//2630 1637//2630
f 1996//2631 2135//2631 1725//2631
f 1881//2632 1889//2632 1965//2632
f 1882//2633 1890//2633 1966//2633
f 1914//2634 1841//2634 2060//2634
f 1915//2635 1842//2635 2061//2635
f 2176//2636 1647//2636 2103//2636
f 2177//2637 1648//2637 2104//2637
f 2152//2638 2101//2638 1700//2638
f 2139//2639 1961//2639 1806//2639
f 2140//2640 1807//2640 1962//2640
f 1877//2641 1928//2641 2044//2641
f 1929//2642 1878//2642 2045//2642
f 2223//2643 2159//2643 1572//2643
f 1917//2644 1910//2644 2036//2644
f 1918//2645 1911//2645 2037//2645
f 2020//2646 2022//2646 1924//2646
f 2021//2647 2023//2647 1925//2647
f 2032//2648 2022//2648 1924//2648
f 2023//2649 2033//2649 1925//2649
f 1955//833 2193//833 1883//833
f 1956//1235 2194//1235 1884//1235
f 1953//2650 2078//2650 2062//2650
f 1954//2651 2079//2651 2063//2651
f 2107//2652 2022//2652 2020//2652
f 2108//2653 2021//2653 2023//2653
f 2088//2654 1965//2654 2110//2654
f 2089//2655 1966//2655 2111//2655
f 2032//2656 2022//2656 2107//2656
f 2033//2657 2023//2657 2108//2657
f 2063//2658 2027//2658 2079//2658
f 1864//2659 2236//2659 2009//2659
f 1818//2660 2156//2660 2229//2660
f 1819//2661 2157//2661 2230//2661
f 1808//2662 2203//2662 2207//2662
f 1809//2663 2204//2663 2208//2663
f 2260//2664 1571//2664 2275//2664
f 2105//2665 2036//2665 2112//2665
f 2106//2666 2037//2666 2113//2666
f 2181//2667 2090//2667 1971//2667
f 2182//2668 2091//2668 1972//2668
f 2295//2669 1577//2669 2264//2669
f 2296//2670 2265//2670 1578//2670
f 2160//2671 2118//2671 2092//2671
f 2161//2672 2119//2672 2093//2672
f 2213//1235 2178//1235 2046//1235
f 2214//1235 2047//1235 2179//1235
f 2094//2673 2164//2673 2219//2673
f 2165//2674 2095//2674 2220//2674
f 2087//2675 2361//2675 1894//2675
f 1999//2676 2224//2676 2221//2676
f 2173//2677 1894//2677 2361//2677
f 2244//2678 2255//2678 2050//2678
f 2245//2679 2051//2679 2256//2679
f 2316//2680 2072//2680 2176//2680
f 2317//2681 2073//2681 2177//2681
f 2203//2682 2360//2682 2086//2682
f 2361//2683 2204//2683 2087//2683
f 2209//2684 2273//2684 2227//2684
f 2210//2685 2274//2685 2228//2685
f 2103//2686 2423//2686 2176//2686
f 2177//2687 2104//2687 2424//2687
f 2234//2688 2301//2688 2254//2688
f 2253//2689 2235//2689 2302//2689
f 2305//2690 2219//2690 2282//2690
f 2306//2691 2220//2691 2283//2691
f 1751//2692 2411//2692 2486//2692
f 2175//2693 2330//2693 2347//2693
f 2172//2694 2321//2694 2360//2694
f 2322//2695 2173//2695 2361//2695
f 2305//2696 2273//2696 2282//2696
f 2306//2697 2274//2697 2283//2697
f 2279//2698 2255//2698 2339//2698
f 2280//2699 2256//2699 2340//2699
f 2224//2700 2436//2700 2221//2700
f 2259//2701 2310//2701 2315//2701
f 2419//2702 2307//2702 2299//2702
f 2420//2703 2308//2703 2300//2703
f 2350//2704 2299//2704 2419//2704
f 2351//2705 2420//2705 2300//2705
f 2321//2706 2303//2706 2456//2706
f 2322//2707 2304//2707 2457//2707
f 2360//2708 2203//2708 2565//2708
f 2361//2709 2204//2709 2566//2709
f 2195//2710 2412//2710 2532//2710
f 2413//2711 2423//2711 2335//2711
f 2424//2712 2414//2712 2336//2712
f 2389//2713 2376//2713 2417//2713
f 2390//2714 2418//2714 2377//2714
f 2407//2715 2502//2715 2249//2715
f 2408//2716 2250//2716 2503//2716
f 2434//2717 2358//2717 2437//2717
f 2435//2718 2359//2718 2438//2718
f 2289//2719 2494//2719 2430//2719
f 2431//2720 2495//2720 2290//2720
f 2415//2721 2407//2721 2441//2721
f 2416//2722 2442//2722 2408//2722
f 2436//2723 2597//2723 2221//2723
f 2481//2724 2413//2724 2423//2724
f 2502//2725 2415//2725 2407//2725
f 2503//2726 2416//2726 2408//2726
f 2630//2727 2455//2727 2195//2727
f 2421//2728 2231//2728 2649//2728
f 2584//2729 2322//2729 2457//2729
f 2532//2730 2630//2730 2195//2730
f 2522//2731 2406//2731 2476//2731
f 2460//2732 2515//2732 2453//2732
f 2516//2733 2461//2733 2454//2733
f 2406//2734 2534//2734 2501//2734
f 2531//2735 2517//2735 2405//2735
f 2534//2736 2406//2736 2522//2736
f 2506//2737 2554//2737 2463//2737
f 2507//2738 2555//2738 2462//2738
f 2535//2739 2728//2739 2221//2739
f 2617//2740 2430//2740 2494//2740
f 2618//2741 2431//2741 2495//2741
f 2487//2742 2490//2742 2574//2742
f 2491//2743 2488//2743 2575//2743
f 2515//2744 2485//2744 2533//2744
f 2516//2745 2486//2745 2533//2745
f 2573//2746 2554//2746 2463//2746
f 2572//2747 2555//2747 2462//2747
f 2533//2748 2485//2748 2553//2748
f 2533//2749 2553//2749 2486//2749
f 2523//2750 2421//2750 2632//2750
f 2422//2751 2524//2751 2633//2751
f 2643//2752 2232//2752 2650//2752
f 2511//2753 2577//2753 2498//2753
f 2561//2754 2612//2754 2441//2754
f 2613//2755 2562//2755 2442//2755
f 2576//2756 2510//2756 2529//2756
f 2511//2757 2530//2757 2577//2757
f 2529//2758 2593//2758 2527//2758
f 2530//2759 2528//2759 2594//2759
f 2490//2760 2581//2760 2574//2760
f 2582//2761 2491//2761 2575//2761
f 2502//2762 2561//2762 2604//2762
f 2562//2763 2503//2763 2605//2763
f 2593//2764 2576//2764 2529//2764
f 2594//2765 2530//2765 2577//2765
f 2421//2766 2632//2766 2661//2766
f 2422//2767 2633//2767 2662//2767
f 2614//2768 2586//2768 2553//2768
f 2704//2769 2421//2769 2661//2769
f 2705//2770 2662//2770 2422//2770
f 2666//2771 2561//2771 2604//2771
f 2605//2772 2667//2772 2562//2772
f 2574//2773 2635//2773 2646//2773
f 2575//2774 2636//2774 2647//2774
f 2646//2775 2657//2775 2574//2775
f 2221//2776 2761//2776 2749//2776
f 2632//2777 2722//2777 2523//2777
f 2664//2778 2582//2778 2658//2778
f 2623//2779 2684//2779 2600//2779
f 2624//2780 2685//2780 2601//2780
f 2646//2781 2635//2781 2654//2781
f 2647//2782 2655//2782 2658//2782
f 2684//2783 2623//2783 2651//2783
f 2685//2784 2624//2784 2652//2784
f 2655//2785 2681//2785 2687//2785
f 2642//2678 2719//2678 2688//2678
f 2720//2679 2643//2679 2689//2679
f 2708//2786 2657//2786 2663//2786
f 2671//2787 2708//2787 2654//2787
f 2671//2788 2655//2788 2709//2788
f 2632//2789 2735//2789 2661//2789
f 2633//2790 2736//2790 2662//2790
f 2708//2791 2679//2791 2671//2791
f 2679//2792 2709//2792 2671//2792
f 2722//2793 2730//2793 2632//2793
f 2723//2794 2731//2794 2633//2794
f 2688//2795 2704//2795 2719//2795
f 2689//2796 2705//2796 2720//2796
f 2666//2797 2735//2797 2702//2797
f 2667//2798 2736//2798 2703//2798
f 2735//2799 2730//2799 2632//2799
f 2736//2800 2731//2800 2633//2800
f 2692//2801 2742//2801 2757//2801
f 2683//2802 2729//2802 2805//2802
f 2787//2803 2763//2803 2752//2803
f 2788//2804 2752//2804 2764//2804
f 2752//2805 2787//2805 2810//2805
f 2752//2806 2788//2806 2811//2806
f 2781//2807 2795//2807 2816//2807
f 2782//2808 2796//2808 2816//2808
f 2795//2809 2816//2809 2807//2809
f 2796//2810 2808//2810 2816//2810
f 2825//2811 2834//2811 2784//2811
f 2826//2812 2785//2812 2834//2812
f 2822//2813 2816//2813 2807//2813
f 2823//2814 2808//2814 2816//2814
f 2839//2815 2825//2815 2804//2815
f 2839//2816 2826//2816 2804//2816
f 2834//2817 2825//2817 2839//2817
f 2834//2818 2826//2818 2839//2818
f 2835//2819 2845//2819 2841//2819
f 2844//2820 2859//2820 2850//2820
f 2845//2821 2835//2821 2869//2821
f 2864//2822 2871//2822 2856//2822
f 2876//2823 2891//2823 2882//2823
f 2891//2824 2876//2824 2885//2824
f 2882//2825 2884//2825 2891//2825
f 2885//2826 2884//2826 2891//2826
f 2892//2827 2895//2827 2889//2827
f 2895//2828 2889//2828 2893//2828
f 2895//2829 2892//2829 2894//2829
f 2894//2830 2895//2830 2893//2830
f 44//2831 74//2831 48//2831
f 214//2832 237//2832 170//2832
f 225//2833 151//2833 259//2833
f 260//2834 150//2834 216//2834
f 228//2835 230//2835 327//2835
f 230//2836 258//2836 327//2836
f 245//2837 251//2837 364//2837
f 260//2838 384//2838 423//2838
f 341//2839 389//2839 426//2839
f 603//2840 650//2840 496//2840
f 585//2841 576//2841 703//2841
f 595//2842 618//2842 639//2842
f 596//2843 619//2843 640//2843
f 622//2844 670//2844 668//2844
f 679//2845 703//2845 585//2845
f 624//2846 641//2846 674//2846
f 718//2847 703//2847 585//2847
f 720//2848 686//2848 614//2848
f 721//2849 687//2849 615//2849
f 720//2850 686//2850 712//2850
f 650//2851 603//2851 930//2851
f 670//2852 639//2852 869//2852
f 840//2853 930//2853 603//2853
f 754//2854 746//2854 881//2854
f 747//2855 755//2855 882//2855
f 866//2856 943//2856 797//2856
f 898//2857 924//2857 928//2857
f 899//2858 925//2858 929//2858
f 793//2859 948//2859 1279//2859
f 877//2860 826//2860 1424//2860
f 1044//2861 1208//2861 1012//2861
f 1045//2862 1013//2862 1209//2862
f 1426//2863 932//2863 1249//2863
f 1374//2864 1224//2864 1407//2864
f 1208//2865 1129//2865 1571//2865
f 1209//2866 1130//2866 1572//2866
f 1261//2867 1571//2867 1465//2867
f 1262//2868 1572//2868 1466//2868
f 1545//2869 1469//2869 1598//2869
f 1529//2870 1440//2870 1772//2870
f 1789//2871 1465//2871 1571//2871
f 1790//2872 1572//2872 1466//2872
f 1330//2873 1742//2873 1858//2873
f 1745//2874 1548//2874 1743//2874
f 1950//2875 1790//2875 1572//2875
f 2013//2876 1664//2876 1751//2876
f 1851//2877 1869//2877 1812//2877
f 1852//2878 1870//2878 1813//2878
f 1806//2879 1961//2879 1757//2879
f 2040//2880 2055//2880 1636//2880
f 1969//2881 2078//2881 1726//2881
f 1970//2882 2079//2882 1727//2882
f 2151//2883 2100//2883 1699//2883
f 2222//2884 1571//2884 2158//2884
f 2156//2885 1826//2885 2038//2885
f 2157//2886 1827//2886 2011//2886
f 2222//2887 2260//2887 1571//2887
f 2223//2888 2261//2888 1572//2888
f 2084//2889 1951//2889 2062//2889
f 2085//2890 1952//2890 2063//2890
f 2012//2891 1751//2891 2297//2891
f 2013//2892 1751//2892 2298//2892
f 2313//2893 1572//2893 2351//2893
f 2086//2894 1893//2894 2360//2894
f 2172//2895 1893//2895 2360//2895
f 2410//2896 1751//2896 2297//2896
f 1751//2897 2298//2897 2411//2897
f 1751//2898 2410//2898 2485//2898
f 2258//2899 2309//2899 2314//2899
f 2533//2900 2485//2900 1751//2900
f 2195//2901 2412//2901 2455//2901
f 2482//2902 2414//2902 2424//2902
f 2232//2903 2422//2903 2650//2903
f 2583//2904 2321//2904 2456//2904
f 2442//2905 2562//2905 2416//2905
f 2503//2906 2416//2906 2562//2906
f 2649//2907 2642//2907 2231//2907
f 2528//2908 2594//2908 2577//2908
f 2586//2909 2615//2909 2553//2909
f 2649//2910 2688//2910 2421//2910
f 2650//2911 2689//2911 2422//2911
f 2598//2912 2623//2912 2651//2912
f 2599//2913 2624//2913 2652//2913
f 2633//2914 2723//2914 2524//2914
f 2563//2915 2311//2915 2797//2915
f 2564//2916 2311//2916 2797//2916
f 2687//2917 2681//2917 2635//2917
f 2798//2918 2780//2918 2827//2918
f 2802//2919 2861//2919 2821//2919
f 1//2920 5//2920 10//2920
f 227//2921 328//2921 229//2921
f 257//2922 328//2922 229//2922
f 257//2923 274//2923 328//2923
f 650//2924 549//2924 496//2924
f 548//2925 564//2925 538//2925
f 567//2926 583//2926 620//2926
f 623//2927 671//2927 669//2927
f 697//2928 665//2928 600//2928 640//2928
f 587//2929 598//2929 600//2929 669//2929
f 625//2930 675//2930 642//2930
f 794//2931 947//2931 1278//2931
f 1489//2932 1149//2932 684//2932
f 936//2933 877//2933 1424//2933
f 1008//2934 1424//2934 936//2934
f 1313//2935 1363//2935 830//2935
f 1433//2936 1068//2936 1155//2936
f 1434//2937 1069//2937 1156//2937
f 1057//2938 1572//2938 1081//2938
f 1092//2939 1572//2939 1081//2939
f 1476//2940 1397//2940 1669//2940
f 1780//2941 1734//2941 1580//2941
f 2109//2942 2059//2942 1330//2942
f 1663//2943 2012//2943 1751//2943
f 2158//2944 1571//2944 1949//2944
f 1677//2945 1998//2945 1968//2945
f 2264//2946 1879//2946 1577//2946
f 2265//2947 1880//2947 1578//2947
f 1995//2948 2134//2948 1726//2948
f 1577//2949 2295//2949 1879//2949
f 1578//2950 2296//2950 1880//2950
f 1571//2951 2275//2951 2312//2951
f 2276//2952 1572//2952 2313//2952
f 1975//2953 2335//2953 1877//2953
f 1976//2954 2336//2954 1878//2954
f 2486//2955 2533//2955 1751//2955
f 2425//2956 2502//2956 2249//2956
f 2426//2957 2503//2957 2250//2957
f 2502//2958 2415//2958 2561//2958
f 2470//2959 2553//2959 2454//2959
f 2497//2960 2568//2960 2456//2960
f 2498//2961 2569//2961 2457//2961
f 2678//2962 2311//2962 2563//2962
f 2678//2963 2311//2963 2564//2963
f 2487//2964 2477//2964 2635//2964
f 2527//2965 2593//2965 2576//2965
f 2583//2272 2456//2272 2669//2272
f 2584//2966 2457//2966 2670//2966
f 2677//2967 2637//2967 2713//2967
f 2680//2968 2713//2968 2638//2968
f 2564//2969 2678//2969 2857//2969
f 2830//2970 2819//2970 2821//2970
f 2844//2971 2859//2971 2819//2971
f 258//2972 275//2972 327//2972
f 664//2973 599//2973 639//2973 696//2973
f 669//2974 619//2974 596//2974 600//2974
f 1490//2975 1150//2975 685//2975
f 1240//2976 1160//2976 1236//2976
f 1056//2977 1080//2977 1571//2977
f 1091//2978 1080//2978 1571//2978
f 1362//2979 1853//2979 829//2979
f 1398//2980 1477//2980 1669//2980
f 1859//2981 1724//2981 1953//2981
f 1746//2982 1860//2982 1727//2982
f 2749//2983 2221//2983 2728//2983
f 2563//2984 2678//2984 2857//2984
f 2563//2985 2797//2985 2857//2985
f 2564//2986 2857//2986 2797//2986
f 2469//2987 2553//2987 2453//2987
f 2612//2988 2642//2988 2421//2988
f 183//2989 326//2989 154//2989
f 456//2990 579//2990 460//2990
f 580//2991 457//2991 461//2991
f 1643//2992 1276//2992 1318//2992
f 1644//2993 1576//2993 1130//2993
f 2643//2994 2613//2994 2422//2994
f 2735//2995 2642//2995 2612//2995 2702//2995
f 2612//2996 2231//2996 2642//2996
f 2736//2997 2643//2997 2720//2997
f 2731//2998 2707//2998 2584//2998 2670//2998
f 2730//2999 2669//2999 2583//2999 2706//2999
f 2689//3000 2422//3000 2705//3000
f 2650//3001 2643//3001 2689//3001
f 2649//3002 2642//3002 2688//3002
f 1524//3003 1598//3003 1469//3003
f 2027//3004 2063//3004 1952//3004
f 2078//3005 2062//3005 2026//3005
f 1523//3006 1468//3006 1597//3006
f 1771//3007 1787//3007 1439//3007 1528//3007
l 897 1061
l 2580 2736
l 2454 2643
