# Blender 4.5.2 LTS
# www.blender.org
o reconstructed_pred
v 0.224063 -0.054279 -0.247328
v 0.224063 -0.002326 -0.238050
v 0.224063 0.014374 -0.232484
v 0.224063 0.040350 -0.225062
v 0.199942 0.014374 -0.221351
v 0.246328 0.014374 -0.221351
v 0.186953 -0.017169 -0.213929
v 0.259317 -0.017169 -0.213929
v 0.181387 0.040350 -0.204652
v 0.264883 0.040350 -0.204652
v 0.224063 0.151678 -0.195375
v -0.134043 0.526483 -0.191664
v 0.580313 0.526483 -0.191664
v 0.224063 0.097870 -0.189808
v 0.027383 0.572870 -0.189808
v 0.418887 0.572870 -0.189808
v 0.194375 0.090448 -0.187953
v 0.251895 0.090448 -0.187953
v 0.071914 0.587713 -0.187953
v 0.374356 0.587713 -0.187953
v 0.118301 0.617401 -0.184242
v 0.327969 0.617401 -0.184242
v 0.159121 0.029217 -0.184242
v 0.287149 0.029217 -0.184242
v 0.142422 0.648944 -0.182386
v 0.303848 0.648944 -0.182386
v -0.134043 0.511639 -0.182386
v 0.580313 0.511639 -0.182386
v 0.006973 0.619256 -0.180531
v 0.439297 0.619256 -0.180531
v 0.147989 0.674920 -0.180531
v 0.298281 0.674920 -0.180531
v 0.018106 0.559881 -0.178675
v 0.428164 0.559881 -0.178675
v 0.097891 0.673065 -0.176820
v 0.348379 0.673065 -0.176820
v -0.035703 0.647088 -0.174964
v 0.481973 0.647088 -0.174964
v -0.091367 0.545038 -0.174964
v 0.537637 0.545038 -0.174964
v 0.073770 0.576581 -0.173109
v 0.372500 0.576581 -0.173109
v -0.197129 0.548749 -0.173109
v 0.643399 0.548749 -0.173109
v -0.000449 0.606268 -0.171254
v 0.446719 0.606268 -0.171254
v 0.051504 0.686053 -0.171254
v 0.394766 0.686053 -0.171254
v 0.123867 0.613690 -0.169398
v 0.322403 0.613690 -0.169398
v -0.148886 0.563592 -0.167543
v 0.595156 0.563592 -0.167543
v -0.022715 0.554315 -0.167543
v 0.468985 0.554315 -0.167543
v -0.041269 0.635956 -0.165687
v 0.487539 0.635956 -0.165687
v 0.045938 0.550604 -0.165687
v 0.400332 0.550604 -0.165687
v 0.070059 0.569159 -0.165687
v 0.376211 0.569159 -0.165687
v 0.147989 0.648944 -0.165687
v 0.298281 0.648944 -0.165687
v -0.091367 0.656366 -0.165687
v 0.537637 0.656366 -0.165687
v -0.197129 0.530194 -0.163832
v 0.643399 0.530194 -0.163832
v -0.089512 0.532049 -0.163832
v 0.535781 0.532049 -0.163832
v 0.181387 0.090448 -0.163832
v 0.264883 0.090448 -0.163832
v 0.155410 0.682342 -0.161976
v 0.290860 0.682342 -0.161976
v 0.008828 0.715741 -0.161976
v 0.437442 0.715741 -0.161976
v 0.103457 0.615545 -0.161976
v 0.342813 0.615545 -0.161976
v 0.224063 0.598846 -0.161976
v 0.010684 0.652655 -0.161976
v 0.435586 0.652655 -0.161976
v 0.101602 0.678631 -0.160121
v 0.344668 0.678631 -0.160121
v -0.067246 0.582147 -0.160121
v 0.513516 0.582147 -0.160121
v 0.116446 0.609979 -0.158265
v 0.329824 0.609979 -0.158265
v 0.077481 0.558026 -0.158265
v 0.368789 0.558026 -0.158265
v -0.093222 0.645233 -0.156410
v 0.539492 0.645233 -0.156410
v 0.053360 0.687909 -0.156410
v 0.392910 0.687909 -0.156410
v 0.042227 0.604413 -0.154554
v 0.404043 0.604413 -0.154554
v 0.185098 0.181366 -0.154554
v 0.261172 0.181366 -0.154554
v -0.024570 0.541327 -0.154554
v 0.470840 0.541327 -0.154554
v 0.044082 0.535760 -0.154554
v 0.402188 0.535760 -0.154554
v -0.043125 0.628534 -0.152699
v 0.489395 0.628534 -0.152699
v 0.224063 0.528338 -0.152699
v 0.224063 0.294549 -0.150843
v 0.224063 0.160956 -0.150843
v 0.114590 0.658221 -0.148988
v 0.331680 0.658221 -0.148988
v 0.090469 0.622967 -0.148988
v 0.355801 0.622967 -0.148988
v -0.182285 0.582147 -0.147132
v 0.628555 0.582147 -0.147132
v 0.129434 0.658221 -0.147132
v 0.316836 0.658221 -0.147132
v 0.012539 0.715741 -0.145277
v 0.433731 0.715741 -0.145277
v 0.038516 -0.455060 -0.143421
v 0.407754 -0.455060 -0.143421
v 0.127578 0.598846 -0.141566
v 0.318692 0.598846 -0.141566
v 0.049649 -0.384552 -0.139711
v 0.396621 -0.384552 -0.139711
v 0.224063 0.318670 -0.139711
v 0.224063 0.671210 -0.139711
v 0.157266 0.240741 -0.139711
v 0.289004 0.240741 -0.139711
v 0.029239 -0.521857 -0.137855
v 0.417031 -0.521857 -0.137855
v 0.194375 0.500506 -0.137855
v 0.251895 0.500506 -0.137855
v 0.224063 0.519061 -0.137855
v 0.029239 -0.514435 -0.137855
v 0.417031 -0.514435 -0.137855
v 0.129434 0.528338 -0.137855
v 0.316836 0.528338 -0.137855
v -0.087656 0.726874 -0.136000
v 0.533926 0.726874 -0.136000
v 0.207363 0.316815 -0.136000
v 0.238907 0.316815 -0.136000
v 0.125723 0.162811 -0.134144
v 0.320547 0.162811 -0.134144
v -0.104355 0.650799 -0.134144
v 0.550625 0.650799 -0.134144
v 0.144278 0.147967 -0.134144
v 0.301992 0.147967 -0.134144
v 0.116446 0.040350 -0.134144
v 0.329824 0.040350 -0.134144
v 0.224063 0.858612 -0.134144
v 0.192520 0.298260 -0.132289
v 0.253750 0.298260 -0.132289
v 0.162832 0.483807 -0.132289
v 0.283438 0.483807 -0.132289
v 0.160977 0.151678 -0.132289
v 0.285293 0.151678 -0.132289
v -0.182285 0.383612 -0.132289
v 0.628555 0.383612 -0.132289
v 0.151699 0.134979 -0.132289
v 0.294571 0.134979 -0.132289
v 0.168399 0.181366 -0.130433
v 0.277871 0.181366 -0.130433
v 0.224063 0.767694 -0.130433
v -0.106211 0.715741 -0.130433
v -0.163730 0.353924 -0.130433
v 0.610000 0.353924 -0.130433
v 0.558047 0.721307 -0.130433
v -0.250937 0.565448 -0.130433
v 0.697207 0.565448 -0.130433
v -0.145176 0.686053 -0.128578
v 0.591446 0.686053 -0.128578
v -0.050547 0.765838 -0.128578
v 0.496817 0.765838 -0.128578
v 0.096035 0.185077 -0.128578
v 0.350235 0.185077 -0.128578
v 0.055215 0.665643 -0.128578
v 0.391055 0.665643 -0.128578
v 0.086758 0.134979 -0.126722
v 0.359512 0.134979 -0.126722
v -0.243515 0.543182 -0.126722
v 0.689785 0.543182 -0.126722
v -0.061679 0.595135 -0.126722
v 0.507949 0.595135 -0.126722
v 0.196231 0.496795 -0.126722
v 0.250039 0.496795 -0.126722
v 0.073770 -0.241681 -0.126722
v 0.372500 -0.241681 -0.126722
v -0.074668 0.461541 -0.124867
v 0.520938 0.461541 -0.124867
v -0.020859 0.786249 -0.124867
v 0.467129 0.786249 -0.124867
v 0.170254 0.287127 -0.124867
v 0.276016 0.287127 -0.124867
v 0.118301 0.049627 -0.124867
v 0.327969 0.049627 -0.124867
v 0.224063 0.767694 -0.123011
v 0.097891 0.175799 -0.123011
v 0.348379 0.175799 -0.123011
v -0.150742 0.687909 -0.123011
v 0.224063 0.327948 -0.123011
v 0.146133 0.231463 -0.121156
v 0.300137 0.231463 -0.121156
v -0.182285 0.635956 -0.121156
v 0.628555 0.635956 -0.121156
v 0.083047 0.103436 -0.121156
v 0.363223 0.103436 -0.121156
v 0.595156 0.686053 -0.121156
v 0.109024 0.222186 -0.121156
v 0.337246 0.222186 -0.121156
v 0.138711 0.224042 -0.121156
v 0.307559 0.224042 -0.121156
v -0.152597 0.758416 -0.121156
v 0.598867 0.758416 -0.121156
v 0.086758 0.083026 -0.121156
v 0.359512 0.083026 -0.121156
v 0.135000 0.153534 -0.119300
v 0.311270 0.153534 -0.119300
v 0.164688 0.478241 -0.119300
v 0.281582 0.478241 -0.119300
v 0.027383 -0.531134 -0.119300
v 0.418887 -0.531134 -0.119300
v 0.135000 0.674920 -0.117445
v 0.311270 0.674920 -0.117445
v -0.197129 0.810370 -0.117445
v 0.643399 0.810370 -0.117445
v -0.178574 0.726874 -0.117445
v 0.624844 0.726874 -0.117445
v -0.174863 0.337225 -0.117445
v 0.621133 0.337225 -0.117445
v -0.174863 0.626678 -0.117445
v 0.621133 0.626678 -0.117445
v -0.217539 0.791815 -0.117445
v 0.663809 0.791815 -0.117445
v 0.107168 -0.022736 -0.117445
v 0.339102 -0.022736 -0.117445
v 0.110879 0.478241 -0.117445
v 0.335391 0.478241 -0.117445
v 0.114590 0.235174 -0.117445
v 0.331680 0.235174 -0.117445
v 0.071914 0.027362 -0.117445
v 0.374356 0.027362 -0.117445
v 0.146133 0.227752 -0.115589
v 0.300137 0.227752 -0.115589
v 0.012539 -0.764923 -0.115589
v 0.433731 -0.764923 -0.115589
v 0.199942 0.324237 -0.115589
v 0.246328 0.324237 -0.115589
v -0.124765 0.389178 -0.115589
v 0.571035 0.389178 -0.115589
v -0.221250 0.849334 -0.115589
v -0.187851 0.418866 -0.115589
v 0.634121 0.418866 -0.115589
v 0.088614 -0.462482 -0.115589
v 0.357656 -0.462482 -0.115589
v -0.143320 0.424432 -0.113734
v 0.589590 0.424432 -0.113734
v 0.122012 0.064471 -0.113734
v 0.324258 0.064471 -0.113734
v 0.109024 0.684198 -0.113734
v 0.337246 0.684198 -0.113734
v -0.015293 0.706463 -0.113734
v 0.461563 0.706463 -0.113734
v 0.224063 0.678631 -0.113734
v -0.017148 0.778827 -0.113734
v 0.463418 0.778827 -0.113734
v -0.197129 0.595135 -0.113734
v 0.643399 0.595135 -0.113734
v 0.092324 0.086737 -0.113734
v 0.353946 0.086737 -0.113734
v 0.120156 0.272284 -0.113734
v 0.326114 0.272284 -0.113734
v 0.186953 0.303827 -0.111879
v 0.259317 0.303827 -0.111879
v 0.034805 0.595135 -0.111879
v 0.411465 0.595135 -0.111879
v 0.021817 -0.583087 -0.111879
v 0.424453 -0.583087 -0.111879
v -0.171152 0.394745 -0.111879
v 0.617422 0.394745 -0.111879
v 0.149844 0.224042 -0.111879
v 0.296426 0.224042 -0.111879
v 0.060781 -0.317755 -0.111879
v 0.385488 -0.317755 -0.111879
v -0.011582 -0.447638 -0.111879
v 0.457852 -0.447638 -0.111879
v -0.070957 0.465252 -0.111879
v 0.517227 0.465252 -0.111879
v -0.206406 0.394745 -0.110023
v 0.652676 0.394745 -0.110023
v 0.099746 -0.391974 -0.110023
v 0.346524 -0.391974 -0.110023
v 0.224063 0.713885 -0.110023
v 0.014395 -0.828009 -0.110023
v 0.431875 -0.828009 -0.110023
v 0.014395 -0.685138 -0.110023
v 0.431875 -0.685138 -0.110023
v 0.122012 -0.256525 -0.110023
v 0.324258 -0.256525 -0.110023
v 0.109024 0.717596 -0.110023
v 0.337246 0.717596 -0.110023
v 0.546914 0.754706 -0.110023
v -0.150742 0.361346 -0.108168
v 0.597012 0.361346 -0.108168
v -0.093222 0.752850 -0.108168
v -0.028281 0.507928 -0.108168
v 0.474551 0.507928 -0.108168
v 0.081192 0.029217 -0.108168
v 0.365078 0.029217 -0.108168
v -0.224961 0.383612 -0.108168
v 0.671231 0.383612 -0.108168
v 0.123867 0.283416 -0.108168
v 0.322403 0.283416 -0.108168
v -0.230527 0.880877 -0.108168
v 0.676797 0.880877 -0.108168
v 0.012539 -0.772345 -0.108168
v 0.433731 -0.772345 -0.108168
v 0.107168 -0.013458 -0.106312
v 0.339102 -0.013458 -0.106312
v -0.000449 -0.378986 -0.106312
v 0.446719 -0.378986 -0.106312
v 0.016250 -0.239826 -0.106312
v 0.430020 -0.239826 -0.106312
v 0.224063 0.339081 -0.106312
v 0.112735 0.472674 -0.106312
v 0.333535 0.472674 -0.106312
v 0.045938 0.528338 -0.106312
v 0.400332 0.528338 -0.106312
v 0.224063 0.268573 -0.106312
v 0.120156 0.222186 -0.104457
v 0.326114 0.222186 -0.104457
v 0.157266 0.277850 -0.104457
v 0.289004 0.277850 -0.104457
v 0.224063 0.763983 -0.104457
v 0.185098 0.268573 -0.104457
v 0.261172 0.268573 -0.104457
v 0.014395 -0.757501 -0.104457
v 0.431875 -0.757501 -0.104457
v 0.066348 -0.289923 -0.104457
v 0.379922 -0.289923 -0.104457
v 0.068203 0.500506 -0.104457
v 0.378067 0.500506 -0.104457
v 0.122012 0.715741 -0.104457
v 0.324258 0.715741 -0.104457
v -0.215683 0.378045 -0.104457
v 0.661953 0.378045 -0.104457
v 0.077481 -0.219416 -0.104457
v 0.368789 -0.219416 -0.104457
v -0.224961 0.788104 -0.102601
v 0.671231 0.788104 -0.102601
v 0.031094 0.587713 -0.102601
v 0.415176 0.587713 -0.102601
v -0.202695 0.630389 -0.102601
v 0.648965 0.630389 -0.102601
v 0.155410 0.283416 -0.102601
v 0.290860 0.283416 -0.102601
v 0.224063 0.454120 -0.102601
v 0.016250 -0.648029 -0.102601
v 0.430020 -0.648029 -0.102601
v 0.014395 -0.683283 -0.102601
v 0.431875 -0.683283 -0.102601
v 0.162832 0.339081 -0.102601
v 0.283438 0.339081 -0.102601
v 0.164688 0.765838 -0.102601
v 0.281582 0.765838 -0.102601
v 0.116446 0.667499 -0.102601
v 0.329824 0.667499 -0.102601
v 0.159121 0.275995 -0.100746
v 0.287149 0.275995 -0.100746
v -0.033847 0.426288 -0.100746
v 0.480117 0.426288 -0.100746
v 0.224063 0.303827 -0.100746
v -0.193418 0.619256 -0.100746
v 0.639688 0.619256 -0.100746
v 0.164688 0.444842 -0.098890
v 0.281582 0.444842 -0.098890
v 0.155410 0.279706 -0.098890
v 0.290860 0.279706 -0.098890
v -0.108066 0.504217 -0.098890
v 0.554336 0.504217 -0.098890
v -0.263926 0.203631 -0.098890
v 0.710195 0.203631 -0.098890
v 0.376211 -0.085822 -0.098890
v 0.066348 -0.085822 -0.098890
v -0.193418 0.821502 -0.098890
v 0.639688 0.821502 -0.098890
v 0.365078 -0.108087 -0.098890
v 0.224063 0.344647 -0.098890
v 0.077481 0.160956 -0.097035
v 0.368789 0.160956 -0.097035
v 0.352090 -0.108087 -0.097035
v 0.164688 0.303827 -0.097035
v 0.281582 0.303827 -0.097035
v 0.016250 -0.705548 -0.097035
v 0.430020 -0.705548 -0.097035
v -0.006015 0.561737 -0.097035
v 0.452285 0.561737 -0.097035
v 0.224063 0.827069 -0.097035
v 0.361367 -0.109943 -0.097035
v 0.081192 -0.109943 -0.097035
v 0.365078 -0.078400 -0.095179
v 0.157266 0.279706 -0.095179
v 0.289004 0.279706 -0.095179
v -0.184140 0.446698 -0.095179
v 0.630410 0.446698 -0.095179
v 0.057071 -0.564533 -0.095179
v 0.389199 -0.564533 -0.095179
v 0.198086 0.116424 -0.095179
v 0.248184 0.116424 -0.095179
v 0.103457 -0.039435 -0.095179
v 0.342813 -0.039435 -0.095179
v -0.007871 -0.555255 -0.095179
v 0.454141 -0.555255 -0.095179
v -0.019004 -0.686994 -0.095179
v 0.465274 -0.686994 -0.095179
v -0.173008 0.665643 -0.095179
v 0.619278 0.665643 -0.095179
v 0.147989 0.303827 -0.095179
v 0.298281 0.303827 -0.095179
v 0.049649 0.524627 -0.095179
v 0.396621 0.524627 -0.095179
v 0.224063 0.795526 -0.095179
v -0.195273 0.719452 -0.095179
v 0.641543 0.719452 -0.095179
v -0.024570 0.511639 -0.093324
v 0.470840 0.511639 -0.093324
v 0.099746 -0.299201 -0.093324
v 0.346524 -0.299201 -0.093324
v 0.092324 -0.111798 -0.093324
v 0.353946 -0.111798 -0.093324
v 0.136856 0.303827 -0.093324
v 0.309414 0.303827 -0.093324
v 0.164688 0.344647 -0.093324
v 0.281582 0.344647 -0.093324
v 0.073770 -0.078400 -0.093324
v -0.174863 0.697186 -0.093324
v 0.621133 0.697186 -0.093324
v -0.126621 0.682342 -0.091468
v 0.572891 0.682342 -0.091468
v -0.050547 0.489374 -0.091468
v 0.496817 0.489374 -0.091468
v 0.070059 0.494940 -0.091468
v 0.376211 0.494940 -0.091468
v 0.368789 -0.128498 -0.091468
v 0.073770 -0.128498 -0.091468
v -0.267636 0.194354 -0.091468
v 0.713906 0.194354 -0.091468
v 0.162832 0.678631 -0.091468
v 0.283438 0.678631 -0.091468
v 0.096035 0.175799 -0.091468
v 0.350235 0.175799 -0.091468
v 0.224063 0.799237 -0.091468
v -0.208261 0.426288 -0.091468
v 0.654531 0.426288 -0.091468
v -0.098789 0.498651 -0.091468
v 0.545059 0.498651 -0.091468
v 0.168399 -0.011603 -0.091468
v 0.277871 -0.011603 -0.091468
v -0.134043 0.314959 -0.091468
v 0.580313 0.314959 -0.091468
v -0.039414 0.433709 -0.091468
v 0.485684 0.433709 -0.091468
v 0.149844 0.301971 -0.089613
v 0.296426 0.301971 -0.089613
v 0.001406 0.467108 -0.089613
v 0.444864 0.467108 -0.089613
v 0.224063 0.830780 -0.089613
v 0.120156 -0.230548 -0.089613
v 0.326114 -0.230548 -0.089613
v 0.214785 0.795526 -0.089613
v 0.231485 0.795526 -0.089613
v -0.147031 0.788104 -0.089613
v 0.593301 0.788104 -0.089613
v 0.224063 0.342792 -0.089613
v -0.306601 0.218475 -0.089613
v 0.752871 0.218475 -0.089613
v -0.221250 0.795526 -0.089613
v 0.667520 0.795526 -0.089613
v -0.037558 -0.763068 -0.089613
v 0.483828 -0.763068 -0.089613
v 0.201797 0.827069 -0.089613
v 0.244473 0.827069 -0.089613
v 0.212930 0.834491 -0.089613
v 0.233340 0.834491 -0.089613
v 0.136856 0.298260 -0.089613
v 0.309414 0.298260 -0.089613
v 0.170254 0.708319 -0.089613
v 0.276016 0.708319 -0.089613
v 0.224063 0.667499 -0.089613
v 0.047793 -0.690705 -0.089613
v 0.398477 -0.690705 -0.089613
v 0.094180 -0.108087 -0.087757
v 0.224063 0.363202 -0.087757
v 0.617422 0.678631 -0.087757
v -0.028281 0.522772 -0.087757
v 0.474551 0.522772 -0.087757
v -0.176719 0.678631 -0.087757
v 0.044082 0.057049 -0.087757
v 0.402188 0.057049 -0.087757
v 0.057071 -0.766779 -0.087757
v 0.389199 -0.766779 -0.087757
v 0.066348 -0.295490 -0.087757
v 0.379922 -0.295490 -0.087757
v 0.138711 0.301971 -0.087757
v 0.307559 0.301971 -0.087757
v 0.057071 -0.562677 -0.087757
v 0.389199 -0.562677 -0.087757
v 0.066348 -0.278791 -0.087757
v 0.379922 -0.278791 -0.087757
v 0.181387 0.051483 -0.087757
v 0.264883 0.051483 -0.087757
v -0.200840 0.415155 -0.087757
v 0.647110 0.415155 -0.087757
v -0.009726 -0.553400 -0.087757
v 0.455996 -0.553400 -0.087757
v -0.106211 0.363202 -0.087757
v 0.552481 0.363202 -0.087757
v 0.201797 0.797381 -0.087757
v 0.244473 0.797381 -0.087757
v -0.171152 0.429999 -0.087757
v 0.617422 0.429999 -0.087757
v -0.013437 -0.596076 -0.087757
v 0.459707 -0.596076 -0.087757
v 0.173965 0.762127 -0.087757
v 0.272305 0.762127 -0.087757
v -0.234238 0.257440 -0.087757
v 0.680508 0.257440 -0.087757
v 0.014395 -0.312189 -0.087757
v 0.431875 -0.312189 -0.087757
v 0.073770 -0.091388 -0.087757
v 0.374356 -0.091388 -0.087757
v 0.036660 0.545038 -0.087757
v 0.409610 0.545038 -0.087757
v 0.123867 -0.139630 -0.087757
v 0.322403 -0.139630 -0.087757
v 0.224063 0.706463 -0.087757
v 0.086758 -0.108087 -0.085902
v 0.138711 0.298260 -0.085902
v 0.307559 0.298260 -0.085902
v -0.250937 0.348358 -0.085902
v 0.697207 0.348358 -0.085902
v 0.211074 0.786249 -0.085902
v 0.235196 0.786249 -0.085902
v 0.209219 0.843768 -0.085902
v 0.237051 0.843768 -0.085902
v 0.031094 -0.217560 -0.085902
v 0.415176 -0.217560 -0.085902
v -0.154453 0.444842 -0.085902
v 0.600723 0.444842 -0.085902
v 0.109024 -0.158185 -0.085902
v 0.337246 -0.158185 -0.085902
v 0.077481 -0.219416 -0.085902
v 0.368789 -0.219416 -0.085902
v 0.070059 0.704608 -0.085902
v 0.376211 0.704608 -0.085902
v -0.015293 -0.642462 -0.085902
v 0.461563 -0.642462 -0.085902
v 0.055215 0.112713 -0.085902
v 0.391055 0.112713 -0.085902
v 0.224063 0.131268 -0.085902
v 0.018106 -0.289923 -0.085902
v 0.428164 -0.289923 -0.085902
v -0.019004 -0.683283 -0.084046
v 0.465274 -0.683283 -0.084046
v 0.051504 -0.605353 -0.084046
v 0.394766 -0.605353 -0.084046
v -0.139609 0.750995 -0.084046
v 0.585879 0.750995 -0.084046
v 0.164688 -0.002326 -0.084046
v 0.281582 -0.002326 -0.084046
v 0.159121 -0.056134 -0.084046
v 0.287149 -0.056134 -0.084046
v 0.077481 -0.121076 -0.084046
v 0.368789 -0.121076 -0.084046
v 0.084903 -0.128498 -0.084046
v 0.361367 -0.128498 -0.084046
v 0.405899 -0.074689 -0.084046
v 0.036660 -0.074689 -0.084046
v -0.252793 0.227752 -0.084046
v 0.699063 0.227752 -0.084046
v -0.293613 0.205487 -0.084046
v 0.739883 0.205487 -0.084046
v 0.212930 0.853045 -0.084046
v 0.233340 0.853045 -0.084046
v 0.129434 0.303827 -0.084046
v 0.316836 0.303827 -0.084046
v 0.055215 0.060760 -0.084046
v 0.391055 0.060760 -0.084046
v -0.206406 0.814081 -0.084046
v 0.652676 0.814081 -0.084046
v 0.101602 -0.323322 -0.084046
v 0.344668 -0.323322 -0.084046
v -0.262070 0.277850 -0.084046
v 0.708340 0.277850 -0.084046
v -0.301035 0.188788 -0.084046
v 0.747305 0.188788 -0.084046
v -0.250937 0.404022 -0.082191
v 0.697207 0.404022 -0.082191
v 0.224063 0.444842 -0.082191
v -0.239804 0.344647 -0.082191
v 0.686074 0.344647 -0.082191
v -0.130332 0.333514 -0.082191
v 0.576602 0.333514 -0.082191
v -0.065390 0.548749 -0.082191
v 0.511660 0.548749 -0.082191
v -0.121054 0.732440 -0.082191
v 0.567324 0.732440 -0.082191
v 0.014395 0.520917 -0.082191
v 0.431875 0.520917 -0.082191
v 0.214785 0.778827 -0.082191
v 0.231485 0.778827 -0.082191
v 0.224063 0.856756 -0.082191
v -0.304746 0.207342 -0.082191
v 0.751016 0.207342 -0.082191
v 0.168399 0.339081 -0.082191
v 0.277871 0.339081 -0.082191
v 0.071914 -0.241681 -0.082191
v 0.374356 -0.241681 -0.082191
v 0.550625 0.769549 -0.082191
v 0.092324 -0.301056 -0.082191
v 0.353946 -0.301056 -0.082191
v -0.308457 0.172088 -0.082191
v 0.754727 0.172088 -0.082191
v -0.031992 -0.770490 -0.082191
v 0.478262 -0.770490 -0.082191
v 0.099746 0.715741 -0.082191
v 0.346524 0.715741 -0.082191
v 0.224063 0.775116 -0.082191
v 0.381778 -0.098810 -0.082191
v 0.060781 -0.096955 -0.082191
v -0.104355 0.775116 -0.080336
v 0.094180 0.229608 -0.080336
v 0.352090 0.229608 -0.080336
v -0.000449 0.478241 -0.080336
v 0.446719 0.478241 -0.080336
v 0.199942 0.797381 -0.080336
v 0.246328 0.797381 -0.080336
v 0.409610 -0.050568 -0.080336
v 0.051504 -0.774201 -0.080336
v 0.394766 -0.774201 -0.080336
v 0.062637 0.116424 -0.080336
v 0.383633 0.116424 -0.080336
v 0.131289 0.301971 -0.080336
v 0.314981 0.301971 -0.080336
v 0.047793 -0.649884 -0.080336
v 0.398477 -0.649884 -0.080336
v 0.064492 0.079315 -0.080336
v 0.381778 0.079315 -0.080336
v 0.146133 0.270428 -0.080336
v 0.300137 0.270428 -0.080336
v -0.030136 -0.828009 -0.080336
v 0.476407 -0.828009 -0.080336
v 0.066348 0.147967 -0.080336
v 0.379922 0.147967 -0.080336
v 0.112735 -0.160040 -0.080336
v 0.333535 -0.160040 -0.080336
v 0.038516 -0.050568 -0.078480
v 0.168399 0.363202 -0.078480
v 0.277871 0.363202 -0.078480
v 0.097891 0.229608 -0.078480
v 0.348379 0.229608 -0.078480
v -0.083945 0.621112 -0.078480
v 0.530215 0.621112 -0.078480
v 0.166543 0.435565 -0.078480
v 0.279727 0.435565 -0.078480
v -0.148886 0.311248 -0.078480
v 0.595156 0.311248 -0.078480
v 0.389199 -0.126642 -0.078480
v 0.053360 -0.126642 -0.078480
v 0.153555 -0.048712 -0.078480
v 0.292715 -0.048712 -0.078480
v 0.079336 0.172088 -0.078480
v 0.366934 0.172088 -0.078480
v 0.105313 -0.154474 -0.078480
v 0.340957 -0.154474 -0.078480
v -0.280625 0.242596 -0.078480
v 0.726895 0.242596 -0.078480
v 0.404043 -0.083966 -0.078480
v 0.153555 -0.048712 -0.078480
v 0.292715 -0.048712 -0.078480
v -0.330722 0.162811 -0.078480
v 0.776992 0.162811 -0.078480
v 0.075625 -0.228693 -0.078480
v 0.370645 -0.228693 -0.078480
v -0.319590 0.144256 -0.078480
v 0.765860 0.144256 -0.078480
v 0.066348 -0.119220 -0.078480
v 0.379922 -0.119220 -0.078480
v 0.116446 0.279706 -0.078480
v 0.329824 0.279706 -0.078480
v 0.109024 -0.171173 -0.078480
v 0.337246 -0.171173 -0.078480
v -0.030136 0.606268 -0.076625
v 0.476407 0.606268 -0.076625
v 0.070059 0.175799 -0.076625
v 0.376211 0.175799 -0.076625
v 0.224063 0.932831 -0.076625
v 0.116446 -0.130353 -0.076625
v 0.329824 -0.130353 -0.076625
v -0.022715 -0.755646 -0.076625
v 0.468985 -0.755646 -0.076625
v -0.204551 0.582147 -0.076625
v 0.650821 0.582147 -0.076625
v -0.323301 0.136835 -0.076625
v 0.769571 0.136835 -0.076625
v -0.343711 0.168377 -0.076625
v 0.789981 0.168377 -0.076625
v 0.045938 -0.688849 -0.076625
v 0.400332 -0.688849 -0.076625
v 0.392910 -0.111798 -0.076625
v 0.049649 -0.111798 -0.076625
v 0.036660 0.665643 -0.076625
v 0.409610 0.665643 -0.076625
v 0.060781 -0.109943 -0.076625
v 0.385488 -0.109943 -0.076625
v 0.122012 -0.150763 -0.076625
v 0.324258 -0.150763 -0.076625
v -0.334433 0.147967 -0.076625
v 0.780703 0.147967 -0.076625
v -0.276914 0.199920 -0.076625
v 0.723184 0.199920 -0.076625
v -0.004160 0.489374 -0.076625
v 0.450430 0.489374 -0.076625
v -0.020859 0.461541 -0.074769
v 0.467129 0.461541 -0.074769
v -0.076523 0.509784 -0.074769
v 0.522793 0.509784 -0.074769
v -0.197129 0.635956 -0.074769
v 0.643399 0.635956 -0.074769
v -0.187851 0.624823 -0.074769
v 0.634121 0.624823 -0.074769
v 0.109024 -0.158185 -0.074769
v 0.337246 -0.158185 -0.074769
v -0.286191 0.183221 -0.074769
v 0.732461 0.183221 -0.074769
v -0.234238 0.429999 -0.074769
v 0.680508 0.429999 -0.074769
v -0.338144 0.140545 -0.074769
v 0.784414 0.140545 -0.074769
v 0.224063 0.743573 -0.074769
v 0.110879 0.426288 -0.072914
v 0.335391 0.426288 -0.072914
v 0.183242 0.667499 -0.072914
v 0.263028 0.667499 -0.072914
v -0.332578 0.112713 -0.072914
v 0.778848 0.112713 -0.072914
v -0.091367 0.789959 -0.072914
v 0.537637 0.789959 -0.072914
v 0.042227 -0.215705 -0.072914
v 0.404043 -0.215705 -0.072914
v 0.051504 -0.083966 -0.072914
v 0.118301 0.283416 -0.072914
v 0.327969 0.283416 -0.072914
v -0.306601 0.211053 -0.072914
v 0.752871 0.211053 -0.072914
v 0.142422 -0.139630 -0.072914
v 0.303848 -0.139630 -0.072914
v 0.107168 -0.171173 -0.072914
v 0.339102 -0.171173 -0.072914
v -0.056113 0.545038 -0.072914
v 0.502383 0.545038 -0.072914
v -0.050547 0.550604 -0.072914
v 0.496817 0.550604 -0.072914
v 0.027383 -0.293634 -0.072914
v 0.418887 -0.293634 -0.072914
v 0.057071 -0.828009 -0.071058
v 0.389199 -0.828009 -0.071058
v -0.328867 0.181366 -0.071058
v 0.775137 0.181366 -0.071058
v -0.297324 0.166522 -0.071058
v 0.743594 0.166522 -0.071058
v 0.001406 0.641522 -0.071058
v 0.444864 0.641522 -0.071058
v -0.176719 0.275995 -0.071058
v 0.622989 0.275995 -0.071058
v 0.029239 -0.275080 -0.071058
v 0.417031 -0.275080 -0.071058
v 0.062637 -0.128498 -0.071058
v 0.383633 -0.128498 -0.071058
v -0.327011 0.094159 -0.071058
v 0.773282 0.094159 -0.071058
v 0.097891 0.225897 -0.071058
v 0.348379 0.225897 -0.071058
v 0.057071 -0.111798 -0.071058
v 0.389199 -0.111798 -0.071058
v 0.109024 -0.226837 -0.071058
v 0.337246 -0.226837 -0.071058
v -0.267636 0.379901 -0.071058
v 0.713906 0.379901 -0.071058
v -0.341855 0.147967 -0.071058
v 0.788125 0.147967 -0.071058
v 0.120156 -0.148908 -0.071058
v 0.326114 -0.148908 -0.071058
v 0.138711 -0.121076 -0.071058
v 0.307559 -0.121076 -0.071058
v -0.015293 -0.694416 -0.071058
v 0.461563 -0.694416 -0.071058
v 0.036660 0.654510 -0.071058
v 0.409610 0.654510 -0.071058
v 0.053360 -0.026447 -0.069203
v 0.392910 -0.026447 -0.069203
v 0.112735 0.337225 -0.069203
v 0.333535 0.337225 -0.069203
v 0.129434 -0.152619 -0.069203
v 0.316836 -0.152619 -0.069203
v -0.226816 0.532049 -0.069203
v 0.673086 0.532049 -0.069203
v 0.051504 -0.755646 -0.069203
v 0.394766 -0.755646 -0.069203
v 0.110879 0.283416 -0.069203
v 0.335391 0.283416 -0.069203
v 0.198086 0.849334 -0.069203
v 0.248184 0.849334 -0.069203
v -0.187851 0.730584 -0.069203
v 0.634121 0.730584 -0.069203
v -0.343711 0.118280 -0.069203
v 0.789981 0.118280 -0.069203
v 0.203653 0.745428 -0.069203
v 0.242617 0.745428 -0.069203
v 0.186953 0.704608 -0.069203
v 0.259317 0.704608 -0.069203
v 0.044082 0.186932 -0.069203
v 0.402188 0.186932 -0.069203
v 0.090469 0.277850 -0.067347
v 0.355801 0.277850 -0.067347
v -0.345566 0.112713 -0.067347
v 0.791836 0.112713 -0.067347
v 0.103457 -0.282501 -0.067347
v 0.342813 -0.282501 -0.067347
v 0.031094 -0.096955 -0.067347
v 0.415176 -0.096955 -0.067347
v 0.112735 0.281561 -0.067347
v 0.333535 0.281561 -0.067347
v 0.110879 -0.466193 -0.067347
v 0.335391 -0.466193 -0.067347
v -0.343711 0.107147 -0.067347
v 0.789981 0.107147 -0.067347
v -0.315879 0.081170 -0.067347
v 0.762149 0.081170 -0.067347
v 0.224063 0.791815 -0.067347
v -0.031992 -0.442072 -0.067347
v 0.478262 -0.442072 -0.067347
v -0.065390 0.784393 -0.067347
v 0.511660 0.784393 -0.067347
v -0.020859 -0.252814 -0.067347
v 0.467129 -0.252814 -0.067347
v -0.230527 0.188788 -0.067347
v 0.676797 0.188788 -0.067347
v 0.155410 -0.284357 -0.065492
v 0.290860 -0.284357 -0.065492
v 0.127578 -0.314044 -0.065492
v 0.318692 -0.314044 -0.065492
v 0.224063 0.884588 -0.065492
v 0.120156 0.283416 -0.065492
v 0.326114 0.283416 -0.065492
v 0.224063 0.747284 -0.065492
v -0.334433 0.090448 -0.065492
v 0.780703 0.090448 -0.065492
v 0.109024 -0.221271 -0.065492
v 0.337246 -0.221271 -0.065492
v -0.269492 0.439276 -0.065492
v 0.715762 0.439276 -0.065492
v 0.224063 0.762127 -0.065492
v 0.051504 -0.226837 -0.065492
v 0.394766 -0.226837 -0.065492
v 0.034805 -0.234259 -0.065492
v 0.411465 -0.234259 -0.065492
v 0.118301 -0.224982 -0.065492
v 0.327969 -0.224982 -0.065492
v -0.033847 0.730584 -0.065492
v 0.480117 0.730584 -0.065492
v 0.127578 -0.148908 -0.063636
v 0.318692 -0.148908 -0.063636
v 0.101602 -0.252814 -0.063636
v 0.344668 -0.252814 -0.063636
v -0.314023 0.142401 -0.063636
v 0.760293 0.142401 -0.063636
v 0.118301 0.340936 -0.063636
v 0.327969 0.340936 -0.063636
v 0.125723 -0.417951 -0.063636
v 0.320547 -0.417951 -0.063636
v 0.031094 -0.152619 -0.063636
v 0.404043 -0.152619 -0.063636
v -0.325156 0.077459 -0.063636
v 0.771426 0.077459 -0.063636
v 0.224063 0.741717 -0.063636
v 0.103457 -0.234259 -0.063636
v 0.342813 -0.234259 -0.063636
v -0.315879 0.134979 -0.063636
v 0.762149 0.134979 -0.063636
v 0.417031 -0.093244 -0.063636
v 0.159121 0.812225 -0.063636
v 0.287149 0.812225 -0.063636
v -0.232383 0.550604 -0.063636
v 0.678653 0.550604 -0.063636
v -0.338144 0.166522 -0.063636
v 0.784414 0.166522 -0.063636
v -0.237949 0.183221 -0.063636
v 0.684219 0.183221 -0.063636
v 0.199942 0.747284 -0.063636
v 0.246328 0.747284 -0.063636
v 0.224063 0.882733 -0.063636
v 0.040371 -0.694416 -0.063636
v 0.405899 -0.694416 -0.063636
v 0.096035 0.745428 -0.063636
v 0.350235 0.745428 -0.063636
v -0.002304 -0.293634 -0.063636
v 0.448574 -0.293634 -0.063636
v -0.256504 0.448553 -0.061781
v 0.702774 0.448553 -0.061781
v 0.107168 -0.247248 -0.061781
v 0.339102 -0.247248 -0.061781
v 0.110879 -0.254669 -0.061781
v 0.335391 -0.254669 -0.061781
v 0.123867 0.303827 -0.061781
v 0.322403 0.303827 -0.061781
v -0.325156 0.112713 -0.061781
v 0.771426 0.112713 -0.061781
v 0.034805 -0.093244 -0.061781
v 0.123867 0.420721 -0.061781
v 0.322403 0.420721 -0.061781
v 0.199942 0.877166 -0.061781
v 0.246328 0.877166 -0.061781
v 0.138711 0.815936 -0.061781
v 0.307559 0.815936 -0.061781
v 0.031094 -0.200861 -0.061781
v 0.411465 -0.200861 -0.061781
v -0.163730 0.765838 -0.061781
v 0.610000 0.765838 -0.061781
v -0.314023 0.077459 -0.061781
v 0.760293 0.077459 -0.061781
v -0.341855 0.151678 -0.061781
v 0.788125 0.151678 -0.061781
v -0.035703 0.823358 -0.061781
v 0.481973 0.823358 -0.061781
v -0.213828 0.242596 -0.061781
v 0.660098 0.242596 -0.061781
v 0.166543 0.797381 -0.061781
v 0.279727 0.797381 -0.061781
v -0.321445 0.097870 -0.061781
v 0.767715 0.097870 -0.061781
v 0.138711 -0.130353 -0.061781
v 0.307559 -0.130353 -0.061781
v -0.341855 0.144256 -0.059925
v 0.788125 0.144256 -0.059925
v -0.022715 -0.571955 -0.059925
v 0.468985 -0.571955 -0.059925
v 0.109024 -0.223126 -0.059925
v 0.337246 -0.223126 -0.059925
v -0.028281 0.812225 -0.059925
v 0.474551 0.812225 -0.059925
v 0.110879 -0.314044 -0.059925
v 0.335391 -0.314044 -0.059925
v 0.023672 -0.158185 -0.059925
v 0.422598 -0.158185 -0.059925
v 0.133145 -0.163751 -0.059925
v 0.313125 -0.163751 -0.059925
v 0.107168 0.860467 -0.059925
v 0.339102 0.860467 -0.059925
v 0.212930 0.884588 -0.059925
v 0.233340 0.884588 -0.059925
v 0.556192 0.765838 -0.059925
v -0.314023 0.084881 -0.059925
v 0.760293 0.084881 -0.059925
v 0.021817 -0.199005 -0.058070
v 0.424453 -0.199005 -0.058070
v -0.026426 -0.375275 -0.058070
v 0.472696 -0.375275 -0.058070
v 0.066348 -0.583087 -0.058070
v 0.379922 -0.583087 -0.058070
v -0.343711 0.120135 -0.058070
v 0.789981 0.120135 -0.058070
v 0.162832 0.812225 -0.058070
v 0.283438 0.812225 -0.058070
v 0.125723 -0.195294 -0.058070
v 0.320547 -0.195294 -0.058070
v -0.343711 0.107147 -0.058070
v 0.789981 0.107147 -0.058070
v 0.181387 0.791815 -0.058070
v 0.264883 0.791815 -0.058070
v -0.109922 0.771405 -0.058070
v -0.345566 0.114569 -0.058070
v 0.791836 0.114569 -0.058070
v -0.030136 -0.636896 -0.058070
v 0.476407 -0.636896 -0.058070
v 0.092324 0.906854 -0.056214
v 0.353946 0.906854 -0.056214
v 0.224063 0.743573 -0.056214
v 0.109024 0.741717 -0.056214
v 0.337246 0.741717 -0.056214
v 0.133145 0.817792 -0.056214
v 0.313125 0.817792 -0.056214
v -0.230527 0.218475 -0.056214
v 0.676797 0.218475 -0.056214
v -0.314023 0.077459 -0.056214
v 0.760293 0.077459 -0.056214
v 0.086758 0.691620 -0.056214
v 0.359512 0.691620 -0.056214
v -0.282480 0.428143 -0.056214
v 0.728750 0.428143 -0.056214
v 0.129434 0.365057 -0.056214
v 0.316836 0.365057 -0.056214
v -0.044980 -0.681427 -0.056214
v 0.491250 -0.681427 -0.056214
v -0.334433 0.090448 -0.056214
v 0.780703 0.090448 -0.056214
v -0.035703 -0.675861 -0.056214
v 0.481973 -0.675861 -0.056214
v 0.131289 -0.158185 -0.056214
v 0.314981 -0.158185 -0.056214
v 0.173965 0.847479 -0.056214
v 0.272305 0.847479 -0.056214
v -0.323301 0.077459 -0.054359
v 0.769571 0.077459 -0.054359
v -0.197129 0.446698 -0.054359
v 0.643399 0.446698 -0.054359
v 0.129434 0.335370 -0.054359
v 0.316836 0.335370 -0.054359
v -0.325156 0.142401 -0.054359
v 0.771426 0.142401 -0.054359
v -0.327011 0.134979 -0.054359
v 0.773282 0.134979 -0.054359
v 0.135000 -0.197150 -0.054359
v 0.311270 -0.197150 -0.054359
v 0.147989 -0.160040 -0.054359
v 0.298281 -0.160040 -0.054359
v 0.135000 -0.371564 -0.054359
v 0.311270 -0.371564 -0.054359
v -0.330722 0.112713 -0.054359
v 0.776992 0.112713 -0.054359
v 0.008828 -0.698126 -0.054359
v 0.437442 -0.698126 -0.054359
v -0.163730 0.448553 -0.054359
v 0.610000 0.448553 -0.054359
v -0.174863 0.465252 -0.054359
v 0.621133 0.465252 -0.054359
v 0.122012 -0.195294 -0.054359
v -0.325156 0.096014 -0.054359
v 0.771426 0.096014 -0.054359
v -0.317734 0.081170 -0.054359
v 0.764004 0.081170 -0.054359
v 0.057071 0.871600 -0.054359
v 0.389199 0.871600 -0.054359
v 0.188809 0.760272 -0.052504
v 0.257461 0.760272 -0.052504
v -0.158164 0.455975 -0.052504
v 0.604434 0.455975 -0.052504
v 0.428164 -0.087677 -0.052504
v 0.014395 -0.087677 -0.052504
v 0.005117 -0.301056 -0.052504
v 0.441153 -0.301056 -0.052504
v 0.062637 0.836346 -0.050648
v 0.383633 0.836346 -0.050648
v 0.209219 0.890155 -0.050648
v 0.237051 0.890155 -0.050648
v 0.422598 -0.043146 -0.050648
v 0.604434 0.689764 -0.050648
v -0.330722 0.144256 -0.050648
v 0.776992 0.144256 -0.050648
v -0.193418 0.437420 -0.050648
v 0.639688 0.437420 -0.050648
v 0.057071 -0.646173 -0.050648
v 0.389199 -0.646173 -0.050648
v -0.334433 0.134979 -0.050648
v 0.780703 0.134979 -0.050648
v -0.278769 0.292694 -0.050648
v 0.725039 0.292694 -0.050648
v 0.032949 0.110858 -0.050648
v 0.413320 0.110858 -0.050648
v 0.073770 0.912420 -0.050648
v 0.372500 0.912420 -0.050648
v -0.332578 0.224042 -0.050648
v 0.778848 0.224042 -0.050648
v 0.153555 -0.252814 -0.050648
v 0.292715 -0.252814 -0.050648
v -0.200840 0.450409 -0.050648
v 0.647110 0.450409 -0.050648
v 0.131289 -0.173029 -0.050648
v 0.314981 -0.173029 -0.050648
v 0.122012 0.760272 -0.048793
v 0.324258 0.760272 -0.048793
v 0.084903 0.806659 -0.048793
v 0.361367 0.806659 -0.048793
v -0.134043 0.656366 -0.048793
v 0.580313 0.656366 -0.048793
v -0.156308 0.686053 -0.048793
v 0.177676 0.741717 -0.048793
v 0.268594 0.741717 -0.048793
v -0.341855 0.109002 -0.048793
v 0.788125 0.109002 -0.048793
v 0.019961 -0.113654 -0.048793
v 0.426309 -0.113654 -0.048793
v -0.301035 0.248163 -0.048793
v 0.747305 0.248163 -0.048793
v 0.186953 0.743573 -0.048793
v 0.259317 0.743573 -0.048793
v 0.021817 -0.043146 -0.048793
v -0.340000 0.170233 -0.046937
v 0.786270 0.170233 -0.046937
v -0.006015 -0.226837 -0.046937
v 0.452285 -0.226837 -0.046937
v 0.116446 0.942108 -0.046937
v 0.329824 0.942108 -0.046937
v -0.323301 0.207342 -0.046937
v 0.769571 0.207342 -0.046937
v 0.029239 -0.111798 -0.046937
v 0.417031 -0.111798 -0.046937
v 0.164688 0.791815 -0.046937
v 0.281582 0.791815 -0.046937
v 0.018106 -0.199005 -0.046937
v 0.428164 -0.199005 -0.046937
v -0.260215 0.331659 -0.046937
v 0.706485 0.331659 -0.046937
v 0.053360 -0.686994 -0.046937
v 0.392910 -0.686994 -0.046937
v 0.090469 0.307538 -0.045082
v 0.355801 0.307538 -0.045082
v -0.128476 0.515350 -0.045082
v 0.574746 0.515350 -0.045082
v -0.059824 -0.737091 -0.045082
v 0.506094 -0.737091 -0.045082
v -0.345566 0.153534 -0.045082
v 0.791836 0.153534 -0.045082
v 0.068203 0.268573 -0.045082
v 0.378067 0.268573 -0.045082
v -0.226816 0.442987 -0.045082
v 0.673086 0.442987 -0.045082
v -0.269492 0.335370 -0.045082
v 0.715762 0.335370 -0.045082
v 0.116446 0.901288 -0.045082
v 0.329824 0.901288 -0.045082
v 0.133145 0.702752 -0.045082
v 0.313125 0.702752 -0.045082
v -0.321445 0.214764 -0.045082
v 0.767715 0.214764 -0.045082
v 0.138711 0.756561 -0.045082
v 0.307559 0.756561 -0.045082
v 0.120156 0.866034 -0.045082
v 0.326114 0.866034 -0.045082
v -0.349277 0.144256 -0.045082
v 0.795547 0.144256 -0.045082
v 0.064492 -0.692560 -0.043226
v 0.381778 -0.692560 -0.043226
v -0.345566 0.081170 -0.043226
v 0.791836 0.081170 -0.043226
v -0.117344 0.509784 -0.043226
v 0.563613 0.509784 -0.043226
v -0.163730 0.684198 -0.043226
v 0.610000 0.684198 -0.043226
v 0.021817 -0.165607 -0.043226
v 0.424453 -0.165607 -0.043226
v 0.120156 -0.254669 -0.043226
v 0.326114 -0.254669 -0.043226
v 0.114590 0.268573 -0.043226
v 0.331680 0.268573 -0.043226
v 0.212930 0.895721 -0.043226
v 0.233340 0.895721 -0.043226
v 0.101602 0.947674 -0.043226
v 0.344668 0.947674 -0.043226
v 0.122012 -0.228693 -0.043226
v 0.324258 -0.228693 -0.043226
v -0.002304 0.036639 -0.043226
v 0.448574 0.036639 -0.043226
v 0.016250 -0.219416 -0.043226
v 0.430020 -0.219416 -0.043226
v -0.009726 -0.310333 -0.043226
v 0.455996 -0.310333 -0.043226
v -0.275058 0.370624 -0.043226
v 0.721328 0.370624 -0.043226
v 0.109024 0.305682 -0.043226
v 0.337246 0.305682 -0.043226
v 0.075625 0.309393 -0.041371
v 0.370645 0.309393 -0.041371
v 0.144278 0.771405 -0.041371
v 0.301992 0.771405 -0.041371
v 0.058926 0.277850 -0.041371
v 0.387344 0.277850 -0.041371
v 0.123867 0.778827 -0.041371
v 0.322403 0.778827 -0.041371
v -0.250937 0.454120 -0.041371
v 0.697207 0.454120 -0.041371
v 0.014395 -0.135919 -0.041371
v 0.431875 -0.135919 -0.041371
v -0.089512 0.520917 -0.041371
v 0.535781 0.520917 -0.041371
v -0.082090 0.558026 -0.039515
v 0.528360 0.558026 -0.039515
v -0.358554 0.118280 -0.039515
v 0.804824 0.118280 -0.039515
v -0.336289 0.057049 -0.039515
v 0.782559 0.057049 -0.039515
v 0.168399 0.775116 -0.039515
v 0.277871 0.775116 -0.039515
v 0.016250 -0.223126 -0.039515
v 0.430020 -0.223126 -0.039515
v 0.224063 0.897577 -0.039515
v -0.046836 -0.744513 -0.039515
v 0.493106 -0.744513 -0.039515
v -0.286191 0.424432 -0.039515
v 0.732461 0.424432 -0.039515
v 0.086758 0.298260 -0.039515
v 0.359512 0.298260 -0.039515
v 0.120156 0.786249 -0.039515
v 0.326114 0.786249 -0.039515
v -0.351133 0.173944 -0.039515
v 0.797403 0.173944 -0.039515
v 0.136856 0.854901 -0.039515
v 0.309414 0.854901 -0.039515
v 0.160977 0.799237 -0.039515
v 0.285293 0.799237 -0.039515
v -0.358554 0.110858 -0.039515
v 0.804824 0.110858 -0.039515
v 0.125723 -0.325177 -0.039515
v 0.320547 -0.325177 -0.039515
v -0.011582 -0.302912 -0.039515
v 0.457852 -0.302912 -0.039515
v 0.133145 0.851190 -0.039515
v 0.313125 0.851190 -0.039515
v 0.147989 0.773260 -0.039515
v 0.298281 0.773260 -0.039515
v -0.358554 0.103436 -0.039515
v 0.804824 0.103436 -0.039515
v -0.104355 0.359491 -0.039515
v 0.550625 0.359491 -0.039515
v -0.334433 0.186932 -0.037660
v 0.780703 0.186932 -0.037660
v -0.276914 0.498651 -0.037660
v 0.723184 0.498651 -0.037660
v -0.347422 0.151678 -0.037660
v 0.793692 0.151678 -0.037660
v 0.027383 -0.230548 -0.037660
v 0.418887 -0.230548 -0.037660
v 0.129434 0.936542 -0.037660
v 0.316836 0.936542 -0.037660
v -0.028281 0.405877 -0.037660
v 0.474551 0.405877 -0.037660
v -0.315879 0.142401 -0.037660
v 0.762149 0.142401 -0.037660
v -0.321445 0.134979 -0.037660
v 0.767715 0.134979 -0.037660
v 0.157266 0.854901 -0.037660
v 0.289004 0.854901 -0.037660
v -0.069101 0.554315 -0.037660
v 0.515371 0.554315 -0.037660
v -0.035703 0.417010 -0.037660
v 0.481973 0.417010 -0.037660
v 0.574746 0.730584 -0.037660
v -0.334433 0.110858 -0.037660
v 0.780703 0.110858 -0.037660
v 0.057071 0.723163 -0.037660
v 0.389199 0.723163 -0.037660
v 0.131289 -0.241681 -0.037660
v 0.314981 -0.241681 -0.037660
v -0.030136 0.506073 -0.037660
v 0.476407 0.506073 -0.037660
v -0.124765 0.339081 -0.037660
v 0.571035 0.339081 -0.037660
v -0.061679 0.561737 -0.037660
v 0.507949 0.561737 -0.037660
v 0.144278 0.793670 -0.037660
v 0.301992 0.793670 -0.037660
v 0.135000 0.979217 -0.035804
v 0.311270 0.979217 -0.035804
v 0.147989 -0.152619 -0.035804
v 0.298281 -0.152619 -0.035804
v 0.147989 0.808514 -0.035804
v 0.298281 0.808514 -0.035804
v 0.162832 0.814081 -0.035804
v 0.283438 0.814081 -0.035804
v 0.123867 -0.245392 -0.035804
v 0.322403 -0.245392 -0.035804
v -0.354843 0.079315 -0.035804
v 0.801114 0.079315 -0.035804
v 0.003262 0.131268 -0.035804
v 0.443008 0.131268 -0.035804
v -0.336289 0.084881 -0.035804
v 0.782559 0.084881 -0.035804
v -0.015293 0.090448 -0.035804
v 0.461563 0.090448 -0.035804
v -0.332578 0.055194 -0.035804
v 0.778848 0.055194 -0.035804
v 0.006973 -0.271369 -0.035804
v 0.439297 -0.271369 -0.035804
v 0.160977 0.849334 -0.033949
v 0.285293 0.849334 -0.033949
v 0.018106 -0.074689 -0.033949
v 0.428164 -0.074689 -0.033949
v 0.162832 0.830780 -0.033949
v 0.283438 0.830780 -0.033949
v 0.060781 0.185077 -0.033949
v 0.385488 0.185077 -0.033949
v -0.122910 0.314959 -0.033949
v 0.569180 0.314959 -0.033949
v -0.141465 0.311248 -0.033949
v 0.587735 0.311248 -0.033949
v 0.166543 0.775116 -0.033949
v 0.279727 0.775116 -0.033949
v 0.162832 0.827069 -0.033949
v 0.283438 0.827069 -0.033949
v -0.328867 0.064471 -0.033949
v 0.775137 0.064471 -0.033949
v -0.249082 0.190643 -0.033949
v 0.695352 0.190643 -0.033949
v -0.341855 0.055194 -0.033949
v 0.788125 0.055194 -0.033949
v -0.124765 0.728729 -0.032093
v -0.262070 0.177655 -0.032093
v 0.708340 0.177655 -0.032093
v -0.171152 0.275995 -0.032093
v 0.617422 0.275995 -0.032093
v 0.149844 1.021893 -0.032093
v 0.296426 1.021893 -0.032093
v -0.015293 0.457831 -0.032093
v 0.461563 0.457831 -0.032093
v -0.276914 0.198065 -0.032093
v 0.723184 0.198065 -0.032093
v -0.091367 0.600702 -0.032093
v 0.537637 0.600702 -0.032093
v 0.122012 -0.330744 -0.030238
v 0.324258 -0.330744 -0.030238
v 0.066348 -0.742658 -0.030238
v 0.379922 -0.742658 -0.030238
v 0.149844 0.973651 -0.030238
v 0.296426 0.973651 -0.030238
v 0.153555 0.773260 -0.030238
v 0.292715 0.773260 -0.030238
v 0.138711 -0.202716 -0.030238
v 0.307559 -0.202716 -0.030238
v -0.037558 0.617401 -0.030238
v 0.483828 0.617401 -0.030238
v 0.162832 0.815936 -0.030238
v 0.283438 0.815936 -0.030238
v 0.012539 -0.232404 -0.030238
v 0.433731 -0.232404 -0.030238
v 0.060781 -0.755646 -0.030238
v 0.385488 -0.755646 -0.030238
v -0.356699 0.118280 -0.028382
v 0.802969 0.118280 -0.028382
v -0.349277 0.144256 -0.028382
v 0.795547 0.144256 -0.028382
v -0.347422 0.153534 -0.028382
v 0.793692 0.153534 -0.028382
v -0.341855 0.170233 -0.028382
v 0.788125 0.170233 -0.028382
v 0.135000 -0.332599 -0.028382
v 0.311270 -0.332599 -0.028382
v 0.084903 0.730584 -0.028382
v 0.361367 0.730584 -0.028382
v 0.001406 0.478241 -0.028382
v 0.444864 0.478241 -0.028382
v 0.123867 -0.286212 -0.028382
v 0.322403 -0.286212 -0.028382
v 0.086758 0.750995 -0.028382
v 0.359512 0.750995 -0.028382
v -0.356699 0.103436 -0.028382
v 0.802969 0.103436 -0.028382
v 0.147989 1.070135 -0.028382
v 0.298281 1.070135 -0.028382
v -0.356699 0.110858 -0.028382
v 0.802969 0.110858 -0.028382
v -0.013437 -0.668439 -0.028382
v 0.459707 -0.668439 -0.028382
v 0.005117 0.459686 -0.028382
v 0.441153 0.459686 -0.028382
v -0.330722 0.055194 -0.028382
v 0.776992 0.055194 -0.028382
v 0.012539 -0.145197 -0.026527
v 0.431875 -0.145197 -0.026527
v 0.172110 0.752850 -0.026527
v 0.274160 0.752850 -0.026527
v 0.136856 0.667499 -0.026527
v 0.309414 0.667499 -0.026527
v 0.168399 0.695331 -0.026527
v 0.277871 0.695331 -0.026527
v -0.030136 -0.659162 -0.026527
v 0.476407 -0.659162 -0.026527
v -0.173008 0.455975 -0.026527
v 0.619278 0.455975 -0.026527
v 0.021817 0.500506 -0.026527
v 0.424453 0.500506 -0.026527
v 0.157266 1.020038 -0.026527
v 0.289004 1.020038 -0.026527
v -0.352988 0.081170 -0.026527
v 0.799258 0.081170 -0.026527
v 0.192520 0.895721 -0.026527
v 0.253750 0.895721 -0.026527
v 0.044082 0.250018 -0.026527
v 0.402188 0.250018 -0.026527
v -0.206406 0.244452 -0.026527
v 0.652676 0.244452 -0.026527
v 0.006973 0.444842 -0.026527
v 0.439297 0.444842 -0.026527
v 0.190664 0.886444 -0.026527
v 0.255606 0.886444 -0.026527
v 0.045938 0.485663 -0.026527
v 0.400332 0.485663 -0.026527
v -0.288047 0.160956 -0.026527
v 0.734317 0.160956 -0.026527
v -0.340000 0.055194 -0.026527
v 0.786270 0.055194 -0.026527
v 0.224063 0.906854 -0.026527
v -0.017148 -0.635041 -0.024672
v 0.463418 -0.635041 -0.024672
v 0.083047 0.337225 -0.024672
v 0.363223 0.337225 -0.024672
v -0.007871 -0.568244 -0.024672
v 0.454141 -0.568244 -0.024672
v 0.160977 0.797381 -0.024672
v 0.285293 0.797381 -0.024672
v -0.340000 0.110858 -0.024672
v 0.786270 0.110858 -0.024672
v 0.099746 0.704608 -0.024672
v 0.346524 0.704608 -0.024672
v 0.040371 -0.642462 -0.024672
v 0.405899 -0.642462 -0.024672
v 0.034805 0.511639 -0.024672
v 0.411465 0.511639 -0.024672
v 0.099746 0.745428 -0.024672
v 0.346524 0.745428 -0.024672
v -0.124765 0.728729 -0.024672
v 0.571035 0.728729 -0.024672
v 0.047793 0.305682 -0.024672
v 0.398477 0.305682 -0.024672
v -0.019004 -0.651740 -0.024672
v 0.465274 -0.651740 -0.024672
v -0.004160 -0.481037 -0.024672
v 0.450430 -0.481037 -0.024672
v -0.002304 -0.449494 -0.022816
v 0.448574 -0.449494 -0.022816
v 0.001406 0.652655 -0.022816
v 0.444864 0.652655 -0.022816
v -0.332578 0.134979 -0.022816
v 0.778848 0.134979 -0.022816
v -0.340000 0.084881 -0.022816
v 0.786270 0.084881 -0.022816
v 0.071914 0.331659 -0.022816
v 0.374356 0.331659 -0.022816
v -0.332578 0.060760 -0.022816
v 0.778848 0.060760 -0.022816
v -0.330722 0.144256 -0.022816
v 0.776992 0.144256 -0.022816
v 0.073770 -0.494025 -0.022816
v 0.372500 -0.494025 -0.022816
v -0.280625 0.428143 -0.022816
v 0.726895 0.428143 -0.022816
v 0.129434 -0.249103 -0.022816
v 0.316836 -0.249103 -0.022816
v 0.038516 -0.659162 -0.022816
v 0.407754 -0.659162 -0.022816
v 0.083047 -0.462482 -0.020961
v 0.363223 -0.462482 -0.020961
v 0.051504 -0.577521 -0.020961
v 0.394766 -0.577521 -0.020961
v -0.224961 0.218475 -0.020961
v 0.671231 0.218475 -0.020961
v 0.162832 0.760272 -0.020961
v 0.283438 0.760272 -0.020961
v 0.149844 0.661932 -0.020961
v 0.296426 0.661932 -0.020961
v 0.120156 0.899432 -0.020961
v 0.326114 0.899432 -0.020961
v 0.142422 0.797381 -0.020961
v 0.303848 0.797381 -0.020961
v 0.170254 0.754706 -0.020961
v 0.276016 0.754706 -0.020961
v 0.133145 0.934686 -0.020961
v 0.313125 0.934686 -0.020961
v -0.031992 0.012518 -0.020961
v 0.478262 0.012518 -0.020961
v 0.140567 0.827069 -0.020961
v 0.305703 0.827069 -0.020961
v 0.120156 0.869745 -0.019105
v 0.326114 0.869745 -0.019105
v 0.175821 0.728729 -0.019105
v 0.270449 0.728729 -0.019105
v -0.256504 0.448553 -0.019105
v 0.702774 0.448553 -0.019105
v -0.046836 -0.828009 -0.019105
v 0.493106 -0.828009 -0.019105
v -0.044980 -0.742658 -0.019105
v 0.491250 -0.742658 -0.019105
v 0.157266 1.020038 -0.019105
v 0.289004 1.020038 -0.019105
v 0.164688 0.773260 -0.019105
v 0.281582 0.773260 -0.019105
v 0.155410 0.741717 -0.019105
v 0.290860 0.741717 -0.019105
v -0.332578 0.144256 -0.019105
v 0.778848 0.144256 -0.019105
v 0.151699 0.973651 -0.019105
v 0.294571 0.973651 -0.019105
v 0.129434 0.858612 -0.017250
v 0.316836 0.858612 -0.017250
v 0.005117 -0.325177 -0.017250
v 0.441153 -0.325177 -0.017250
v 0.042227 0.665643 -0.017250
v 0.404043 0.665643 -0.017250
v -0.024570 -0.284357 -0.017250
v 0.470840 -0.284357 -0.017250
v 0.031094 0.263006 -0.017250
v 0.415176 0.263006 -0.017250
v 0.140567 1.023749 -0.017250
v 0.305703 1.023749 -0.017250
v 0.162832 0.743573 -0.017250
v 0.283438 0.743573 -0.017250
v -0.334433 0.136835 -0.017250
v 0.780703 0.136835 -0.017250
v 0.068203 0.912420 -0.017250
v 0.378067 0.912420 -0.017250
v 0.044082 0.676776 -0.017250
v 0.402188 0.676776 -0.017250
v 0.133145 0.860467 -0.017250
v 0.313125 0.860467 -0.017250
v -0.161875 0.429999 -0.017250
v 0.608145 0.429999 -0.017250
v 0.023672 -0.664728 -0.017250
v 0.422598 -0.664728 -0.017250
v 0.097891 0.949530 -0.017250
v 0.348379 0.949530 -0.017250
v 0.125723 0.982928 -0.017250
v 0.320547 0.982928 -0.017250
v 0.044082 -0.662873 -0.017250
v 0.402188 -0.662873 -0.017250
v 0.008828 -0.091388 -0.017250
v 0.437442 -0.091388 -0.017250
v 0.168399 0.877166 -0.015394
v 0.277871 0.877166 -0.015394
v 0.051504 0.873456 -0.015394
v 0.394766 0.873456 -0.015394
v -0.271347 0.288983 -0.015394
v 0.717617 0.288983 -0.015394
v 0.151699 -0.314044 -0.015394
v 0.294571 -0.314044 -0.015394
v 0.092324 0.333514 -0.015394
v 0.353946 0.333514 -0.015394
v 0.107168 0.301971 -0.015394
v 0.339102 0.301971 -0.015394
v -0.269492 0.435565 -0.015394
v 0.715762 0.435565 -0.015394
v 0.077481 0.417010 -0.015394
v 0.368789 0.417010 -0.015394
v -0.293613 0.251874 -0.015394
v 0.739883 0.251874 -0.015394
v -0.263926 0.378045 -0.015394
v 0.710195 0.378045 -0.015394
v 0.099746 0.339081 -0.015394
v 0.346524 0.339081 -0.015394
v 0.055215 0.836346 -0.015394
v 0.391055 0.836346 -0.015394
v 0.155410 0.812225 -0.015394
v 0.290860 0.812225 -0.015394
v -0.046836 -0.711115 -0.013539
v 0.493106 -0.711115 -0.013539
v 0.010684 -0.141486 -0.013539
v 0.435586 -0.141486 -0.013539
v 0.001406 -0.128498 -0.013539
v 0.444864 -0.128498 -0.013539
v 0.003262 -0.115509 -0.013539
v 0.443008 -0.115509 -0.013539
v 0.008828 -0.083966 -0.013539
v 0.437442 -0.083966 -0.013539
v -0.230527 0.426288 -0.013539
v 0.676797 0.426288 -0.013539
v 0.168399 -0.128498 -0.013539
v 0.277871 -0.128498 -0.013539
v -0.345566 0.109002 -0.013539
v 0.791836 0.109002 -0.013539
v 0.019961 0.224042 -0.013539
v 0.426309 0.224042 -0.013539
v -0.180429 0.506073 -0.013539
v 0.626699 0.506073 -0.013539
v 0.172110 0.840057 -0.013539
v 0.274160 0.840057 -0.013539
v -0.046836 0.062616 -0.013539
v 0.493106 0.062616 -0.013539
v -0.044980 0.708319 -0.013539
v 0.491250 0.708319 -0.013539
v 0.168399 0.754706 -0.013539
v 0.277871 0.754706 -0.013539
v 0.114590 0.331659 -0.013539
v 0.331680 0.331659 -0.013539
v 0.151699 0.860467 -0.013539
v 0.294571 0.860467 -0.013539
v 0.068203 -0.026447 -0.013539
v 0.378067 -0.026447 -0.013539
v 0.192520 -0.061701 -0.013539
v 0.253750 -0.061701 -0.013539
v -0.338144 0.172088 -0.013539
v 0.784414 0.172088 -0.013539
v 0.185098 -0.054279 -0.011683
v 0.261172 -0.054279 -0.011683
v 0.157266 0.854901 -0.011683
v 0.289004 0.854901 -0.011683
v 0.105313 0.361346 -0.011683
v 0.340957 0.361346 -0.011683
v 0.162832 0.838202 -0.011683
v 0.283438 0.838202 -0.011683
v -0.043125 0.791815 -0.011683
v 0.489395 0.791815 -0.011683
v 0.173965 -0.052423 -0.011683
v 0.272305 -0.052423 -0.011683
v 0.075625 0.802948 -0.011683
v 0.370645 0.802948 -0.011683
v -0.239804 0.340936 -0.011683
v 0.686074 0.340936 -0.011683
v 0.090469 0.405877 -0.011683
v 0.355801 0.405877 -0.011683
v 0.196231 -0.019025 -0.011683
v 0.250039 -0.019025 -0.011683
v 0.114590 0.782538 -0.011683
v 0.331680 0.782538 -0.011683
v -0.082090 0.773260 -0.011683
v 0.528360 0.773260 -0.011683
v 0.101602 0.788104 -0.011683
v 0.344668 0.788104 -0.011683
v -0.185996 0.526483 -0.011683
v 0.632266 0.526483 -0.011683
v 0.188809 -0.009748 -0.011683
v 0.257461 -0.009748 -0.011683
v 0.175821 0.736151 -0.011683
v 0.270449 0.736151 -0.011683
v -0.314023 0.214764 -0.011683
v 0.760293 0.214764 -0.011683
v 0.151699 1.020038 -0.011683
v 0.294571 1.020038 -0.011683
v -0.000449 -0.378986 -0.009828
v 0.446719 -0.378986 -0.009828
v 0.116446 0.776971 -0.009828
v 0.329824 0.776971 -0.009828
v -0.347422 0.081170 -0.009828
v 0.793692 0.081170 -0.009828
v 0.103457 -0.391974 -0.009828
v 0.342813 -0.391974 -0.009828
v 0.112735 -0.347443 -0.009828
v 0.333535 -0.347443 -0.009828
v -0.319590 0.207342 -0.009828
v 0.765860 0.207342 -0.009828
v -0.193418 0.413299 -0.009828
v 0.639688 0.413299 -0.009828
v 0.005117 -0.659162 -0.009828
v 0.441153 -0.659162 -0.009828
v -0.037558 -0.718537 -0.009828
v 0.483828 -0.718537 -0.009828
v 0.016250 0.240741 -0.007972
v 0.430020 0.240741 -0.007972
v 0.207363 0.045917 -0.007972
v 0.238907 0.045917 -0.007972
v -0.312168 0.142401 -0.007972
v 0.758438 0.142401 -0.007972
v -0.345566 0.155389 -0.007972
v 0.791836 0.155389 -0.007972
v 0.031094 -0.026447 -0.007972
v 0.415176 -0.026447 -0.007972
v -0.219394 0.188788 -0.007972
v 0.665664 0.188788 -0.007972
v 0.055215 -0.828009 -0.007972
v 0.391055 -0.828009 -0.007972
v 0.053360 -0.742658 -0.007972
v 0.392910 -0.742658 -0.007972
v -0.006015 -0.325177 -0.007972
v 0.452285 -0.325177 -0.007972
v 0.175821 0.738006 -0.007972
v 0.270449 0.738006 -0.007972
v 0.090469 0.684198 -0.007972
v 0.355801 0.684198 -0.007972
v -0.328867 0.224042 -0.007972
v 0.775137 0.224042 -0.007972
v -0.347422 0.147967 -0.007972
v 0.793692 0.147967 -0.007972
v -0.317734 0.133124 -0.007972
v 0.764004 0.133124 -0.007972
v 0.218496 0.101581 -0.007972
v 0.227774 0.101581 -0.007972
v -0.345566 0.057049 -0.006117
v 0.791836 0.057049 -0.006117
v -0.134043 0.530194 -0.006117
v 0.580313 0.530194 -0.006117
v -0.067246 0.543182 -0.006117
v 0.513516 0.543182 -0.006117
v 0.162832 0.823358 -0.006117
v 0.283438 0.823358 -0.006117
v 0.224063 0.116424 -0.006117
v -0.228672 0.183221 -0.006117
v 0.674942 0.183221 -0.006117
v -0.152597 0.448553 -0.006117
v 0.598867 0.448553 -0.006117
v -0.130332 0.363202 -0.006117
v 0.576602 0.363202 -0.006117
v -0.327011 0.188788 -0.006117
v 0.773282 0.188788 -0.006117
v 0.140567 0.771405 -0.006117
v 0.305703 0.771405 -0.006117
v 0.135000 0.767694 -0.006117
v 0.311270 0.767694 -0.006117
v -0.249082 0.344647 -0.006117
v 0.695352 0.344647 -0.006117
v 0.023672 -0.250958 -0.004261
v 0.422598 -0.250958 -0.004261
v -0.082090 0.513495 -0.004261
v 0.528360 0.513495 -0.004261
v 0.019961 0.075604 -0.004261
v 0.426309 0.075604 -0.004261
v 0.034805 0.077459 -0.004261
v 0.411465 0.077459 -0.004261
v -0.198984 0.420721 -0.004261
v 0.645254 0.420721 -0.004261
v -0.115488 0.493084 -0.004261
v 0.561758 0.493084 -0.004261
v -0.050547 0.799237 -0.004261
v 0.496817 0.799237 -0.004261
v 0.125723 0.938397 -0.004261
v 0.320547 0.938397 -0.004261
v 0.142422 0.977362 -0.004261
v 0.303848 0.977362 -0.004261
v -0.234238 0.188788 -0.004261
v 0.680508 0.188788 -0.004261
v -0.356699 0.120135 -0.004261
v 0.802969 0.120135 -0.004261
v -0.189707 0.418866 -0.004261
v 0.635977 0.418866 -0.004261
v -0.336289 0.105291 -0.004261
v 0.782559 0.105291 -0.004261
v 0.019961 -0.571955 -0.002406
v 0.426309 -0.571955 -0.002406
v -0.245371 0.400311 -0.002406
v 0.691641 0.400311 -0.002406
v 0.008828 -0.635041 -0.002406
v 0.437442 -0.635041 -0.002406
v 0.044082 0.086737 -0.002406
v 0.402188 0.086737 -0.002406
v -0.358554 0.112713 -0.002406
v 0.804824 0.112713 -0.002406
v 0.224063 0.656366 -0.002406
v -0.173008 0.435565 -0.002406
v 0.619278 0.435565 -0.002406
v -0.017148 0.149823 -0.002406
v 0.463418 0.149823 -0.002406
v 0.016250 0.159100 -0.002406
v 0.430020 0.159100 -0.002406
v 0.018106 0.224042 -0.002406
v 0.428164 0.224042 -0.002406
v 0.014395 0.240741 -0.002406
v 0.431875 0.240741 -0.002406
v 0.031094 0.288983 -0.002406
v 0.415176 0.288983 -0.002406
v 0.079336 0.301971 -0.002406
v 0.366934 0.301971 -0.002406
v 0.103457 0.309393 -0.002406
v 0.342813 0.309393 -0.002406
v 0.062637 0.335370 -0.002406
v 0.383633 0.335370 -0.002406
v 0.073770 0.340936 -0.002406
v 0.372500 0.340936 -0.002406
v -0.113633 0.376190 -0.002406
v 0.559903 0.376190 -0.002406
v -0.358554 0.107147 -0.002406
v 0.804824 0.107147 -0.002406
v -0.345566 0.155389 -0.002406
v 0.791836 0.155389 -0.002406
v 0.224063 0.906854 -0.002406
v -0.115488 0.582147 -0.002406
v 0.561758 0.582147 -0.002406
v 0.120156 -0.247248 -0.002406
v 0.326114 -0.247248 -0.002406
v -0.345566 0.177655 -0.002406
v 0.791836 0.177655 -0.002406
v 0.032949 0.121991 -0.002406
v 0.413320 0.121991 -0.002406
v -0.002304 0.036639 -0.002406
v 0.448574 0.036639 -0.002406
v 0.044082 0.123846 -0.002406
v 0.402188 0.123846 -0.002406
v 0.118301 -0.269513 -0.002406
v 0.327969 -0.269513 -0.002406
v 0.031094 -0.234259 -0.002406
v 0.415176 -0.234259 -0.002406
v -0.343711 0.051483 -0.000550
v 0.789981 0.051483 -0.000550
v 0.133145 0.752850 -0.000550
v 0.313125 0.752850 -0.000550
v -0.082090 0.546893 -0.000550
v 0.528360 0.546893 -0.000550
v -0.265781 0.160956 -0.000550
v 0.712051 0.160956 -0.000550
v 0.224063 0.916131 -0.000550
v 0.110879 0.901288 -0.000550
v 0.335391 0.901288 -0.000550
v 0.010684 -0.341876 -0.000550
v 0.435586 -0.341876 -0.000550
v -0.338144 0.081170 -0.000550
v -0.358554 0.079315 -0.000550
v 0.804824 0.079315 -0.000550
v 0.426309 -0.147052 -0.000550
v 0.784414 0.081170 -0.000550
v -0.139609 0.546893 0.001305
v 0.585879 0.546893 0.001305
v 0.147989 -0.282501 0.001305
v 0.298281 -0.282501 0.001305
v -0.352988 0.053338 0.001305
v 0.799258 0.053338 0.001305
v -0.338144 0.058905 0.001305
v 0.784414 0.058905 0.001305
v 0.224063 0.917987 0.001305
v -0.126621 0.498651 0.001305
v 0.572891 0.498651 0.001305
v 0.129434 0.691620 0.001305
v 0.316836 0.691620 0.001305
v 0.112735 0.943963 0.001305
v 0.333535 0.943963 0.001305
v -0.011582 -0.636896 0.001305
v 0.457852 -0.636896 0.001305
v 0.160977 0.797381 0.001305
v 0.285293 0.797381 0.001305
v -0.011582 -0.256525 0.001305
v 0.457852 -0.256525 0.001305
v 0.019961 -0.147052 0.001305
v -0.128476 0.647088 0.003161
v 0.574746 0.647088 0.003161
v 0.149844 -0.167462 0.003161
v 0.296426 -0.167462 0.003161
v -0.148886 0.335370 0.003161
v 0.595156 0.335370 0.003161
v -0.260215 0.157245 0.003161
v 0.706485 0.157245 0.003161
v 0.118301 -0.351154 0.003161
v 0.327969 -0.351154 0.003161
v 0.044082 -0.724103 0.003161
v 0.402188 -0.724103 0.003161
v 0.058926 0.181366 0.003161
v 0.387344 0.181366 0.003161
v -0.089512 0.634100 0.003161
v 0.535781 0.634100 0.003161
v -0.234238 0.162811 0.003161
v 0.680508 0.162811 0.003161
v 0.211074 0.906854 0.003161
v 0.235196 0.906854 0.003161
v 0.155410 0.776971 0.003161
v 0.290860 0.776971 0.003161
v 0.127578 0.849334 0.003161
v 0.318692 0.849334 0.003161
v 0.010684 -0.247248 0.003161
v 0.435586 -0.247248 0.003161
v 0.049649 -0.712970 0.003161
v 0.396621 -0.712970 0.003161
v -0.217539 0.255584 0.003161
v 0.663809 0.255584 0.003161
v 0.110879 0.867889 0.003161
v 0.335391 0.867889 0.003161
v 0.012539 -0.312189 0.003161
v 0.433731 -0.312189 0.003161
v 0.116446 0.756561 0.003161
v 0.329824 0.756561 0.003161
v 0.016250 0.240741 0.003161
v 0.430020 0.240741 0.003161
v 0.211074 0.916131 0.003161
v 0.235196 0.916131 0.003161
v 0.038516 -0.455060 0.003161
v 0.407754 -0.455060 0.003161
v 0.164688 0.873456 0.003161
v 0.281582 0.873456 0.003161
v -0.152597 0.396600 0.003161
v 0.598867 0.396600 0.003161
v 0.131289 -0.250958 0.005016
v 0.314981 -0.250958 0.005016
v -0.056113 0.552459 0.005016
v 0.502383 0.552459 0.005016
v 0.183242 0.725018 0.005016
v 0.263028 0.725018 0.005016
v 0.075625 0.745428 0.005016
v 0.370645 0.745428 0.005016
v 0.160977 0.877166 0.005016
v 0.285293 0.877166 0.005016
v 0.133145 -0.206427 0.005016
v 0.313125 -0.206427 0.005016
v 0.109024 -0.323322 0.005016
v 0.337246 -0.323322 0.005016
v 0.212930 0.917987 0.005016
v 0.233340 0.917987 0.005016
v 0.129434 -0.267658 0.005016
v 0.316836 -0.267658 0.005016
v 0.090469 -0.358576 0.005016
v 0.355801 -0.358576 0.005016
v -0.334433 0.172088 0.005016
v 0.780703 0.172088 0.005016
v -0.054258 0.428143 0.006872
v 0.500528 0.428143 0.006872
v 0.131289 0.853045 0.006872
v 0.314981 0.853045 0.006872
v -0.208261 0.365057 0.006872
v 0.654531 0.365057 0.006872
v 0.018106 -0.232404 0.006872
v 0.428164 -0.232404 0.006872
v 0.103457 0.264862 0.006872
v 0.342813 0.264862 0.006872
v -0.019004 -0.662873 0.006872
v 0.465274 -0.662873 0.006872
v -0.340000 0.155389 0.006872
v 0.786270 0.155389 0.006872
v -0.341855 0.051483 0.006872
v 0.788125 0.051483 0.006872
v 0.086758 0.906854 0.006872
v 0.359512 0.906854 0.006872
v -0.343711 0.147967 0.006872
v 0.789981 0.147967 0.006872
v -0.031992 0.468963 0.006872
v 0.478262 0.468963 0.006872
v -0.247226 0.275995 0.006872
v 0.693496 0.275995 0.006872
v 0.088614 0.741717 0.006872
v 0.357656 0.741717 0.006872
v -0.132187 0.344647 0.006872
v 0.578457 0.344647 0.006872
v 0.194375 0.708319 0.006872
v 0.251895 0.708319 0.006872
v 0.292715 -0.169318 0.006872
v -0.352988 0.120135 0.006872
v 0.799258 0.120135 0.006872
v 0.159121 0.867889 0.006872
v 0.287149 0.867889 0.006872
v 0.172110 0.880877 0.006872
v 0.274160 0.880877 0.006872
v 0.027383 -0.635041 0.008727
v 0.418887 -0.635041 0.008727
v -0.046836 0.062616 0.008727
v 0.493106 0.062616 0.008727
v -0.013437 0.468963 0.008727
v 0.459707 0.468963 0.008727
v 0.155410 0.871600 0.008727
v 0.290860 0.871600 0.008727
v 0.166543 0.884588 0.008727
v 0.279727 0.884588 0.008727
v 0.164688 0.773260 0.008727
v 0.281582 0.773260 0.008727
v -0.236094 0.231463 0.008727
v 0.682363 0.231463 0.008727
v -0.134043 0.656366 0.008727
v 0.580313 0.656366 0.008727
v -0.356699 0.114569 0.008727
v 0.802969 0.114569 0.008727
v -0.321445 0.144256 0.008727
v 0.767715 0.144256 0.008727
v -0.351133 0.053338 0.008727
v 0.797403 0.053338 0.008727
v 0.019961 0.224042 0.008727
v 0.426309 0.224042 0.008727
v 0.153555 0.849334 0.008727
v 0.292715 0.849334 0.008727
v 0.042227 0.706463 0.008727
v 0.404043 0.706463 0.008727
v -0.356699 0.107147 0.008727
v 0.802969 0.107147 0.008727
v 0.021817 -0.273224 0.008727
v 0.424453 -0.273224 0.008727
v -0.325156 0.136835 0.008727
v 0.771426 0.136835 0.008727
v -0.269492 0.246307 0.008727
v 0.715762 0.246307 0.008727
v 0.157266 0.877166 0.008727
v 0.289004 0.877166 0.008727
v 0.012539 -0.353009 0.008727
v 0.433731 -0.353009 0.008727
v 0.194375 0.715741 0.010582
v 0.251895 0.715741 0.010582
v 0.192520 0.678631 0.010582
v 0.253750 0.678631 0.010582
v -0.354843 0.079315 0.010582
v 0.801114 0.079315 0.010582
v 0.031094 -0.503302 0.010582
v 0.415176 -0.503302 0.010582
v 0.118301 -0.236115 0.010582
v 0.327969 -0.236115 0.010582
v 0.149844 0.854901 0.010582
v 0.296426 0.854901 0.010582
v 0.309414 -0.206427 0.010582
v 0.116446 0.797381 0.010582
v 0.329824 0.797381 0.010582
v 0.019961 -0.074689 0.010582
v 0.426309 -0.074689 0.010582
v -0.319590 0.144256 0.012438
v 0.765860 0.144256 0.012438
v -0.340000 0.110858 0.012438
v 0.786270 0.110858 0.012438
v 0.788125 0.058905 0.012438
v -0.341855 0.057049 0.012438
v 0.110879 -0.284357 0.012438
v 0.335391 -0.284357 0.012438
v -0.215683 0.370624 0.012438
v 0.661953 0.370624 0.012438
v 0.031094 0.263006 0.012438
v 0.415176 0.263006 0.012438
v 0.172110 0.749139 0.012438
v 0.274160 0.749139 0.012438
v -0.321445 0.136835 0.012438
v 0.767715 0.136835 0.012438
v 0.077481 0.873456 0.012438
v 0.368789 0.873456 0.012438
v -0.057968 0.489374 0.014293
v 0.504239 0.489374 0.014293
v 0.038516 -0.362287 0.014293
v 0.407754 -0.362287 0.014293
v 0.788125 0.081170 0.014293
v -0.341855 0.081170 0.014293
v -0.237949 0.194354 0.014293
v 0.684219 0.194354 0.014293
v 0.090469 -0.373419 0.014293
v 0.355801 -0.373419 0.014293
v 0.164688 0.884588 0.014293
v 0.281582 0.884588 0.014293
v 0.038516 -0.449494 0.014293
v 0.407754 -0.449494 0.014293
v -0.013437 0.493084 0.014293
v 0.459707 0.493084 0.014293
v -0.050547 0.418866 0.014293
v 0.496817 0.418866 0.014293
v 0.027383 -0.662873 0.014293
v 0.418887 -0.662873 0.014293
v -0.007871 -0.319611 0.014293
v 0.454141 -0.319611 0.014293
v -0.033847 0.606268 0.014293
v 0.480117 0.606268 0.014293
v -0.031992 0.012518 0.014293
v 0.478262 0.012518 0.014293
v 0.027383 -0.219416 0.014293
v 0.418887 -0.219416 0.014293
v 0.205508 0.906854 0.014293
v 0.240762 0.906854 0.014293
v 0.207363 0.916131 0.014293
v 0.238907 0.916131 0.014293
v 0.224063 0.969940 0.014293
v 0.029239 -0.234259 0.016149
v 0.417031 -0.234259 0.016149
v 0.047793 -0.302912 0.016149
v 0.398477 -0.302912 0.016149
v 0.196231 0.713885 0.016149
v 0.250039 0.713885 0.016149
v -0.134043 0.415155 0.016149
v 0.580313 0.415155 0.016149
v -0.013437 0.457831 0.016149
v 0.459707 0.457831 0.016149
v 0.081192 -0.308478 0.016149
v 0.365078 -0.308478 0.016149
v -0.241660 0.123846 0.016149
v 0.687930 0.123846 0.016149
v 0.144278 0.828924 0.016149
v 0.301992 0.828924 0.016149
v 0.016250 -0.135919 0.016149
v 0.430020 -0.135919 0.016149
v 0.094180 0.832635 0.016149
v 0.352090 0.832635 0.016149
v -0.020859 -0.698126 0.016149
v 0.467129 -0.698126 0.016149
v -0.254648 0.125702 0.016149
v 0.700918 0.125702 0.016149
v 0.064492 -0.375275 0.016149
v 0.381778 -0.375275 0.016149
v 0.162832 0.845624 0.016149
v 0.283438 0.845624 0.016149
v 0.120156 0.791815 0.016149
v 0.326114 0.791815 0.016149
v 0.122012 0.825213 0.016149
v 0.324258 0.825213 0.016149
v 0.157266 0.864178 0.016149
v 0.289004 0.864178 0.016149
v 0.153555 0.869745 0.016149
v 0.292715 0.869745 0.016149
v 0.173965 0.884588 0.016149
v 0.272305 0.884588 0.016149
v 0.170254 0.886444 0.016149
v 0.276016 0.886444 0.016149
v 0.136856 0.899432 0.016149
v 0.309414 0.899432 0.016149
v 0.125723 -0.343732 0.018004
v 0.320547 -0.343732 0.018004
v -0.072812 0.539471 0.018004
v 0.519082 0.539471 0.018004
v 0.094180 -0.301056 0.018004
v 0.352090 -0.301056 0.018004
v -0.026426 -0.685138 0.018004
v 0.472696 -0.685138 0.018004
v 0.114590 -0.247248 0.018004
v 0.331680 -0.247248 0.018004
v 0.036660 -0.295490 0.018004
v 0.409610 -0.295490 0.018004
v 0.071914 0.331659 0.018004
v 0.374356 0.331659 0.018004
v -0.171152 0.372479 0.018004
v 0.617422 0.372479 0.018004
v -0.245371 0.101581 0.018004
v 0.691641 0.101581 0.018004
v -0.037558 0.524627 0.018004
v 0.483828 0.524627 0.018004
v -0.330722 0.109002 0.018004
v 0.776992 0.109002 0.018004
v -0.096933 0.697186 0.018004
v 0.543203 0.697186 0.018004
v 0.322403 -0.236115 0.018004
v 0.038516 -0.451349 0.018004
v 0.407754 -0.451349 0.018004
v -0.289902 0.211053 0.018004
v 0.736172 0.211053 0.018004
v -0.258359 0.105291 0.019860
v 0.704629 0.105291 0.019860
v -0.304746 0.138690 0.019860
v 0.751016 0.138690 0.019860
v 0.047793 0.305682 0.019860
v 0.398477 0.305682 0.019860
v 0.168399 0.879022 0.019860
v 0.277871 0.879022 0.019860
v 0.155410 0.873456 0.019860
v 0.290860 0.873456 0.019860
v -0.091367 0.457831 0.019860
v 0.537637 0.457831 0.019860
v 0.211074 0.917987 0.019860
v 0.235196 0.917987 0.019860
v 0.036660 -0.384552 0.019860
v 0.409610 -0.384552 0.019860
v 0.083047 0.337225 0.019860
v 0.363223 0.337225 0.019860
v 0.070059 0.715741 0.019860
v 0.376211 0.715741 0.019860
v 0.162832 0.832635 0.019860
v 0.283438 0.832635 0.019860
v -0.306601 0.133124 0.019860
v 0.752871 0.133124 0.019860
v 0.025528 -0.384552 0.019860
v 0.420742 -0.384552 0.019860
v 0.164688 0.739862 0.019860
v 0.281582 0.739862 0.019860
v -0.271347 0.164667 0.021715
v 0.717617 0.164667 0.021715
v 0.185098 0.892010 0.021715
v 0.261172 0.892010 0.021715
v 0.005117 0.641522 0.021715
v 0.441153 0.641522 0.021715
v 0.062637 -0.397541 0.021715
v 0.383633 -0.397541 0.021715
v 0.027383 -0.171173 0.021715
v 0.418887 -0.171173 0.021715
v 0.042227 0.650799 0.021715
v 0.404043 0.650799 0.021715
v 0.044082 0.250018 0.021715
v 0.402188 0.250018 0.021715
v -0.265781 0.160956 0.021715
v 0.712051 0.160956 0.021715
v 0.071914 -0.399396 0.021715
v 0.374356 -0.399396 0.021715
v -0.332578 0.086737 0.021715
v 0.778848 0.086737 0.021715
v 0.027383 -0.199005 0.021715
v 0.418887 -0.199005 0.021715
v -0.284336 0.159100 0.021715
v 0.730606 0.159100 0.021715
v 0.181387 0.726874 0.021715
v 0.264883 0.726874 0.021715
v 0.155410 0.739862 0.021715
v 0.290860 0.739862 0.021715
v 0.186953 0.901288 0.021715
v 0.259317 0.901288 0.021715
v -0.160019 0.391034 0.021715
v 0.606289 0.391034 0.021715
v -0.325156 0.170233 0.021715
v 0.771426 0.170233 0.021715
v 0.040371 -0.304767 0.021715
v 0.405899 -0.304767 0.021715
v 0.147989 0.799237 0.021715
v 0.298281 0.799237 0.021715
v -0.260215 0.201776 0.021715
v 0.706485 0.201776 0.021715
v -0.330722 0.155389 0.021715
v 0.776992 0.155389 0.021715
v 0.164688 0.882733 0.023571
v 0.281582 0.882733 0.023571
v 0.224063 0.700897 0.023571
v 0.125723 0.825213 0.023571
v 0.320547 0.825213 0.023571
v 0.144278 0.788104 0.023571
v 0.301992 0.788104 0.023571
v 0.086758 -0.312189 0.023571
v 0.359512 -0.312189 0.023571
v -0.256504 0.092303 0.023571
v 0.702774 0.092303 0.023571
v -0.232383 0.170233 0.023571
v 0.678653 0.170233 0.023571
v -0.247226 0.090448 0.023571
v 0.693496 0.090448 0.023571
v 0.224063 0.912420 0.023571
v 0.023672 -0.111798 0.023571
v 0.417031 -0.111798 0.023571
v -0.332578 0.147967 0.023571
v 0.778848 0.147967 0.023571
v 0.049649 -0.384552 0.023571
v 0.396621 -0.384552 0.023571
v -0.328867 0.064471 0.023571
v 0.775137 0.064471 0.023571
v -0.041269 0.741717 0.023571
v 0.487539 0.741717 0.023571
v 0.019961 -0.113654 0.023571
v 0.424453 -0.113654 0.023571
v 0.044082 -0.328888 0.023571
v 0.402188 -0.328888 0.023571
v 0.146133 -0.176740 0.023571
v 0.300137 -0.176740 0.023571
v -0.310312 0.185077 0.023571
v 0.756582 0.185077 0.023571
v 0.018106 -0.698126 0.025426
v 0.428164 -0.698126 0.025426
v 0.044082 0.660077 0.025426
v 0.402188 0.660077 0.025426
v 0.211074 0.706463 0.025426
v 0.235196 0.706463 0.025426
v 0.224063 0.704608 0.025426
v -0.241660 0.192499 0.025426
v 0.687930 0.192499 0.025426
v -0.286191 0.207342 0.025426
v 0.732461 0.207342 0.025426
v 0.155410 0.871600 0.025426
v 0.290860 0.871600 0.025426
v 0.166543 0.884588 0.025426
v 0.279727 0.884588 0.025426
v 0.159121 0.879022 0.025426
v 0.287149 0.879022 0.025426
v -0.319590 0.109002 0.025426
v 0.765860 0.109002 0.025426
v 0.010684 0.524627 0.025426
v 0.435586 0.524627 0.025426
v 0.062637 -0.325177 0.025426
v 0.383633 -0.325177 0.025426
v -0.044980 0.506073 0.025426
v 0.491250 0.506073 0.025426
v 0.159121 0.867889 0.025426
v 0.287149 0.867889 0.025426
v 0.172110 0.880877 0.025426
v 0.274160 0.880877 0.025426
v 0.138711 0.788104 0.025426
v 0.307559 0.788104 0.025426
v 0.224063 0.706463 0.027282
v 0.314981 -0.174884 0.027282
v 0.211074 0.916131 0.027282
v 0.235196 0.916131 0.027282
v 0.159121 0.825213 0.027282
v 0.287149 0.825213 0.027282
v -0.328867 0.060760 0.027282
v 0.775137 0.060760 0.027282
v 0.071914 -0.338166 0.027282
v 0.374356 -0.338166 0.027282
v 0.027383 -0.410529 0.027282
v 0.418887 -0.410529 0.027282
v 0.062637 -0.416095 0.027282
v 0.383633 -0.416095 0.027282
v 0.340957 -0.226837 0.027282
v 0.164688 0.814081 0.027282
v 0.281582 0.814081 0.027282
v 0.147989 -0.139630 0.027282
v 0.211074 0.906854 0.027282
v 0.235196 0.906854 0.027282
v -0.262070 0.133124 0.027282
v 0.708340 0.133124 0.027282
v -0.237949 0.127557 0.027282
v 0.684219 0.127557 0.027282
v 0.224063 0.671210 0.027282
v 0.149844 0.821502 0.027282
v 0.296426 0.821502 0.027282
v 0.019961 -0.043146 0.027282
v 0.012539 -0.351154 0.027282
v 0.433731 -0.351154 0.027282
v 0.027383 -0.685138 0.027282
v 0.418887 -0.685138 0.027282
v 0.326114 -0.197150 0.027282
v -0.000449 -0.701837 0.027282
v 0.446719 -0.701837 0.027282
v -0.323301 0.086737 0.027282
v 0.769571 0.086737 0.027282
v -0.237949 0.120135 0.027282
v 0.684219 0.120135 0.027282
v -0.263926 0.125702 0.029137
v 0.710195 0.125702 0.029137
v -0.243515 0.101581 0.029137
v 0.689785 0.101581 0.029137
v -0.323301 0.066327 0.029137
v 0.769571 0.066327 0.029137
v 0.129434 -0.202716 0.029137
v 0.316836 -0.202716 0.029137
v 0.160977 0.877166 0.029137
v 0.285293 0.877166 0.029137
v -0.340000 0.120135 0.029137
v 0.786270 0.120135 0.029137
v -0.080234 0.554315 0.029137
v 0.526504 0.554315 0.029137
v 0.131289 -0.176740 0.029137
v -0.263926 0.103436 0.029137
v 0.710195 0.103436 0.029137
v 0.224063 0.917987 0.029137
v 0.016250 -0.087677 0.029137
v 0.430020 -0.087677 0.029137
v -0.341855 0.114569 0.029137
v 0.788125 0.114569 0.029137
v 0.092324 -0.371564 0.029137
v 0.353946 -0.371564 0.029137
v -0.336289 0.062616 0.029137
v 0.782559 0.062616 0.029137
v 0.164688 0.873456 0.029137
v 0.281582 0.873456 0.029137
v -0.234238 0.199920 0.029137
v 0.680508 0.199920 0.029137
v -0.254648 0.086737 0.029137
v 0.700918 0.086737 0.029137
v 0.031094 -0.291779 0.029137
v 0.415176 -0.291779 0.029137
v 0.120156 -0.199005 0.030993
v -0.247226 0.090448 0.030993
v 0.693496 0.090448 0.030993
v -0.341855 0.107147 0.030993
v 0.788125 0.107147 0.030993
v -0.286191 0.218475 0.030993
v 0.732461 0.218475 0.030993
v -0.015293 0.090448 0.030993
v 0.461563 0.090448 0.030993
v 0.099746 -0.302912 0.030993
v 0.346524 -0.302912 0.030993
v -0.341855 0.086737 0.030993
v 0.788125 0.086737 0.030993
v -0.262070 0.090448 0.030993
v 0.708340 0.090448 0.030993
v 0.116446 -0.230548 0.030993
v 0.329824 -0.230548 0.030993
v 0.224063 0.916131 0.030993
v 0.023672 -0.384552 0.030993
v 0.422598 -0.384552 0.030993
v 0.144278 0.823358 0.030993
v 0.301992 0.823358 0.030993
v -0.269492 0.181366 0.032848
v 0.715762 0.181366 0.032848
v 0.071914 -0.397541 0.032848
v 0.374356 -0.397541 0.032848
v 0.224063 0.906854 0.032848
v 0.107168 -0.226837 0.032848
v 0.164688 0.795526 0.032848
v 0.281582 0.795526 0.032848
v 0.175821 0.647088 0.032848
v 0.270449 0.647088 0.032848
v 0.092324 0.667499 0.032848
v 0.353946 0.667499 0.032848
v 0.031094 -0.199005 0.032848
v 0.415176 -0.199005 0.032848
v -0.327011 0.153534 0.032848
v 0.773282 0.153534 0.032848
v 0.192520 0.713885 0.032848
v 0.253750 0.713885 0.032848
v -0.325156 0.060760 0.032848
v 0.771426 0.060760 0.032848
v -0.098789 0.454120 0.032848
v 0.545059 0.454120 0.032848
v -0.249082 0.173944 0.034704
v 0.695352 0.173944 0.034704
v -0.050547 0.745428 0.034704
v 0.496817 0.745428 0.034704
v -0.080234 0.635956 0.034704
v 0.526504 0.635956 0.034704
v 0.042227 -0.199005 0.034704
v 0.404043 -0.199005 0.034704
v 0.006973 0.127557 0.034704
v 0.439297 0.127557 0.034704
v 0.086758 0.298260 0.034704
v 0.359512 0.298260 0.034704
v -0.011582 0.565448 0.034704
v 0.457852 0.565448 0.034704
v 0.298281 -0.139630 0.034704
v -0.291758 0.170233 0.034704
v 0.738028 0.170233 0.034704
v -0.249082 0.136835 0.034704
v 0.695352 0.136835 0.034704
v 0.314981 -0.158185 0.034704
v 0.058926 -0.395685 0.036559
v 0.387344 -0.395685 0.036559
v 0.109024 0.296405 0.036559
v 0.337246 0.296405 0.036559
v -0.252793 0.103436 0.036559
v 0.699063 0.103436 0.036559
v -0.325156 0.173944 0.036559
v 0.771426 0.173944 0.036559
v 0.420742 -0.043146 0.036559
v -0.312168 0.168377 0.036559
v 0.758438 0.168377 0.036559
v -0.254648 0.090448 0.036559
v 0.700918 0.090448 0.036559
v 0.060781 -0.317755 0.036559
v 0.385488 -0.317755 0.036559
v 0.118301 -0.319611 0.036559
v 0.327969 -0.319611 0.036559
v 0.058926 0.277850 0.036559
v 0.387344 0.277850 0.036559
v 0.036660 -0.093244 0.036559
v 0.409610 -0.093244 0.036559
v 0.040371 -0.384552 0.036559
v 0.405899 -0.384552 0.036559
v 0.075625 0.309393 0.036559
v 0.370645 0.309393 0.036559
v -0.250937 0.121991 0.036559
v 0.697207 0.121991 0.036559
v -0.321445 0.153534 0.036559
v 0.767715 0.153534 0.036559
v 0.166543 0.773260 0.036559
v 0.279727 0.773260 0.036559
v 0.003262 -0.302912 0.036559
v 0.443008 -0.302912 0.036559
v -0.332578 0.062616 0.036559
v 0.778848 0.062616 0.036559
v 0.109024 0.305682 0.038414
v 0.337246 0.305682 0.038414
v -0.323301 0.146112 0.038414
v 0.769571 0.146112 0.038414
v 0.114590 0.322381 0.038414
v 0.331680 0.322381 0.038414
v 0.175821 0.750995 0.038414
v 0.270449 0.750995 0.038414
v -0.249082 0.129413 0.038414
v 0.695352 0.129413 0.038414
v -0.002304 0.036639 0.038414
v 0.448574 0.036639 0.038414
v 0.133145 -0.158185 0.038414
v 0.068203 -0.397541 0.038414
v 0.378067 -0.397541 0.038414
v -0.052402 0.502362 0.038414
v 0.498672 0.502362 0.038414
v 0.032949 0.541327 0.038414
v 0.413320 0.541327 0.038414
v -0.323301 0.064471 0.038414
v 0.769571 0.064471 0.038414
v 0.031094 -0.167462 0.038414
v 0.415176 -0.167462 0.038414
v 0.044082 -0.341876 0.038414
v 0.402188 -0.341876 0.038414
v -0.306601 0.147967 0.038414
v 0.752871 0.147967 0.038414
v 0.029239 -0.384552 0.040270
v 0.417031 -0.384552 0.040270
v -0.310312 0.140545 0.040270
v 0.756582 0.140545 0.040270
v 0.146133 -0.150763 0.040270
v 0.300137 -0.150763 0.040270
v 0.185098 0.732440 0.040270
v 0.261172 0.732440 0.040270
v 0.066348 -0.354865 0.040270
v 0.379922 -0.354865 0.040270
v -0.334433 0.120135 0.040270
v 0.780703 0.120135 0.040270
v 0.157266 0.736151 0.040270
v 0.289004 0.736151 0.040270
v -0.050547 0.658221 0.040270
v 0.496817 0.658221 0.040270
v 0.001406 0.660077 0.040270
v 0.444864 0.660077 0.040270
v -0.338144 0.086737 0.040270
v 0.784414 0.086737 0.040270
v 0.099746 0.333514 0.040270
v 0.346524 0.333514 0.040270
v 0.068203 0.268573 0.040270
v 0.378067 0.268573 0.040270
v -0.321445 0.112713 0.040270
v 0.767715 0.112713 0.040270
v 0.090469 0.307538 0.040270
v 0.355801 0.307538 0.040270
v -0.338144 0.107147 0.040270
v 0.784414 0.107147 0.040270
v -0.338144 0.114569 0.040270
v 0.784414 0.114569 0.040270
v -0.323301 0.086737 0.042125
v 0.769571 0.086737 0.042125
v 0.168399 0.849334 0.042125
v 0.277871 0.849334 0.042125
v 0.066348 -0.278791 0.042125
v 0.379922 -0.278791 0.042125
v 0.036660 -0.098810 0.042125
v 0.409610 -0.098810 0.042125
v 0.068203 0.183221 0.042125
v 0.378067 0.183221 0.042125
v 0.147989 -0.124787 0.042125
v 0.298281 -0.124787 0.042125
v 0.090469 0.327948 0.042125
v 0.355801 0.327948 0.042125
v 0.044082 -0.161896 0.043981
v 0.400332 -0.161896 0.043981
v 0.168399 0.802948 0.043981
v 0.277871 0.802948 0.043981
v -0.082090 0.645233 0.043981
v 0.528360 0.645233 0.043981
v 0.021817 -0.345587 0.043981
v 0.424453 -0.345587 0.043981
v 0.109024 0.357635 0.043981
v 0.337246 0.357635 0.043981
v 0.058926 -0.336310 0.043981
v 0.387344 -0.336310 0.043981
v 0.157266 -0.048712 0.043981
v 0.289004 -0.048712 0.043981
v 0.083047 -0.362287 0.043981
v 0.363223 -0.362287 0.043981
v 0.073770 0.669354 0.045836
v 0.372500 0.669354 0.045836
v 0.194375 0.715741 0.045836
v 0.251895 0.715741 0.045836
v 0.032949 0.114569 0.045836
v 0.413320 0.114569 0.045836
v 0.064492 0.721307 0.045836
v 0.381778 0.721307 0.045836
v 0.324258 -0.148908 0.045836
v -0.054258 -0.828009 0.047692
v 0.500528 -0.828009 0.047692
v -0.052402 -0.764923 0.047692
v 0.498672 -0.764923 0.047692
v 0.096035 -0.180451 0.047692
v 0.350235 -0.180451 0.047692
v 0.168399 0.834491 0.047692
v 0.277871 0.834491 0.047692
v 0.016250 0.608123 0.047692
v 0.430020 0.608123 0.047692
v 0.071914 -0.176740 0.047692
v 0.374356 -0.176740 0.047692
v 0.107168 -0.171173 0.047692
v 0.339102 -0.171173 0.047692
v 0.071914 -0.241681 0.047692
v 0.374356 -0.241681 0.047692
v 0.177676 0.647088 0.047692
v 0.268594 0.647088 0.047692
v 0.092324 0.413299 0.049547
v 0.353946 0.413299 0.049547
v 0.173965 0.801092 0.049547
v 0.272305 0.801092 0.049547
v 0.055215 0.502362 0.049547
v 0.391055 0.502362 0.049547
v 0.055215 -0.024591 0.049547
v 0.391055 -0.024591 0.049547
v 0.123867 -0.148908 0.049547
v 0.144278 0.736151 0.049547
v 0.301992 0.736151 0.049547
v 0.077481 0.717596 0.049547
v 0.368789 0.717596 0.049547
v -0.017148 0.533905 0.051403
v 0.463418 0.533905 0.051403
v 0.205508 0.702752 0.051403
v 0.240762 0.702752 0.051403
v 0.057071 -0.128498 0.051403
v 0.389199 -0.128498 0.051403
v 0.051504 -0.111798 0.051403
v 0.394766 -0.111798 0.051403
v 0.224063 0.700897 0.051403
v 0.107168 -0.161896 0.051403
v 0.339102 -0.161896 0.051403
v 0.025528 0.574725 0.051403
v 0.420742 0.574725 0.051403
v 0.162832 -0.052423 0.051403
v 0.283438 -0.052423 0.051403
v 0.112735 -0.150763 0.051403
v 0.333535 -0.150763 0.051403
v 0.012539 0.580291 0.051403
v 0.433731 0.580291 0.051403
v 0.170254 0.815936 0.053258
v 0.276016 0.815936 0.053258
v 0.103457 -0.182306 0.053258
v 0.342813 -0.182306 0.053258
v 0.199942 0.721307 0.053258
v 0.246328 0.721307 0.053258
v 0.190664 0.738006 0.053258
v 0.255606 0.738006 0.053258
v 0.166543 -0.006037 0.053258
v 0.279727 -0.006037 0.053258
v 0.066348 -0.174884 0.053258
v 0.379922 -0.174884 0.053258
v 0.175821 0.793670 0.053258
v 0.270449 0.793670 0.053258
v 0.103457 -0.161896 0.055114
v 0.342813 -0.161896 0.055114
v 0.036660 0.628534 0.055114
v 0.409610 0.628534 0.055114
v 0.186953 0.752850 0.055114
v 0.259317 0.752850 0.055114
v 0.175821 0.802948 0.055114
v 0.270449 0.802948 0.055114
v 0.125723 -0.124787 0.055114
v 0.320547 -0.124787 0.055114
v 0.160977 0.665643 0.055114
v 0.285293 0.665643 0.055114
v -0.056113 0.606268 0.055114
v 0.502383 0.606268 0.055114
v 0.118301 0.259295 0.055114
v 0.327969 0.259295 0.055114
v 0.060781 0.151678 0.055114
v 0.385488 0.151678 0.055114
v 0.194375 0.739862 0.056969
v 0.251895 0.739862 0.056969
v 0.040371 0.641522 0.056969
v 0.405899 0.641522 0.056969
v 0.055215 -0.111798 0.056969
v 0.391055 -0.111798 0.056969
v 0.205508 0.704608 0.056969
v 0.240762 0.704608 0.056969
v 0.170254 -0.059845 0.056969
v 0.276016 -0.059845 0.056969
v 0.172110 -0.013458 0.056969
v 0.274160 -0.013458 0.056969
v 0.177676 0.775116 0.056969
v 0.268594 0.775116 0.056969
v -0.013437 0.695331 0.056969
v 0.459707 0.695331 0.056969
v 0.068203 0.079315 0.058825
v 0.378067 0.079315 0.058825
v 0.058926 -0.119220 0.058825
v 0.387344 -0.119220 0.058825
v 0.203653 0.730584 0.058825
v 0.242617 0.730584 0.058825
v 0.105313 -0.163751 0.058825
v 0.340957 -0.163751 0.058825
v 0.166543 0.821502 0.058825
v 0.279727 0.821502 0.058825
v 0.194375 0.747284 0.058825
v 0.251895 0.747284 0.058825
v 0.198086 0.743573 0.058825
v 0.248184 0.743573 0.058825
v 0.070059 0.107147 0.058825
v 0.188809 0.788104 0.058825
v 0.257461 0.788104 0.058825
v 0.055215 -0.083966 0.058825
v 0.391055 -0.083966 0.058825
v 0.198086 0.745428 0.060680
v 0.248184 0.745428 0.060680
v 0.224063 0.635956 0.060680
v 0.203653 0.789959 0.060680
v 0.242617 0.789959 0.060680
v 0.224063 0.702752 0.060680
v 0.023672 0.606268 0.060680
v 0.422598 0.606268 0.060680
v 0.110879 -0.135919 0.060680
v 0.335391 -0.135919 0.060680
v 0.053360 0.669354 0.062536
v 0.392910 0.669354 0.062536
v 0.053360 0.060760 0.062536
v 0.392910 0.060760 0.062536
v 0.205508 0.743573 0.062536
v 0.240762 0.743573 0.062536
v 0.203653 0.739862 0.062536
v 0.242617 0.739862 0.062536
v 0.211074 0.712030 0.062536
v 0.235196 0.712030 0.062536
v 0.038516 -0.768634 0.062536
v 0.407754 -0.768634 0.062536
v 0.131289 -0.135919 0.062536
v 0.314981 -0.135919 0.062536
v 0.387344 -0.095099 0.062536
v 0.201797 0.793670 0.062536
v 0.244473 0.793670 0.062536
v 0.203653 0.741717 0.062536
v 0.242617 0.741717 0.062536
v -0.004160 0.602557 0.062536
v 0.450430 0.602557 0.062536
v 0.090469 0.277850 0.062536
v 0.355801 0.277850 0.062536
v 0.040371 -0.828009 0.062536
v 0.405899 -0.828009 0.062536
v 0.044082 0.188788 0.062536
v 0.402188 0.188788 0.062536
v 0.094180 0.229608 0.064391
v 0.352090 0.229608 0.064391
v 0.083047 0.173944 0.064391
v 0.363223 0.173944 0.064391
v 0.199942 0.776971 0.064391
v 0.246328 0.776971 0.064391
v 0.186953 0.801092 0.064391
v 0.259317 0.801092 0.064391
v 0.040371 0.558026 0.064391
v 0.405899 0.558026 0.064391
v 0.203653 0.743573 0.064391
v 0.242617 0.743573 0.064391
v 0.049649 -0.057990 0.064391
v 0.216641 0.725018 0.064391
v 0.229629 0.725018 0.064391
v 0.198086 0.762127 0.064391
v 0.248184 0.762127 0.064391
v 0.224063 0.712030 0.064391
v 0.199942 0.752850 0.064391
v 0.246328 0.752850 0.064391
v 0.019961 0.541327 0.064391
v 0.426309 0.541327 0.064391
v 0.194375 0.880877 0.064391
v 0.251895 0.880877 0.064391
v 0.157266 0.825213 0.064391
v 0.289004 0.825213 0.064391
v -0.020859 0.550604 0.064391
v 0.467129 0.550604 0.064391
v 0.203653 0.745428 0.064391
v 0.242617 0.745428 0.064391
v 0.224063 0.725018 0.064391
v 0.073770 -0.128498 0.064391
v 0.372500 -0.128498 0.064391
v 0.185098 0.853045 0.066246
v 0.261172 0.853045 0.066246
v 0.068203 -0.119220 0.066246
v 0.378067 -0.119220 0.066246
v 0.062637 0.105291 0.066246
v 0.214785 0.743573 0.066246
v 0.231485 0.743573 0.066246
v -0.056113 0.615545 0.068102
v 0.502383 0.615545 0.068102
v 0.224063 0.741717 0.068102
v 0.212930 0.789959 0.068102
v 0.233340 0.789959 0.068102
v 0.198086 0.888299 0.068102
v 0.248184 0.888299 0.068102
v 0.183242 0.834491 0.068102
v 0.263028 0.834491 0.068102
v 0.116446 -0.141486 0.068102
v 0.329824 -0.141486 0.068102
v 0.190664 0.721307 0.068102
v 0.255606 0.721307 0.068102
v 0.186953 0.814081 0.068102
v 0.259317 0.814081 0.068102
v 0.018106 0.580291 0.069957
v 0.428164 0.580291 0.069957
v 0.090469 -0.145197 0.069957
v 0.355801 -0.145197 0.069957
v 0.212930 0.743573 0.069957
v 0.233340 0.743573 0.069957
v 0.190664 0.773260 0.069957
v 0.255606 0.773260 0.069957
v 0.205508 0.765838 0.069957
v 0.240762 0.765838 0.069957
v 0.118301 0.287127 0.069957
v 0.327969 0.287127 0.069957
v -0.024570 0.693475 0.069957
v 0.470840 0.693475 0.069957
v 0.214785 0.734295 0.069957
v 0.231485 0.734295 0.069957
v 0.044082 0.055194 0.069957
v 0.402188 0.055194 0.069957
v 0.214785 0.739862 0.069957
v 0.231485 0.739862 0.069957
v 0.224063 0.741717 0.069957
v 0.207363 0.758416 0.071813
v 0.238907 0.758416 0.071813
v 0.068203 -0.128498 0.071813
v 0.378067 -0.128498 0.071813
v 0.045938 -0.076544 0.071813
v 0.400332 -0.076544 0.071813
v 0.209219 0.797381 0.071813
v 0.237051 0.797381 0.071813
v 0.224063 0.734295 0.071813
v 0.092324 0.231463 0.071813
v 0.353946 0.231463 0.071813
v -0.043125 0.559881 0.071813
v 0.489395 0.559881 0.071813
v 0.224063 0.738006 0.071813
v 0.224063 0.897577 0.071813
v 0.112735 0.285272 0.071813
v 0.333535 0.285272 0.071813
v 0.090469 0.645233 0.071813
v 0.355801 0.645233 0.071813
v 0.070059 0.175799 0.071813
v 0.376211 0.175799 0.071813
v 0.008828 0.554315 0.071813
v 0.437442 0.554315 0.071813
v 0.071914 -0.095099 0.071813
v 0.374356 -0.095099 0.071813
v 0.212930 0.747284 0.071813
v 0.233340 0.747284 0.071813
v 0.116446 0.279706 0.071813
v 0.329824 0.279706 0.071813
v 0.075625 -0.108087 0.073668
v 0.370645 -0.108087 0.073668
v 0.389199 -0.057990 0.073668
v 0.218496 0.793670 0.073668
v 0.227774 0.793670 0.073668
v 0.181387 0.862323 0.073668
v 0.264883 0.862323 0.073668
v 0.212930 0.771405 0.073668
v 0.233340 0.771405 0.073668
v 0.214785 0.750995 0.073668
v 0.231485 0.750995 0.073668
v 0.199942 0.806659 0.073668
v 0.246328 0.806659 0.073668
v 0.224063 0.749139 0.073668
v 0.090469 0.635956 0.073668
v 0.355801 0.635956 0.073668
v 0.224063 0.793670 0.073668
v 0.181387 0.719452 0.073668
v 0.264883 0.719452 0.073668
v 0.224063 0.745428 0.073668
v 0.177676 0.699042 0.073668
v 0.268594 0.699042 0.073668
v 0.205508 0.853045 0.075524
v 0.240762 0.853045 0.075524
v 0.109024 0.287127 0.075524
v 0.337246 0.287127 0.075524
v 0.363223 0.096014 0.075524
v 0.218496 0.754706 0.075524
v 0.227774 0.754706 0.075524
v 0.181387 0.769549 0.075524
v 0.264883 0.769549 0.075524
v 0.084903 -0.108087 0.075524
v 0.361367 -0.108087 0.075524
v 0.224063 0.752850 0.075524
v 0.103457 -0.035724 0.077379
v 0.342813 -0.035724 0.077379
v 0.207363 0.763983 0.077379
v 0.238907 0.763983 0.077379
v 0.079336 -0.087677 0.077379
v 0.366934 -0.087677 0.077379
v 0.088614 0.235174 0.077379
v 0.357656 0.235174 0.077379
v -0.007871 -0.737091 0.077379
v 0.454141 -0.737091 0.077379
v 0.073770 0.160956 0.077379
v 0.372500 0.160956 0.077379
v 0.224063 0.851190 0.077379
v 0.209219 0.760272 0.077379
v 0.237051 0.760272 0.077379
v 0.116446 0.285272 0.077379
v 0.329824 0.285272 0.077379
v 0.216641 0.801092 0.077379
v 0.229629 0.801092 0.077379
v 0.205508 0.832635 0.077379
v 0.240762 0.832635 0.077379
v 0.224063 0.801092 0.079235
v 0.211074 0.815936 0.079235
v 0.235196 0.815936 0.079235
v 0.177676 0.053338 0.081090
v 0.268594 0.053338 0.081090
v 0.090469 -0.139630 0.081090
v 0.355801 -0.139630 0.081090
v 0.045938 -0.213849 0.081090
v 0.400332 -0.213849 0.081090
v 0.224063 0.832635 0.081090
v 0.090469 -0.111798 0.081090
v 0.355801 -0.111798 0.081090
v 0.224063 0.815936 0.081090
v 0.109024 -0.223126 0.081090
v 0.337246 -0.223126 0.081090
v 0.006973 0.576581 0.081090
v 0.439297 0.576581 0.081090
v 0.025528 0.545038 0.082946
v 0.420742 0.545038 0.082946
v 0.218496 0.775116 0.082946
v 0.227774 0.775116 0.082946
v 0.240762 0.845624 0.082946
v 0.370645 0.094159 0.082946
v 0.075625 -0.109943 0.082946
v 0.370645 -0.109943 0.082946
v 0.179531 0.814081 0.084801
v 0.266739 0.814081 0.084801
v -0.041269 0.572870 0.084801
v 0.487539 0.572870 0.084801
v 0.068203 -0.093244 0.084801
v 0.378067 -0.093244 0.084801
v 0.224063 0.776971 0.084801
v 0.214785 0.767694 0.084801
v 0.231485 0.767694 0.084801
v 0.071914 0.506073 0.084801
v 0.374356 0.506073 0.084801
v 0.133145 0.277850 0.084801
v 0.313125 0.277850 0.084801
v 0.084903 -0.173029 0.084801
v 0.361367 -0.173029 0.084801
v 0.218496 0.758416 0.084801
v 0.227774 0.758416 0.084801
v 0.047793 0.663788 0.086657
v 0.398477 0.663788 0.086657
v 0.224063 0.756561 0.086657
v 0.135000 0.313104 0.086657
v 0.311270 0.313104 0.086657
v 0.166543 0.697186 0.086657
v 0.279727 0.697186 0.086657
v 0.031094 0.680487 0.086657
v 0.415176 0.680487 0.086657
v 0.216641 0.760272 0.086657
v 0.229629 0.760272 0.086657
v 0.147989 0.255584 0.086657
v 0.298281 0.255584 0.086657
v 0.057071 0.491229 0.088512
v 0.389199 0.491229 0.088512
v 0.103457 0.170233 0.088512
v 0.342813 0.170233 0.088512
v 0.131289 0.301971 0.088512
v 0.314981 0.301971 0.088512
v 0.142422 0.014374 0.088512
v 0.303848 0.014374 0.088512
v 0.224063 0.637811 0.090368
v 0.201797 0.825213 0.090368
v 0.198086 0.860467 0.090368
v 0.248184 0.860467 0.090368
v 0.083047 0.097870 0.090368
v 0.363223 0.097870 0.090368
v 0.173965 0.815936 0.090368
v 0.272305 0.815936 0.090368
v 0.224063 0.769549 0.090368
v 0.060781 0.661932 0.092223
v 0.385488 0.661932 0.092223
v 0.224063 0.760272 0.092223
v 0.006973 0.576581 0.092223
v 0.439297 0.576581 0.092223
v 0.224063 0.875311 0.092223
v 0.129434 0.305682 0.092223
v 0.316836 0.305682 0.092223
v 0.032949 0.617401 0.092223
v 0.413320 0.617401 0.092223
v 0.127578 0.303827 0.092223
v 0.318692 0.303827 0.092223
v 0.077481 0.034784 0.092223
v 0.368789 0.034784 0.092223
v 0.224063 0.765838 0.092223
v 0.224063 0.140545 0.094079
v 0.136856 0.296405 0.094079
v 0.309414 0.296405 0.094079
v 0.211074 0.869745 0.094079
v 0.235196 0.869745 0.094079
v 0.159121 0.294549 0.095934
v 0.287149 0.294549 0.095934
v 0.201797 0.866034 0.095934
v 0.244473 0.866034 0.095934
v 0.116446 -0.019025 0.095934
v 0.329824 -0.019025 0.095934
v 0.142422 0.006952 0.095934
v 0.303848 0.006952 0.095934
v 0.135000 0.298260 0.095934
v 0.311270 0.298260 0.095934
v 0.045938 0.613690 0.095934
v 0.400332 0.613690 0.095934
v 0.105313 0.185077 0.095934
v 0.340957 0.185077 0.095934
v 0.246328 0.804803 0.097789
v 0.147989 0.300116 0.099645
v 0.298281 0.300116 0.099645
v 0.120156 0.066327 0.099645
v 0.326114 0.066327 0.099645
v 0.190664 0.144256 0.099645
v 0.255606 0.144256 0.099645
v 0.207363 0.860467 0.099645
v 0.238907 0.860467 0.099645
v 0.155410 0.277850 0.099645
v 0.290860 0.277850 0.099645
v 0.107168 0.066327 0.099645
v 0.023672 0.674920 0.101500
v 0.422598 0.674920 0.101500
v 0.133145 0.159100 0.101500
v 0.313125 0.159100 0.101500
v 0.084903 0.129413 0.101500
v 0.361367 0.129413 0.101500
v 0.073770 0.027362 0.103356
v 0.372500 0.027362 0.103356
v 0.224063 0.869745 0.103356
v 0.224063 0.799237 0.103356
v 0.153555 0.277850 0.103356
v 0.292715 0.277850 0.103356
v 0.146133 0.301971 0.103356
v 0.300137 0.301971 0.103356
v 0.196231 0.804803 0.103356
v 0.250039 0.804803 0.103356
v 0.159121 0.274139 0.105211
v 0.287149 0.274139 0.105211
v 0.003262 0.587713 0.105211
v 0.443008 0.587713 0.105211
v 0.116446 -0.028302 0.105211
v 0.329824 -0.028302 0.105211
v 0.211074 0.851190 0.105211
v 0.235196 0.851190 0.105211
v 0.198086 0.821502 0.105211
v 0.248184 0.821502 0.105211
v 0.149844 0.220331 0.105211
v 0.296426 0.220331 0.105211
v 0.060781 0.496795 0.105211
v 0.385488 0.496795 0.105211
v 0.185098 0.253729 0.105211
v 0.261172 0.253729 0.105211
v 0.157266 0.138690 0.107067
v 0.289004 0.138690 0.107067
v 0.097891 0.172088 0.107067
v 0.348379 0.172088 0.107067
v 0.224063 0.847479 0.107067
v 0.157266 0.357635 0.107067
v 0.289004 0.357635 0.107067
v 0.224063 0.684198 0.108922
v 0.224063 0.843768 0.108922
v 0.049649 0.606268 0.108922
v 0.396621 0.606268 0.108922
v 0.103457 0.062616 0.108922
v 0.155410 0.275995 0.108922
v 0.290860 0.275995 0.108922
v 0.212930 0.838202 0.108922
v 0.233340 0.838202 0.108922
v 0.155410 0.281561 0.108922
v 0.290860 0.281561 0.108922
v 0.153555 0.133124 0.108922
v 0.292715 0.133124 0.108922
v 0.327969 0.047772 0.108922
v 0.146133 0.222186 0.110778
v 0.300137 0.222186 0.110778
v 0.207363 0.828924 0.110778
v 0.238907 0.828924 0.110778
v 0.224063 0.799237 0.110778
v 0.201797 0.825213 0.112633
v 0.244473 0.825213 0.112633
v 0.212930 0.817792 0.112633
v 0.233340 0.817792 0.112633
v 0.096035 0.177655 0.112633
v 0.350235 0.177655 0.112633
v 0.144278 0.140545 0.112633
v 0.301992 0.140545 0.112633
v 0.224063 0.814081 0.112633
v 0.120156 0.274139 0.112633
v 0.326114 0.274139 0.112633
v 0.175821 0.250018 0.112633
v 0.270449 0.250018 0.112633
v 0.224063 0.845624 0.112633
v 0.175821 0.275995 0.114489
v 0.270449 0.275995 0.114489
v 0.153555 0.413299 0.114489
v 0.292715 0.413299 0.114489
v 0.224063 0.637811 0.114489
v 0.168399 0.179510 0.116344
v 0.277871 0.179510 0.116344
v 0.144278 0.224042 0.116344
v 0.301992 0.224042 0.116344
v 0.118301 0.446698 0.116344
v 0.327969 0.446698 0.116344
v 0.125723 0.155389 0.116344
v 0.320547 0.155389 0.116344
v 0.138711 0.222186 0.116344
v 0.307559 0.222186 0.116344
v 0.224063 0.804803 0.116344
v 0.224063 0.233319 0.118200
v 0.331680 0.044061 0.118200
v 0.077481 0.645233 0.118200
v 0.368789 0.645233 0.118200
v 0.073770 -0.241681 0.118200
v 0.372500 -0.241681 0.118200
v 0.155410 0.630389 0.118200
v 0.290860 0.630389 0.118200
v 0.090469 0.563592 0.118200
v 0.355801 0.563592 0.118200
v 0.224063 0.691620 0.120055
v 0.183242 0.123846 0.120055
v 0.263028 0.123846 0.120055
v 0.086758 0.682342 0.120055
v 0.359512 0.682342 0.120055
v 0.224063 0.251874 0.120055
v 0.040371 0.615545 0.121911
v 0.405899 0.615545 0.121911
v 0.179531 0.070038 0.121911
v 0.266739 0.070038 0.121911
v 0.157266 0.617401 0.121911
v 0.289004 0.617401 0.121911
v 0.159121 0.021795 0.123766
v 0.287149 0.021795 0.123766
v 0.142422 0.611834 0.123766
v 0.303848 0.611834 0.123766
v 0.224063 0.129413 0.123766
v 0.186953 0.298260 0.125621
v 0.259317 0.298260 0.125621
v 0.181387 0.650799 0.125621
v 0.264883 0.650799 0.125621
v 0.224063 0.678631 0.127477
v 0.224063 0.257440 0.127477
v 0.224063 0.691620 0.129332
v -0.076523 -0.828009 0.129332
v 0.522793 -0.828009 0.129332
v -0.076523 -0.785333 0.129332
v 0.522793 -0.785333 0.129332
v 0.071914 0.674920 0.131188
v 0.374356 0.674920 0.131188
v 0.064492 0.647088 0.131188
v 0.381778 0.647088 0.131188
v 0.168399 0.279706 0.131188
v 0.277871 0.279706 0.131188
v 0.114590 0.457831 0.133043
v 0.331680 0.457831 0.133043
v 0.199942 0.316815 0.133043
v 0.246328 0.316815 0.133043
v 0.155410 0.231463 0.134899
v 0.290860 0.231463 0.134899
v 0.224063 0.288983 0.134899
v 0.224063 0.010663 0.136754
v 0.183242 0.181366 0.136754
v 0.263028 0.181366 0.136754
v 0.224063 0.357635 0.138610
v 0.164688 0.487518 0.138610
v 0.281582 0.487518 0.138610
v 0.224063 0.318670 0.140465
v -0.015293 -0.774201 0.142321
v 0.461563 -0.774201 0.142321
v 0.194375 0.123846 0.142321
v 0.251895 0.123846 0.142321
v 0.192520 0.288983 0.142321
v 0.253750 0.288983 0.142321
v 0.224063 0.572870 0.144176
v 0.194375 0.070038 0.146032
v 0.251895 0.070038 0.146032
v 0.175821 0.580291 0.146032
v 0.270449 0.580291 0.146032
v 0.181387 0.025506 0.146032
v 0.264883 0.025506 0.146032
v 0.155410 0.563592 0.147887
v 0.290860 0.563592 0.147887
v 0.224063 0.413299 0.147887
v 0.162832 0.496795 0.147887
v 0.283438 0.496795 0.147887
v 0.224063 0.090448 0.147887
v 0.164688 0.619256 0.149743
v 0.281582 0.619256 0.149743
v 0.207363 0.303827 0.149743
v 0.238907 0.303827 0.149743
v 0.044082 -0.828009 0.151598
v 0.402188 -0.828009 0.151598
v 0.042227 -0.787189 0.151598
v 0.404043 -0.787189 0.151598
v 0.224063 0.890155 0.151598
v 0.224063 0.580291 0.151598
v 0.224063 0.305682 0.155309
v 0.224063 0.589569 0.155309
v 0.224063 0.545038 0.155309
v 0.185098 0.517206 0.157164
v 0.261172 0.517206 0.157164
v 0.224063 0.654510 0.157164
v 0.224063 0.517206 0.157164
v 0.224063 0.485663 0.159020
v 0.186953 0.580291 0.159020
v 0.259317 0.580291 0.159020
v 0.224063 0.520917 0.159020
v 0.224063 -0.056134 0.160875
v 0.224063 0.255584 0.160875
v 0.183242 0.622967 0.162731
v 0.263028 0.622967 0.162731
v 0.224063 0.641522 0.162731
v 0.196231 0.524627 0.166442
v 0.250039 0.524627 0.166442
v 0.224063 0.836346 0.166442
v 0.224063 -0.024591 0.166442
v 0.224063 0.047772 0.166442
v 0.199942 0.606268 0.168297
v 0.246328 0.606268 0.168297
v 0.224063 0.151678 0.170153
v 0.224063 0.502362 0.170153
v 0.224063 0.561737 0.175719
v 0.212930 0.606268 0.177575
v 0.233340 0.606268 0.177575
v 0.224063 0.628534 0.177575
v 0.224063 0.606268 0.179430
v -0.078379 -0.809455 0.186852
v 0.524649 -0.809455 0.186852
v -0.022715 -0.800177 0.196129
v 0.468985 -0.800177 0.196129
v -0.078379 -0.828009 0.196129
v 0.524649 -0.828009 0.196129
v 0.094180 -0.117365 0.203551
v 0.352090 -0.117365 0.203551
v 0.025528 -0.809455 0.203551
v 0.420742 -0.809455 0.203551
v 0.025528 -0.828009 0.210973
v 0.420742 -0.828009 0.210973
v -0.057968 -0.828009 0.220250
v 0.504239 -0.828009 0.220250
v -0.000449 -0.828009 0.229528
v 0.446719 -0.828009 0.229528
vn -0.5153 0.1060 -0.8504
vn 0.5403 0.1134 -0.8338
vn 0.4125 -0.2583 0.8736
vn -0.4333 -0.2476 0.8666
vn -0.6602 0.0569 -0.7490
vn 0.6602 0.0569 -0.7490
vn 0.4486 -0.3580 0.8189
vn -0.4586 -0.3554 0.8145
vn -0.7625 0.4086 -0.5015
vn 0.7625 0.4086 -0.5015
vn -0.2788 0.7422 0.6095
vn 0.2788 0.7422 0.6095
vn 0.0435 -0.1585 0.9864
vn 0.0435 0.1585 -0.9864
vn 0.6651 0.1476 0.7320
vn 0.6651 -0.1476 -0.7320
vn -0.5235 0.7025 0.4821
vn -0.5235 -0.7025 -0.4821
vn 0.5057 -0.4880 -0.7114
vn 0.5056 0.4880 0.7115
vn 0.3827 0.4487 0.8076
vn -0.3827 0.4487 0.8076
vn 0.7764 -0.5327 -0.3367
vn 0.7764 0.5327 0.3367
vn 0.7307 -0.1685 0.6616
vn -0.7441 -0.1622 0.6481
vn 0.3960 0.4164 0.8184
vn -0.3960 0.4164 0.8184
vn -0.9352 0.1757 0.3075
vn 0.9352 0.1757 0.3075
vn -0.0429 0.1895 -0.9809
vn 0.0429 0.1895 -0.9809
vn 0.0680 -0.9429 0.3259
vn -0.0680 -0.9429 0.3259
vn -0.1973 -0.9459 0.2574
vn 0.1973 -0.9459 0.2574
vn -0.2343 -0.5751 -0.7838
vn -0.2343 0.5751 0.7838
vn 0.1830 -0.6690 -0.7204
vn 0.1830 0.6690 0.7204
vn 0.0232 -0.1336 0.9908
vn -0.0232 -0.1336 0.9908
vn 0.3310 -0.2089 -0.9202
vn 0.3310 0.2089 0.9202
vn 0.3088 -0.5081 -0.8040
vn -0.3088 -0.5081 -0.8040
vn 0.0338 0.6520 0.7575
vn 0.0338 -0.6520 -0.7575
vn 0.1684 -0.3419 0.9245
vn 0.1684 0.3419 -0.9245
vn 0.5373 0.8310 -0.1437
vn 0.5373 -0.8310 0.1437
vn 0.0135 0.1794 -0.9837
vn -0.0135 0.1794 -0.9837
vn -0.1754 0.3519 -0.9195
vn 0.1754 0.3519 -0.9195
vn -0.2293 -0.1923 0.9542
vn 0.2293 -0.1923 0.9542
vn 0.3870 -0.3001 0.8719
vn 0.3968 0.2994 -0.8677
vn 0.1028 -0.4011 0.9103
vn -0.1028 -0.4011 0.9103
vn -0.6457 -0.3356 -0.6859
vn 0.6457 -0.3356 -0.6859
vn -0.1806 -0.0926 -0.9792
vn 0.1841 -0.0925 -0.9785
vn -0.6735 0.4608 -0.5780
vn 0.6735 0.4608 -0.5780
vn -0.3231 0.7458 -0.5826
vn -0.3231 -0.7458 0.5826
vn -0.2080 0.3012 -0.9306
vn -0.2121 -0.3011 0.9297
vn 0.2513 0.5675 0.7841
vn -0.2513 0.5675 0.7841
vn 0.3921 -0.2883 0.8736
vn -0.4175 -0.2947 0.8596
vn -0.4812 0.7699 0.4193
vn -0.5048 -0.7572 -0.4146
vn 0.0709 0.4047 -0.9117
vn -0.0709 0.4047 -0.9117
vn 0.8844 0.4523 -0.1152
vn -0.8844 0.4523 -0.1152
vn -0.0180 -0.4434 0.8961
vn 0.0180 -0.4434 0.8961
vn 0.7016 0.2366 0.6722
vn 0.7016 -0.2366 -0.6722
vn -0.1913 0.4981 -0.8457
vn 0.1913 0.4981 -0.8457
vn -0.0936 -0.1481 -0.9845
vn 0.0936 -0.1481 -0.9845
vn 0.3896 -0.8379 -0.3822
vn -0.3896 -0.8379 -0.3822
vn -0.2376 0.8671 -0.4377
vn -0.2607 -0.8598 0.4390
vn 0.2650 -0.4271 0.8645
vn -0.2650 -0.4271 0.8645
vn -0.2466 -0.5732 0.7815
vn -0.2466 0.5732 -0.7815
vn -0.4954 0.0211 0.8684
vn 0.4954 0.0211 0.8684
vn -0.5257 0.1400 -0.8391
vn -0.5257 -0.1400 0.8391
vn 0.3261 0.2069 -0.9224
vn 0.3261 -0.2069 0.9224
vn -0.3249 -0.0943 -0.9410
vn 0.3249 -0.0943 -0.9410
vn 0.2293 -0.8025 0.5508
vn -0.2293 -0.8025 0.5508
vn 0.7798 -0.4806 0.4011
vn -0.7798 -0.4806 0.4011
vn -0.0000 0.4771 0.8789
vn 0.1914 -0.5930 0.7821
vn -0.1914 -0.5930 0.7821
vn -0.1734 0.0213 -0.9846
vn -0.5097 -0.5545 0.6578
vn 0.5097 -0.5545 0.6578
vn -0.6426 -0.3249 -0.6939
vn 0.6426 -0.3249 -0.6939
vn -0.1916 0.0098 0.9814
vn -0.5800 0.4808 0.6576
vn 0.5800 0.4808 0.6576
vn -0.5030 0.6162 -0.6061
vn 0.5030 0.6162 -0.6061
vn 0.8008 -0.3728 0.4688
vn 0.8008 0.3728 -0.4688
vn 0.7173 0.3922 -0.5759
vn 0.7173 -0.3922 0.5759
vn -0.1921 0.2750 -0.9421
vn 0.1979 0.2747 -0.9409
vn 0.0644 0.0143 0.9978
vn -0.0644 0.0143 0.9978
vn 0.0144 0.9087 0.4172
vn 0.0144 -0.9087 -0.4172
vn 0.3337 -0.2546 0.9077
vn 0.3337 0.2546 -0.9077
vn -0.5498 0.7807 -0.2969
vn 0.5498 0.7807 -0.2969
vn 0.4429 -0.3505 -0.8252
vn -0.4429 -0.3505 -0.8252
vn 0.5547 0.1868 0.8108
vn -0.5547 0.1868 0.8108
vn 0.9184 0.2471 -0.3089
vn -0.9184 0.2471 -0.3089
vn -0.8333 0.2340 -0.5008
vn -0.8333 -0.2340 0.5008
vn 0.2248 -0.6518 0.7243
vn -0.2301 -0.6525 0.7220
vn 0.0728 0.2231 -0.9721
vn -0.0728 0.2231 -0.9721
vn -0.0887 -0.0772 -0.9931
vn -0.0887 0.0772 0.9931
vn 0.6961 0.4482 -0.5609
vn -0.6961 0.4482 -0.5609
vn 0.3435 -0.3712 0.8627
vn -0.3435 -0.3712 0.8627
vn 0.0444 -0.4925 -0.8692
vn 0.0455 0.4930 0.8688
vn -0.6516 -0.1136 -0.7500
vn 0.6516 -0.1136 -0.7500
vn 0.5423 0.2648 -0.7974
vn 0.5423 -0.2648 0.7974
vn -0.4439 0.3697 -0.8162
vn 0.4439 0.3697 -0.8162
vn -0.6584 0.3761 -0.6519
vn 0.6584 0.3761 -0.6519
vn -0.9487 0.1488 0.2790
vn 0.9487 0.1488 0.2790
vn -0.4475 -0.5569 -0.6997
vn 0.4475 -0.5569 -0.6997
vn 0.5118 -0.5153 0.6874
vn -0.5118 -0.5153 0.6874
vn 0.8042 0.4400 -0.3995
vn -0.8042 0.4400 -0.3995
vn -0.1727 0.4351 0.8837
vn -0.1727 -0.4351 -0.8837
vn -0.6036 -0.1775 -0.7772
vn 0.6036 -0.1775 -0.7772
vn -0.7104 -0.3973 -0.5809
vn 0.7104 -0.3973 -0.5809
vn -0.5444 0.3470 0.7637
vn 0.5444 0.3470 0.7637
vn -0.3110 0.4213 0.8519
vn 0.3110 0.4213 0.8519
vn 0.4099 0.5955 -0.6910
vn -0.4099 0.5955 -0.6910
vn 0.7356 0.6284 -0.2529
vn -0.7356 0.6284 -0.2529
vn -0.5773 -0.5774 0.5773
vn 0.5773 -0.5774 0.5773
vn 0.6247 0.7061 -0.3334
vn 0.6247 -0.7061 0.3334
vn -0.9021 0.0897 -0.4221
vn -0.9021 -0.0897 0.4221
vn 0.4692 -0.3575 0.8075
vn -0.4692 -0.3575 0.8075
vn -0.1981 0.0428 0.9792
vn -0.2017 -0.0424 -0.9785
vn 0.3167 0.2305 0.9201
vn -0.3263 0.2302 0.9168
vn 0.6736 0.4060 0.6176
vn -0.8116 -0.0546 0.5816
vn -0.8116 0.0546 -0.5816
vn 0.2205 -0.7212 0.6567
vn 0.2205 0.7212 -0.6567
vn 0.3280 0.3604 0.8732
vn 0.3280 -0.3604 -0.8732
vn 0.4298 -0.6257 0.6510
vn 0.4298 0.6257 -0.6510
vn 0.6630 -0.4637 -0.5877
vn -0.5156 -0.8054 -0.2924
vn 0.5156 -0.8054 -0.2924
vn -0.0215 -0.7756 -0.6309
vn 0.0215 -0.7756 -0.6309
vn 0.0370 0.9776 0.2070
vn 0.0382 -0.9777 -0.2067
vn 0.3247 -0.1415 -0.9352
vn 0.3247 0.1415 0.9352
vn -0.8383 -0.1095 0.5340
vn 0.8383 -0.1095 0.5340
vn 0.2234 -0.4480 -0.8657
vn -0.2234 -0.4480 -0.8657
vn 0.4385 -0.0574 0.8969
vn -0.4385 -0.0574 0.8969
vn -0.1065 0.7249 -0.6806
vn 0.1065 0.7249 -0.6806
vn 0.0607 0.1572 0.9857
vn 0.0626 -0.1573 -0.9856
vn -0.5289 -0.0454 0.8475
vn 0.5289 -0.0454 0.8475
vn -0.2926 0.7606 -0.5796
vn -0.2905 0.2513 0.9233
vn -0.2905 -0.2513 -0.9233
vn 0.2692 0.7371 -0.6198
vn -0.5232 0.5232 -0.6727
vn -0.5232 -0.5232 0.6727
vn 0.0936 0.4534 -0.8864
vn -0.0936 0.4534 -0.8864
vn -0.2208 0.2925 -0.9304
vn -0.2208 -0.2925 0.9304
vn -0.3002 -0.0931 -0.9493
vn -0.3002 0.0931 0.9493
vn 0.1245 0.8027 -0.5832
vn 0.1245 -0.8027 0.5832
vn 0.0424 -0.8335 0.5509
vn -0.1765 -0.5475 -0.8180
vn 0.1765 -0.5475 -0.8180
vn 0.2045 0.7414 -0.6391
vn -0.2045 0.7414 -0.6391
vn 0.8002 0.5981 0.0453
vn -0.8002 0.5981 0.0453
vn 0.3772 -0.5039 -0.7770
vn 0.3772 0.5039 0.7770
vn 0.3846 0.2121 0.8984
vn -0.3846 0.2121 0.8984
vn -0.3534 -0.7244 -0.5919
vn -0.3534 0.7244 0.5919
vn -0.2588 0.3389 -0.9045
vn -0.2588 -0.3389 0.9045
vn 0.3603 -0.7237 -0.5886
vn -0.3603 -0.7237 -0.5886
vn 0.5338 -0.0645 0.8431
vn 0.5338 0.0645 -0.8431
vn 0.1679 -0.9442 0.2832
vn -0.1679 -0.9442 0.2832
vn -0.8956 -0.3980 0.1989
vn 0.8956 -0.3980 0.1989
vn 0.5204 0.1465 -0.8413
vn -0.5204 0.1465 -0.8413
vn -0.9310 -0.3053 0.2002
vn -0.9310 0.3053 -0.2002
vn 0.1452 -0.0751 0.9865
vn 0.3714 -0.7428 0.5571
vn -0.3714 -0.7428 0.5571
vn -0.5166 -0.0510 -0.8547
vn 0.5166 -0.0510 -0.8547
vn -0.6783 -0.6201 0.3941
vn 0.6783 -0.6201 0.3941
vn -0.5279 0.2477 -0.8124
vn -0.5279 -0.2477 0.8124
vn -0.5859 0.7649 0.2677
vn 0.5859 0.7649 0.2677
vn -0.0425 0.5654 0.8237
vn -0.0425 -0.5654 -0.8237
vn 0.8971 -0.2760 0.3450
vn 0.8971 0.2760 -0.3450
vn 0.5920 -0.1442 -0.7930
vn -0.5920 -0.1442 -0.7930
vn 0.7282 -0.3333 0.5989
vn -0.7282 -0.3333 0.5989
vn 0.2692 0.9516 -0.1485
vn -0.2692 0.9516 -0.1485
vn 0.8297 -0.4500 0.3303
vn 0.8297 0.4500 -0.3303
vn 0.3205 -0.1991 -0.9261
vn -0.3205 -0.1991 -0.9261
vn 0.5075 0.2175 -0.8337
vn -0.4762 0.0134 -0.8793
vn 0.4762 0.0134 -0.8793
vn 0.8239 0.4521 -0.3416
vn -0.8239 0.4521 -0.3416
vn -0.5727 0.0827 -0.8156
vn 0.5727 0.0827 -0.8156
vn 0.5963 0.7454 -0.2981
vn 0.5963 -0.7454 0.2981
vn -0.0844 0.3104 0.9468
vn 0.0844 0.3104 0.9468
vn -0.7820 -0.4993 0.3730
vn 0.3179 0.0574 0.9464
vn 0.3435 -0.0568 -0.9374
vn -0.1536 -0.9438 -0.2926
vn 0.1536 -0.9438 -0.2926
vn 0.0501 0.9524 0.3008
vn -0.0501 0.9524 0.3008
vn 0.3696 -0.2968 -0.8805
vn -0.3696 -0.2968 -0.8805
vn 0.1168 -0.9021 -0.4154
vn -0.1206 -0.9016 -0.4153
vn 0.0081 0.9402 0.3404
vn -0.0084 0.9403 0.3404
vn 0.3625 0.5264 0.7691
vn 0.3625 -0.5264 -0.7691
vn -0.9878 0.1079 -0.1121
vn 0.9878 0.1079 -0.1121
vn 0.5409 -0.4071 -0.7360
vn -0.2823 0.7074 -0.6479
vn 0.2915 0.7077 -0.6436
vn 0.8798 0.4674 -0.0864
vn -0.8798 0.4674 -0.0864
vn -0.6008 0.0698 0.7964
vn 0.6008 0.0698 0.7964
vn -0.4929 -0.0532 -0.8685
vn -0.4929 0.0532 0.8685
vn -0.2298 -0.2738 0.9339
vn 0.8514 -0.4929 -0.1792
vn 0.3301 -0.5136 0.7920
vn -0.3301 -0.5136 0.7920
vn -0.5891 -0.7432 0.3172
vn -0.5891 0.7432 -0.3172
vn 0.8609 -0.1503 -0.4861
vn -0.8609 -0.1503 -0.4861
vn 0.4163 -0.4750 0.7753
vn -0.4163 -0.4750 0.7753
vn 0.8585 0.3223 -0.3988
vn 0.8585 -0.3223 0.3988
vn -0.6789 -0.0644 0.7314
vn 0.6789 -0.0644 0.7314
vn -0.4270 0.5542 0.7145
vn 0.4270 0.5542 0.7145
vn -0.3375 -0.1605 -0.9276
vn -0.3500 0.1604 0.9229
vn -0.1892 0.3758 -0.9072
vn 0.7504 -0.5798 0.3174
vn 0.7504 0.5798 -0.3174
vn 0.7490 0.6009 -0.2793
vn 0.7490 -0.6009 0.2793
vn 0.5229 0.3492 -0.7776
vn 0.5229 -0.3492 0.7776
vn 0.0108 0.4676 -0.8839
vn 0.0108 -0.4676 0.8839
vn -0.2506 -0.9679 0.0216
vn 0.2506 -0.9679 0.0216
vn 0.1206 0.9576 0.2616
vn -0.1206 0.9576 0.2616
vn -0.5943 0.1396 -0.7920
vn 0.5943 0.1396 -0.7920
vn -0.0399 -0.9966 0.0727
vn -0.0399 0.9966 -0.0727
vn -0.2859 0.3206 -0.9030
vn 0.2859 0.3206 -0.9030
vn 0.4428 -0.7168 -0.5387
vn -0.6578 0.0501 -0.7515
vn -0.6578 -0.0501 0.7515
vn 0.2867 0.9235 0.2549
vn -0.2867 0.9235 0.2549
vn -0.1132 0.2670 0.9570
vn -0.1132 -0.2670 -0.9570
vn -0.8768 0.1579 -0.4542
vn 0.8768 0.1579 -0.4542
vn -0.1512 0.1226 -0.9809
vn -0.1563 -0.1225 0.9801
vn -0.4937 0.1041 -0.8634
vn 0.4937 0.1041 -0.8634
vn -0.4901 0.5035 0.7116
vn 0.4901 0.5035 0.7116
vn -0.7263 -0.1368 0.6736
vn 0.7263 -0.1368 0.6736
vn 0.3447 0.6410 0.6857
vn 0.3447 -0.6410 -0.6857
vn 0.3714 0.8472 -0.3798
vn -0.3714 0.8472 -0.3798
vn 0.1854 0.0343 0.9821
vn -0.1854 0.0343 0.9821
vn 0.3581 0.5869 -0.7262
vn 0.3102 -0.6808 0.6636
vn 0.2521 -0.8322 0.4939
vn 0.2521 0.8322 -0.4939
vn 0.3007 -0.1629 -0.9397
vn -0.3007 -0.1629 -0.9397
vn 0.5792 0.2560 0.7740
vn 0.5792 -0.2560 -0.7740
vn -0.7675 0.6207 0.1603
vn -0.7675 -0.6207 -0.1603
vn -0.9318 0.0810 -0.3539
vn -0.9318 -0.0810 0.3539
vn -0.1167 0.0345 -0.9926
vn 0.1206 0.0344 -0.9921
vn 0.8192 -0.3630 -0.4439
vn -0.8192 -0.3630 -0.4439
vn 0.7829 -0.3340 0.5248
vn -0.7829 -0.3340 0.5248
vn 0.6424 -0.3910 0.6591
vn 0.6424 0.3910 -0.6591
vn 0.6705 -0.5477 -0.5005
vn -0.6705 -0.5477 -0.5005
vn -0.3053 0.8686 -0.3902
vn -0.3053 -0.8686 0.3902
vn 0.3183 -0.2749 0.9073
vn -0.3183 -0.2749 0.9073
vn -0.9170 0.3583 -0.1752
vn -0.9170 -0.3583 0.1752
vn 0.9391 -0.1494 -0.3095
vn -0.9391 -0.1494 -0.3095
vn 0.9806 -0.0000 0.1961
vn -0.9806 -0.0000 0.1961
vn -0.8964 -0.1001 -0.4317
vn 0.8964 -0.1001 -0.4317
vn 0.0777 -0.9954 -0.0565
vn -0.0649 -0.9973 -0.0354
vn -0.3007 -0.3396 -0.8912
vn 0.3265 -0.3370 -0.8831
vn -0.6423 -0.3280 -0.6928
vn 0.6423 -0.3280 -0.6928
vn -0.5758 0.3774 -0.7252
vn -0.5758 -0.3774 0.7252
vn 0.3074 -0.7077 -0.6362
vn -0.3074 -0.7077 -0.6362
vn -0.3857 0.2423 0.8902
vn -0.3857 -0.2423 -0.8902
vn 0.8236 0.3341 -0.4584
vn 0.8236 -0.3341 0.4584
vn 0.1007 -0.8811 -0.4620
vn -0.1007 -0.8811 -0.4620
vn 0.9195 0.2043 0.3357
vn -0.9195 0.2043 0.3357
vn 0.5071 -0.8451 -0.1690
vn -0.5071 -0.8451 -0.1690
vn 0.8907 -0.3931 -0.2283
vn -0.8907 -0.3931 -0.2283
vn -0.1359 -0.0815 -0.9874
vn 0.1359 -0.0815 -0.9874
vn -0.2762 0.4606 -0.8435
vn 0.2981 0.4572 -0.8379
vn 0.8260 0.0906 -0.5563
vn 0.8260 -0.0906 0.5563
vn -0.4604 0.3888 0.7980
vn 0.4604 0.3888 0.7980
vn 0.4608 -0.2263 0.8582
vn -0.4608 -0.2263 0.8582
vn 0.0697 0.1254 -0.9897
vn 0.0510 -0.1326 0.9899
vn 0.3156 -0.8829 0.3477
vn -0.3156 -0.8829 0.3477
vn 0.1832 -0.3808 0.9063
vn -0.1832 -0.3808 0.9063
vn -0.4345 0.1588 0.8865
vn 0.4345 0.1588 0.8865
vn -0.4921 0.8198 0.2928
vn -0.4921 -0.8198 -0.2928
vn -0.4017 -0.0194 -0.9156
vn 0.4017 -0.0194 -0.9156
vn 0.6085 -0.6964 0.3805
vn -0.6085 -0.6964 0.3805
vn 0.7513 0.1543 -0.6417
vn -0.7513 0.1543 -0.6417
vn -0.3803 0.1838 -0.9064
vn 0.3803 0.1838 -0.9064
vn -0.4651 0.6536 0.5971
vn -0.4651 -0.6536 -0.5971
vn -0.1622 -0.1622 -0.9733
vn 0.1622 -0.1622 -0.9733
vn 0.8777 -0.1317 0.4608
vn 0.8777 0.1317 -0.4608
vn -0.4039 0.0724 0.9119
vn 0.4039 0.0724 0.9119
vn 0.8165 -0.4082 0.4082
vn -0.3599 -0.6308 -0.6874
vn 0.3599 -0.6308 -0.6874
vn -0.1605 -0.9210 0.3549
vn 0.1605 -0.9210 0.3549
vn 0.3777 0.1717 0.9099
vn -0.3777 0.1717 0.9099
vn 0.2806 -0.7017 -0.6549
vn -0.2806 -0.7017 -0.6549
vn -0.1725 -0.9202 -0.3514
vn -0.1725 0.9202 0.3514
vn 0.4969 0.0694 -0.8650
vn 0.4969 -0.0694 0.8650
vn 0.4851 -0.7276 0.4850
vn 0.4851 0.7276 -0.4850
vn 0.8262 0.3380 -0.4507
vn -0.9168 -0.1452 -0.3721
vn -0.9168 0.1452 0.3721
vn 0.8467 -0.3894 0.3626
vn 0.8467 0.3894 -0.3626
vn -0.1920 0.6983 0.6895
vn 0.1920 0.6983 0.6895
vn -0.5568 -0.0088 0.8306
vn -0.5568 0.0088 -0.8306
vn -0.3546 -0.7978 0.4876
vn -0.3546 0.7978 -0.4876
vn 0.8018 -0.2672 0.5345
vn 0.6137 0.2250 -0.7568
vn -0.8268 0.3160 -0.4654
vn -0.8268 -0.3160 0.4654
vn -0.6691 0.4800 0.5673
vn -0.6691 -0.4800 -0.5673
vn 0.1717 0.9120 0.3725
vn -0.1717 0.9120 0.3725
vn 0.2468 0.1135 0.9624
vn -0.2468 0.1135 0.9624
vn -0.1174 0.8593 0.4978
vn -0.7799 -0.4718 0.4114
vn -0.7799 0.4718 -0.4114
vn 0.3092 -0.1473 0.9395
vn 0.3092 0.1473 -0.9395
vn 0.9035 -0.0612 0.4241
vn -0.9035 -0.0612 0.4242
vn 0.0060 0.8867 0.4624
vn 0.5658 -0.4856 -0.6664
vn -0.5658 -0.4856 -0.6664
vn -0.8467 0.0009 -0.5321
vn 0.8467 0.0009 -0.5321
vn -0.9216 0.3334 0.1985
vn 0.9216 0.3334 0.1985
vn -0.9634 0.0659 -0.2597
vn -0.9634 -0.0659 0.2597
vn 0.8325 -0.1432 0.5351
vn -0.8325 -0.1432 0.5351
vn 0.1337 -0.3991 0.9071
vn 0.1337 0.3991 -0.9071
vn -0.7496 -0.2004 -0.6308
vn -0.7496 0.2004 0.6308
vn 0.8597 -0.0765 0.5050
vn -0.8597 -0.0765 0.5050
vn -0.7971 0.4944 -0.3467
vn 0.7971 0.4944 -0.3467
vn -0.1249 -0.9691 -0.2127
vn 0.1249 -0.9691 -0.2127
vn -0.5125 0.5445 -0.6640
vn 0.5125 0.5445 -0.6640
vn 0.8247 -0.3635 -0.4333
vn -0.8247 -0.3635 -0.4333
vn 0.6564 -0.7023 0.2757
vn 0.6564 0.7023 -0.2757
vn -0.4052 -0.8646 0.2971
vn -0.4052 0.8646 -0.2971
vn -0.4814 -0.8765 0.0074
vn -0.4814 0.8765 -0.0074
vn 0.8036 0.4315 -0.4099
vn -0.8036 0.4314 -0.4099
vn -0.3978 -0.2601 -0.8798
vn 0.3978 -0.2601 -0.8798
vn 0.4216 0.0638 0.9046
vn 0.4216 -0.0638 -0.9046
vn -0.7776 0.3718 0.5071
vn -0.7776 -0.3718 -0.5071
vn -0.6093 0.0551 -0.7910
vn 0.6093 0.0551 -0.7910
vn -0.9308 0.1470 0.3348
vn 0.9308 0.1470 0.3348
vn -0.3932 0.3096 -0.8658
vn 0.4110 0.3073 -0.8583
vn -0.5410 0.0290 -0.8405
vn 0.5410 0.0290 -0.8405
vn 0.9672 -0.1000 -0.2335
vn -0.9672 -0.1000 -0.2335
vn 0.6550 0.5459 -0.5225
vn -0.6550 0.5459 -0.5225
vn -0.1102 -0.9293 -0.3526
vn 0.1102 -0.9293 -0.3526
vn 0.0203 -0.9344 0.3555
vn -0.0223 -0.9342 0.3559
vn 0.7687 0.4776 0.4254
vn -0.7687 0.4776 0.4254
vn 0.3410 0.9401 -0.0055
vn 0.3410 -0.9401 0.0055
vn 0.8111 0.1947 -0.5515
vn 0.8111 -0.1947 0.5516
vn 0.2937 0.4153 0.8610
vn -0.2937 0.4153 0.8610
vn 0.8674 0.0635 -0.4936
vn -0.8384 -0.5352 -0.1034
vn -0.8384 0.5352 0.1034
vn 0.9695 0.2327 0.0776
vn -0.9695 0.2327 0.0776
vn 0.4782 -0.1672 0.8622
vn -0.4782 -0.1672 0.8622
vn 0.5070 -0.7285 0.4607
vn -0.5070 -0.7285 0.4607
vn 0.5700 -0.7943 -0.2101
vn -0.5700 -0.7943 -0.2101
vn 0.8369 -0.1828 0.5159
vn 0.9773 -0.1296 0.1674
vn -0.9773 -0.1296 0.1674
vn 0.2730 0.8590 0.4331
vn -0.2730 0.8590 0.4331
vn -0.2395 0.8790 -0.4122
vn 0.2395 0.8790 -0.4122
vn 0.7598 -0.3370 0.5560
vn -0.7598 -0.3370 0.5560
vn 0.7447 0.4208 -0.5180
vn -0.7446 0.4209 -0.5181
vn -0.7233 0.5586 -0.4059
vn -0.7234 -0.5586 0.4059
vn -0.0672 0.1065 0.9920
vn -0.0672 -0.1065 -0.9920
vn -0.3782 0.5474 0.7465
vn 0.3782 0.5474 0.7465
vn -0.6771 -0.7221 0.1420
vn 0.6771 -0.7221 0.1420
vn -0.9608 0.0914 0.2617
vn 0.9608 0.0914 0.2617
vn 0.4723 0.2840 0.8345
vn 0.4723 -0.2840 -0.8345
vn -0.9500 0.3073 -0.0559
vn 0.9500 0.3073 -0.0559
vn -0.9658 -0.0554 0.2533
vn 0.9658 -0.0554 0.2533
vn 0.9612 0.2746 -0.0275
vn -0.9612 0.2746 -0.0275
vn 0.9346 0.3552 0.0187
vn 0.9346 -0.3552 -0.0187
vn -0.4720 -0.8773 -0.0869
vn 0.4720 -0.8773 -0.0869
vn -0.1965 0.9790 0.0546
vn 0.1965 0.9790 0.0546
vn -0.8741 -0.4857 -0.0000
vn 0.8741 -0.4857 -0.0000
vn 0.7432 -0.6675 -0.0461
vn -0.7432 -0.6675 -0.0461
vn -0.7928 0.4996 0.3490
vn 0.7928 0.4996 0.3490
vn 0.9868 -0.0220 -0.1603
vn -0.9868 -0.0220 -0.1603
vn -0.8940 -0.1974 -0.4023
vn -0.8940 0.1974 0.4023
vn -0.5943 0.7476 0.2964
vn -0.5943 -0.7476 -0.2964
vn 0.4004 0.0298 0.9158
vn -0.2271 0.0169 0.9737
vn 0.2684 0.1479 0.9519
vn 0.2807 -0.1489 -0.9482
vn -0.2439 -0.1774 0.9534
vn -0.2439 0.1774 -0.9534
vn -0.7663 -0.6291 -0.1307
vn 0.7663 -0.6291 -0.1307
vn 0.7893 0.6089 -0.0789
vn -0.7893 0.6089 -0.0789
vn -0.7757 -0.6158 -0.1380
vn 0.7757 -0.6158 -0.1380
vn -0.0000 -0.9919 -0.1266
vn -0.2031 0.9785 0.0369
vn 0.2031 0.9785 0.0369
vn -0.0000 1.0000 -0.0000
vn 0.6321 -0.1580 0.7586
vn 0.6321 0.1581 -0.7586
vn 0.7528 -0.4611 0.4698
vn 0.7528 0.4611 -0.4698
vn 0.6963 -0.1741 0.6963
vn -0.6963 -0.1741 0.6963
vn -0.3539 -0.9312 0.0869
vn 0.3539 -0.9312 0.0869
vn 0.2131 -0.9099 0.3559
vn 0.2131 0.9099 -0.3559
vn -0.8771 -0.4043 -0.2591
vn 0.8771 -0.4043 -0.2591
vn -0.8099 -0.2382 -0.5360
vn -0.8099 0.2382 0.5360
vn 0.4399 0.1515 0.8852
vn 0.4399 -0.1515 -0.8852
vn 0.2969 -0.1549 -0.9423
vn 0.2969 0.1549 0.9423
vn 0.8825 -0.4691 0.0339
vn 0.8825 0.4691 -0.0339
vn -0.3247 0.7337 -0.5968
vn 0.3247 0.7337 -0.5968
vn -0.2765 0.0715 0.9583
vn 0.2765 0.0715 0.9583
vn -0.7028 -0.4134 -0.5789
vn 0.7028 -0.4134 -0.5789
vn -0.8245 0.4500 -0.3430
vn -0.8245 -0.4500 0.3430
vn -0.3647 0.1333 0.9215
vn -0.3647 -0.1333 -0.9215
vn 0.7804 0.2057 0.5904
vn -0.7804 0.2057 0.5904
vn -0.7409 0.5175 -0.4281
vn 0.7409 0.5175 -0.4281
vn 0.9874 0.1529 -0.0413
vn 0.9874 -0.1529 0.0413
vn 0.9566 0.2883 -0.0426
vn 0.9566 -0.2883 0.0426
vn -0.3841 -0.8289 0.4066
vn -0.3841 0.8289 -0.4066
vn -0.2214 -0.0443 0.9742
vn 0.2214 -0.0443 0.9742
vn 0.8800 -0.4264 0.2093
vn -0.8800 -0.4264 0.2093
vn -0.6470 0.6827 0.3397
vn -0.6470 -0.6827 -0.3397
vn -0.1388 0.0869 -0.9865
vn 0.1388 0.0869 -0.9865
vn 0.4671 0.0945 0.8792
vn -0.8755 -0.1592 0.4563
vn -0.8755 0.1592 -0.4563
vn -0.1386 -0.2824 0.9492
vn -0.1168 -0.0117 0.9931
vn 0.1168 -0.0117 0.9931
vn -0.9461 0.2547 -0.2002
vn 0.9461 0.2547 -0.2002
vn 0.4468 0.7416 0.5004
vn 0.4468 -0.7416 -0.5004
vn -0.7617 0.6370 0.1185
vn -0.7617 -0.6370 -0.1185
vn 0.8824 -0.3629 0.2995
vn -0.8824 -0.3629 0.2995
vn -0.6617 0.5588 0.4999
vn 0.6617 0.5588 0.4999
vn 0.9332 -0.1764 -0.3130
vn 0.9332 0.1764 0.3130
vn -0.6607 0.7387 -0.1333
vn -0.6607 -0.7387 0.1333
vn 0.7705 -0.5767 -0.2714
vn -0.7705 -0.5767 -0.2714
vn -0.5028 0.0931 0.8594
vn -0.6586 0.2751 -0.7004
vn -0.8107 0.5539 0.1897
vn 0.8107 0.5539 0.1897
vn 0.9390 0.1864 0.2891
vn -0.9390 0.1864 0.2891
vn -0.1571 -0.4276 -0.8902
vn 0.1571 -0.4276 -0.8902
vn -0.9814 0.0780 -0.1755
vn 0.9814 0.0780 -0.1755
vn 0.2923 -0.7901 -0.5389
vn -0.2923 -0.7901 -0.5389
vn 0.7570 0.4919 0.4301
vn -0.7570 0.4919 0.4301
vn 0.5655 0.1653 -0.8080
vn -0.5655 0.1653 -0.8080
vn 0.0831 0.2777 0.9571
vn -0.0831 0.2777 0.9571
vn 0.5883 -0.7426 -0.3201
vn 0.5883 0.7426 0.3201
vn -0.8317 0.3387 -0.4400
vn 0.8317 0.3387 -0.4400
vn 0.0463 0.5097 -0.8591
vn -0.0463 0.5097 -0.8591
vn 0.6651 -0.5211 -0.5349
vn -0.6651 -0.5211 -0.5349
vn -0.6694 0.7098 -0.2195
vn -0.6694 -0.7098 0.2195
vn -0.9592 0.0663 -0.2750
vn 0.9592 0.0663 -0.2750
vn -0.8233 0.1895 -0.5350
vn 0.8233 0.1895 -0.5350
vn -0.6860 -0.1106 -0.7191
vn 0.6860 -0.1106 -0.7191
vn -0.7998 0.3629 -0.4781
vn -0.7998 -0.3629 0.4781
vn -0.6532 -0.3328 0.6801
vn -0.6532 0.3328 -0.6801
vn 0.6917 -0.7106 -0.1289
vn -0.6917 -0.7106 -0.1289
vn -0.9295 0.2321 0.2866
vn 0.9295 0.2321 0.2866
vn -0.7964 -0.5646 0.2168
vn -0.7964 0.5646 -0.2168
vn 0.1488 -0.3304 0.9321
vn 0.1488 0.3304 -0.9321
vn 0.6040 0.3342 0.7235
vn -0.6040 0.3342 0.7235
vn -0.5298 0.3915 -0.7524
vn 0.5298 0.3915 -0.7524
vn -0.9462 0.0631 -0.3174
vn -0.9462 -0.0631 0.3174
vn 0.7082 -0.6751 -0.2066
vn -0.7512 -0.6280 -0.2034
vn -0.9224 0.2575 -0.2880
vn 0.9224 0.2575 -0.2880
vn -0.8238 -0.3284 0.4620
vn 0.8238 -0.3284 0.4620
vn 0.6829 -0.6441 -0.3447
vn -0.6829 -0.6441 -0.3447
vn 0.8483 -0.3721 -0.3766
vn 0.8483 0.3721 0.3766
vn -0.8698 0.4382 0.2268
vn 0.8698 0.4382 0.2268
vn 0.6539 -0.7505 -0.0957
vn 0.6539 0.7505 0.0957
vn -0.2854 0.1142 -0.9516
vn 0.2854 0.1142 -0.9516
vn -0.4723 0.0400 0.8805
vn 0.4723 0.0400 0.8805
vn -0.9075 0.2884 0.3054
vn 0.9075 0.2884 0.3054
vn 0.8690 0.3534 0.3464
vn -0.8690 0.3534 0.3464
vn -0.1107 -0.8913 -0.4397
vn 0.1107 -0.8913 -0.4397
vn -0.9452 0.1523 -0.2888
vn 0.9452 0.1523 -0.2888
vn -0.4227 0.0064 -0.9062
vn 0.4227 0.0064 -0.9062
vn -0.3051 0.9337 -0.1871
vn -0.3051 -0.9337 0.1871
vn -0.8345 0.3259 0.4443
vn 0.8345 0.3259 0.4443
vn -0.8753 0.0381 0.4821
vn 0.8753 0.0381 0.4821
vn 0.9901 -0.1057 -0.0928
vn -0.9901 -0.1057 -0.0928
vn -0.1683 0.9531 -0.2517
vn -0.1683 -0.9531 0.2517
vn 0.3058 -0.8210 0.4821
vn -0.3252 -0.8145 0.4805
vn -0.0000 -1.0000 -0.0000
vn -0.8868 -0.0052 -0.4622
vn -0.8868 0.0052 0.4622
vn 0.8546 -0.1328 -0.5021
vn 0.7330 -0.5816 -0.3529
vn -0.7330 -0.5816 -0.3529
vn 0.6271 -0.3484 -0.6967
vn -0.6271 -0.3484 -0.6967
vn 0.8782 0.0062 -0.4782
vn -0.8782 0.0062 -0.4782
vn 0.7933 -0.3411 0.5043
vn -0.7933 -0.3411 0.5043
vn -0.9681 -0.0186 -0.2501
vn 0.9681 -0.0186 -0.2500
vn 0.2361 -0.1305 0.9629
vn -0.2361 -0.1305 0.9629
vn -0.9652 0.2511 0.0730
vn 0.9652 0.2511 0.0730
vn 0.7349 -0.3215 -0.5971
vn 0.7349 0.3215 0.5971
vn 0.3488 0.9366 -0.0332
vn 0.3488 -0.9366 0.0332
vn 0.9476 0.2226 0.2293
vn -0.9573 0.2283 0.1772
vn 0.8457 -0.2559 0.4684
vn -0.8457 -0.2559 0.4684
vn -0.8446 0.2413 0.4780
vn -0.8446 -0.2413 -0.4780
vn -0.2394 0.9577 -0.1596
vn 0.2394 0.9577 -0.1596
vn 0.9232 -0.1221 -0.3644
vn -0.9232 -0.1222 -0.3644
vn 0.9391 -0.1775 0.2941
vn -0.9391 -0.1775 0.2941
vn -0.5034 -0.1519 -0.8506
vn 0.5034 -0.1519 -0.8506
vn 0.4667 -0.6538 0.5956
vn 0.4667 0.6538 -0.5956
vn -0.7572 0.1655 0.6318
vn -0.7572 -0.1655 -0.6318
vn -0.7968 0.5899 0.1312
vn -0.7968 -0.5899 -0.1312
vn 0.5288 -0.8342 0.1564
vn -0.5288 -0.8342 0.1564
vn 0.8132 -0.3035 0.4965
vn 0.8132 0.3035 -0.4965
vn 0.8593 0.3825 0.3395
vn -0.8593 0.3825 0.3395
vn 0.4770 -0.8012 0.3612
vn -0.4770 -0.8012 0.3612
vn -0.9205 0.1350 0.3668
vn -0.9205 -0.1350 -0.3668
vn 0.3263 0.8587 0.3950
vn 0.3263 -0.8587 -0.3950
vn 0.9501 -0.0971 0.2965
vn -0.9501 -0.0971 0.2965
vn -0.8588 -0.0364 0.5109
vn 0.8588 -0.0364 0.5109
vn 0.9290 0.2859 0.2349
vn 0.9290 -0.2859 -0.2349
vn -0.9520 0.1611 -0.2604
vn -0.9520 -0.1611 0.2604
vn -0.3275 0.9449 0.0013
vn 0.3275 0.9449 0.0013
vn 0.7858 0.3248 -0.5263
vn -0.7858 0.3248 -0.5263
vn 0.8062 -0.0970 0.5836
vn -0.8062 -0.0970 0.5836
vn -0.9989 -0.0471 0.0049
vn 0.9989 -0.0471 0.0049
vn -0.9592 -0.2819 -0.0205
vn 0.9592 -0.2819 -0.0205
vn -0.8796 0.1269 -0.4585
vn 0.8796 0.1269 -0.4585
vn -0.5639 -0.1091 0.8186
vn 0.5639 -0.1091 0.8186
vn 0.5667 0.3477 0.7470
vn -0.5667 0.3477 0.7470
vn 0.4945 -0.5850 -0.6428
vn -0.4946 -0.5850 -0.6428
vn -0.9811 -0.0866 0.1731
vn 0.9811 -0.0866 0.1731
vn 0.4636 -0.0219 -0.8858
vn -0.4636 -0.0219 -0.8858
vn -0.8609 -0.4836 -0.1580
vn 0.8609 -0.4836 -0.1580
vn -0.5733 0.6168 0.5393
vn -0.5733 -0.6168 -0.5393
vn 0.5807 -0.7779 -0.2402
vn -0.5807 -0.7779 -0.2402
vn 0.8096 0.2464 0.5327
vn -0.8096 0.2464 0.5327
vn 0.3702 0.9081 0.1956
vn -0.3702 0.9081 0.1956
vn 0.9695 -0.1779 0.1686
vn -0.9695 -0.1779 0.1686
vn -0.5308 0.8424 0.0927
vn 0.5308 0.8424 0.0927
vn -0.8378 0.0283 -0.5453
vn 0.8378 0.0283 -0.5453
vn 0.9330 -0.3132 -0.1773
vn 0.9330 0.3132 0.1773
vn 0.9481 -0.3115 -0.0632
vn -0.9481 -0.3115 -0.0632
vn 0.0281 -0.3371 0.9410
vn -0.0281 -0.3371 0.9410
vn -0.8202 -0.1969 -0.5371
vn -0.8202 0.1969 0.5371
vn 0.1000 0.3092 0.9457
vn -0.1000 0.3092 0.9457
vn 0.5713 0.5752 -0.5855
vn 0.5713 -0.5752 0.5855
vn -0.7659 -0.4868 -0.4200
vn 0.7659 -0.4868 -0.4200
vn -0.9108 0.3847 -0.1500
vn -0.9108 -0.3847 0.1500
vn -0.9864 -0.0000 0.1644
vn 0.9864 -0.0000 0.1644
vn 0.2494 -0.5463 0.7996
vn 0.2494 0.5463 -0.7996
vn 0.8961 0.1400 0.4213
vn -0.8961 0.1400 0.4213
vn 0.9767 0.1338 0.1676
vn -0.9767 0.1338 0.1676
vn -0.5751 0.6030 0.5530
vn 0.5751 0.6030 0.5530
vn -0.0299 -0.9883 -0.1497
vn 0.0299 -0.9883 -0.1497
vn 0.9864 -0.0000 -0.1644
vn -0.9864 -0.0000 -0.1644
vn 0.1986 -0.9685 0.1504
vn -0.1986 -0.9685 0.1504
vn -0.5117 0.3879 -0.7666
vn -0.5117 -0.3879 0.7666
vn 0.5847 0.1164 0.8029
vn -0.5847 0.1164 0.8029
vn 0.9934 0.0329 0.1095
vn -0.9934 0.0329 0.1095
vn -0.8904 0.4061 0.2055
vn 0.8904 0.4061 0.2055
vn 0.9177 -0.3704 -0.1440
vn 0.9177 0.3704 0.1440
vn -0.9956 -0.0547 0.0758
vn 0.9956 -0.0547 0.0758
vn 0.8608 -0.4737 -0.1861
vn -0.8608 -0.4737 -0.1861
vn -0.6018 -0.7014 0.3818
vn 0.6018 -0.7014 0.3818
vn -0.9729 -0.1330 0.1889
vn 0.9729 -0.1330 0.1890
vn -0.9578 -0.0185 -0.2869
vn 0.5454 -0.1818 -0.8182
vn -0.5454 -0.1818 -0.8182
vn 0.7681 -0.6249 0.1396
vn -0.7681 -0.6249 0.1396
vn 0.8003 0.5603 0.2134
vn -0.8003 0.5603 0.2134
vn -0.4377 0.0345 0.8985
vn 0.4377 0.0345 0.8985
vn 0.6306 -0.2918 -0.7192
vn -0.6306 -0.2918 -0.7192
vn 0.8259 -0.4668 -0.3161
vn 0.8259 0.4668 0.3161
vn -0.9264 0.3205 0.1976
vn -0.9264 -0.3205 -0.1976
vn 0.8009 -0.3573 0.4805
vn -0.8009 -0.3573 0.4805
vn -0.7049 0.3133 -0.6364
vn 0.7049 0.3133 -0.6364
vn 0.7621 -0.3659 -0.5341
vn -0.7621 -0.3659 -0.5341
vn -0.8652 -0.4397 0.2411
vn -0.8652 0.4397 -0.2411
vn 0.9417 -0.0096 0.3364
vn -0.9417 -0.0096 0.3364
vn -0.9154 -0.3132 -0.2530
vn 0.9154 -0.3132 -0.2530
vn -0.4564 0.5644 0.6878
vn 0.4564 0.5644 0.6878
vn -0.7685 -0.6339 0.0872
vn -0.7685 0.6339 -0.0872
vn 0.4971 0.7681 0.4036
vn 0.4971 -0.7681 -0.4036
vn -0.6105 0.7904 0.0508
vn -0.6105 -0.7904 -0.0508
vn -0.8925 -0.2251 0.3909
vn 0.8925 -0.2251 0.3909
vn 0.8971 -0.0982 0.4308
vn 0.8971 0.0982 -0.4308
vn -0.3578 -0.7807 -0.5123
vn -0.3578 0.7807 0.5123
vn 0.8937 0.3114 0.3229
vn -0.8937 0.3114 0.3229
vn -0.9439 -0.2204 0.2458
vn 0.8442 0.4640 0.2683
vn 0.8442 -0.4640 -0.2683
vn -0.8732 -0.4806 0.0812
vn 0.8732 -0.4806 0.0812
vn 0.0606 -0.8583 -0.5095
vn 0.0606 0.8583 0.5095
vn -0.9677 0.0038 -0.2520
vn 0.9677 0.0038 -0.2520
vn -0.5692 0.7590 -0.3162
vn 0.5692 0.7590 -0.3162
vn 0.8712 -0.4353 0.2270
vn -0.8712 -0.4353 0.2270
vn 0.6815 -0.6749 0.2831
vn 0.6815 0.6749 -0.2831
vn 0.5683 0.0348 0.8221
vn -0.5683 0.0348 0.8221
vn 0.4276 0.8751 0.2267
vn 0.4276 -0.8751 -0.2267
vn -0.6568 0.0282 0.7535
vn -0.6568 -0.0282 -0.7535
vn 0.2237 0.9095 -0.3504
vn 0.2237 -0.9095 0.3504
vn 0.5939 0.4939 -0.6351
vn 0.5939 -0.4939 0.6351
vn 0.8837 -0.1027 -0.4566
vn -0.8837 -0.1027 -0.4566
vn -0.8637 -0.2071 0.4596
vn 0.8637 -0.2071 0.4596
vn -0.2510 0.9499 0.1862
vn -0.2510 -0.9499 -0.1862
vn 0.0324 0.9733 -0.2271
vn -0.0324 0.9733 -0.2271
vn -0.8811 0.4263 0.2046
vn 0.8811 0.4263 0.2046
vn 0.2497 -0.0381 -0.9676
vn -0.2497 -0.0381 -0.9676
vn -0.0516 0.9330 0.3561
vn 0.0516 0.9330 0.3561
vn -0.2869 0.0574 0.9563
vn -0.2869 -0.0574 -0.9563
vn -0.8863 0.4260 0.1817
vn 0.8863 0.4260 0.1817
vn -0.8942 -0.3832 -0.2315
vn 0.8942 -0.3832 -0.2315
vn 0.2612 -0.0540 -0.9638
vn -0.2612 -0.0540 -0.9638
vn 0.8083 -0.3097 0.5007
vn 0.8083 0.3097 -0.5007
vn -0.3745 -0.9116 -0.1696
vn -0.3745 0.9116 0.1696
vn -0.8668 0.4631 0.1849
vn 0.8668 0.4631 0.1849
vn -0.2913 -0.1187 0.9493
vn 0.2913 -0.1187 0.9493
vn 0.8835 -0.0902 0.4598
vn -0.8835 -0.0902 0.4598
vn 0.7682 0.6402 -0.0000
vn -0.7682 0.6402 -0.0000
vn -0.9220 0.2408 -0.3033
vn 0.9220 0.2408 -0.3033
vn -0.8802 -0.4288 -0.2031
vn 0.8443 -0.4925 -0.2111
vn 0.9861 -0.1341 -0.0986
vn -0.9861 -0.1341 -0.0986
vn -0.4661 -0.8306 -0.3048
vn -0.4661 0.8306 0.3048
vn -0.5059 0.8610 -0.0532
vn 0.5059 0.8610 -0.0532
vn -0.2159 -0.9713 -0.0996
vn 0.2159 -0.9713 -0.0996
vn 0.8181 -0.5351 -0.2106
vn 0.8181 0.5351 0.2106
vn 0.4683 -0.8422 -0.2673
vn -0.4683 -0.8422 -0.2673
vn 0.9736 0.1936 0.1211
vn 0.9736 -0.1936 -0.1211
vn -0.6879 0.5752 0.4426
vn -0.6879 -0.5752 -0.4426
vn -0.9070 -0.1921 -0.3748
vn 0.9070 -0.1921 -0.3748
vn -0.3120 0.9395 -0.1415
vn 0.3120 0.9395 -0.1415
vn -0.7706 0.1961 -0.6064
vn 0.7706 0.1961 -0.6064
vn 0.2821 0.9169 0.2821
vn 0.2821 -0.9169 -0.2821
vn -0.8579 0.4859 0.1670
vn -0.8579 -0.4859 -0.1670
vn -0.5615 0.6522 -0.5092
vn 0.5615 0.6522 -0.5092
vn 0.3351 -0.8282 -0.4491
vn -0.3351 -0.8282 -0.4491
vn 1.0000 -0.0000 -0.0000
vn 0.6033 0.6658 0.4390
vn -0.6033 0.6658 0.4390
vn 0.4559 0.7427 0.4904
vn -0.4559 0.7427 0.4904
vn 0.9207 -0.3757 -0.1058
vn 0.9207 0.3757 0.1058
vn 0.8223 -0.5152 -0.2417
vn -0.8223 -0.5152 -0.2417
vn 0.9779 0.2089 -0.0095
vn -0.9779 0.2089 -0.0095
vn -0.8205 0.1005 -0.5628
vn 0.8205 0.1005 -0.5628
vn 0.9858 0.0613 0.1566
vn 0.9858 -0.0613 -0.1566
vn -0.3813 0.7887 0.4822
vn -0.3813 -0.7887 -0.4822
vn -0.1477 0.8511 0.5037
vn -0.1477 -0.8511 -0.5037
vn -0.5723 0.0859 -0.8155
vn 0.5723 0.0859 -0.8155
vn 0.7258 -0.3787 -0.5743
vn -0.7258 -0.3787 -0.5743
vn 0.8962 -0.2362 -0.3755
vn 0.8962 0.2362 0.3755
vn 0.4483 -0.7883 0.4215
vn -0.4483 -0.7883 0.4215
vn 0.6554 -0.5519 0.5156
vn -0.6554 -0.5519 0.5156
vn 0.9968 -0.0796 0.0118
vn -0.9968 -0.0796 0.0118
vn -0.2252 0.7785 -0.5858
vn 0.2252 0.7785 -0.5858
vn -0.6304 0.0991 0.7699
vn 0.6304 0.0991 0.7699
vn 0.5304 0.0513 -0.8462
vn -0.5304 0.0513 -0.8462
vn 0.8220 0.5269 0.2160
vn -0.8220 0.5269 0.2160
vn 0.7895 -0.3158 0.5263
vn -0.7895 -0.3158 0.5263
vn 0.6959 -0.3212 0.6423
vn 0.6959 0.3212 -0.6423
vn 0.4433 -0.8305 0.3372
vn -0.4433 -0.8305 0.3372
vn 0.7571 -0.5896 0.2814
vn -0.7571 -0.5896 0.2814
vn 0.0347 0.3341 0.9419
vn -0.0347 0.3341 0.9419
vn -0.9215 -0.3777 -0.0906
vn -0.9215 0.3777 0.0906
vn -0.8217 0.0900 -0.5628
vn 0.8217 0.0900 -0.5628
vn 0.5228 -0.1154 0.8446
vn -0.5228 -0.1154 0.8446
vn 0.5917 -0.0474 0.8047
vn -0.5917 -0.0474 0.8047
vn -0.4286 0.2857 0.8571
vn 0.4286 0.2857 0.8571
vn -0.9405 0.0787 -0.3305
vn -0.9405 -0.0787 0.3305
vn 0.6306 -0.7761 -0.0000
vn -0.6306 -0.7761 -0.0000
vn 0.9020 0.4259 0.0700
vn -0.9020 0.4259 0.0700
vn 0.0318 0.9852 0.1682
vn -0.0326 0.9852 0.1682
vn 0.4905 -0.2167 -0.8440
vn 0.4905 0.2167 0.8440
vn -0.9151 0.3600 0.1816
vn -0.9151 -0.3600 -0.1816
vn 0.7839 -0.3665 0.5012
vn -0.7839 -0.3665 0.5012
vn -0.8505 0.3051 -0.4285
vn -0.8505 -0.3051 0.4285
vn 0.9790 0.1569 -0.1298
vn -0.9790 0.1569 -0.1298
vn 0.8406 -0.3400 0.4216
vn -0.8406 -0.3400 0.4216
vn -0.5524 0.0921 -0.8285
vn 0.5524 0.0921 -0.8285
vn 0.4723 -0.3592 -0.8049
vn 0.4723 0.3592 0.8049
vn -0.4440 0.7927 -0.4177
vn 0.4440 0.7927 -0.4177
vn -0.6732 0.0025 0.7395
vn -0.6732 -0.0025 -0.7395
vn -0.6638 0.3819 0.6431
vn 0.6638 0.3819 0.6431
vn 0.2832 0.9310 0.2301
vn -0.2832 0.9310 0.2301
vn 0.9386 -0.1015 -0.3298
vn 0.9386 0.1015 0.3298
vn 0.6439 -0.6214 0.4465
vn -0.6439 -0.6214 0.4465
vn 0.9165 0.0352 0.3985
vn -0.9165 0.0352 0.3985
vn -0.5698 0.1837 -0.8010
vn 0.5698 0.1837 -0.8010
vn 0.3472 -0.9169 -0.1967
vn -0.3472 -0.9169 -0.1967
vn -0.7564 0.4561 -0.4689
vn 0.7564 0.4561 -0.4689
vn -0.5163 0.5024 0.6936
vn 0.5163 0.5024 0.6936
vn 0.4304 0.7839 -0.4475
vn -0.4304 0.7839 -0.4475
vn 0.9884 0.1521 -0.0000
vn -0.9884 0.1521 -0.0000
vn 0.9554 -0.0556 0.2901
vn -0.9554 -0.0556 0.2901
vn -0.8279 0.3088 -0.4682
vn 0.8279 0.3088 -0.4682
vn 0.6953 0.6300 0.3458
vn -0.6953 0.6300 0.3458
vn -0.0840 -0.2653 0.9605
vn 0.0840 -0.2653 0.9605
vn -0.9011 -0.2015 -0.3839
vn -0.9011 0.2015 0.3839
vn -0.8020 0.0831 0.5915
vn 0.8020 0.0831 0.5915
vn 0.7908 -0.4256 -0.4399
vn -0.7908 -0.4256 -0.4399
vn 0.6838 -0.1508 -0.7139
vn -0.6838 -0.1508 -0.7139
vn 0.9606 0.1779 0.2134
vn -0.9606 0.1779 0.2134
vn -0.1095 0.8577 0.5023
vn 0.1095 0.8577 0.5023
vn 0.6400 0.0553 0.7664
vn -0.6400 0.0553 0.7664
vn 0.6529 -0.7255 -0.2176
vn 0.6529 0.7255 0.2176
vn 0.6113 -0.5042 -0.6100
vn -0.6113 -0.5042 -0.6100
vn 0.8945 -0.1084 0.4337
vn -0.8945 -0.1084 0.4337
vn 0.7399 -0.6726 -0.0135
vn -0.7399 -0.6726 -0.0135
vn -0.9312 0.1652 -0.3250
vn 0.9312 0.1651 -0.3250
vn -0.6766 0.6991 0.2312
vn -0.6766 -0.6991 -0.2312
vn -0.8763 0.3807 0.2951
vn 0.8763 0.3807 0.2951
vn 0.6285 0.1773 0.7573
vn -0.6285 0.1773 0.7573
vn -0.7091 0.0560 0.7029
vn -0.7091 -0.0560 -0.7029
vn -0.6386 0.6339 -0.4363
vn 0.6386 0.6339 -0.4363
vn 0.5555 -0.3907 -0.7340
vn 0.5555 0.3907 0.7340
vn 0.0985 -0.9628 -0.2516
vn 0.0985 0.9628 0.2516
vn 0.7029 -0.3176 -0.6365
vn -0.7029 -0.3176 -0.6365
vn -0.8619 -0.3042 0.4056
vn 0.8619 -0.3042 0.4056
vn 0.7670 -0.5891 0.2543
vn 0.5024 0.0241 -0.8643
vn -0.5024 0.0241 -0.8643
vn -0.5128 0.6338 0.5791
vn 0.5128 0.6338 0.5791
vn -0.7779 -0.5750 0.2537
vn -0.9588 -0.2841 -0.0000
vn 0.9588 -0.2841 -0.0000
vn -0.7782 -0.6008 -0.1831
vn 0.7782 -0.6008 -0.1831
vn 0.1348 -0.3893 -0.9112
vn -0.1348 -0.3893 -0.9112
vn -0.9717 0.1943 -0.1345
vn 0.9717 0.1943 -0.1345
vn -0.5534 -0.1434 0.8205
vn 0.5534 -0.1434 0.8205
vn -0.3031 0.9449 -0.1241
vn -0.3186 -0.9397 0.1244
vn -0.6392 -0.3841 -0.6663
vn -0.6392 0.3841 0.6663
vn 0.7442 0.6202 0.2481
vn 0.7442 -0.6202 -0.2481
vn 0.4503 -0.2896 0.8446
vn -0.4503 -0.2896 0.8446
vn -0.7361 0.1190 0.6663
vn -0.7361 -0.1190 -0.6663
vn -0.9895 -0.0816 0.1189
vn -0.9895 0.0816 -0.1189
vn 0.5127 -0.8515 0.1099
vn 0.5127 0.8515 -0.1099
vn 0.6724 0.1415 -0.7266
vn -0.6724 0.1415 -0.7266
vn 0.8884 -0.4586 -0.0220
vn 0.8884 0.4586 0.0220
vn -0.9425 -0.3281 0.0643
vn 0.9425 -0.3281 0.0643
vn 0.2819 -0.9125 -0.2964
vn 0.2819 0.9125 0.2964
vn 0.1078 -0.6782 0.7269
vn -0.1078 -0.6782 0.7269
vn -0.7762 0.4312 -0.4600
vn -0.7762 -0.4312 0.4600
vn 0.3151 -0.0549 0.9475
vn -0.3151 -0.0549 0.9475
vn -0.9107 0.3209 0.2602
vn -0.9107 -0.3209 -0.2602
vn -0.6710 -0.0363 -0.7405
vn -0.6710 0.0363 0.7405
vn -0.3349 0.0938 -0.9376
vn 0.3830 0.0919 -0.9192
vn -0.9124 0.2106 0.3509
vn 0.9124 0.2106 0.3509
vn 0.4618 0.5242 -0.7155
vn 0.4618 -0.5242 0.7155
vn 0.9827 0.1733 -0.0655
vn -0.9827 0.1733 -0.0655
vn -0.9206 -0.2762 0.2762
vn 0.9206 -0.2762 0.2762
vn 0.4958 -0.2641 -0.8273
vn -0.4958 -0.2641 -0.8273
vn -0.6195 0.7711 0.1471
vn -0.6195 -0.7711 -0.1471
vn -0.1102 0.9912 0.0734
vn 0.1102 0.9912 0.0734
vn 0.7732 0.4664 0.4296
vn -0.7732 0.4664 0.4296
vn 0.9606 0.1779 -0.2134
vn 0.9606 -0.1779 0.2134
vn 0.6788 -0.1314 -0.7225
vn -0.6788 -0.1314 -0.7225
vn 0.9282 0.2585 0.2676
vn -0.9282 0.2585 0.2676
vn -0.1976 0.7406 -0.6422
vn 0.2287 0.7430 -0.6290
vn 0.8831 -0.4312 -0.1848
vn -0.8831 -0.4312 -0.1848
vn 0.8049 -0.4455 0.3921
vn -0.8049 -0.4455 0.3921
vn -0.9838 0.1671 0.0646
vn -0.9838 -0.1671 -0.0646
vn -0.6080 -0.3788 0.6977
vn 0.6080 -0.3788 0.6977
vn -0.0775 -0.3974 0.9144
vn 0.0775 -0.3974 0.9144
vn 0.9221 0.0418 -0.3846
vn -0.9221 0.0418 -0.3846
vn -0.9014 0.0518 0.4300
vn 0.8876 0.0918 0.4514
vn -0.8279 0.3088 0.4682
vn 0.8279 0.3088 0.4682
vn -0.3312 -0.9368 0.1124
vn 0.3312 -0.9368 0.1124
vn 0.9430 -0.2747 -0.1879
vn 0.4469 -0.7899 0.4199
vn -0.4468 -0.7899 0.4199
vn 0.1869 -0.9813 0.0467
vn -0.1346 0.9905 -0.0296
vn -0.1346 -0.9905 0.0296
vn 0.9700 0.0162 -0.2425
vn -0.9700 0.0162 -0.2425
vn -0.6277 0.3862 0.6759
vn 0.6277 0.3862 0.6759
vn 0.4241 -0.7014 -0.5729
vn -0.4241 -0.7014 -0.5729
vn 0.9441 0.1686 -0.2832
vn -0.9441 0.1686 -0.2832
vn 0.7241 -0.0525 -0.6877
vn -0.7241 -0.0525 -0.6877
vn 0.9708 0.0425 -0.2359
vn -0.9708 0.0425 -0.2359
vn -0.2939 -0.0913 -0.9515
vn 0.2939 -0.0913 -0.9515
vn -0.8868 0.3110 -0.3420
vn 0.8868 0.3110 -0.3420
vn -0.9507 0.0299 -0.3088
vn 0.5025 0.0718 0.8616
vn -0.5025 0.0718 0.8616
vn -0.0000 0.4472 -0.8944
vn -0.0000 -0.4472 0.8944
vn -0.9615 -0.0000 -0.2747
vn 0.9615 -0.0000 -0.2747
vn 0.6956 0.3512 0.6268
vn -0.6620 0.5375 0.5223
vn -0.6620 -0.5375 -0.5223
vn 0.4377 0.7403 -0.5102
vn 0.4377 -0.7403 0.5102
vn 0.7938 0.3475 0.4992
vn -0.7938 0.3475 0.4992
vn 0.9331 -0.3487 -0.0878
vn 0.9331 0.3487 0.0878
vn 0.0948 0.0651 0.9934
vn 0.0948 -0.0651 -0.9934
vn 0.8468 0.2752 0.4552
vn -0.8468 0.2752 0.4552
vn 0.1717 -0.2223 -0.9597
vn -0.1717 -0.2223 -0.9597
vn 0.9065 0.4220 -0.0117
vn -0.9065 0.4220 -0.0117
vn -0.4708 0.1419 0.8707
vn 0.4708 0.1419 0.8707
vn 0.1463 -0.1815 0.9724
vn 0.1463 0.1815 -0.9724
vn 0.0766 -0.0383 -0.9963
vn -0.0766 -0.0383 -0.9963
vn -0.2071 0.9068 0.3673
vn 0.2071 0.9068 0.3673
vn 0.7571 -0.5896 -0.2814
vn -0.7571 -0.5896 -0.2814
vn 0.4433 -0.8305 -0.3372
vn -0.4433 -0.8305 -0.3372
vn 0.4900 -0.2552 -0.8335
vn -0.4900 -0.2552 -0.8335
vn -0.1449 0.1326 0.9805
vn 0.1449 0.1326 0.9805
vn 0.9935 0.1135 0.0095
vn 0.9935 -0.1135 -0.0095
vn 0.8809 -0.0452 -0.4712
vn -0.8809 -0.0452 -0.4712
vn -0.5850 0.7312 -0.3510
vn 0.5850 0.7312 -0.3510
vn 0.9192 -0.0919 0.3830
vn 0.9192 0.0919 -0.3830
vn -0.3489 0.8196 -0.4544
vn -0.3489 -0.8196 0.4544
vn 0.8839 0.4275 -0.1896
vn -0.8839 0.4275 -0.1896
vn 0.0330 -0.3463 -0.9376
vn -0.0330 -0.3463 -0.9376
vn 0.6572 0.3909 -0.6444
vn 0.6572 -0.3909 0.6444
vn -0.7735 0.3033 0.5565
vn -0.7735 -0.3033 -0.5565
vn -0.8378 0.1625 -0.5212
vn -0.8378 -0.1625 0.5212
vn 0.2585 0.5667 -0.7823
vn 0.2585 -0.5667 0.7823
vn 0.1934 0.3315 0.9234
vn -0.1934 0.3315 0.9234
vn 0.5237 -0.7349 0.4308
vn -0.5237 -0.7349 0.4308
vn 0.4289 -0.5169 -0.7409
vn -0.4289 -0.5169 -0.7409
vn 0.7902 0.3655 0.4919
vn -0.7902 0.3655 0.4919
vn -0.5545 -0.3338 -0.7624
vn -0.5545 0.3338 0.7624
vn 0.9979 -0.0203 -0.0611
vn -0.9979 -0.0203 -0.0611
vn 0.5547 0.8320 -0.0000
vn 0.5547 -0.8320 -0.0000
vn 0.2860 -0.0953 0.9535
vn -0.8476 -0.5275 0.0574
vn 0.8476 -0.5275 0.0574
vn -0.2941 -0.0922 0.9513
vn 0.2530 0.0623 0.9655
vn 0.5886 -0.1919 -0.7853
vn -0.5886 -0.1919 -0.7853
vn 0.4581 -0.8834 0.0982
vn -0.4581 -0.8834 0.0982
vn -0.2530 0.0623 0.9654
vn 0.7253 0.4533 0.5181
vn -0.6651 0.6002 0.4444
vn 0.6651 0.6001 0.4444
vn -0.6975 -0.5255 -0.4873
vn -0.6975 0.5255 0.4873
vn -0.8845 -0.4641 -0.0472
vn 0.8845 -0.4641 -0.0472
vn -0.5723 0.0858 0.8155
vn 0.5723 0.0858 0.8155
vn -0.8165 0.4082 0.4083
vn 0.8165 0.4082 0.4083
vn -0.5191 -0.7959 0.3115
vn 0.5191 -0.7959 0.3115
vn -0.7643 -0.5414 -0.3503
vn 0.7643 -0.5414 -0.3503
vn 0.4083 0.8165 -0.4083
vn 0.4083 -0.8165 0.4083
vn 0.5461 0.6885 0.4772
vn -0.5461 0.6885 0.4772
vn 0.0528 -0.3063 0.9505
vn -0.0528 -0.3063 0.9505
vn 0.5264 0.8423 0.1162
vn -0.5264 0.8423 0.1162
vn 0.5302 0.7284 0.4339
vn 0.6508 0.7593 -0.0000
vn -0.6508 0.7593 -0.0000
vn 0.5679 -0.2396 -0.7874
vn 0.5679 0.2396 0.7874
vn 0.5476 -0.8335 -0.0730
vn -0.5476 -0.8335 -0.0730
vn -0.0162 0.1945 -0.9808
vn 0.0162 0.1945 -0.9808
vn 0.5654 0.0579 -0.8228
vn 0.5654 -0.0579 0.8228
vn -0.9172 0.3931 -0.0655
vn 0.9172 0.3931 -0.0655
vn 0.9940 -0.0249 0.1063
vn -0.9940 -0.0249 0.1063
vn -0.5008 0.2330 -0.8336
vn 0.5008 0.2330 -0.8336
vn -0.4369 -0.7309 -0.5243
vn 0.4369 -0.7309 -0.5243
vn 0.9747 0.2235 -0.0066
vn -0.9747 0.2235 -0.0066
vn -0.8098 0.3150 0.4949
vn 0.8098 0.3150 0.4949
vn 0.9051 0.3806 -0.1899
vn 0.9051 -0.3806 0.1899
vn -0.4347 0.3319 -0.8372
vn 0.4347 0.3319 -0.8372
vn -0.8897 0.4470 -0.0924
vn -0.0388 0.4180 -0.9076
vn 0.0388 0.4180 -0.9076
vn 0.6412 -0.7664 0.0391
vn -0.6412 -0.7664 0.0391
vn 0.0730 -0.2818 -0.9567
vn 0.0730 0.2818 0.9567
vn -0.4142 0.1183 0.9024
vn -0.4142 -0.1183 -0.9024
vn 0.5238 0.3809 -0.7620
vn -0.5485 0.3739 -0.7479
vn -0.9050 -0.2132 0.3681
vn -0.9050 0.2132 -0.3681
vn -0.1433 0.4897 0.8600
vn -0.1433 -0.4897 -0.8600
vn -0.7706 0.1961 0.6064
vn 0.7706 0.1961 0.6064
vn 0.3120 -0.9395 -0.1415
vn -0.3120 -0.9395 -0.1415
vn 0.8584 -0.0477 -0.5108
vn 0.8584 0.0477 0.5108
vn -0.4517 0.1245 0.8834
vn 0.4742 0.1238 0.8717
vn 0.9191 0.2410 0.3117
vn -0.9191 0.2410 0.3117
vn 0.9779 -0.1780 -0.1097
vn -0.9779 -0.1780 -0.1097
vn 0.9515 0.3026 -0.0549
vn 0.9515 -0.3026 0.0549
vn 0.9922 0.0517 -0.1137
vn 0.9922 -0.0517 0.1137
vn -0.0948 -0.1125 -0.9891
vn 0.0948 -0.1125 -0.9891
vn -0.6389 0.0639 -0.7666
vn -0.6389 -0.0639 0.7666
vn 0.2406 -0.5465 -0.8022
vn 0.2406 0.5465 0.8022
vn 0.8565 0.4067 -0.3178
vn 0.8838 -0.3466 0.3142
vn -0.8838 -0.3466 0.3142
vn -0.1190 0.5225 0.8443
vn 0.1190 0.5225 0.8443
vn -0.0510 -0.2394 -0.9696
vn -0.0510 0.2394 0.9696
vn 0.5663 -0.0631 -0.8218
vn -0.5663 -0.0631 -0.8218
vn 0.3299 0.4373 0.8366
vn -0.3299 0.4373 0.8366
vn -0.6347 -0.5944 -0.4937
vn 0.6347 -0.5944 -0.4937
vn -0.8924 0.4065 -0.1962
vn -0.9516 0.2808 -0.1248
vn -0.4237 0.3597 0.8313
vn 0.4237 0.3597 0.8313
vn 0.9553 -0.0381 0.2932
vn 0.9553 0.0381 -0.2932
vn -0.6667 -0.3333 -0.6666
vn 0.6667 -0.3333 -0.6666
vn -0.9511 -0.2796 0.1316
vn -0.2255 -0.5308 -0.8169
vn 0.2255 -0.5308 -0.8169
vn 0.4774 -0.8751 -0.0795
vn -0.4774 -0.8751 -0.0795
vn 0.9262 -0.2379 -0.2926
vn -0.9262 -0.2379 -0.2926
vn -0.0438 0.3917 -0.9191
vn -0.0438 -0.3917 0.9191
vn -0.1788 0.8717 0.4562
vn 0.1788 0.8717 0.4562
vn 0.1652 0.3541 0.9205
vn -0.1652 0.3541 0.9205
vn -0.7006 0.0681 -0.7103
vn 0.7006 0.0681 -0.7103
vn 0.6667 0.7173 0.2023
vn -0.6667 0.7173 0.2023
vn 0.9376 -0.0937 -0.3348
vn 0.9376 0.0937 0.3348
vn -0.7385 -0.5908 0.3249
vn 0.7385 -0.5908 0.3249
vn -0.4758 -0.7929 -0.3806
vn 0.4758 -0.7929 -0.3806
vn 0.9024 -0.2732 0.3332
vn -0.9024 -0.2732 0.3332
vn 0.1949 0.1114 -0.9745
vn -0.1949 0.1114 -0.9745
vn -0.7469 -0.6290 -0.2157
vn 0.7469 -0.6290 -0.2157
vn 0.7444 0.3814 0.5481
vn 0.7444 -0.3814 -0.5481
vn 0.9341 0.3552 0.0362
vn 0.9341 -0.3552 -0.0362
vn 0.5157 0.6514 -0.5564
vn 0.5157 -0.6514 0.5564
vn 0.8275 0.2968 -0.4767
vn -0.9325 0.2367 0.2726
vn 0.9325 0.2367 0.2726
vn 0.5847 0.0045 -0.8113
vn -0.5846 0.0045 -0.8113
vn -0.5747 -0.0519 0.8167
vn -0.5747 0.0519 -0.8167
vn 0.2313 0.9372 0.2610
vn -0.2313 0.9372 0.2610
vn 0.5210 -0.2088 -0.8276
vn -0.5210 -0.2089 -0.8276
vn -0.4423 0.4049 0.8003
vn 0.4423 0.4049 0.8003
vn 0.8327 -0.0243 0.5532
vn 0.8327 0.0243 -0.5531
vn -0.1466 -0.2651 0.9530
vn 0.1466 -0.2651 0.9530
vn -0.5291 0.1701 0.8313
vn 0.5291 0.1701 0.8313
vn -0.9677 0.0038 0.2520
vn 0.9677 0.0038 0.2520
vn 0.9900 -0.0622 0.1270
vn 0.5518 0.8249 0.1226
vn 0.5518 -0.8249 -0.1226
vn 0.5251 -0.1883 0.8299
vn 0.5251 0.1883 -0.8299
vn -0.9394 -0.3252 0.1084
vn 0.9394 -0.3252 0.1084
vn 0.9218 -0.0844 -0.3784
vn -0.9218 -0.0844 -0.3784
vn -0.8025 0.5959 -0.0278
vn 0.8025 0.5959 -0.0278
vn 0.4209 0.1023 -0.9013
vn -0.4209 0.1023 -0.9013
vn 0.8421 -0.4211 -0.3369
vn -0.8421 -0.4211 -0.3370
vn -0.9577 0.2713 0.0958
vn 0.9577 0.2713 0.0958
vn -0.7358 -0.0268 -0.6767
vn 0.7358 -0.0268 -0.6767
vn -0.6013 0.0172 0.7988
vn -0.6013 -0.0172 -0.7988
vn 0.2796 0.4956 0.8223
vn 0.2796 -0.4956 -0.8223
vn -0.7838 -0.2352 -0.5748
vn 0.7838 -0.2351 -0.5748
vn -0.5676 -0.6151 0.5473
vn 0.5676 -0.6151 0.5473
vn -0.8998 0.3051 -0.3119
vn 0.8998 0.3051 -0.3119
vn 0.6506 0.1301 0.7482
vn -0.6506 0.1301 0.7482
vn 0.3218 -0.7422 0.5878
vn -0.3218 -0.7422 0.5878
vn 0.1826 -0.9128 -0.3652
vn -0.2118 -0.9074 -0.3630
vn -0.0949 0.0599 0.9937
vn -0.9493 -0.1329 0.2848
vn -0.4141 0.1875 -0.8907
vn -0.4141 -0.1875 0.8907
vn -0.4970 -0.6473 -0.5779
vn -0.4970 0.6473 0.5779
vn 0.2724 0.4985 -0.8230
vn -0.2724 0.4985 -0.8230
vn -0.6812 0.1378 0.7190
vn -0.6812 -0.1378 -0.7190
vn 0.1291 0.8433 0.5217
vn 0.1291 -0.8433 -0.5217
vn 0.3876 -0.7882 -0.4781
vn 0.3876 0.7882 0.4781
vn 0.3015 0.3015 -0.9045
vn 0.3015 -0.3015 0.9045
vn -0.2202 -0.2753 -0.9358
vn 0.2202 -0.2753 -0.9358
vn -0.3162 0.5844 -0.7473
vn 0.3162 0.5844 -0.7473
vn 0.9799 -0.0940 -0.1757
vn -0.9799 -0.0940 -0.1757
vn 0.9773 0.0251 0.2104
vn 0.9773 -0.0251 -0.2104
vn 0.1225 0.4043 -0.9064
vn 0.1225 -0.4043 0.9064
vn 0.8806 0.1810 -0.4380
vn 0.8806 -0.1810 0.4380
vn -0.1721 0.3797 0.9090
vn -0.1721 -0.3797 -0.9090
vn 0.5847 0.1164 -0.8029
vn -0.5847 0.1164 -0.8029
vn -0.9149 -0.2760 -0.2946
vn -0.9149 0.2760 0.2946
vn -0.5117 0.3879 0.7666
vn 0.5117 0.3879 0.7666
vn 0.2911 -0.0208 0.9565
vn -0.6929 0.5298 0.4891
vn 0.6929 0.5298 0.4891
vn 0.9103 0.3562 -0.2111
vn -0.9103 0.3562 -0.2111
vn -0.9819 0.1406 -0.1271
vn 0.9819 0.1406 -0.1271
vn -0.9734 0.1917 0.1254
vn 0.9734 0.1917 0.1253
vn -0.2849 0.3585 -0.8890
vn -0.2052 -0.1306 -0.9700
vn 0.9651 0.0244 -0.2606
vn -0.9651 0.0244 -0.2606
vn 0.6002 0.0340 -0.7991
vn 0.6002 -0.0340 0.7991
vn -0.6630 0.5244 -0.5343
vn -0.6630 -0.5244 0.5343
vn -0.8812 0.1187 0.4576
vn 0.8812 0.1186 0.4575
vn 0.2494 -0.5463 -0.7996
vn 0.2494 0.5463 0.7996
vn -0.3348 0.0937 0.9376
vn 0.3830 0.0919 0.9192
vn 0.5801 -0.0366 -0.8137
vn 0.5801 0.0366 0.8137
vn -0.8971 0.3450 -0.2760
vn 0.8971 0.3450 -0.2760
vn 0.5428 -0.2557 -0.8000
vn 0.5428 0.2557 0.8000
vn 0.5358 -0.1904 0.8226
vn -0.5358 -0.1904 0.8226
vn 0.5547 -0.0000 0.8320
vn 0.5547 -0.0000 -0.8320
vn 0.9361 -0.0563 -0.3473
vn 0.9183 -0.1219 -0.3765
vn -0.9183 -0.1219 -0.3765
vn 0.1876 -0.0221 0.9820
vn 0.0793 -0.9567 -0.2800
vn 0.5761 0.1926 0.7943
vn -0.1934 0.9328 0.3040
vn -0.1934 -0.9328 -0.3040
vn 0.7868 0.2590 -0.5602
vn -0.7868 0.2590 -0.5602
vn -0.0378 -0.4917 0.8699
vn 0.9785 -0.0652 -0.1957
vn 0.9785 0.0652 0.1957
vn 0.8860 -0.3834 0.2609
vn -0.8860 -0.3834 0.2609
vn 0.2004 0.9730 -0.1145
vn -0.2004 0.9730 -0.1145
vn 0.8429 -0.4098 -0.3486
vn -0.8429 -0.4098 -0.3486
vn 0.5970 -0.3980 0.6965
vn -0.5970 -0.3980 0.6965
vn -0.5898 0.0778 -0.8038
vn 0.5898 0.0778 -0.8038
vn -0.3853 0.1895 0.9031
vn -0.8044 0.3442 0.4843
vn 0.8044 0.3442 0.4843
vn -0.5213 0.0237 0.8530
vn -0.5213 -0.0237 -0.8530
vn 0.2457 -0.6561 -0.7136
vn -0.2558 -0.6558 -0.7102
vn -0.6205 0.1731 -0.7649
vn 0.6205 0.1731 -0.7649
vn 0.6065 -0.0791 0.7911
vn -0.6065 -0.0791 0.7911
vn -0.5494 0.1374 0.8242
vn -0.5494 -0.1373 -0.8242
vn 0.2434 -0.4963 0.8334
vn -0.4058 0.7110 0.5743
vn 0.4058 0.7110 0.5743
vn 0.5725 -0.0584 -0.8178
vn -0.5725 -0.0584 -0.8178
vn 0.7115 -0.6621 -0.2354
vn 0.7115 0.6621 0.2354
vn -0.9912 0.1086 -0.0755
vn -0.9912 -0.1086 0.0755
vn -0.8849 -0.2496 0.3933
vn -0.8849 0.2496 -0.3933
vn 0.9076 0.1231 0.4013
vn 0.8381 -0.4191 -0.3492
vn 0.8381 0.4191 0.3492
vn 0.8578 0.4456 -0.2562
vn -0.8578 0.4456 -0.2562
vn 0.8281 0.2123 -0.5188
vn -0.8281 0.2123 -0.5188
vn 0.9389 -0.0427 -0.3414
vn -0.9389 -0.0427 -0.3414
vn 0.2068 0.0376 -0.9777
vn -0.2068 0.0376 -0.9777
vn 0.9285 -0.0000 -0.3714
vn -0.9285 -0.0000 -0.3714
vn 0.6752 -0.4074 0.6149
vn -0.6752 -0.4074 0.6149
vn 0.9786 0.0264 -0.2043
vn -0.9786 0.0264 -0.2043
vn 0.0098 0.0932 0.9956
vn 0.0098 -0.0932 -0.9956
vn -0.3259 0.0717 0.9427
vn -0.3259 -0.0717 -0.9427
vn 0.2462 0.1985 -0.9487
vn 0.2310 -0.1937 0.9535
vn -0.1788 -0.2329 -0.9559
vn -0.1788 0.2329 0.9559
vn 0.2774 0.3762 -0.8840
vn -0.2774 0.3762 -0.8840
vn 0.0920 -0.2374 -0.9670
vn -0.0920 -0.2374 -0.9670
vn -0.0280 0.2523 0.9672
vn 0.0280 0.2523 0.9672
vn -0.0467 -0.9813 -0.1869
vn -0.0529 0.9808 0.1875
vn 0.5680 0.8177 0.0930
vn 0.5680 -0.8177 -0.0930
vn 0.0497 0.9375 0.3444
vn 0.2361 -0.1305 -0.9629
vn -0.2361 -0.1305 -0.9629
vn 0.9708 -0.2397 -0.0120
vn -0.9708 -0.2397 -0.0120
vn -0.1368 -0.1725 0.9755
vn -0.1368 0.1725 -0.9755
vn 0.0448 -0.0529 -0.9976
vn -0.0448 -0.0529 -0.9976
vn 0.2270 0.0522 -0.9725
vn -0.2270 0.0522 -0.9725
vn -0.6599 -0.6137 -0.4334
vn 0.6599 -0.6137 -0.4334
vn 0.2728 -0.0531 0.9606
vn -0.2728 -0.0531 0.9606
vn -0.4315 -0.6391 0.6367
vn 0.4315 -0.6391 0.6367
vn -0.9274 0.1932 -0.3204
vn 0.9274 0.1932 -0.3204
vn -0.0661 0.0425 0.9969
vn 0.0661 0.0425 0.9969
vn -0.5565 0.2486 0.7928
vn -0.5565 -0.2486 -0.7928
vn 0.8525 -0.4265 -0.3023
vn 0.8525 0.4265 0.3023
vn -0.9278 0.2471 0.2795
vn 0.9278 0.2471 0.2795
vn 0.6414 -0.6850 -0.3456
vn -0.6414 -0.6850 -0.3456
vn 0.7960 -0.3633 -0.4842
vn 0.7960 0.3633 0.4842
vn 0.6193 -0.4884 -0.6147
vn -0.6193 -0.4884 -0.6147
vn -0.9223 -0.2935 0.2515
vn -0.9223 0.2935 -0.2515
vn 0.0838 0.7781 -0.6225
vn 0.0432 0.9385 0.3426
vn -0.0432 0.9385 0.3426
vn -0.7940 -0.3087 0.5237
vn 0.7940 -0.3087 0.5237
vn -0.3175 0.8990 0.3018
vn -0.3351 -0.8925 -0.3019
vn 0.2050 -0.8540 -0.4782
vn -0.2050 -0.8540 -0.4782
vn -0.8238 -0.4515 -0.3427
vn -0.6032 -0.6514 -0.4603
vn -0.6032 0.6514 0.4603
vn -0.6020 -0.1178 0.7897
vn -0.7942 -0.3309 0.5096
vn 0.7942 -0.3309 0.5096
vn 0.5040 -0.2893 0.8138
vn -0.5040 -0.2893 0.8138
vn -0.7482 -0.3187 0.5819
vn 0.7482 -0.3187 0.5819
vn -0.2204 0.7082 -0.6707
vn -0.7852 0.1795 0.5927
vn 0.8119 -0.3892 -0.4352
vn 0.8833 0.0677 -0.4638
vn -0.8833 0.0677 -0.4638
vn -0.8574 -0.0512 0.5121
vn 0.8574 -0.0512 0.5121
vn -0.8286 -0.4621 0.3160
vn 0.8286 -0.4621 0.3160
vn -0.8599 -0.0859 0.5031
vn -0.8599 0.0859 -0.5031
vn 0.8066 0.2933 -0.5133
vn -0.8066 0.2933 -0.5133
vn 0.3048 -0.7317 -0.6097
vn -0.3048 -0.7317 -0.6097
vn -0.7790 -0.1630 -0.6054
vn -0.4213 -0.1385 0.8963
vn 0.4213 -0.1385 0.8963
vn -0.8018 -0.2673 0.5345
vn -0.8018 0.2673 -0.5345
vn -0.5202 -0.3148 0.7939
vn 0.5202 -0.3148 0.7939
vn -0.1204 -0.9631 0.2408
vn -0.1335 0.9614 -0.2404
vn 0.5915 0.2275 -0.7735
vn -0.5915 0.2275 -0.7735
vn 0.8108 -0.1696 -0.5602
vn 0.8108 0.1696 0.5602
vn -0.4278 -0.8200 0.3803
vn -0.8911 0.2457 0.3814
vn -0.8911 -0.2457 -0.3814
vn 0.8835 -0.4624 0.0743
vn -0.8835 -0.4624 0.0743
vn 0.5654 0.3029 -0.7672
vn 0.5654 -0.3029 0.7672
vn -0.3638 0.8055 -0.4677
vn 0.7276 0.3861 -0.5670
vn 0.5024 0.2153 -0.8374
vn -0.7455 0.0113 -0.6664
vn -0.8312 -0.3391 0.4405
vn -0.8312 0.3391 -0.4405
vn -0.5461 -0.0512 0.8362
vn -0.5461 0.0512 -0.8362
vn 0.5388 -0.2024 -0.8177
vn -0.5388 -0.2024 -0.8177
vn -0.5129 0.2671 0.8158
vn -0.5129 -0.2671 -0.8158
vn -0.6572 -0.1929 0.7286
vn 0.6572 -0.1929 0.7286
vn -0.4094 -0.1270 0.9035
vn 0.4094 -0.1270 0.9035
vn -0.7884 0.1174 0.6039
vn 0.7884 0.1174 0.6039
vn 0.5739 0.1578 -0.8036
vn -0.5739 0.1578 -0.8036
vn -0.1813 -0.4307 0.8841
vn 0.2048 -0.4223 0.8830
vn 0.0699 -0.6363 -0.7682
vn -0.0699 -0.6363 -0.7682
vn 0.5976 0.3586 -0.7172
vn -0.5976 0.3586 -0.7172
vn -0.4313 -0.7315 -0.5282
vn 0.4313 -0.7315 -0.5282
vn 0.7722 -0.2707 -0.5748
vn 0.7722 0.2707 0.5748
vn -0.5720 -0.4119 0.7093
vn 0.5720 -0.4119 0.7093
vn 0.8387 0.3962 -0.3736
vn 0.8387 -0.3962 0.3736
vn 0.3106 -0.0518 -0.9491
vn -0.3106 -0.0518 -0.9491
vn -0.0904 -0.0517 0.9946
vn -0.1103 0.0473 -0.9928
vn -0.5369 0.4623 0.7057
vn 0.5369 0.4623 0.7057
vn 0.7133 -0.4308 0.5529
vn 0.3452 -0.7309 -0.5888
vn -0.3452 -0.7309 -0.5888
vn -0.5111 -0.5750 0.6389
vn -0.5111 0.5750 -0.6389
vn 0.3414 -0.5974 -0.7256
vn -0.3414 -0.5974 -0.7256
vn -0.8646 -0.2275 0.4480
vn 0.8646 -0.2275 0.4480
vn -0.5245 0.2965 0.7981
vn 0.5245 0.2965 0.7981
vn 0.5547 -0.0000 -0.8321
vn 0.5547 -0.0000 0.8321
vn -0.7457 0.4812 -0.4609
vn 0.7457 0.4812 -0.4609
vn -0.9211 0.3167 0.2266
vn 0.9211 0.3167 0.2266
vn 0.9517 0.0873 -0.2943
vn -0.9517 0.0873 -0.2943
vn -0.3632 -0.4816 0.7976
vn -0.3632 0.4816 -0.7976
vn 0.6373 0.0562 -0.7685
vn -0.6373 0.0562 -0.7685
vn -0.1490 -0.5065 0.8492
vn 0.1490 -0.5065 0.8492
vn -0.0902 -0.5772 0.8116
vn -0.1155 0.5774 -0.8083
vn -0.5345 -0.2674 0.8018
vn 0.5345 -0.2674 0.8018
vn -0.1451 0.6147 0.7753
vn -0.1451 -0.6147 -0.7753
vn 0.5545 0.2259 -0.8009
vn 0.5545 -0.2259 0.8009
vn -0.0000 -0.7071 -0.7071
vn 0.1376 -0.8671 -0.4787
vn 0.1376 0.8671 0.4787
vn -0.9480 -0.2050 0.2434
vn 0.9480 -0.2050 0.2434
vn 0.8865 -0.4063 0.2216
vn -0.8865 -0.4063 0.2216
vn 0.5717 0.0431 -0.8193
vn -0.5717 0.0431 -0.8193
vn -0.8362 0.5475 0.0312
vn -0.8362 -0.5475 -0.0312
vn 0.9670 0.2418 0.0806
vn -0.9670 0.2418 0.0806
vn 0.1962 -0.0000 -0.9806
vn -0.2426 -0.0000 -0.9701
vn -0.4761 -0.2667 0.8380
vn 0.4761 -0.2667 0.8380
vn -0.4791 0.3652 -0.7982
vn -0.4791 -0.3652 0.7982
vn -0.7999 -0.1586 0.5787
vn 0.7999 -0.1586 0.5787
vn -0.3926 0.1057 0.9136
vn 0.3926 0.1057 0.9136
vn -0.1644 -0.5919 0.7891
vn 0.1961 -0.5884 0.7844
vn 0.5813 0.8137 -0.0000
vn 0.5813 -0.8137 -0.0000
vn -0.5211 0.0310 -0.8529
vn 0.5211 0.0310 -0.8529
vn 0.4001 0.0572 -0.9147
vn 0.4001 -0.0572 0.9147
vn 0.3631 0.5220 -0.7717
vn -0.3631 0.5220 -0.7717
vn 0.9202 -0.3132 -0.2349
vn 0.9202 0.3132 0.2349
vn -0.5162 0.1284 0.8468
vn -0.5162 -0.1284 -0.8468
vn -0.1264 -0.2107 0.9693
vn 0.1527 -0.2035 0.9671
vn 0.8012 0.5211 0.2942
vn -0.8012 0.5211 0.2942
vn -0.6777 0.2494 -0.6918
vn -0.6777 -0.2494 0.6918
vn 0.9272 0.2649 -0.2649
vn -0.9272 0.2649 -0.2649
vn 0.6056 -0.5921 0.5316
vn -0.6056 -0.5921 0.5316
vn 0.4402 -0.2404 -0.8651
vn -0.4402 -0.2404 -0.8651
vn 0.8296 -0.2074 -0.5184
vn -0.8296 -0.2074 -0.5184
vn -0.0274 -0.5116 -0.8588
vn -0.3951 -0.9161 -0.0687
vn 0.3951 -0.9161 -0.0687
vn 0.1011 0.4041 -0.9091
vn -0.1302 0.3906 -0.9113
vn -0.8091 -0.3557 0.4677
vn 0.8091 -0.3557 0.4677
vn -0.3386 0.3191 -0.8852
vn 0.3386 0.3191 -0.8852
vn 0.5579 -0.3666 0.7446
vn 0.5579 0.3666 -0.7446
vn -0.1673 0.2976 0.9399
vn 0.1673 0.2976 0.9399
vn 0.3075 0.3267 -0.8937
vn 0.3075 -0.3267 0.8937
vn 0.1193 0.5369 -0.8352
vn -0.1654 0.5375 -0.8269
vn 0.5930 -0.2643 -0.7606
vn -0.5930 -0.2643 -0.7606
vn -0.7117 -0.6162 -0.3373
vn 0.7117 -0.6162 -0.3373
vn 0.1400 -0.1400 -0.9802
vn 0.1552 0.1397 0.9780
vn 0.2220 -0.4886 -0.8438
vn -0.3232 -0.4742 -0.8190
vn 0.9251 0.3469 0.1542
vn -0.9251 0.3469 0.1542
vn -0.1196 -0.9365 -0.3296
vn 0.1196 -0.9365 -0.3296
vn -0.7430 -0.2103 0.6353
vn -0.7430 0.2103 -0.6353
vn 0.3905 -0.4543 -0.8007
vn -0.3905 -0.4543 -0.8007
vn 0.1767 0.1546 -0.9720
vn 0.2141 -0.1606 0.9635
vn 0.1737 -0.0258 -0.9845
vn 0.1961 0.0218 0.9804
vn 0.6574 0.3108 -0.6864
vn -0.6726 0.3053 -0.6741
vn -0.5572 -0.1128 -0.8226
vn 0.5572 -0.1128 -0.8226
vn -0.5961 0.0568 0.8009
vn 0.5961 0.0568 0.8009
vn 0.3472 0.8813 -0.3205
vn -0.4855 0.8216 -0.2987
vn -0.7823 0.2453 0.5726
vn -0.7823 -0.2453 -0.5726
vn 0.8942 0.0397 -0.4460
vn 0.8942 -0.0397 0.4459
vn 0.4397 0.8305 -0.3420
vn 0.4397 -0.8305 0.3419
vn -0.4632 0.1712 0.8696
vn 0.4632 0.1712 0.8696
vn -0.7266 -0.1298 0.6747
vn 0.7266 -0.1298 0.6747
vn 0.0778 0.7903 0.6077
vn -0.0778 0.7903 0.6077
vn 0.1873 -0.7908 0.5827
vn 0.1873 0.7908 -0.5827
vn -0.4965 -0.1949 0.8458
vn 0.4965 -0.1949 0.8458
vn -0.6766 0.1249 0.7257
vn 0.3349 0.8040 0.4914
vn 0.8273 0.4502 -0.3362
vn -0.8273 0.4502 -0.3362
vn -0.4850 0.4851 0.7276
vn 0.5923 0.4739 0.6516
vn 0.0478 0.7336 -0.6778
vn -0.0478 0.7336 -0.6778
vn 0.9624 -0.0169 0.2713
vn -0.9624 -0.0169 0.2713
vn 0.5569 -0.0895 -0.8257
vn -0.5569 -0.0895 -0.8257
vn -0.6550 -0.0966 -0.7495
vn 0.5963 -0.1626 -0.7861
vn 0.6858 0.1247 0.7170
vn 0.8353 -0.3904 -0.3872
vn 0.8353 0.3904 0.3872
vn 0.5968 -0.3233 -0.7343
vn -0.5968 -0.3233 -0.7343
vn 0.2952 -0.1845 -0.9374
vn -0.2952 -0.1845 -0.9374
vn 0.9329 0.2562 0.2529
vn -0.9329 0.2562 0.2529
vn -0.3553 0.9239 0.1422
vn 0.1428 -0.1292 0.9813
vn 0.1428 0.1292 -0.9813
vn -0.2649 0.9272 -0.2649
vn 0.4490 -0.7140 -0.5373
vn 0.6746 0.3485 -0.6507
vn -0.6861 0.3423 -0.6420
vn 0.5490 -0.1594 -0.8205
vn 0.5490 0.1594 0.8205
vn 0.6717 0.7101 0.2112
vn -0.6717 0.7101 0.2112
vn -0.3922 0.0787 0.9165
vn -0.3922 -0.0787 -0.9165
vn -0.1312 -0.1761 0.9756
vn 0.1647 -0.0518 -0.9850
vn 0.1647 0.0518 0.9850
vn 0.7757 0.4318 0.4603
vn 0.4222 -0.8711 -0.2510
vn -0.4222 -0.8711 -0.2510
vn 0.2524 -0.0978 -0.9627
vn 0.2524 0.0978 0.9627
vn -0.6589 -0.5191 -0.5445
vn 0.6589 -0.5191 -0.5445
vn 0.4988 -0.1530 -0.8531
vn 0.4988 0.1530 0.8531
vn 0.1135 0.9574 0.2654
vn -0.1167 0.9568 0.2663
vn 0.9018 -0.1589 -0.4019
vn -0.9018 -0.1589 -0.4019
vn -0.5672 -0.1778 0.8042
vn 0.5672 -0.1778 0.8042
vn -0.8326 0.3573 0.4232
vn -0.2091 0.9761 0.0598
vn 0.1367 0.1435 -0.9802
vn -0.1440 0.1435 -0.9791
vn 0.8535 -0.0383 0.5197
vn 0.8535 0.0383 -0.5197
vn 0.1116 0.3391 -0.9341
vn 0.1116 -0.3391 0.9341
vn -0.2290 0.7065 -0.6696
vn 0.2290 0.7065 -0.6696
vn 0.9986 0.0370 -0.0378
vn -0.9986 0.0370 -0.0378
vn 0.3875 0.8640 0.3216
vn -0.3875 0.8640 0.3216
vn -0.4086 -0.2578 0.8756
vn 0.4327 -0.2524 0.8655
vn 0.1975 -0.9340 -0.2978
vn -0.1975 -0.9340 -0.2978
vn 0.8282 -0.1239 0.5465
vn -0.8282 -0.1239 0.5465
vn -0.6545 -0.6763 0.3381
vn 0.6545 -0.6763 0.3381
vn 0.3923 0.0120 0.9198
vn -0.3923 0.0120 0.9198
vn 0.5521 -0.5969 0.5821
vn 0.5521 0.5969 -0.5821
vn 0.0506 -0.7798 -0.6239
vn -0.0520 -0.7798 -0.6239
vn -0.1865 0.0161 0.9823
vn 0.1924 0.0166 0.9812
vn 0.4068 -0.4502 -0.7949
vn -0.4068 -0.4502 -0.7949
vn 0.4727 0.1052 -0.8749
vn 0.4832 -0.1047 0.8692
vn -0.5048 0.5476 -0.6673
vn -0.5048 -0.5476 0.6673
vn -0.3108 -0.1514 0.9383
vn -0.3220 0.1508 -0.9347
vn 0.8005 -0.2759 -0.5320
vn -0.8005 -0.2759 -0.5320
vn 0.6644 -0.1915 0.7224
vn 0.6644 0.1915 -0.7224
vn 0.6561 0.3939 -0.6437
vn 0.6561 -0.3939 0.6437
vn 0.4280 -0.0292 -0.9033
vn 0.4280 0.0292 0.9033
vn 0.5541 -0.6926 -0.4617
vn 0.5541 0.6926 0.4617
vn 0.4228 0.1482 -0.8940
vn -0.4324 0.1478 -0.8895
vn 0.8415 0.1506 -0.5188
vn 0.8415 -0.1506 0.5188
vn 0.3468 0.2424 -0.9061
vn -0.3521 0.2411 -0.9044
vn 0.8712 -0.0553 -0.4879
vn -0.8712 -0.0553 -0.4879
vn -0.3457 0.7004 -0.6244
vn 0.3457 0.7004 -0.6244
vn -0.7595 0.2851 0.5848
vn 0.7595 0.2851 0.5848
vn 0.1027 -0.2841 -0.9533
vn 0.1050 0.2842 0.9530
vn -0.4596 -0.0383 0.8873
vn -0.4702 0.0392 -0.8817
vn 0.7474 -0.3808 -0.5445
vn -0.7474 -0.3808 -0.5445
vn -0.4501 0.1146 0.8856
vn 0.4618 0.1154 0.8794
vn -0.3537 -0.0005 0.9353
vn -0.3619 0.0019 -0.9322
vn 0.7068 0.2644 -0.6562
vn -0.7068 0.2644 -0.6562
vn -0.1277 0.3160 0.9401
vn 0.1312 0.3160 0.9397
vn -0.2711 0.7108 0.6491
vn 0.2968 0.7017 0.6477
vn -0.0000 0.0889 -0.9960
vn -0.6316 -0.1937 0.7507
vn 0.6401 -0.1845 0.7458
vn -0.4352 0.5897 0.6803
vn 0.4451 0.5832 0.6795
vn 0.0780 0.1745 0.9816
vn 0.0815 -0.1746 -0.9813
vn -0.0977 0.6396 -0.7625
vn 0.1006 0.6392 -0.7625
vn -0.6201 0.0293 0.7840
vn -0.6388 -0.0267 -0.7689
vn 0.1426 -0.0287 -0.9894
vn -0.1467 -0.0284 -0.9888
vn -0.6306 -0.0000 0.7761
vn 0.6549 -0.0000 0.7557
vn 0.4521 -0.0502 -0.8905
vn -0.4692 -0.0521 -0.8815
vn 0.7071 -0.0000 -0.7071
vn -0.7071 -0.0000 -0.7071
vn 0.4962 0.1179 -0.8602
vn -0.4962 0.1179 -0.8602
vn 0.9995 0.0047 0.0307
vn -0.9995 0.0047 0.0307
vn -0.4331 -0.4573 0.7767
vn 0.4495 -0.4470 0.7734
vn 0.2293 -0.8946 -0.3835
vn 0.2293 0.8946 0.3835
vn -0.3051 -0.0092 0.9523
vn -0.4013 -0.1381 0.9055
vn -0.4258 0.1261 -0.8960
vn 0.1194 0.8928 0.4344
vn -0.1194 0.8928 0.4344
vn 0.9470 0.0688 0.3136
vn 0.9470 -0.0688 -0.3136
vn 0.3543 -0.7086 -0.6102
vn 0.3543 0.7086 0.6102
vn -0.1908 -0.6985 -0.6897
vn 0.1908 -0.6985 -0.6897
vn 0.4770 0.5040 0.7200
vn 0.5339 0.4317 0.7271
vn 0.4185 0.8911 0.1755
vn -0.6608 -0.7058 0.2553
vn 0.6608 -0.7058 0.2553
vn 0.9565 -0.2869 0.0531
vn -0.9565 -0.2869 0.0531
vn -0.9430 -0.2743 -0.1886
vn 0.5339 0.7647 -0.3607
vn 0.5849 -0.0450 0.8099
vn 0.5849 0.0450 -0.8099
vn -0.9681 -0.1710 -0.1832
vn -0.5302 0.7284 0.4339
vn 0.1355 -0.9877 -0.0774
vn -0.0000 -0.9900 -0.1414
vn -0.0000 -0.9806 -0.1961
vn -0.6020 0.1178 -0.7897
vn 0.5024 -0.2153 0.8374
vn -0.5773 -0.5773 0.5774
vn -0.5230 0.0653 0.8498
vn 0.5230 0.0653 0.8498
vn 0.5773 -0.5773 0.5774
vn -0.5321 0.3548 -0.7687
vn -0.1735 -0.9831 -0.0578
vn 0.2091 -0.9754 -0.0697
vn 0.6398 -0.3290 -0.6946
vn -0.6398 -0.3290 -0.6946
vn -0.6667 0.6667 0.3333
vn 0.6667 0.6667 0.3333
vn 0.9004 -0.2718 -0.3398
vn -0.1096 0.9500 -0.2924
vn -0.3903 -0.7807 0.4880
vn 0.4990 -0.7485 0.4367
vn -0.2649 -0.9272 0.2649
vn -0.1675 0.4489 0.8777
vn 0.1675 0.4489 0.8777
vn -0.3353 0.3499 0.8747
vn 0.3620 0.3462 0.8655
vn -0.0000 -0.0905 -0.9959
vn -0.0000 -0.1991 -0.9800
vn -0.5152 0.5081 -0.6902
vn -0.2755 0.4814 -0.8321
vn 0.2755 0.4814 -0.8321
vn 0.2630 -0.9204 -0.2893
vn 0.8726 0.1370 0.4688
vn -0.8726 0.1370 0.4688
vn 0.6739 -0.2849 0.6817
vn 0.9430 -0.2743 -0.1886
vn 0.7804 0.3468 0.5203
vn 0.7639 0.6208 0.1761
vn 0.7785 0.6228 -0.0779
vn -0.7785 0.6228 -0.0779
vn -0.1355 -0.9877 -0.0774
vn 0.0541 0.0309 0.9981
vn 0.5321 0.3548 -0.7687
vn 0.6666 -0.6667 -0.3333
vn 0.7319 0.5007 0.4622
vn -0.2683 0.6975 0.6645
vn 0.0489 0.1919 -0.9802
vn 0.0511 0.1956 -0.9794
vn -0.2630 -0.9204 -0.2893
vn -0.5084 -0.8602 0.0390
vn -0.5408 0.7149 -0.4433
vn -0.1382 0.0946 0.9859
vn 0.5480 0.2676 0.7925
vn 0.0541 0.0309 -0.9981
vn 0.6162 0.6193 0.4866
vn -0.6739 -0.2849 0.6817
vn -0.3579 0.9325 -0.0489
vn -0.3579 -0.9325 0.0489
vn -0.7804 0.3468 0.5203
vn -0.8911 -0.3297 -0.3119
vn -0.5208 0.8184 0.2426
vn -0.0541 0.0309 0.9981
vn -0.4073 -0.9131 0.0204
vn 0.7455 0.0113 -0.6664
vn -0.2349 -0.1719 -0.9567
vn -0.4151 0.4613 -0.7842
vn 0.2467 0.2116 -0.9457
vn -0.2467 0.2116 -0.9457
vn 0.3726 -0.3051 -0.8764
vn -0.4345 0.4626 0.7728
vn 0.0127 0.0379 -0.9992
vn 0.0511 -0.1956 0.9794
vn 0.5152 0.5081 -0.6902
vn 0.8736 0.2987 -0.3842
vn -0.7459 -0.6442 0.1695
vn 0.5084 -0.8602 0.0390
vn 0.5408 0.7149 -0.4433
vn 0.0097 0.9919 0.1264
vn 0.5480 -0.2676 -0.7925
vn -0.6611 -0.2953 -0.6897
vn -0.0541 0.0309 -0.9981
vn -0.9351 -0.3092 0.1731
vn 0.6734 0.5726 -0.4677
vn -0.7639 0.6208 0.1761
vn 0.9084 -0.3850 0.1633
vn 0.8911 -0.3297 -0.3119
vn -0.8009 0.5413 -0.2561
vn 0.5208 0.8184 0.2426
vn -0.4191 0.8706 -0.2579
vn 0.6809 0.0635 0.7297
vn -0.5203 -0.3468 -0.7804
vn 0.4073 -0.9131 0.0204
vn 0.8781 0.2005 -0.4344
vn 0.5282 0.2089 -0.8230
vn -0.5499 -0.1729 0.8171
vn -0.4333 0.0500 -0.8999
vn -0.7926 0.0081 -0.6097
vn 0.4151 0.4613 -0.7842
vn -0.6025 -0.7241 -0.3357
vn -0.8391 -0.3836 -0.3858
vn 0.1219 -0.7926 0.5975
vn 0.7729 -0.4476 -0.4498
vn -0.7729 -0.4476 -0.4498
vn 0.3726 0.3051 0.8764
vn -0.6501 -0.3498 -0.6745
vn -0.0280 -0.1723 0.9846
vn 0.0281 -0.1726 0.9846
vn -0.4528 -0.6000 -0.6595
vn 0.5790 -0.1433 0.8026
vn -0.5988 -0.1408 0.7885
vn -0.4387 0.3178 -0.8406
vn 0.4571 0.3145 -0.8319
vn 0.3988 -0.3814 0.8340
vn 0.4132 0.3826 -0.8264
vn -0.6116 0.2039 -0.7645
vn 0.6362 0.1988 -0.7455
vn 0.0043 -0.1306 0.9914
vn 0.0043 0.1306 -0.9914
vn 0.0653 -0.1083 0.9920
vn 0.0653 0.1083 -0.9920
vn -0.0543 0.1728 -0.9835
vn 0.0543 0.1728 -0.9835
vn -0.0768 0.0874 -0.9932
vn 0.0768 0.0874 -0.9932
vn 0.0761 0.5646 -0.8218
vn 0.0761 -0.5646 0.8218
vn -0.0639 0.5258 -0.8482
vn 0.0639 0.5258 -0.8482
vn 0.0441 0.1804 -0.9826
vn -0.0441 0.1804 -0.9826
vn 0.0614 0.1816 -0.9815
vn 0.0614 -0.1816 0.9815
vn 0.0211 0.1276 -0.9916
vn -0.0000 -0.3714 0.9285
vn -0.0556 -0.3394 0.9390
vn -0.0556 0.3394 -0.9390
vn 0.0076 0.1944 -0.9809
vn 0.0076 -0.1944 0.9809
vn -0.0429 -0.3210 0.9461
vn -0.0429 0.3210 -0.9461
vn -0.0424 0.1196 -0.9919
vn -0.0424 -0.1196 0.9919
vn 0.7805 0.2195 0.5854
vn 0.7983 -0.2356 -0.5543
vn -0.1092 0.6401 -0.7605
vn 0.1092 0.6401 -0.7605
vn -0.1467 0.1907 -0.9706
vn -0.1467 -0.1907 0.9706
vn -0.5348 0.2230 -0.8150
vn -0.5519 -0.2170 0.8052
vn -0.0796 0.4458 -0.8916
vn -0.0796 -0.4458 0.8916
vn 0.0628 -0.5907 0.8044
vn 0.0628 0.5907 -0.8044
vn 0.1622 0.4462 -0.8801
vn 0.1622 -0.4462 0.8801
vn 0.0870 -0.2573 0.9624
vn -0.0870 -0.2573 0.9624
vn 0.8188 -0.0913 0.5668
vn -0.8188 -0.0913 0.5668
vn 0.1951 -0.2531 0.9476
vn 0.1951 0.2531 -0.9476
vn 0.0547 0.4882 -0.8710
vn -0.0547 0.4882 -0.8710
vn 0.1887 -0.1207 0.9746
vn 0.1887 0.1207 -0.9746
vn -0.0389 -0.4801 0.8763
vn -0.0389 0.4801 -0.8763
vn 0.3763 -0.3763 0.8467
vn -0.3763 -0.3763 0.8467
vn 0.1457 0.3400 0.9290
vn 0.1482 -0.3459 -0.9265
vn -0.2024 0.3658 -0.9084
vn 0.2024 0.3658 -0.9084
vn -0.4248 0.2524 -0.8694
vn -0.4429 -0.2500 0.8610
vn 0.6253 -0.1302 0.7694
vn -0.6416 -0.1248 0.7569
vn -0.4129 0.2444 -0.8774
vn -0.4129 -0.2444 0.8774
vn -0.1653 0.4040 -0.8997
vn -0.1653 -0.4040 0.8997
vn 0.4685 -0.2203 0.8556
vn 0.4685 0.2203 -0.8556
vn -0.3007 0.1671 -0.9390
vn -0.3095 -0.1719 0.9352
vn -0.4464 0.3413 -0.8272
vn 0.4568 0.3762 -0.8061
vn -0.0774 -0.1806 -0.9805
vn 0.0774 -0.1806 -0.9805
vn -0.8914 0.3151 -0.3257
vn -0.8914 -0.3151 0.3257
vn 0.4205 -0.2538 0.8711
vn -0.4219 -0.2568 0.8695
vn -0.2338 -0.2913 -0.9276
vn 0.2338 -0.2913 -0.9276
vn -0.2138 0.3299 -0.9195
vn 0.2138 0.3299 -0.9195
vn -0.9854 0.0188 -0.1694
vn 0.9854 0.0188 -0.1694
vn 0.0534 -0.2138 0.9754
vn -0.0534 -0.2138 0.9754
vn 0.2311 0.4398 -0.8679
vn 0.2175 -0.4551 0.8634
vn 0.0760 -0.3039 0.9497
vn 0.0760 0.3039 -0.9497
vn -0.3877 -0.2210 -0.8949
vn 0.3877 -0.2210 -0.8949
vn -0.5823 0.2711 -0.7664
vn 0.5823 0.2711 -0.7664
vn 0.1467 0.0252 0.9889
vn 0.1467 -0.0252 -0.9889
vn -0.0932 -0.2730 0.9575
vn 0.0932 -0.2730 0.9575
vn 0.9497 -0.0981 0.2974
vn 0.9497 0.0981 -0.2974
vn -0.2961 0.0149 -0.9550
vn 0.3209 0.0322 -0.9466
vn 0.0277 -0.0305 0.9992
vn 0.4890 0.3327 0.8063
vn 0.4890 -0.3327 -0.8063
vn -0.3341 -0.3262 -0.8843
vn -0.3341 0.3262 0.8843
vn -0.0709 -0.7379 -0.6712
vn -0.0709 0.7379 0.6712
vn -0.1317 -0.7303 -0.6704
vn -0.1317 0.7303 0.6704
vn 0.0830 0.0913 -0.9924
vn 0.4719 0.3310 -0.8172
vn -0.4469 0.4928 -0.7466
vn 0.4469 0.4928 -0.7466
vn -0.6881 -0.4098 0.5988
vn -0.6881 0.4098 -0.5988
vn 0.8485 -0.3722 0.3762
vn 0.8485 0.3722 -0.3762
vn 0.8833 0.0807 0.4618
vn -0.8833 0.0807 0.4618
vn -0.2425 -0.6730 0.6988
vn 0.2425 -0.6730 0.6988
vn 0.1663 0.3961 -0.9030
vn 0.1663 -0.3961 0.9030
vn -0.7978 -0.4331 0.4194
vn -0.7978 0.4331 -0.4194
vn -0.8078 0.4537 -0.3763
vn -0.8078 -0.4537 0.3763
vn -0.1417 0.3258 -0.9348
vn 0.1417 0.3258 -0.9348
vn -0.2720 -0.8160 -0.5100
vn 0.3212 -0.8031 -0.5019
vn -0.4002 0.7123 -0.5766
vn -0.4791 -0.6822 0.5523
vn -0.9099 -0.2244 -0.3490
vn -0.9168 0.2386 0.3202
vn -0.9078 0.2205 -0.3567
vn 0.9153 0.2354 -0.3269
vn -0.9488 0.0349 -0.3140
vn 0.9488 0.0349 -0.3140
vn -0.4881 0.3175 -0.8130
vn -0.4881 -0.3175 0.8130
vn 0.9056 -0.3938 0.1575
vn 0.9122 0.3900 -0.1256
vn 0.9546 0.0395 -0.2953
vn 0.9546 -0.0395 0.2953
vn -0.3211 0.9464 0.0338
vn -0.3769 -0.9257 -0.0331
vn 0.8803 0.4705 0.0607
vn -0.8878 0.4592 0.0306
vn -0.7481 -0.3246 0.5787
vn -0.7481 0.3246 -0.5787
vn 0.3676 0.9192 -0.1414
vn -0.4430 0.8861 -0.1363
vn -0.5345 0.2672 -0.8018
vn -0.1032 0.3605 -0.9270
vn -0.1032 -0.3605 0.9270
vn 0.8571 -0.4286 0.2857
vn -0.8571 -0.4286 0.2857
vn 0.7548 0.0234 0.6556
vn -0.7548 0.0234 0.6556
vn 0.5470 0.4520 0.7046
vn -0.5470 0.4520 0.7046
vn 0.3183 0.7027 -0.6364
vn -0.3183 0.7027 -0.6364
vn 0.4006 -0.1347 -0.9063
vn 0.4260 0.1330 0.8949
vn -0.0619 -0.3095 -0.9489
vn 0.8919 -0.4460 -0.0744
vn -0.9064 0.0631 0.4177
vn -0.7789 0.2942 0.5539
vn 0.4904 -0.1339 -0.8612
vn 0.4904 0.1339 0.8612
vn -0.0416 0.7467 0.6638
vn -0.1030 -0.3605 0.9270
vn 0.5036 0.4915 0.7106
vn -0.5036 0.4915 0.7106
vn -0.4728 0.6701 -0.5722
vn -0.4728 -0.6701 0.5722
vn 0.2644 -0.8572 0.4420
vn 0.2644 0.8572 -0.4420
vn -0.7426 -0.3482 -0.5721
vn 0.7426 -0.3482 -0.5721
vn -0.1593 0.4324 -0.8875
vn 0.1593 0.4324 -0.8875
vn 0.7255 -0.3415 -0.5975
vn 0.7255 0.3415 0.5975
vn 0.7597 -0.3012 0.5764
vn -0.7597 -0.3012 0.5764
vn 0.5655 -0.2514 0.7855
vn -0.5655 -0.2514 0.7855
vn 0.1048 -0.9435 0.3145
vn -0.1048 -0.9435 0.3145
vn 0.0655 -0.3931 -0.9172
vn -0.6030 -0.6891 -0.4020
vn 0.4800 -0.6000 -0.6400
vn -0.7251 0.2510 -0.6413
vn -0.7251 -0.2510 0.6413
vn 0.5971 -0.0995 0.7960
vn 0.5971 0.0995 -0.7960
vn -0.9304 0.1511 -0.3340
vn -0.9304 -0.1511 0.3340
vn -0.3969 0.6271 0.6702
vn -0.3969 -0.6271 -0.6702
vn -0.7197 0.3358 -0.6077
vn 0.7197 0.3358 -0.6077
vn -0.0000 -0.7682 -0.6402
vn -0.5996 0.4965 0.6277
vn -0.7480 -0.5590 -0.3577
vn 0.7480 -0.5590 -0.3577
vn -0.6855 0.6196 0.3823
vn -0.6855 -0.6196 -0.3823
vn 0.1993 0.9737 -0.1107
vn 0.1993 -0.9737 0.1107
vn 0.3881 0.1725 0.9053
vn 0.3881 -0.1725 -0.9053
vn -0.3906 -0.1302 -0.9113
vn -0.3906 0.1302 0.9113
vn 0.4664 -0.7774 0.4220
vn 0.4664 0.7774 -0.4220
vn -0.8256 -0.2651 -0.4982
vn 0.3424 0.2358 0.9095
vn -0.4007 0.2299 0.8869
vn -0.4514 -0.6666 -0.5932
vn -0.7246 0.0806 0.6844
vn -0.0957 0.8132 0.5741
vn -0.0957 -0.8132 -0.5741
vn 0.0788 -0.3153 -0.9457
vn -0.9695 0.2327 0.0775
vn -0.9695 -0.2327 -0.0775
vn -0.9592 -0.0685 0.2741
vn -0.9592 0.0685 -0.2741
vn 0.9111 -0.0696 0.4062
vn 0.9190 0.0410 -0.3922
vn 0.7281 -0.3831 0.5685
vn 0.7281 0.3831 -0.5685
vn -0.4793 -0.8667 0.1379
vn -0.4793 0.8667 -0.1379
vn 0.8413 0.3100 -0.4428
vn 0.8413 -0.3100 0.4428
vn 0.1840 0.7972 0.5750
vn 0.1961 -0.7844 -0.5884
vn 0.7071 0.7071 -0.0000
vn 0.7071 -0.7071 -0.0000
vn 0.9026 -0.4042 -0.1482
vn 0.9093 0.3800 0.1697
vn 0.2327 -0.0775 -0.9695
vn 0.2327 0.0775 0.9695
vn -0.0485 0.9690 -0.2423
vn -0.0510 -0.9689 0.2423
vn 0.7546 0.4917 0.4345
vn 0.4161 0.8917 0.1784
vn 0.4161 -0.8917 -0.1784
vn 0.0409 -0.4199 0.9067
vn 0.0409 0.4199 -0.9067
vn 0.1881 -0.2822 0.9407
vn 0.1881 0.2822 -0.9407
vn 0.9462 0.1136 0.3029
vn -0.9462 0.1136 0.3029
vn -0.1370 -0.1251 -0.9826
vn 0.1370 -0.1251 -0.9826
vn -0.4075 -0.4618 -0.7878
vn 0.3031 -0.5051 -0.8081
vn 0.1680 0.9818 0.0884
vn 0.1680 -0.9818 -0.0884
vn 0.1672 -0.8359 0.5227
vn 0.1691 0.8450 -0.5073
vn -0.6901 0.2346 -0.6846
vn -0.6901 -0.2346 0.6846
vn -0.1217 -0.1526 -0.9808
vn -0.1217 0.1526 0.9808
vn -0.3307 0.6842 0.6500
vn -0.3877 -0.6683 -0.6349
vn -0.0289 -0.5446 -0.8382
vn -0.2719 -0.6438 -0.7153
vn 0.5367 0.8434 0.0255
vn 0.5367 -0.8434 -0.0255
vn 0.4528 0.2204 0.8639
vn 0.7004 -0.5278 0.4805
vn 0.7004 0.5278 -0.4805
vn -0.2344 -0.8737 -0.4262
vn 0.2344 -0.8737 -0.4262
vn -0.1137 0.5451 0.8306
vn 0.8671 0.0516 -0.4955
vn -0.9483 0.0288 -0.3161
vn -0.9483 -0.0288 0.3161
vn 0.2343 0.9634 -0.1302
vn 0.2343 -0.9634 0.1302
vn -0.7956 -0.4934 0.3516
vn 0.7956 -0.4934 0.3516
vn -0.9879 -0.1272 0.0890
vn 0.2520 -0.3621 -0.8974
vn -0.9838 0.1567 0.0871
vn -0.9739 0.1264 -0.1883
vn -0.9739 -0.1264 0.1883
vn -0.9415 0.2959 -0.1614
vn -0.9415 -0.2959 0.1614
vn 0.8097 -0.2504 0.5307
vn 0.8097 0.2504 -0.5307
vn -0.3147 0.0547 -0.9476
vn -0.3147 -0.0547 0.9476
vn 0.8401 -0.2629 0.4745
vn 0.8401 0.2629 -0.4745
vn 0.9196 -0.3678 0.1380
vn 0.4857 -0.0000 0.8741
vn -0.4857 -0.0000 0.8741
vn -0.1084 0.3350 -0.9360
vn -0.1084 -0.3350 0.9360
vn 0.4857 -0.0000 -0.8741
vn -0.3345 0.5404 -0.7720
vn 0.3345 0.5404 -0.7720
vn -0.5844 -0.1636 -0.7948
vn -0.5332 -0.0842 0.8418
vn -0.3514 0.1597 -0.9225
vn -0.3514 -0.1597 0.9225
vn -0.6886 -0.4476 -0.5705
vn -0.6886 0.4476 0.5705
vn -0.8307 0.0161 0.5565
vn -0.8307 -0.0161 -0.5565
vn -0.8159 0.2700 -0.5112
vn 0.8159 0.2700 -0.5112
vn -0.8051 0.1900 0.5619
vn -0.8051 -0.1900 -0.5619
vn -0.6707 0.1220 0.7316
vn 0.6707 0.1220 0.7316
vn -0.5205 0.5797 0.6270
vn -0.5205 -0.5797 -0.6270
vn -0.9594 -0.0000 -0.2822
vn -0.9594 -0.0000 0.2822
vn -0.9898 0.1349 -0.0450
vn -0.9898 -0.1349 0.0450
vn 0.6505 -0.6606 0.3748
vn -0.7065 -0.2355 -0.6673
vn -0.8574 0.4861 -0.1688
vn -0.9499 0.1114 0.2919
vn 0.9499 0.1114 0.2919
vn -0.3189 -0.9464 0.0514
vn -0.3189 0.9464 -0.0514
vn -0.8293 -0.4570 -0.3216
vn 0.8293 -0.4570 -0.3216
vn -0.7600 0.4719 -0.4468
vn 0.7600 0.4719 -0.4468
vn 0.9487 0.0001 0.3163
vn 0.9487 -0.0001 -0.3163
vn 0.2023 0.9791 -0.0202
vn -0.2023 0.9791 -0.0202
vn -0.6112 -0.0840 0.7870
vn 0.6112 -0.0840 0.7870
vn 0.7205 -0.3275 0.6113
vn 0.7205 0.3275 -0.6113
vn -0.1270 0.6350 0.7620
vn 0.1446 -0.6751 0.7234
vn -0.1446 -0.6751 0.7234
vn 0.7662 0.6188 0.1734
vn 0.7662 -0.6188 -0.1734
vn -0.2169 -0.0000 0.9762
vn -0.2169 -0.0000 -0.9762
vn 0.7671 0.6115 -0.1940
vn -0.7671 0.6115 -0.1940
vn 0.2169 -0.0000 0.9762
vn -1.0000 -0.0000 -0.0000
vn -0.8475 0.0082 -0.5307
vn -0.8475 -0.0082 0.5307
vn 0.6297 -0.1916 -0.7529
vn 0.6297 0.1916 0.7529
vn -0.9833 -0.1821 -0.0000
vn 0.9833 -0.1821 -0.0000
vn 0.0568 -0.3263 -0.9435
vn 0.0568 0.3263 0.9435
vn -0.4855 -0.8496 -0.2063
vn -0.4855 0.8496 0.2063
vn 0.7071 -0.0000 0.7071
vn -0.2550 0.6720 0.6952
vn 0.9795 0.1496 0.1349
vn -0.9795 0.1496 0.1349
vn -0.9823 0.0582 -0.1783
vn -0.9823 -0.0582 0.1783
vn 0.4417 -0.8133 -0.3786
vn -0.4417 -0.8133 -0.3786
vn -0.7744 -0.2510 -0.5808
vn 0.7744 -0.2510 -0.5808
vn 0.3565 -0.2716 -0.8939
vn -0.3565 -0.2716 -0.8939
vn -0.6290 0.6204 -0.4685
vn -0.6290 -0.6204 0.4685
vn 0.6491 -0.0721 -0.7573
vn 0.6491 0.0721 0.7573
vn 0.5806 0.0260 0.8138
vn 0.5806 -0.0260 -0.8138
vn 0.0712 0.9968 0.0356
vn 0.0712 -0.9968 -0.0356
vn -0.4867 0.8111 -0.3244
vn -0.4867 -0.8111 0.3244
vn -0.8536 0.4953 -0.1614
vn 0.8536 0.4953 -0.1614
vn -0.5763 0.7804 -0.2427
vn 0.5763 0.7804 -0.2427
vn 0.7791 0.4785 0.4049
vn 0.7791 -0.4785 -0.4049
vn 0.5385 0.0179 -0.8424
vn 0.5385 -0.0179 0.8424
vn -0.9430 -0.0000 -0.3328
vn 0.9430 -0.0000 -0.3328
vn -0.4446 0.1823 -0.8770
vn 0.4446 0.1823 -0.8770
vn 0.4569 0.7005 0.5482
vn -0.4569 0.7005 0.5482
vn 0.1622 -0.8760 0.4542
vn -0.1622 -0.8760 0.4542
vn 0.3807 -0.5137 -0.7689
vn -0.3807 -0.5137 -0.7689
vn -0.4888 0.6051 -0.6284
vn 0.4888 0.6051 -0.6284
vn 0.6547 0.0252 0.7554
vn 0.6547 -0.0252 -0.7554
vn 0.6508 -0.0000 0.7592
vn 0.6508 -0.0000 -0.7592
vn 0.8861 -0.3242 -0.3314
vn 0.8861 0.3242 0.3314
vn 0.9701 -0.2426 -0.0000
vn 0.9701 0.2426 -0.0000
vn 0.1426 0.9805 -0.1351
vn 0.1426 -0.9805 0.1351
vn 0.9200 0.3505 -0.1752
vn 0.3948 -0.3591 -0.8457
vn -0.3948 -0.3591 -0.8457
vn -0.3309 -0.7722 0.5424
vn -0.3309 0.7722 -0.5424
vn -0.6178 -0.2966 0.7283
vn 0.6178 -0.2966 0.7283
vn -0.2716 0.7243 0.6337
vn -0.7009 -0.3739 -0.6074
vn -0.3369 0.1444 -0.9304
vn -0.3369 -0.1444 0.9304
vn 0.2451 -0.8672 0.4336
vn -0.2451 -0.8672 0.4336
vn -0.1764 -0.7248 -0.6660
vn -0.1764 0.7248 0.6660
vn -0.5503 -0.7468 0.3734
vn 0.5503 -0.7468 0.3734
vn -0.2095 0.6051 0.7681
vn 0.2095 0.6051 0.7681
vn -0.7009 0.3739 0.6074
vn 0.2716 0.7243 0.6337
vn -0.3261 -0.6367 -0.6988
vn -0.3261 0.6367 0.6988
vn 0.8799 0.0932 0.4658
vn 0.8799 -0.0932 -0.4658
vn 0.9725 0.2317 -0.0255
vn 0.9725 -0.2317 0.0255
vn -0.0691 0.9909 0.1152
vn 0.0691 0.9909 0.1152
vn 0.4584 -0.7831 -0.4202
vn 0.5587 -0.4864 -0.6718
vn -0.5587 -0.4864 -0.6718
vn -0.0000 0.7071 -0.7071
vn -0.3077 0.2308 -0.9231
vn -0.3618 -0.2261 0.9044
vn 0.6648 0.7390 -0.1097
vn 0.6648 -0.7390 0.1097
vn 0.0674 0.6453 0.7609
vn 0.0674 -0.6453 -0.7609
vn -0.4310 0.3810 0.8179
vn -0.4310 -0.3810 -0.8179
vn 0.0400 0.5995 -0.7994
vn -0.1182 0.3840 0.9157
vn -0.1182 -0.3840 -0.9157
vn 0.1349 -0.9855 0.1026
vn 0.1349 0.9855 -0.1026
vn 0.2169 -0.0000 -0.9762
vn -0.8536 0.4953 0.1614
vn 0.8536 0.4953 0.1614
vn -0.2935 -0.2050 -0.9337
vn -0.2935 0.2050 0.9337
vn 0.1741 -0.6539 -0.7363
vn -0.1741 -0.6539 -0.7363
vn 0.0227 0.5299 0.8478
vn -0.0227 0.5299 0.8478
vn -0.4079 0.5009 0.7633
vn -0.4079 -0.5009 -0.7633
vn 0.2861 -0.9534 0.0954
vn 0.2861 0.9534 -0.0954
vn 0.4364 0.8729 -0.2181
vn -0.4364 0.8729 -0.2181
vn -0.1884 -0.4616 0.8668
vn 0.1884 -0.4616 0.8668
vn 0.9660 -0.2286 0.1208
vn 0.9731 0.1955 -0.1217
vn 0.6957 -0.3190 -0.6436
vn 0.6957 0.3190 0.6436
vn -0.0497 -0.1863 0.9812
vn -0.0497 0.1863 -0.9812
vn -0.7130 0.5460 -0.4399
vn 0.7493 0.5807 0.3184
vn 0.7493 -0.5807 -0.3184
vn -0.3392 -0.9205 -0.1938
vn -0.3392 0.9205 0.1938
vn -0.6306 0.7761 -0.0000
vn -0.9469 0.1609 0.2785
vn -0.9469 -0.1609 -0.2785
vn 0.4725 0.8642 0.1728
vn 0.4725 -0.8642 -0.1728
vn 0.4042 0.7050 -0.5828
vn -0.1285 -0.8995 -0.4177
vn -0.1509 0.9056 0.3963
vn 0.6473 -0.7395 -0.1849
vn 0.6473 0.7395 0.1849
vn -0.9300 -0.3486 -0.1163
vn -0.6026 -0.3264 0.7282
vn -0.6026 0.3264 -0.7282
vn 0.0835 0.3339 -0.9389
vn -0.5661 0.2265 0.7926
vn 0.6253 0.2144 0.7504
vn 0.0158 0.4280 0.9036
vn 0.0158 -0.4280 -0.9036
vn 0.6688 -0.2759 -0.6903
vn 0.6688 0.2759 0.6903
vn -0.0000 0.2747 0.9615
vn 0.9347 0.0776 -0.3468
vn 0.9347 -0.0776 0.3468
vn 0.9866 -0.0762 0.1440
vn 0.9425 0.1142 -0.3142
vn 0.9425 -0.1142 0.3142
vn 0.0574 0.2869 0.9562
vn 0.0574 -0.2869 -0.9562
vn -0.5676 -0.4064 -0.7160
vn 0.5676 -0.4064 -0.7160
vn -0.5009 0.2683 0.8229
vn 0.5009 0.2683 0.8229
vn 0.9722 -0.0705 0.2235
vn -0.9722 -0.0705 0.2235
vn -0.9487 -0.0000 0.3162
vn 0.9487 -0.0000 0.3162
vn -0.8123 0.0581 -0.5803
vn -0.8124 -0.0580 0.5803
vn 0.0352 0.4662 0.8840
vn 0.0352 -0.4662 -0.8840
vn -0.7343 0.3846 0.5594
vn 0.7343 0.3846 0.5594
vn 0.7408 -0.5433 -0.3951
vn 0.7408 0.5433 0.3951
vn 0.1005 0.7037 -0.7033
vn -0.1170 0.7025 -0.7020
vn -0.3292 0.7683 0.5489
vn -0.5883 -0.7845 0.1962
vn 0.6360 -0.2120 0.7420
vn 0.6360 0.2120 -0.7420
vn 0.9763 0.2113 -0.0474
vn 0.9845 -0.1320 -0.1155
vn 0.4410 -0.3854 -0.8105
vn 0.4410 0.3854 0.8105
vn -0.9797 -0.1166 -0.1633
vn -0.9797 0.1166 0.1633
vn -0.7373 -0.1639 -0.6554
vn 0.7373 -0.1639 -0.6554
vn 0.8520 0.0322 -0.5225
vn -0.9292 0.3593 -0.0865
vn -0.9666 -0.2492 0.0600
vn -0.3333 -0.6667 -0.6667
vn -0.3333 0.6667 0.6667
vn -0.8823 0.4643 -0.0774
vn 0.8823 0.4643 -0.0774
vn 0.1243 0.6550 -0.7454
vn -0.1243 0.6550 -0.7454
vn -0.6848 0.7069 -0.1767
vn -0.6848 -0.7069 0.1767
vn 0.9661 -0.2291 0.1195
vn 0.9698 0.0701 0.2337
vn 0.9698 -0.0701 -0.2337
vn -0.9030 0.3798 0.2007
vn -0.9030 -0.3798 -0.2007
vn 0.3441 -0.6881 0.6388
vn 0.6792 -0.1448 -0.7196
vn 0.6792 0.1448 0.7196
vn -0.5306 -0.8367 -0.1354
vn -0.0161 -0.6127 -0.7901
vn -0.0161 0.6127 0.7901
vn 0.3180 -0.8480 0.4240
vn 0.3180 0.8480 -0.4240
vn 0.2475 0.5775 0.7779
vn 0.2475 -0.5775 -0.7779
vn -0.7190 0.5033 -0.4794
vn 0.7190 0.5033 -0.4794
vn -0.7439 0.5468 0.3843
vn -0.7439 -0.5468 -0.3843
vn 0.8414 0.1923 -0.5049
vn -0.8414 0.1923 -0.5049
vn 0.9267 -0.3707 -0.0618
vn 0.9267 0.3707 0.0618
vn 0.9310 -0.3580 -0.0716
vn 0.9310 0.3580 0.0716
vn -0.5384 0.3768 0.7538
vn -0.5384 -0.3768 -0.7538
vn -0.6959 -0.3211 -0.6424
vn 0.6959 -0.3211 -0.6424
vn -0.2597 -0.4383 0.8605
vn -0.2597 0.4383 -0.8605
vn -0.3345 0.9148 0.2263
vn -0.2832 0.4450 -0.8496
vn 0.2832 0.4450 -0.8496
vn -0.5241 0.3275 0.7861
vn -0.5241 -0.3275 -0.7862
vn 0.0599 -0.8396 0.5398
vn 0.0599 0.8396 -0.5398
vn 0.8630 -0.1452 -0.4839
vn 0.8630 0.1452 0.4839
vn -0.8078 0.2666 0.5257
vn 0.8078 0.2666 0.5257
vn -0.5756 0.2214 0.7872
vn -0.5756 -0.2214 -0.7872
vn -0.0000 -0.0000 -1.0000
vn -0.0000 -0.0000 1.0000
vn -0.9632 0.1310 -0.2345
vn -0.9632 -0.1310 0.2345
vn -0.1130 -0.8915 0.4388
vn -0.1130 0.8915 -0.4388
vn 0.9327 0.0550 -0.3565
vn -0.9327 0.0550 -0.3565
vn 0.3830 -0.2915 -0.8766
vn 0.3830 0.2915 0.8766
vn -0.4079 -0.0119 0.9130
vn 0.4079 -0.0119 0.9130
vn -0.7004 0.5278 0.4805
vn 0.7004 0.5278 0.4805
vn -0.7276 -0.2998 -0.6170
vn -0.0535 -0.1250 -0.9907
vn -0.0535 0.1250 0.9907
vn -0.8100 -0.3600 0.4629
vn -0.8100 0.3600 -0.4628
vn -0.9713 0.0883 -0.2207
vn 0.9713 0.0883 -0.2207
vn -0.1994 -0.9054 0.3749
vn -0.1994 0.9054 -0.3749
vn 0.8535 0.4879 -0.1830
vn 0.8535 -0.4879 0.1830
vn 0.9156 0.1798 -0.3597
vn 0.9156 -0.1798 0.3597
vn -0.7022 0.5288 0.4768
vn 0.7022 0.5288 0.4768
vn 0.5896 0.8020 -0.0952
vn 0.5896 -0.8020 0.0952
vn -0.6120 -0.7557 -0.2329
vn 0.1447 0.3376 0.9301
vn -0.1447 0.3376 0.9301
vn 0.5974 0.4935 -0.6321
vn -0.5974 0.4935 -0.6321
vn -0.8320 -0.0000 -0.5547
vn 0.3980 -0.6737 0.6227
vn -0.3980 -0.6737 0.6227
vn -0.6669 -0.0572 0.7430
vn -0.6669 0.0572 -0.7430
vn -0.3333 -0.6667 0.6667
vn 0.3184 -0.3892 -0.8644
vn -0.3184 -0.3892 -0.8644
vn 0.5363 -0.1975 -0.8206
vn 0.5363 0.1975 0.8206
vn 0.2586 -0.3736 -0.8908
vn -0.2586 -0.3735 -0.8908
vn -0.0439 -0.9325 0.3584
vn -0.0466 0.9326 -0.3578
vn 0.0876 0.4029 -0.9110
vn -0.9625 0.0936 -0.2545
vn -0.9625 -0.0936 0.2545
vn -0.1335 -0.7074 -0.6941
vn -0.1335 0.7074 0.6941
vn 0.9169 0.1894 -0.3512
vn 0.9169 -0.1894 0.3512
vn 0.9707 -0.1469 0.1901
vn 0.9707 0.1469 -0.1901
vn -0.5307 -0.1516 -0.8339
vn 0.3420 -0.1527 -0.9272
vn -0.3420 -0.1527 -0.9272
vn -0.7491 0.2479 0.6144
vn -0.7491 -0.2479 -0.6144
vn -0.4258 0.1986 0.8828
vn -0.4258 -0.1986 -0.8828
vn -0.6341 -0.7636 0.1214
vn 0.7934 -0.3010 -0.5290
vn 0.7934 0.3010 0.5290
vn 0.7358 -0.3305 -0.5910
vn 0.7358 0.3305 0.5910
vn -0.4084 -0.1551 -0.8995
vn 0.4866 -0.7451 -0.4561
vn -0.9372 0.2715 -0.2190
vn 0.9372 0.2715 -0.2190
vn -0.3714 0.3842 0.8453
vn 0.6621 -0.2265 -0.7144
vn 0.6621 0.2265 0.7144
vn 0.7804 -0.3468 -0.5203
vn -0.9464 0.2845 -0.1528
vn -0.9464 -0.2845 0.1528
vn 0.2457 -0.1474 -0.9581
vn 0.2457 0.1474 0.9581
vn 0.2742 0.0609 0.9597
vn 0.2742 -0.0609 -0.9597
vn 0.7951 -0.2528 -0.5513
vn 0.7951 0.2528 0.5513
vn 0.3174 0.1799 -0.9311
vn -0.3174 0.1799 -0.9311
vn 0.7726 -0.3219 -0.5472
vn 0.7726 0.3219 0.5472
vn 0.5110 -0.2004 -0.8359
vn -0.5110 -0.2004 -0.8359
vn -0.3998 -0.9116 -0.0960
vn 0.5665 0.6276 -0.5341
vn 0.5665 -0.6276 0.5341
vn 0.1422 0.3553 0.9239
vn -0.2673 0.8018 0.5345
vn -0.2673 -0.8018 -0.5345
vn 0.1447 -0.3737 -0.9162
vn -0.1447 -0.3737 -0.9162
vn 0.4699 0.7987 0.3758
vn 0.4699 -0.7987 -0.3758
vn 0.2852 -0.0878 -0.9544
vn 0.2852 0.0878 0.9544
vn 0.5174 0.0375 -0.8549
vn 0.5174 -0.0375 0.8549
vn -0.8319 0.2080 0.5144
vn 0.8319 0.2080 0.5144
vn -0.4869 0.0468 0.8722
vn -0.4869 -0.0468 -0.8722
vn -0.2564 0.0962 0.9618
vn 0.2564 0.0962 0.9618
vn 0.2843 -0.1084 -0.9526
vn 0.2843 0.1084 0.9526
vn 0.1961 0.9806 -0.0000
vn -0.5147 0.0860 0.8530
vn 0.5147 0.0860 0.8530
vn 0.2302 -0.1505 -0.9614
vn -0.2302 -0.1505 -0.9614
vn -0.4558 -0.6838 0.5698
vn -0.4558 0.6838 -0.5698
vn 0.4107 -0.8846 0.2211
vn -0.4652 -0.8588 0.2147
vn -0.0977 -0.1202 -0.9879
vn -0.1672 0.4102 0.8965
vn -0.1712 -0.4123 -0.8948
vn 0.1264 0.0880 0.9881
vn 0.1264 -0.0880 -0.9881
vn 0.1007 -0.0252 -0.9946
vn -0.1007 -0.0252 -0.9946
vn -0.4463 0.3992 0.8009
vn -0.4599 -0.3858 -0.7998
vn 0.9130 -0.4031 -0.0632
vn 0.9195 0.3912 0.0391
vn 0.5151 -0.1455 -0.8447
vn 0.5151 0.1455 0.8447
vn -0.9161 -0.1413 0.3752
vn -0.9223 0.1570 -0.3532
vn -0.2919 -0.6906 0.6618
vn -0.3354 0.6802 -0.6518
vn -0.5191 0.1384 0.8435
vn -0.5191 -0.1384 -0.8435
vn 0.6855 -0.6784 0.2644
vn 0.6855 0.6784 -0.2644
vn -0.1995 0.1065 0.9741
vn 0.2046 0.1064 0.9730
vn 0.8594 0.4338 -0.2705
vn 0.8594 -0.4338 0.2705
vn -0.4922 0.0007 0.8705
vn 0.5083 -0.0021 0.8612
vn -0.6912 0.7226 -0.0000
vn -0.4721 0.0102 0.8815
vn -0.4736 -0.0140 -0.8806
vn -0.6217 -0.1141 0.7749
vn -0.6437 0.1213 -0.7556
vn 0.4442 -0.8885 -0.1147
vn 0.5114 0.8523 0.1100
vn 0.8278 -0.5322 -0.1774
vn 0.8339 0.5307 0.1516
vn 0.8695 0.3829 -0.3119
vn -0.9867 -0.0291 -0.1601
vn -0.5250 0.0655 0.8486
vn -0.5417 -0.0663 -0.8379
vn -0.2944 -0.8831 0.3654
vn 0.3467 -0.8667 0.3586
vn -0.6621 0.6438 0.3836
vn 0.6621 0.6438 0.3836
vn -0.2761 -0.1841 0.9433
vn -0.2993 0.1663 -0.9395
vn 0.8495 0.1967 -0.4896
vn 0.8495 -0.1967 0.4896
vn 0.7481 -0.4547 0.4833
vn 0.7481 0.4547 -0.4833
vn 0.6530 -0.6469 -0.3938
vn 0.3854 -0.0300 -0.9223
vn -0.4025 -0.0298 -0.9149
vn 0.2716 0.0302 -0.9619
vn -0.2716 0.0302 -0.9619
vn 0.4425 -0.0784 -0.8933
vn -0.4474 -0.0963 -0.8891
vn 0.4768 -0.0376 -0.8782
vn 0.4872 0.0513 0.8718
vn -0.3249 0.1044 0.9400
vn 0.3605 0.1030 0.9271
vn 0.1763 -0.3878 -0.9047
vn -0.1844 -0.3872 -0.9034
vn -0.5813 0.0001 0.8137
vn 0.5813 0.0001 0.8137
vn -0.5582 0.2791 0.7814
vn 0.5649 0.2354 0.7908
vn 0.1638 -0.0819 -0.9831
vn 0.1954 0.0814 0.9773
vn 0.1094 -0.7265 -0.6784
vn 0.1094 0.7265 0.6784
vn -0.6623 -0.0186 -0.7490
vn -0.8256 0.2651 0.4982
vn -0.7546 0.4917 0.4345
vn 0.7017 -0.1238 0.7017
vn 0.7065 -0.2355 -0.6673
vn 0.2550 0.6720 0.6952
vn 0.4584 0.7831 0.4202
vn 0.2846 0.9573 0.0518
vn 0.2846 -0.9573 -0.0518
vn 0.5006 0.4004 -0.7675
vn 0.5053 -0.6420 -0.5766
vn -0.5053 -0.6420 -0.5766
vn -0.2796 -0.8042 0.5244
vn 0.2796 -0.8042 0.5244
vn -0.0000 -0.6000 -0.8000
vn -0.9641 0.2331 0.1271
vn -0.5884 0.3766 0.7155
vn 0.9779 0.0090 0.2091
vn 0.9847 0.1689 -0.0428
vn 0.1721 -0.6883 -0.7047
vn -0.0138 0.3451 0.9385
vn 0.3227 -0.0108 0.9465
vn 0.2023 0.4248 0.8824
vn -0.0953 -0.9884 0.1181
vn 0.1437 0.0539 -0.9882
vn 0.1721 0.6883 0.7047
vn 0.8726 0.1581 -0.4622
vn -0.0953 0.9884 -0.1181
vn -0.2207 0.0459 -0.9743
vn 0.9149 -0.2536 0.3140
vn -0.9005 -0.3134 0.3015
vn 0.8726 -0.1581 0.4622
vn 0.8655 -0.4978 0.0557
vn 0.1437 -0.0539 0.9882
vn -0.6275 0.1136 -0.7703
vn 0.6275 0.1136 -0.7703
vn 0.5800 -0.7010 -0.4149
vn -0.7741 0.4032 0.4880
vn 0.7741 0.4032 0.4880
vn 0.2777 0.9586 0.0626
vn -0.1383 0.1245 0.9825
vn 0.2192 0.6028 0.7672
vn 0.4828 0.6086 -0.6297
vn 0.4828 -0.6086 0.6297
vn -0.0787 0.4194 -0.9044
vn 0.6000 -0.0000 -0.8000
vn -0.9004 -0.2718 -0.3398
vn 0.2885 0.6924 0.6613
vn 0.6021 0.5519 -0.5770
vn 0.6281 -0.5234 0.5758
vn -0.5489 0.4591 -0.6986
vn -0.5489 -0.4591 0.6986
vn -0.9523 0.0835 -0.2937
vn -0.9461 0.0474 0.3205
vn -0.9472 -0.0384 -0.3184
vn 0.9518 0.0863 -0.2942
vn 0.9641 0.2331 0.1271
vn 0.7789 0.2942 0.5539
s 0
f 2//1 7//1 5//1 3//1
f 6//2 8//2 2//2 3//2
f 4//3 9//3 5//3 3//3
f 6//4 10//4 4//4 3//4
f 9//5 5//5 7//5 23//5
f 8//6 6//6 10//6 24//6
f 14//7 69//7 23//7 7//7
f 24//8 70//8 14//8 8//8
f 69//9 17//9 9//9 23//9
f 10//10 18//10 70//10 24//10
f 41//11 19//11 15//11 33//11
f 16//12 20//12 42//12 34//12
f 19//13 35//13 47//13 15//13
f 48//14 16//14 20//14 36//14
f 15//15 29//15 45//15 33//15
f 46//16 34//16 16//16 30//16
f 21//17 19//17 41//17 49//17
f 42//18 50//18 22//18 20//18
f 67//19 27//19 12//19 39//19
f 13//20 40//20 68//20 28//20
f 12//21 43//21 65//21 27//21
f 66//22 44//22 13//22 28//22
f 25//23 61//23 49//23 21//23
f 50//24 22//24 26//24 62//24
f 17//25 11//25 94//25 69//25
f 70//26 95//26 11//26 18//26
f 29//27 37//27 55//27 45//27
f 56//28 38//28 30//28 46//28
f 31//29 25//29 61//29 71//29
f 32//30 72//30 62//30 26//30
f 47//31 29//31 37//31 73//31
f 38//32 30//32 48//32 74//32
f 31//33 71//33 80//33 35//33
f 81//34 72//34 32//34 36//34
f 35//35 80//35 90//35 47//35
f 91//36 81//36 36//36 48//36
f 55//37 88//37 63//37 37//37
f 64//38 38//38 56//38 89//38
f 96//39 67//39 39//39 53//39
f 40//40 54//40 97//40 68//40
f 49//41 61//41 80//41 78//41
f 81//42 62//42 50//42 79//42
f 84//43 86//43 59//43 75//43
f 60//44 76//44 85//44 87//44
f 86//45 98//45 57//45 59//45
f 58//46 99//46 87//46 60//46
f 98//47 57//47 53//47 96//47
f 54//48 97//48 99//48 58//48
f 37//49 73//49 134//49 63//49
f 135//50 64//50 38//50 74//50
f 90//51 47//51 73//51 113//51
f 74//52 114//52 91//52 48//52
f 92//53 57//53 82//53 100//53
f 83//54 58//54 93//54 101//54
f 107//55 75//55 59//55 92//55
f 60//56 76//56 108//56 93//56
f 84//57 111//57 105//57 75//57
f 106//58 112//58 85//58 76//58
f 103//59 188//59 123//59 11//59
f 124//60 11//60 103//60 189//60
f 140//61 109//61 51//61 82//61
f 52//62 110//62 141//62 83//62
f 43//63 65//63 176//63 164//63
f 177//64 66//64 44//64 165//64
f 102//65 132//65 117//65 77//65
f 118//66 133//66 102//66 77//66
f 105//67 75//67 107//67 255//67
f 108//68 76//68 106//68 256//68
f 109//69 43//69 164//69 262//69
f 165//70 263//70 110//70 44//70
f 122//71 77//71 117//71 218//71
f 118//72 219//72 122//72 77//72
f 88//73 63//73 199//73 226//73
f 200//74 64//74 89//74 227//74
f 103//75 121//75 136//75 147//75
f 137//76 121//76 103//76 148//76
f 129//77 102//77 127//77 180//77
f 128//78 181//78 129//78 102//78
f 172//79 92//79 100//79 257//79
f 101//80 93//80 173//80 258//80
f 113//81 73//81 186//81 260//81
f 187//82 74//82 114//82 261//82
f 107//83 255//83 172//83 92//83
f 173//84 256//84 108//84 93//84
f 157//85 94//85 123//85 206//85
f 124//86 207//86 158//86 95//86
f 84//87 86//87 178//87 361//87
f 179//88 87//88 85//88 362//88
f 142//89 201//89 174//89 138//89
f 175//90 202//90 143//90 139//90
f 180//91 214//91 149//91 127//91
f 150//92 215//92 181//92 128//92
f 196//93 121//93 136//93 242//93
f 137//94 243//94 196//94 121//94
f 260//95 601//95 88//95 78//95
f 89//96 602//96 261//96 79//96
f 111//97 338//97 295//97 105//97
f 296//98 106//98 112//98 339//98
f 249//99 286//99 119//99 115//99
f 120//100 287//100 250//100 116//100
f 119//101 115//101 280//101 315//101
f 281//102 316//102 120//102 116//102
f 276//103 142//103 138//103 238//103
f 139//104 239//104 277//104 143//104
f 117//105 132//105 322//105 270//105
f 323//106 133//106 118//106 271//106
f 657//107 176//107 65//107 178//107
f 66//108 177//108 658//108 179//108
f 242//109 268//109 147//109 136//109
f 148//110 269//110 243//110 137//110
f 181//111 129//111 180//111 352//111
f 257//112 433//112 140//112 100//112
f 141//113 434//113 258//113 101//113
f 160//114 195//114 222//114 208//114
f 190//115 264//115 210//115 144//115
f 211//116 265//116 191//116 145//116
f 153//117 161//117 224//117 284//117
f 225//118 162//118 154//118 285//118
f 223//119 209//119 163//119 203//119
f 238//120 197//120 170//120 193//120
f 171//121 198//121 239//121 194//121
f 140//122 109//122 262//122 433//122
f 263//123 110//123 141//123 434//123
f 123//124 188//124 350//124 206//124
f 124//125 189//125 351//125 207//125
f 298//126 161//126 153//126 274//126
f 154//127 275//127 299//127 162//127
f 104//128 151//128 387//128 367//128
f 388//129 152//129 104//129 367//129
f 208//130 220//130 228//130 222//130
f 229//131 221//131 209//131 223//131
f 214//132 149//132 232//132 320//132
f 233//133 321//133 215//133 150//133
f 142//134 276//134 325//134 201//134
f 326//135 202//135 143//135 277//135
f 268//136 147//136 188//136 350//136
f 189//137 148//137 269//137 351//137
f 249//138 501//138 216//138 115//138
f 217//139 502//139 250//139 116//139
f 216//140 115//140 280//140 509//140
f 281//141 116//141 217//141 510//141
f 125//142 130//142 501//142 401//142
f 126//143 402//143 502//143 131//143
f 130//144 125//144 407//144 509//144
f 408//145 510//145 131//145 126//145
f 122//146 288//146 482//146 218//146
f 483//147 288//147 122//147 219//147
f 197//148 234//148 266//148 327//148
f 267//149 235//149 198//149 328//149
f 244//150 298//150 274//150 251//150
f 275//151 252//151 245//151 299//151
f 313//152 230//152 236//152 303//152
f 237//153 231//153 314//153 304//153
f 218//154 707//154 270//154 117//154
f 271//155 708//155 219//155 118//155
f 352//156 370//156 214//156 180//156
f 215//157 181//157 352//157 371//157
f 210//158 144//158 303//158 582//158
f 304//159 145//159 211//159 583//159
f 286//160 119//160 278//160 586//160
f 279//161 587//161 287//161 120//161
f 278//162 119//162 315//162 523//162
f 316//163 120//163 279//163 524//163
f 431//164 166//164 199//164 348//164
f 200//165 167//165 432//165 349//165
f 363//166 327//166 197//166 238//166
f 364//167 239//167 198//167 328//167
f 199//168 226//168 368//168 348//168
f 369//169 227//169 200//169 349//169
f 562//170 431//170 166//170 134//170
f 167//171 432//171 563//171 135//171
f 564//172 452//172 144//172 190//172
f 145//173 453//173 565//173 191//173
f 293//174 182//174 334//174 422//174
f 335//175 423//175 294//175 183//175
f 272//176 517//176 407//176 125//176
f 408//177 518//177 273//177 126//177
f 222//178 418//178 344//178 228//178
f 345//179 419//179 223//179 229//179
f 401//180 125//180 272//180 560//180
f 273//181 126//181 402//181 561//181
f 365//182 184//182 244//182 511//182
f 245//183 185//183 366//183 512//183
f 293//184 182//184 342//184 463//184
f 343//185 183//185 294//185 464//185
f 365//186 184//186 282//186 456//186
f 283//187 185//187 366//187 457//187
f 467//188 380//188 220//188 208//188
f 221//189 381//189 468//189 209//189
f 184//190 374//190 450//190 282//190
f 451//191 283//191 185//191 375//191
f 648//192 384//192 174//192 201//192
f 649//193 385//193 175//193 202//193
f 374//194 543//194 251//194 184//194
f 252//195 544//195 375//195 185//195
f 403//196 324//196 330//196 212//196
f 404//197 324//197 331//197 213//197
f 288//198 192//198 359//198 482//198
f 360//199 192//199 288//199 483//199
f 222//200 418//200 492//200 195//200
f 372//201 238//201 276//201 397//201
f 277//202 398//202 373//202 239//202
f 182//203 342//203 541//203 317//203
f 542//204 318//204 183//204 343//204
f 334//205 182//205 317//205 556//205
f 318//206 557//206 335//206 183//206
f 134//207 168//207 742//207 562//207
f 135//208 169//208 743//208 563//208
f 223//209 419//209 489//209 203//209
f 232//210 320//210 437//210 336//210
f 438//211 321//211 233//211 337//211
f 454//212 661//212 224//212 161//212
f 225//213 662//213 455//213 162//213
f 329//214 192//214 359//214 519//214
f 360//215 520//215 329//215 192//215
f 403//216 505//216 253//216 212//216
f 254//217 213//217 404//217 506//217
f 454//218 597//218 298//218 161//218
f 299//219 598//219 455//219 162//219
f 452//220 665//220 313//220 144//220
f 314//221 666//221 453//221 145//221
f 240//222 291//222 409//222 474//222
f 410//223 292//223 241//223 475//223
f 255//224 172//224 549//224 621//224
f 550//225 173//225 256//225 622//225
f 319//226 357//226 387//226 367//226
f 388//227 367//227 319//227 358//227
f 485//228 291//228 240//228 495//228
f 241//229 292//229 486//229 496//229
f 468//230 209//230 297//230 614//230
f 460//231 301//231 282//231 456//231
f 283//232 457//232 461//232 302//232
f 626//233 300//233 208//233 467//233
f 251//234 274//234 515//234 543//234
f 516//235 544//235 252//235 275//235
f 413//236 327//236 307//236 426//236
f 308//237 328//237 414//237 427//237
f 397//238 276//238 325//238 533//238
f 326//239 534//239 398//239 277//239
f 224//240 521//240 588//240 284//240
f 589//241 285//241 225//241 522//241
f 264//242 210//242 553//242 636//242
f 554//243 637//243 265//243 211//243
f 319//244 383//244 428//244 357//244
f 370//245 736//245 320//245 214//245
f 321//246 737//246 371//246 215//246
f 236//247 493//247 582//247 303//247
f 583//248 494//248 237//248 304//248
f 336//249 322//249 415//249 437//249
f 416//250 323//250 337//250 438//250
f 511//251 597//251 298//251 244//251
f 299//252 245//252 512//252 598//252
f 230//253 236//253 825//253 424//253
f 826//254 237//254 231//254 425//254
f 311//255 619//255 474//255 240//255
f 475//256 241//256 312//256 620//256
f 301//257 282//257 450//257 599//257
f 451//258 600//258 302//258 283//258
f 495//259 634//259 311//259 240//259
f 312//260 635//260 496//260 241//260
f 212//261 667//261 642//261 253//261
f 643//262 254//262 213//262 668//262
f 355//263 558//263 409//263 291//263
f 410//264 559//264 356//264 292//264
f 327//265 363//265 458//265 413//265
f 459//266 364//266 328//266 414//266
f 507//267 340//267 305//267 448//267
f 306//268 341//268 508//268 449//268
f 889//269 164//269 176//269 801//269
f 890//270 165//270 177//270 802//270
f 396//271 386//271 394//271 378//271
f 186//272 929//272 742//272 168//272
f 743//273 930//273 187//273 169//273
f 353//274 551//274 517//274 272//274
f 518//275 552//275 354//275 273//275
f 665//276 313//276 230//276 566//276
f 231//277 314//277 666//277 567//277
f 387//278 151//278 445//278 910//278
f 446//279 911//279 388//279 152//279
f 697//280 262//280 164//280 889//280
f 165//281 263//281 698//281 890//281
f 305//282 535//282 595//282 340//282
f 596//283 341//283 306//283 536//283
f 266//284 805//284 627//284 234//284
f 628//285 235//285 267//285 806//285
f 560//286 640//286 353//286 272//286
f 354//287 641//287 561//287 273//287
f 325//288 777//288 648//288 201//288
f 649//289 778//289 326//289 202//289
f 485//290 291//290 355//290 703//290
f 356//291 292//291 486//291 704//291
f 247//292 399//292 1010//292 284//292
f 1011//293 285//293 248//293 400//293
f 505//294 665//294 405//294 253//294
f 406//295 675//295 506//295 254//295
f 395//296 379//296 430//296 487//296
f 353//297 355//297 558//297 551//297
f 559//298 356//298 354//298 552//298
f 629//299 460//299 301//299 420//299
f 302//300 461//300 630//300 421//300
f 332//301 289//301 646//301 695//301
f 647//302 290//302 333//302 696//302
f 372//303 480//303 533//303 397//303
f 534//304 398//304 373//304 481//304
f 527//305 346//305 391//305 603//305
f 392//306 347//306 528//306 604//306
f 395//307 532//307 525//307 379//307
f 393//308 476//308 513//308 417//308
f 514//309 417//309 393//309 477//309
f 615//310 497//310 334//310 422//310
f 335//311 498//311 616//311 423//311
f 413//312 426//312 499//312 458//312
f 500//313 427//313 414//313 459//313
f 566//314 789//314 424//314 230//314
f 425//315 790//315 567//315 231//315
f 594//316 659//316 370//316 352//316
f 371//317 660//317 594//317 352//317
f 383//318 428//318 610//318 469//318
f 611//319 429//319 383//319 469//319
f 376//320 470//320 608//320 441//320
f 609//321 442//321 377//321 471//321
f 793//322 707//322 270//322 346//322
f 794//323 347//323 271//323 708//323
f 570//324 440//324 395//324 487//324
f 259//325 443//325 815//325 531//325
f 816//326 444//326 259//326 531//326
f 186//327 929//327 945//327 260//327
f 946//328 930//328 187//328 261//328
f 640//329 353//329 355//329 703//329
f 356//330 354//330 641//330 704//330
f 253//331 405//331 795//331 642//331
f 796//332 643//332 254//332 406//332
f 572//333 633//333 396//333 378//333
f 395//334 532//334 568//334 440//334
f 503//335 771//335 523//335 278//335
f 524//336 772//336 504//336 279//336
f 420//337 755//337 599//337 301//337
f 600//338 302//338 421//338 756//338
f 875//339 829//339 249//339 286//339
f 250//340 830//340 876//340 287//340
f 448//341 731//341 592//341 305//341
f 593//342 732//342 449//342 306//342
f 809//343 418//343 344//343 472//343
f 345//344 473//344 810//344 419//344
f 761//345 803//345 332//345 289//345
f 333//346 804//346 762//346 290//346
f 769//347 661//347 224//347 521//347
f 225//348 662//348 770//348 522//348
f 484//349 738//349 519//349 329//349
f 520//350 329//350 484//350 739//350
f 430//351 379//351 573//351 652//351
f 580//352 805//352 307//352 426//352
f 308//353 427//353 581//353 806//353
f 368//354 348//354 723//354 725//354
f 724//355 726//355 369//355 349//355
f 586//356 278//356 503//356 823//356
f 504//357 824//357 587//357 279//357
f 376//358 470//358 671//358 574//358
f 672//359 575//359 377//359 471//359
f 463//360 781//360 547//360 342//360
f 548//361 782//361 464//361 343//361
f 497//362 334//362 556//362 759//362
f 557//363 335//363 498//363 760//363
f 389//364 332//364 695//364 791//364
f 696//365 333//365 390//365 792//365
f 547//366 744//366 541//366 342//366
f 542//367 343//367 548//367 745//367
f 346//368 391//368 688//368 767//368
f 689//369 392//369 347//369 768//369
f 673//370 526//370 378//370 572//370
f 305//371 535//371 783//371 592//371
f 784//372 593//372 306//372 536//372
f 499//373 426//373 580//373 638//373
f 581//374 427//374 500//374 639//374
f 603//375 391//375 490//375 717//375
f 491//376 718//376 604//376 392//376
f 315//377 280//377 836//377 962//377
f 837//378 281//378 316//378 963//378
f 469//379 610//379 653//379 488//379
f 654//380 488//380 469//380 611//380
f 391//381 490//381 757//381 688//381
f 758//382 491//382 392//382 689//382
f 844//383 293//383 422//383 846//383
f 423//384 294//384 845//384 847//384
f 803//385 898//385 389//385 332//385
f 390//386 899//386 804//386 333//386
f 467//387 380//387 584//387 923//387
f 585//388 924//388 468//388 381//388
f 338//389 295//389 900//389 984//389
f 901//390 296//390 339//390 985//390
f 521//391 588//391 671//391 574//391
f 672//392 589//392 522//392 575//392
f 683//393 663//393 439//393 569//393
f 440//394 568//394 682//394 664//394
f 361//395 1407//395 657//395 178//395
f 658//396 179//396 362//396 1408//396
f 717//397 719//397 435//397 490//397
f 436//398 720//398 718//398 491//398
f 357//399 797//399 910//399 387//399
f 911//400 388//400 358//400 798//400
f 1079//401 433//401 262//401 697//401
f 263//402 698//402 1080//402 434//402
f 509//403 407//403 517//403 941//403
f 510//404 408//404 518//404 942//404
f 488//405 653//405 659//405 594//405
f 660//406 654//406 488//406 594//406
f 829//407 964//407 501//407 249//407
f 502//408 965//408 830//408 250//408
f 325//409 533//409 849//409 777//409
f 850//410 534//410 326//410 778//410
f 529//411 693//411 669//411 545//411
f 670//412 546//412 530//412 694//412
f 711//413 650//413 545//413 529//413
f 546//414 651//414 712//414 530//414
f 428//415 357//415 797//415 873//415
f 798//416 874//416 429//416 358//416
f 490//417 757//417 721//417 435//417
f 722//418 758//418 491//418 436//418
f 777//419 655//419 384//419 648//419
f 385//420 649//420 778//420 656//420
f 501//421 964//421 560//421 401//421
f 502//422 402//422 561//422 965//422
f 476//423 807//423 631//423 513//423
f 477//424 514//424 632//424 808//424
f 836//425 280//425 509//425 941//425
f 837//426 942//426 510//426 281//426
f 774//427 571//427 439//427 663//427
f 440//428 570//428 773//428 664//428
f 735//429 813//429 513//429 417//429
f 514//430 814//430 735//430 417//430
f 556//431 902//431 840//431 317//431
f 841//432 903//432 557//432 318//432
f 644//433 212//433 667//433 1149//433
f 668//434 1150//434 645//434 213//434
f 842//435 893//435 441//435 376//435
f 442//436 894//436 843//436 377//436
f 729//437 715//437 576//437 590//437
f 577//438 591//438 730//438 716//438
f 1069//439 844//439 293//439 463//439
f 294//440 464//440 1070//440 845//440
f 659//441 915//441 736//441 370//441
f 737//442 916//442 660//442 371//442
f 669//443 753//443 686//443 545//443
f 670//444 546//444 687//444 754//444
f 533//445 849//445 747//445 480//445
f 748//446 850//446 534//446 481//446
f 431//447 1143//447 723//447 348//447
f 724//448 1144//448 432//448 349//448
f 680//449 713//449 676//449 617//449
f 677//450 714//450 681//450 618//450
f 848//451 393//451 476//451 917//451
f 477//452 393//452 848//452 918//452
f 1022//453 875//453 286//453 586//453
f 287//454 587//454 1023//454 876//454
f 729//455 590//455 617//455 765//455
f 618//456 591//456 730//456 766//456
f 590//457 749//457 763//457 617//457
f 764//458 750//458 591//458 618//458
f 705//459 663//459 683//459 710//459
f 709//460 706//460 664//460 682//460
f 218//461 482//461 1127//461 992//461
f 1128//462 483//462 219//462 993//462
f 763//463 701//463 676//463 617//463
f 677//464 702//464 764//464 618//464
f 789//465 424//465 612//465 906//465
f 613//466 425//466 790//466 907//466
f 657//467 176//467 801//467 1312//467
f 802//468 1313//468 658//468 177//468
f 424//469 612//469 861//469 825//469
f 862//470 613//470 425//470 826//470
f 317//471 541//471 1095//471 840//471
f 1096//472 542//472 318//472 841//472
f 842//473 376//473 574//473 988//473
f 575//474 377//474 843//474 989//474
f 612//475 503//475 771//475 861//475
f 772//476 504//476 613//476 862//476
f 751//477 529//477 711//477 799//477
f 712//478 800//478 752//478 530//478
f 699//479 733//479 713//479 680//479
f 714//480 734//480 700//480 681//480
f 686//481 650//481 727//481 753//481
f 728//482 754//482 687//482 651//482
f 923//483 584//483 472//483 809//483
f 473//484 585//484 924//484 810//484
f 419//485 810//485 1052//485 489//485
f 678//486 859//486 744//486 547//486
f 745//487 860//487 679//487 548//487
f 1245//488 865//488 257//488 549//488
f 258//489 866//489 1246//489 550//489
f 713//490 676//490 701//490 785//490
f 702//491 677//491 714//491 786//491
f 638//492 827//492 805//492 580//492
f 806//493 828//493 639//493 581//493
f 947//494 615//494 422//494 846//494
f 423//495 847//495 948//495 616//495
f 823//496 503//496 612//496 906//496
f 613//497 907//497 824//497 504//497
f 711//498 787//498 727//498 650//498
f 728//499 651//499 712//499 788//499
f 492//500 418//500 809//500 1081//500
f 631//501 513//501 813//501 895//501
f 632//502 514//502 814//502 896//502
f 284//503 1010//503 1061//503 588//503
f 1062//504 589//504 285//504 1011//504
f 781//505 547//505 678//505 882//505
f 679//506 548//506 782//506 883//506
f 805//507 627//507 655//507 827//507
f 656//508 828//508 806//508 628//508
f 751//509 937//509 693//509 529//509
f 694//510 530//510 752//510 938//510
f 705//511 780//511 774//511 663//511
f 779//512 773//512 664//512 706//512
f 523//513 315//513 962//513 1161//513
f 963//514 1162//514 524//514 316//514
f 765//515 617//515 680//515 871//515
f 681//516 872//516 766//516 618//516
f 610//517 428//517 873//517 1012//517
f 874//518 429//518 611//518 1013//518
f 699//519 733//519 811//519 740//519
f 812//520 734//520 700//520 741//520
f 468//521 614//521 957//521 924//521
f 1028//522 1030//522 399//522 515//522
f 400//523 516//523 1029//523 1031//523
f 819//524 817//524 690//524 684//524
f 691//525 685//525 820//525 818//525
f 517//526 941//526 979//526 551//526
f 518//527 552//527 980//527 942//527
f 976//528 626//528 467//528 923//528
f 931//529 988//529 574//529 521//529
f 575//530 989//530 932//530 522//530
f 493//531 236//531 825//531 1519//531
f 826//532 237//532 494//532 1520//532
f 849//533 747//533 655//533 777//533
f 850//534 778//534 656//534 748//534
f 338//535 361//535 1407//535 984//535
f 339//536 362//536 1408//536 985//536
f 409//537 998//537 1115//537 474//537
f 1116//538 999//538 410//538 475//538
f 731//539 904//539 856//539 592//539
f 857//540 593//540 732//540 905//540
f 482//541 1127//541 1075//541 359//541
f 1076//542 360//542 483//542 1128//542
f 551//543 979//543 1002//543 558//543
f 1003//544 980//544 552//544 559//544
f 374//545 543//545 1041//545 1113//545
f 1042//546 544//546 375//546 1114//546
f 359//547 519//547 1131//547 1075//547
f 1132//548 520//548 360//548 1076//548
f 1026//549 311//549 619//549 1192//549
f 620//550 312//550 1027//550 1193//550
f 871//551 884//551 699//551 680//551
f 700//552 885//552 872//552 681//552
f 543//553 1041//553 1028//553 515//553
f 1029//554 516//554 544//554 1042//554
f 799//555 867//555 787//555 711//555
f 788//556 712//556 800//556 868//556
f 374//557 450//557 1141//557 1113//557
f 1142//558 1114//558 375//558 451//558
f 1055//559 507//559 448//559 1071//559
f 449//560 508//560 1056//560 1072//560
f 775//561 852//561 831//561 740//561
f 832//562 853//562 776//562 741//562
f 653//563 659//563 915//563 996//563
f 916//564 997//564 654//564 660//564
f 699//565 740//565 912//565 884//565
f 913//566 885//566 700//566 741//566
f 592//567 783//567 994//567 856//567
f 995//568 784//568 593//568 857//568
f 560//569 640//569 1057//569 964//569
f 561//570 965//570 1058//570 641//570
f 858//571 531//571 815//571 1039//571
f 816//572 531//572 858//572 1040//572
f 653//573 610//573 1012//573 996//573
f 1013//574 611//574 654//574 997//574
f 701//575 891//575 927//575 785//575
f 702//576 786//576 928//576 892//576
f 634//577 311//577 1026//577 1330//577
f 1027//578 312//578 635//578 1331//578
f 759//579 1045//579 902//579 556//579
f 903//580 1046//580 760//580 557//580
f 851//581 895//581 813//581 735//581
f 814//582 896//582 851//582 735//582
f 608//583 470//583 1067//583 1099//583
f 1068//584 471//584 609//584 1100//584
f 441//585 608//585 1310//585 893//585
f 1311//586 894//586 442//586 609//586
f 912//587 935//587 775//587 740//587
f 776//588 741//588 913//588 936//588
f 879//589 833//589 775//589 852//589
f 776//590 834//590 880//590 853//590
f 1043//591 572//591 633//591 1051//591
f 1230//592 1240//592 456//592 365//592
f 457//593 366//593 1231//593 1241//593
f 785//594 927//594 939//594 733//594
f 786//595 734//595 940//595 928//595
f 631//596 807//596 1006//596 933//596
f 1007//597 808//597 632//597 934//597
f 1088//598 1067//598 470//598 671//598
f 471//599 1068//599 1089//599 672//599
f 1230//600 1218//600 511//600 365//600
f 512//601 1219//601 1231//601 366//601
f 652//602 1092//602 1044//602 573//602
f 733//603 939//603 966//603 811//603
f 734//604 812//604 967//604 940//604
f 535//605 1123//605 1107//605 595//605
f 1108//606 1124//606 536//606 596//606
f 1071//607 448//607 731//607 1121//607
f 732//608 449//608 1072//608 1122//608
f 1061//609 1088//609 671//609 588//609
f 672//610 1089//610 1062//610 589//610
f 833//611 775//611 935//611 958//611
f 936//612 776//612 834//612 959//612
f 599//613 450//613 1141//613 1181//613
f 1142//614 1182//614 600//614 451//614
f 863//615 854//615 869//615 908//615
f 870//616 909//616 864//616 855//616
f 1020//617 751//617 799//617 951//617
f 800//618 752//618 1021//618 952//618
f 474//619 619//619 1192//619 1115//619
f 1193//620 620//620 475//620 1116//620
f 640//621 703//621 1109//621 1057//621
f 641//622 1058//622 1110//622 704//622
f 895//623 631//623 933//623 1082//623
f 934//624 1083//624 896//624 632//624
f 811//625 821//625 977//625 966//625
f 812//626 967//626 978//626 822//626
f 1137//627 485//627 495//627 1316//627
f 1138//628 1317//628 496//628 486//628
f 821//629 977//629 972//629 831//629
f 822//630 832//630 973//630 978//630
f 799//631 867//631 1004//631 951//631
f 800//632 868//632 1005//632 952//632
f 1069//633 1247//633 781//633 463//633
f 782//634 1248//634 1070//634 464//634
f 541//635 1095//635 1189//635 744//635
f 1190//636 1096//636 542//636 745//636
f 852//637 1000//637 972//637 831//637
f 832//638 973//638 1001//638 853//638
f 1218//639 1251//639 597//639 511//639
f 598//640 1252//640 1219//640 512//640
f 562//641 431//641 1143//641 1415//641
f 1144//642 432//642 563//642 1416//642
f 597//643 1251//643 1287//643 454//643
f 598//644 455//644 1288//644 1252//644
f 1123//645 1163//645 783//645 535//645
f 1124//646 1164//646 784//646 536//646
f 1386//647 460//647 456//647 1240//647
f 457//648 1241//648 1387//648 461//648
f 921//649 877//649 949//649 960//649
f 950//650 878//650 922//650 961//650
f 835//651 974//651 1039//651 858//651
f 1040//652 858//652 835//652 975//652
f 970//653 854//653 863//653 1018//653
f 864//654 1019//654 971//654 855//654
f 1249//655 1238//655 755//655 420//655
f 756//656 1239//656 1250//656 421//656
f 879//657 852//657 1000//657 1008//657
f 1001//658 853//658 880//658 1009//658
f 629//659 1358//659 1249//659 420//659
f 1250//660 1359//660 630//660 421//660
f 484//661 739//661 1728//661 738//661
f 1287//662 454//662 661//662 1289//662
f 662//663 455//663 1288//663 1290//663
f 990//664 925//664 879//664 1008//664
f 880//664 926//664 991//664 1009//664
f 884//665 871//665 1014//665 1016//665
f 1015//666 1017//666 885//666 872//666
f 771//667 1277//667 1161//667 523//667
f 1162//668 524//668 772//668 1278//668
f 912//669 884//669 1016//669 1024//669
f 1017//670 885//670 913//670 1025//670
f 755//671 1238//671 1181//671 599//671
f 1182//672 1239//672 756//672 600//672
f 621//673 1342//673 1245//673 549//673
f 1246//674 550//674 622//674 1343//674
f 415//675 1390//675 1411//675 527//675
f 1412//676 1391//676 416//676 528//676
f 912//677 935//677 1033//677 1024//677
f 913//678 936//678 1034//678 1025//678
f 817//679 1269//679 1063//679 690//679
f 1064//680 691//680 818//680 1270//680
f 1014//681 1016//681 939//681 927//681
f 940//682 928//682 1015//682 1017//682
f 1330//683 634//683 495//683 1316//683
f 496//684 1317//684 1331//684 635//684
f 1165//685 684//685 819//685 1196//685
f 820//686 685//686 1166//686 1197//686
f 1016//687 939//687 966//687 1024//687
f 967//688 940//688 1017//688 1025//688
f 958//689 1035//689 1033//689 935//689
f 1034//690 1036//690 959//690 936//690
f 1129//691 749//691 763//691 1220//691
f 764//692 1221//692 1130//692 750//692
f 951//693 970//693 1018//693 1020//693
f 952//694 971//694 1019//694 1021//694
f 738//695 519//695 1131//695 1453//695
f 1132//696 520//696 739//696 1454//696
f 757//697 721//697 1179//697 1253//697
f 1180//698 722//698 758//698 1254//698
f 460//699 629//699 1358//699 1386//699
f 461//700 630//700 1359//700 1387//700
f 937//701 1259//701 1020//701 751//701
f 938//702 1260//702 1021//702 752//702
f 1121//703 1175//703 904//703 731//703
f 905//704 732//704 1122//704 1176//704
f 1033//705 1024//705 972//705 1000//705
f 973//706 1025//706 1034//706 1001//706
f 763//707 1220//707 1093//707 891//707
f 1094//708 1221//708 764//708 892//708
f 1411//709 527//709 603//709 1374//709
f 604//710 1375//710 1412//710 528//710
f 981//711 953//711 1037//711 1065//711
f 1038//712 954//712 982//712 1066//712
f 810//713 924//713 1242//713 1052//713
f 1208//714 1346//714 823//714 586//714
f 824//715 587//715 1209//715 1347//715
f 1087//716 1102//716 878//716 950//716
f 1008//717 1035//717 1033//717 1000//717
f 1034//718 1036//718 1009//718 1001//718
f 891//719 927//719 1117//719 1093//719
f 892//720 1094//720 1118//720 928//720
f 744//721 1189//721 1226//721 859//721
f 1227//722 860//722 745//722 1190//722
f 1289//723 661//723 769//723 1304//723
f 770//724 1305//724 1290//724 662//724
f 688//725 1324//725 1253//725 757//725
f 1254//726 1325//726 689//726 758//726
f 1302//727 1297//727 715//727 729//727
f 716//728 1298//728 1303//728 730//728
f 1155//729 1147//729 908//729 863//729
f 1156//730 1148//730 909//730 864//730
f 1368//731 815//731 443//731 1366//731
f 444//732 1367//732 1369//732 816//732
f 1374//733 1344//733 717//733 603//733
f 718//734 1345//734 1375//734 604//734
f 1301//735 923//735 809//735 1081//735
f 877//736 949//736 1177//736 1101//736
f 1344//737 717//737 719//737 1308//737
f 720//738 718//738 1345//738 1309//738
f 1194//739 1163//739 783//739 994//739
f 1195//740 995//740 784//740 1164//740
f 1169//741 1173//741 919//741 887//741
f 920//742 1174//742 1170//742 888//742
f 1145//743 949//743 960//743 1105//743
f 1146//744 1106//744 961//744 950//744
f 1247//745 1265//745 882//745 781//745
f 883//746 1266//746 1248//746 782//746
f 736//747 437//747 1390//747 1535//747
f 1391//748 438//748 737//748 1536//748
f 1125//749 1133//749 953//749 981//749
f 954//750 1134//750 1126//750 982//750
f 986//751 953//751 1077//751 1198//751
f 1078//752 954//752 987//752 1199//752
f 1302//753 1392//753 765//753 729//753
f 766//754 730//754 1303//754 1393//754
f 910//755 445//755 1285//755 1531//755
f 1286//756 446//756 911//756 1532//756
f 1236//757 887//757 919//757 1202//757
f 920//758 888//758 1237//758 1203//758
f 887//759 968//759 1214//759 1169//759
f 1215//760 969//760 888//760 1170//760
f 767//761 688//761 1324//761 1425//761
f 1325//762 1426//762 768//762 689//762
f 900//763 621//763 1342//763 1348//763
f 901//764 1349//764 1343//764 622//764
f 861//765 771//765 1277//765 1328//765
f 1278//766 772//766 862//766 1329//766
f 919//767 1173//767 1198//767 986//767
f 1199//768 1174//768 920//768 987//768
f 684//769 690//769 1733//769 1165//769
f 1734//770 1166//770 685//770 691//770
f 1212//771 1133//771 953//771 986//771
f 954//772 987//772 1213//772 1134//772
f 765//773 1392//773 1232//773 871//773
f 1233//774 1393//774 766//774 872//774
f 1667//775 403//775 505//775 1641//775
f 1668//776 1642//776 506//776 404//776
f 1603//777 1613//777 564//777 452//777
f 565//778 453//778 1604//778 1614//778
f 1153//779 1065//779 981//779 1097//779
f 982//780 1098//780 1154//780 1066//780
f 974//781 1103//781 1187//781 1039//781
f 1188//782 1104//782 975//782 1040//782
f 919//783 986//783 1212//783 1202//783
f 1213//784 987//784 920//784 1203//784
f 695//785 646//785 1473//785 1475//785
f 696//786 647//786 1474//786 1476//786
f 555//787 1677//787 1667//787 403//787
f 1668//788 1677//788 555//788 404//788
f 791//789 695//789 1475//789 1356//789
f 792//790 1357//790 1476//790 696//790
f 968//791 1279//791 1236//791 887//791
f 1237//792 1280//792 969//792 888//792
f 742//793 1607//793 1415//793 562//793
f 1416//794 1608//794 743//794 563//794
f 1603//795 1585//795 674//795 452//795
f 666//796 453//796 1604//796 1586//796
f 1018//797 863//797 1155//797 1322//797
f 1156//798 864//798 1019//798 1323//798
f 769//799 1304//799 1384//799 931//799
f 1385//800 932//800 770//800 1305//800
f 1053//801 1059//801 1135//801 1117//801
f 1136//802 1060//802 1054//802 1118//802
f 1125//803 1228//803 1097//803 981//803
f 1098//804 1229//804 1126//804 982//804
f 505//805 674//805 1595//805 1641//805
f 506//806 1642//806 1596//806 675//806
f 1210//807 902//807 840//807 1493//807
f 841//808 903//808 1211//808 1494//808
f 846//809 1340//809 1314//809 947//809
f 1315//810 1341//810 847//810 948//810
f 1388//811 1380//811 917//811 807//811
f 1389//812 808//812 918//812 1381//812
f 1059//813 1084//813 1183//813 1135//813
f 1184//814 1085//814 1060//814 1136//814
f 793//815 767//815 1425//815 1491//815
f 1426//816 1492//816 794//816 768//816
f 1581//817 566//817 789//817 1559//817
f 790//818 567//818 1582//818 1560//818
f 1346//819 1441//819 906//819 823//819
f 907//820 1442//820 1347//820 824//820
f 1505//821 1491//821 793//821 707//821
f 1506//822 708//822 794//822 1492//822
f 493//823 1696//823 1698//823 582//823
f 1699//824 583//824 494//824 1697//824
f 1396//825 1380//825 917//825 848//825
f 918//826 1381//826 1396//826 848//826
f 1651//827 1473//827 646//827 761//827
f 647//827 1474//827 1652//827 762//827
f 825//828 861//828 1328//828 1519//828
f 1329//829 1520//829 826//829 862//829
f 1087//830 886//830 1043//830 1554//830
f 1527//831 1340//831 846//831 844//831
f 847//832 1341//832 1528//832 845//832
f 1234//833 1059//833 1053//833 1232//833
f 1054//834 1060//834 1235//834 1233//834
f 1421//835 1401//835 941//835 836//835
f 942//836 1402//836 1422//836 837//836
f 817//837 1119//837 1382//837 1269//837
f 1383//838 1120//838 818//838 1270//838
f 553//839 582//839 1698//839 1762//839
f 554//840 1763//840 1699//840 583//840
f 1167//841 1171//841 1119//841 1111//841
f 1120//842 1172//842 1168//842 1112//842
f 1020//843 1018//843 1322//843 1259//843
f 1021//844 1260//844 1323//844 1019//844
f 1243//845 1084//845 1059//845 1234//845
f 1244//846 1085//846 1060//846 1235//846
f 984//847 900//847 1348//847 1413//847
f 1349//848 1414//848 985//848 901//848
f 1177//849 1362//849 1145//849 949//849
f 1178//850 950//850 1146//850 1363//850
f 1437//851 1447//851 964//851 829//851
f 965//852 1448//852 1438//852 830//852
f 789//853 906//853 1441//853 1559//853
f 1442//854 1560//854 790//854 907//854
f 636//855 553//855 1762//855 1766//855
f 1763//856 554//856 637//856 1767//856
f 941//857 1401//857 1397//857 979//857
f 942//858 980//858 1398//858 1402//858
f 1469//859 1368//859 815//859 1039//859
f 1470//860 1040//860 816//860 1369//860
f 1139//861 1267//861 1216//861 1084//861
f 1217//862 1268//862 1140//862 1085//862
f 1388//863 1521//863 1006//863 807//863
f 1007//864 808//864 1389//864 1522//864
f 1271//865 1243//865 1084//865 1139//865
f 1085//866 1140//866 1272//866 1244//866
f 1384//867 931//867 988//867 1449//867
f 989//868 1450//868 1385//868 932//868
f 873//869 1541//869 1529//869 797//869
f 1530//870 1542//870 874//870 798//870
f 875//871 1627//871 1445//871 829//871
f 1446//872 830//872 876//872 1628//872
f 910//873 797//873 1529//873 1531//873
f 1530//874 798//874 911//874 1532//874
f 1370//875 998//875 1002//875 1419//875
f 1003//876 999//876 1371//876 1420//876
f 979//877 1002//877 1419//877 1397//877
f 980//878 1003//878 1420//878 1398//878
f 915//879 736//879 1535//879 1601//879
f 1536//880 1602//880 916//880 737//880
f 1724//881 1647//881 795//881 642//881
f 1725//882 643//882 796//882 1648//882
f 1423//883 1621//883 962//883 836//883
f 963//884 1622//884 1424//884 837//884
f 1103//885 1204//885 1291//885 1187//885
f 1104//886 1205//886 1292//886 1188//886
f 667//887 642//887 1724//887 1824//887
f 668//888 643//888 1725//888 1825//888
f 992//889 707//889 1505//889 1659//889
f 1506//890 708//890 993//890 1660//890
f 1611//891 1565//891 801//891 889//891
f 802//892 1566//892 1612//892 890//892
f 933//893 1006//893 1465//893 1457//893
f 1466//894 1007//894 934//894 1458//894
f 803//895 761//895 1651//895 1653//895
f 804//896 1654//896 1652//896 762//896
f 898//897 803//897 1653//897 1511//897
f 899//898 1512//898 1654//898 804//898
f 964//899 1057//899 1409//899 1447//899
f 1410//900 1058//900 965//900 1448//900
f 1295//901 1271//901 1139//901 1185//901
f 1140//902 1272//902 1296//902 1186//902
f 1299//903 1185//903 1139//903 1267//903
f 1140//904 1186//904 1300//904 1268//904
f 1611//905 889//905 697//905 1756//905
f 698//906 890//906 1612//906 1757//906
f 1449//907 988//907 842//907 1649//907
f 1450//908 1650//908 843//908 989//908
f 1257//909 1318//909 1228//909 1097//909
f 1229//910 1319//910 1258//910 1098//910
f 1028//911 1509//911 1372//911 1030//911
f 1373//912 1510//912 1029//912 1031//912
f 1571//913 433//913 1079//913 1826//913
f 1080//914 1827//914 1572//914 434//914
f 1704//915 1607//915 742//915 929//915
f 743//916 1608//916 1705//916 930//916
f 933//917 1457//917 1481//917 1082//917
f 1482//918 1458//918 934//918 1083//918
f 1012//919 873//919 1541//919 1575//919
f 1542//920 874//920 1013//920 1576//920
f 968//921 1279//921 1545//921 1214//921
f 1546//922 1280//922 969//922 1215//922
f 1649//923 842//923 893//923 1678//923
f 894//924 843//924 1650//924 1679//924
f 1057//925 1109//925 1443//925 1409//925
f 1444//926 1110//926 1058//926 1410//926
f 998//927 1370//927 1547//927 1115//927
f 999//928 1371//928 1548//928 1116//928
f 1334//929 1332//929 1183//929 1135//929
f 1335//930 1136//930 1184//930 1333//930
f 1204//931 1326//931 1261//931 1255//931
f 1262//932 1327//932 1205//932 1256//932
f 996//933 1589//933 1601//933 915//933
f 1602//934 916//934 997//934 1590//934
f 1204//935 1255//935 1320//935 1291//935
f 1321//936 1256//936 1205//936 1292//936
f 1812//937 725//937 723//937 1931//937
f 724//938 1932//938 1813//938 726//938
f 929//939 945//939 1593//939 1704//939
f 1594//940 946//940 930//940 1705//940
f 1503//941 1065//941 1037//941 1523//941
f 1504//942 1066//942 1038//942 1524//942
f 1332//943 1183//943 1206//943 1354//943
f 1184//944 1333//944 1355//944 1207//944
f 1399//945 1431//945 1167//945 1111//945
f 1168//946 1112//946 1400//946 1432//946
f 1012//947 996//947 1589//947 1575//947
f 1590//948 997//948 1013//948 1576//948
f 1523//949 1543//949 1047//949 1037//949
f 1524//950 1038//950 1048//950 1544//950
f 601//951 411//951 1812//951 2444//951
f 1813//952 412//952 602//952 2445//952
f 1275//953 1394//953 1299//953 1185//953
f 1300//954 1395//954 1276//954 1186//954
f 1206//955 1354//955 1350//955 1216//955
f 1355//956 1207//956 1217//956 1351//956
f 1082//957 1090//957 1499//957 1481//957
f 1500//958 1091//958 1083//958 1482//958
f 1167//959 1171//959 1417//959 1431//959
f 1418//960 1432//960 1168//960 1172//960
f 1171//961 1495//961 1382//961 1119//961
f 1383//962 1496//962 1172//962 1120//962
f 1792//963 1527//963 844//963 1069//963
f 1793//964 1070//964 845//964 1528//964
f 1041//965 1028//965 1509//965 1680//965
f 1042//966 1681//966 1510//966 1029//966
f 1095//967 1809//967 1493//967 840//967
f 1096//968 1810//968 1494//968 841//968
f 1455//969 1125//969 1133//969 1467//969
f 1456//970 1468//970 1134//970 1126//970
f 1061//971 1525//971 1537//971 1088//971
f 1538//972 1526//972 1062//972 1089//972
f 1109//973 1137//973 1517//973 1443//973
f 1518//974 1138//974 1110//974 1444//974
f 1350//975 1216//975 1267//975 1378//975
f 1351//976 1379//976 1268//976 1217//976
f 1555//977 1044//977 1086//977 1553//977
f 1403//978 1255//978 1261//978 1326//978
f 1262//979 1256//979 1404//979 1327//979
f 1153//980 1513//980 1503//980 1065//980
f 1504//981 1514//981 1154//981 1066//981
f 1597//982 1077//982 1047//982 1543//982
f 1048//983 1078//983 1598//983 1544//983
f 1318//984 1376//984 1306//984 1257//984
f 1307//985 1377//985 1319//985 1258//985
f 1079//986 1826//986 1756//986 697//986
f 1757//987 1827//987 1080//987 698//987
f 1714//988 1525//988 1061//988 1010//988
f 1062//989 1011//989 1715//989 1526//989
f 1228//990 1125//990 1455//990 1461//990
f 1229//991 1126//991 1456//991 1462//991
f 1427//992 1405//992 1243//992 1234//992
f 1244//993 1406//993 1428//993 1235//993
f 1234//994 1427//994 1435//994 1232//994
f 1436//995 1428//995 1235//995 1233//995
f 2444//996 601//996 838//996 1593//996
f 839//997 602//997 2445//997 1594//997
f 1299//998 1394//998 1378//998 1267//998
f 1379//999 1268//999 1300//999 1395//999
f 1405//1000 1429//1000 1271//1000 1243//1000
f 1406//1001 1244//1001 1272//1001 1430//1001
f 1291//1002 1187//1002 1364//1002 1459//1002
f 1292//1003 1460//1003 1365//1003 1188//1003
f 1671//1004 1312//1004 801//1004 1565//1004
f 802//1005 1313//1005 1672//1005 1566//1005
f 1487//1006 1467//1006 1133//1006 1212//1006
f 1134//1007 1213//1007 1488//1007 1468//1007
f 1121//1008 1175//1008 1471//1008 1557//1008
f 1472//1009 1558//1009 1122//1009 1176//1009
f 1088//1010 1067//1010 1661//1010 1537//1010
f 1662//1011 1538//1011 1089//1011 1068//1011
f 1539//1012 1439//1012 1194//1012 1163//1012
f 1195//1013 1440//1013 1540//1013 1164//1013
f 1177//1014 1086//1014 1553//1014 1551//1014
f 1554//1015 1552//1015 1178//1015 1087//1015
f 1489//1016 1655//1016 1210//1016 1045//1016
f 1211//1017 1046//1017 1490//1017 1656//1017
f 1295//1018 1271//1018 1429//1018 1433//1018
f 1430//1019 1272//1019 1296//1019 1434//1019
f 1282//1020 1043//1020 1554//1020 1556//1020
f 1055//1021 1071//1021 1700//1021 1633//1021
f 1701//1022 1634//1022 1056//1022 1072//1022
f 1099//1023 1631//1023 1661//1023 1067//1023
f 1662//1024 1632//1024 1100//1024 1068//1024
f 1700//1025 1557//1025 1121//1025 1071//1025
f 1122//1026 1072//1026 1701//1026 1558//1026
f 1399//1027 1111//1027 1196//1027 1741//1027
f 1400//1028 1742//1028 1197//1028 1112//1028
f 1202//1029 1212//1029 1487//1029 1507//1029
f 1488//1030 1213//1030 1203//1030 1508//1030
f 1149//1031 1888//1031 1824//1031 667//1031
f 1825//1032 1889//1032 1150//1032 668//1032
f 1515//1033 1513//1033 1153//1033 1257//1033
f 1154//1034 1258//1034 1516//1034 1514//1034
f 1157//1035 1273//1035 1569//1035 1463//1035
f 1570//1036 1274//1036 1158//1036 1464//1036
f 1198//1037 1077//1037 1609//1037 1605//1037
f 1610//1038 1606//1038 1199//1038 1078//1038
f 1403//1039 1255//1039 1320//1039 1479//1039
f 1321//1040 1480//1040 1404//1040 1256//1040
f 1690//1041 1599//1041 1107//1041 1123//1041
f 1108//1042 1124//1042 1691//1042 1600//1042
f 1547//1043 1637//1043 1192//1043 1115//1043
f 1548//1044 1638//1044 1193//1044 1116//1044
f 1621//1045 962//1045 1161//1045 1844//1045
f 1162//1046 963//1046 1622//1046 1845//1046
f 1690//1047 1539//1047 1163//1047 1123//1047
f 1164//1048 1540//1048 1691//1048 1124//1048
f 1127//1049 992//1049 1659//1049 1801//1049
f 1660//1050 1802//1050 1128//1050 993//1050
f 1577//1051 1236//1051 1202//1051 1507//1051
f 1203//1052 1237//1052 1578//1052 1508//1052
f 1318//1053 1228//1053 1461//1053 1485//1053
f 1462//1054 1229//1054 1319//1054 1486//1054
f 1427//1055 1405//1055 1332//1055 1334//1055
f 1333//1056 1406//1056 1428//1056 1335//1056
f 1245//1057 865//1057 1571//1057 1943//1057
f 1572//1058 866//1058 1246//1058 1944//1058
f 1435//1059 1336//1059 1334//1059 1427//1059
f 1335//1060 1428//1060 1436//1060 1337//1060
f 1799//1061 1113//1061 1041//1061 1680//1061
f 1042//1062 1114//1062 1800//1062 1681//1062
f 1173//1063 1623//1063 1605//1063 1198//1063
f 1606//1064 1624//1064 1174//1064 1199//1064
f 1429//1065 1378//1065 1350//1065 1405//1065
f 1351//1066 1379//1066 1430//1066 1406//1066
f 1306//1067 1497//1067 1515//1067 1257//1067
f 1516//1068 1258//1068 1307//1068 1498//1068
f 1688//1069 1623//1069 1173//1069 1169//1069
f 1174//1070 1170//1070 1689//1070 1624//1070
f 1617//1071 1129//1071 1220//1071 1684//1071
f 1221//1072 1130//1072 1618//1072 1685//1072
f 1433//1073 1429//1073 1378//1073 1394//1073
f 1379//1074 1430//1074 1434//1074 1395//1074
f 1208//1075 1870//1075 1627//1075 1022//1075
f 1628//1076 1871//1076 1209//1076 1023//1076
f 1279//1077 1236//1077 1577//1077 1587//1077
f 1578//1078 1237//1078 1280//1078 1588//1078
f 1063//1079 1157//1079 1764//1079 1733//1079
f 1064//1080 1734//1080 1765//1080 1158//1080
f 1362//1081 1549//1081 1551//1081 1177//1081
f 1552//1082 1550//1082 1363//1082 1178//1082
f 1376//1083 1477//1083 1485//1083 1318//1083
f 1377//1084 1319//1084 1486//1084 1478//1084
f 1141//1085 1702//1085 1799//1085 1113//1085
f 1800//1086 1114//1086 1142//1086 1703//1086
f 1214//1087 1169//1087 1688//1087 1686//1087
f 1689//1088 1170//1088 1215//1088 1687//1088
f 1774//1089 1846//1089 1075//1089 1131//1089
f 1076//1090 1847//1090 1775//1090 1132//1090
f 1776//1091 1702//1091 1141//1091 1181//1091
f 1142//1092 1182//1092 1777//1092 1703//1092
f 2492//1093 1312//1093 657//1093 1407//1093
f 658//1094 1313//1094 2493//1094 1408//1094
f 1846//1095 1801//1095 1127//1095 1075//1095
f 1847//1096 1802//1096 1128//1096 1076//1096
f 1372//1097 1010//1097 1714//1097 1729//1097
f 1715//1098 1730//1098 1373//1098 1011//1098
f 1137//1099 1316//1099 1838//1099 1517//1099
f 1138//1100 1518//1100 1839//1100 1317//1100
f 1743//1101 1165//1101 1196//1101 1741//1101
f 1197//1102 1166//1102 1744//1102 1742//1102
f 1417//1103 1171//1103 1495//1103 1739//1103
f 1496//1104 1172//1104 1418//1104 1740//1104
f 1238//1105 1181//1105 1776//1105 1673//1105
f 1777//1106 1674//1106 1239//1106 1182//1106
f 1220//1107 1338//1107 1583//1107 1684//1107
f 1584//1108 1685//1108 1221//1108 1339//1108
f 1218//1109 1251//1109 1682//1109 1749//1109
f 1683//1110 1252//1110 1219//1110 1750//1110
f 1836//1111 1809//1111 1095//1111 1189//1111
f 1096//1112 1810//1112 1837//1112 1190//1112
f 1293//1113 1591//1113 1675//1113 1326//1113
f 1294//1113 1592//1113 1676//1113 1327//1113
f 1792//1114 1069//1114 1247//1114 1874//1114
f 1248//1115 1070//1115 1793//1115 1875//1115
f 1692//1116 1226//1116 1189//1116 1836//1116
f 1190//1117 1227//1117 1693//1117 1837//1117
f 1338//1118 1583//1118 1645//1118 1336//1118
f 1339//1119 1584//1119 1646//1119 1337//1119
f 1253//1120 1860//1120 1694//1120 1179//1120
f 1695//1121 1861//1121 1254//1121 1180//1121
f 1364//1122 1459//1122 1615//1122 1469//1122
f 1365//1123 1470//1123 1616//1123 1460//1123
f 1090//1124 1499//1124 1832//1124 1567//1124
f 1833//1125 1500//1125 1091//1125 1568//1125
f 1906//1126 1287//1126 1251//1126 1682//1126
f 1907//1127 1288//1127 1252//1127 1683//1127
f 1874//1128 1247//1128 1265//1128 1768//1128
f 1266//1129 1769//1129 1875//1129 1248//1129
f 1340//1130 1314//1130 1629//1130 1820//1130
f 1630//1131 1821//1131 1341//1131 1315//1131
f 1382//1132 1563//1132 1639//1132 1495//1132
f 1640//1133 1564//1133 1383//1133 1496//1133
f 1710//1134 1828//1134 1302//1134 1297//1134
f 1303//1135 1829//1135 1711//1135 1298//1135
f 1844//1136 1161//1136 1277//1136 1947//1136
f 1278//1137 1948//1137 1845//1137 1162//1137
f 1230//1138 2008//1138 1749//1138 1218//1138
f 1750//1139 2009//1139 1231//1139 1219//1139
f 1816//1140 1840//1140 1304//1140 1289//1140
f 1305//1141 1841//1141 1817//1141 1290//1141
f 1675//1142 1807//1142 1403//1142 1326//1142
f 1676//1143 1327//1143 1404//1143 1808//1143
f 1287//1144 1289//1144 1816//1144 1906//1144
f 1817//1145 1290//1145 1288//1145 1907//1145
f 1722//1146 1718//1146 1401//1146 1397//1146
f 1402//1147 1719//1147 1723//1147 1398//1147
f 1720//1148 1539//1148 1439//1148 1533//1148
f 1440//1149 1540//1149 1721//1149 1534//1149
f 1240//1150 1880//1150 2008//1150 1230//1150
f 2009//1151 1881//1151 1241//1151 1231//1151
f 1563//1152 1735//1152 1731//1152 1269//1152
f 1732//1153 1736//1153 1564//1153 1270//1153
f 1316//1154 1838//1154 1822//1154 1330//1154
f 1823//1155 1331//1155 1317//1155 1839//1155
f 1747//1156 1745//1156 1431//1156 1399//1156
f 1432//1157 1746//1157 1748//1157 1400//1157
f 1745//1158 1739//1158 1417//1158 1431//1158
f 1418//1159 1740//1159 1746//1159 1432//1159
f 1557//1160 1471//1160 1533//1160 1720//1160
f 1534//1161 1472//1161 1558//1161 1721//1161
f 1573//1162 1459//1162 1615//1162 1657//1162
f 1574//1163 1460//1163 1616//1163 1658//1163
f 1619//1164 1477//1164 1485//1164 1708//1164
f 1486//1165 1478//1165 1620//1165 1709//1165
f 1447//1166 1718//1166 1722//1166 1409//1166
f 1723//1167 1719//1167 1448//1167 1410//1167
f 1483//1168 1645//1168 1663//1168 1501//1168
f 1664//1169 1646//1169 1484//1169 1502//1169
f 1665//1170 1643//1170 1483//1170 1501//1170
f 1484//1171 1644//1171 1666//1171 1502//1171
f 1346//1172 1208//1172 1870//1172 1980//1172
f 1347//1173 1209//1173 1871//1173 1981//1173
f 1157//1174 1764//1174 2016//1174 1463//1174
f 1464//1175 2017//1175 1765//1175 1158//1175
f 1655//1176 1210//1176 1493//1176 2012//1176
f 1494//1177 1211//1177 1656//1177 2013//1177
f 1728//1178 738//1178 1453//1178 2517//1178
f 1454//1179 739//1179 1728//1179 2518//1179
f 1619//1180 1708//1180 1515//1180 1497//1180
f 1516//1181 1498//1181 1620//1181 1709//1181
f 2014//1182 1324//1182 1253//1182 1860//1182
f 2015//1183 1325//1183 1254//1183 1861//1183
f 1485//1184 1708//1184 1706//1184 1461//1184
f 1707//1185 1709//1185 1486//1185 1462//1185
f 1706//1186 1461//1186 1455//1186 1781//1186
f 1456//1187 1782//1187 1707//1187 1462//1187
f 1479//1188 1927//1188 1573//1188 1451//1188
f 1480//1189 1452//1189 1574//1189 1928//1189
f 1731//1190 1919//1190 1569//1190 1269//1190
f 1570//1191 1920//1191 1732//1191 1270//1191
f 1501//1192 1561//1192 1712//1192 1663//1192
f 1713//1193 1562//1193 1502//1193 1664//1193
f 1716//1194 1561//1194 1501//1194 1665//1194
f 1717//1195 1562//1195 1502//1195 1666//1195
f 2033//1196 1386//1196 1240//1196 1880//1196
f 1241//1197 1387//1197 2034//1197 1881//1197
f 1963//1198 1421//1198 1401//1198 1718//1198
f 1402//1199 1719//1199 1964//1199 1422//1199
f 1415//1200 1143//1200 1931//1200 2089//1200
f 1932//1201 1144//1201 1416//1201 2090//1201
f 1904//1202 1413//1202 1348//1202 1864//1202
f 1349//1203 1414//1203 1905//1203 1865//1203
f 1328//1204 2025//1204 1947//1204 1277//1204
f 1329//1205 2026//1205 1948//1205 1278//1205
f 1344//1206 2006//1206 1900//1206 1308//1206
f 1901//1207 2007//1207 1345//1207 1309//1207
f 1781//1208 1842//1208 1467//1208 1455//1208
f 1782//1209 1456//1209 1468//1209 1843//1209
f 1447//1210 1718//1210 1963//1210 1437//1210
f 1964//1211 1719//1211 1448//1211 1438//1211
f 2114//1212 1943//1212 1245//1212 1342//1212
f 1246//1213 1944//1213 2115//1213 1343//1213
f 1840//1214 1384//1214 1449//1214 1929//1214
f 1450//1215 1385//1215 1841//1215 1930//1215
f 1515//1216 1513//1216 1803//1216 1708//1216
f 1804//1217 1514//1217 1516//1217 1709//1217
f 1443//1218 1722//1218 1917//1218 1517//1218
f 1918//1219 1723//1219 1444//1219 1518//1219
f 1403//1220 1807//1220 1927//1220 1479//1220
f 1808//1221 1404//1221 1480//1221 1928//1221
f 1864//1222 2114//1222 1342//1222 1348//1222
f 1865//1223 1349//1223 1343//1223 2115//1223
f 1739//1224 1495//1224 1639//1224 1737//1224
f 1640//1225 1496//1225 1740//1225 1738//1225
f 1487//1226 1467//1226 1842//1226 1834//1226
f 1843//1227 1468//1227 1488//1227 1835//1227
f 1671//1228 1790//1228 1611//1228 1565//1228
f 1612//1229 1791//1229 1672//1229 1566//1229
f 1921//1230 1358//1230 1386//1230 2033//1230
f 1922//1231 1359//1231 1387//1231 2034//1231
f 1908//1232 1469//1232 1368//1232 1959//1232
f 1369//1233 1470//1233 1909//1233 1960//1233
f 1356//1234 1635//1234 2264//1234 1475//1234
f 2265//1235 1636//1235 1357//1235 1476//1235
f 1716//1236 1785//1236 1625//1236 1561//1236
f 1626//1237 1789//1237 1717//1237 1562//1237
f 1639//1238 1737//1238 1735//1238 1563//1238
f 1640//1239 1564//1239 1736//1239 1738//1239
f 1302//1240 1778//1240 1818//1240 1828//1240
f 1819//1241 1779//1241 1303//1241 1829//1241
f 1625//1242 1561//1242 1751//1242 1786//1242
f 1752//1243 1562//1243 1626//1243 1787//1243
f 1882//1244 1834//1244 1487//1244 1507//1244
f 1488//1245 1508//1245 1883//1245 1835//1245
f 1513//1246 1803//1246 1896//1246 1503//1246
f 1897//1247 1804//1247 1514//1247 1504//1247
f 1760//1248 1753//1248 1645//1248 1583//1248
f 1646//1249 1754//1249 1761//1249 1584//1249
f 1527//1250 2067//1250 1820//1250 1340//1250
f 1821//1251 2068//1251 1528//1251 1341//1251
f 1441//1252 1346//1252 1980//1252 2075//1252
f 1442//1253 2076//1253 1981//1253 1347//1253
f 1425//1254 1324//1254 2014//1254 2128//1254
f 2015//1255 2129//1255 1426//1255 1325//1255
f 1890//1256 1370//1256 1547//1256 2073//1256
f 1548//1257 1371//1257 1891//1257 2074//1257
f 1669//1258 1625//1258 1786//1258 1794//1258
f 1787//1259 1626//1259 1670//1259 1795//1259
f 1785//1260 1625//1260 1669//1260 1796//1260
f 1670//1261 1797//1261 1789//1261 1626//1261
f 1374//1262 1344//1262 2006//1262 2219//1262
f 2007//1263 1345//1263 1375//1263 2220//1263
f 1951//1264 1537//1264 1525//1264 1902//1264
f 1526//1265 1903//1265 1952//1265 1538//1265
f 1577//1266 1967//1266 1882//1266 1507//1266
f 1883//1267 1508//1267 1578//1267 1968//1267
f 1990//1268 1523//1268 1503//1268 1896//1268
f 1504//1269 1524//1269 1991//1269 1897//1269
f 1957//1270 1615//1270 1469//1270 1908//1270
f 1470//1271 1616//1271 1958//1271 1909//1271
f 1550//1272 1552//1272 2042//1272 1788//1272
f 1982//1273 1690//1273 1539//1273 1720//1273
f 1540//1274 1691//1274 1983//1274 1721//1274
f 1959//1275 1368//1275 1366//1275 2334//1275
f 1367//1276 1369//1276 1960//1276 2335//1276
f 2041//1277 1551//1277 1549//1277 1811//1277
f 1919//1278 1569//1278 1463//1278 2016//1278
f 1570//1279 1920//1279 2017//1279 1464//1279
f 1249//1280 1921//1280 2223//1280 1673//1280
f 2224//1281 1922//1281 1250//1281 1674//1281
f 1700//1282 1982//1282 1720//1282 1557//1282
f 1721//1283 1983//1283 1701//1283 1558//1283
f 1380//1284 1388//1284 2126//1284 2152//1284
f 1381//1285 2153//1285 2127//1285 1389//1285
f 1852//1286 2186//1286 1621//1286 1423//1286
f 1622//1287 2187//1287 1853//1287 1424//1287
f 1396//1288 1380//1288 2152//1288 2181//1288
f 2153//1289 2181//1289 1396//1289 1381//1289
f 1511//1290 1653//1290 2264//1290 1635//1290
f 2265//1291 1636//1291 1512//1291 1654//1291
f 1587//1292 1577//1292 1967//1292 1941//1292
f 1968//1293 1942//1293 1588//1293 1578//1293
f 1627//1294 2186//1294 1852//1294 1445//1294
f 1853//1295 2187//1295 1628//1295 1446//1295
f 2031//1296 1680//1296 1509//1296 1856//1296
f 1510//1297 1857//1297 2032//1297 1681//1297
f 2039//1298 1465//1298 1457//1298 2160//1298
f 2040//1299 1466//1299 1458//1299 2161//1299
f 2126//1300 2102//1300 1521//1300 1388//1300
f 1522//1301 1389//1301 2127//1301 2103//1301
f 1990//1302 2043//1302 1543//1302 1523//1302
f 1544//1303 2044//1303 1991//1303 1524//1303
f 1521//1304 2102//1304 2039//1304 1465//1304
f 2040//1305 1466//1305 1522//1305 2103//1305
f 1573//1306 1657//1306 1986//1306 1927//1306
f 1574//1307 1928//1307 1987//1307 1658//1307
f 1491//1308 2134//1308 2128//1308 1425//1308
f 2129//1309 1426//1309 1492//1309 2135//1309
f 1982//1310 1690//1310 1599//1310 1884//1310
f 1600//1311 1691//1311 1983//1311 1885//1311
f 1665//1312 1949//1312 1935//1312 1643//1312
f 1936//1313 1644//1313 1666//1313 1950//1313
f 1781//1314 1706//1314 1803//1314 1896//1314
f 1804//1315 1707//1315 1782//1315 1897//1315
f 1663//1316 1712//1316 1911//1316 1898//1316
f 1664//1317 1713//1317 1912//1317 1899//1317
f 1633//1318 1884//1318 1982//1318 1700//1318
f 1983//1319 1701//1319 1634//1319 1885//1319
f 1780//1320 1755//1320 1830//1320 1850//1320
f 1831//1321 1755//1321 1780//1321 1851//1321
f 1753//1322 1663//1322 1898//1322 1892//1322
f 1754//1323 1893//1323 1899//1323 1664//1323
f 1609//1324 1597//1324 2043//1324 1970//1324
f 2044//1325 1971//1325 1610//1325 1598//1325
f 2160//1326 2150//1326 1481//1326 1457//1326
f 2161//1327 1458//1327 1482//1327 2151//1327
f 2053//1328 1970//1328 1605//1328 1623//1328
f 2054//1329 1624//1329 1606//1329 1971//1329
f 2081//1330 1902//1330 1525//1330 1714//1330
f 1526//1331 1903//1331 2082//1331 1715//1331
f 2146//1332 1392//1332 1643//1332 2098//1332
f 1644//1333 2099//1333 2147//1333 1393//1333
f 1499//1334 1481//1334 2150//1334 2122//1334
f 2151//1335 1482//1335 1500//1335 2123//1335
f 1856//1336 1509//1336 1729//1336 2154//1336
f 1730//1337 1510//1337 1857//1337 2155//1337
f 1848//1338 1939//1338 1735//1338 1737//1338
f 1849//1339 1940//1339 1736//1339 1738//1339
f 1878//1340 1892//1340 1753//1340 1760//1340
f 1754//1341 1893//1341 1879//1341 1761//1341
f 1929//1342 2298//1342 1649//1342 1449//1342
f 1930//1343 1450//1343 1650//1343 2299//1343
f 1780//1344 1850//1344 1872//1344 1798//1344
f 1873//1345 1851//1345 1780//1345 1798//1345
f 1911//1346 1933//1346 1726//1346 1712//1346
f 1727//1347 1934//1347 1912//1347 1713//1347
f 1949//1348 1976//1348 1716//1348 1665//1348
f 1717//1349 1977//1349 1950//1349 1666//1349
f 1491//1350 2134//1350 2202//1350 1505//1350
f 1492//1351 2135//1351 2203//1351 1506//1351
f 2045//1352 2073//1352 1547//1352 1637//1352
f 1548//1353 2074//1353 2046//1353 1638//1353
f 1749//1354 2031//1354 1856//1354 1682//1354
f 1857//1355 2032//1355 1750//1355 1683//1355
f 1519//1356 2468//1356 2025//1356 1328//1356
f 1520//1357 1329//1357 2026//1357 2469//1357
f 1553//1358 1551//1358 2041//1358 2192//1358
f 1554//1359 2193//1359 2042//1359 1552//1359
f 1739//1360 1737//1360 1848//1360 1984//1360
f 1849//1361 1738//1361 1740//1361 1985//1361
f 2207//1362 2209//1362 1310//1362 1678//1362
f 1311//1363 2210//1363 2208//1363 1679//1363
f 1972//1364 2288//1364 1553//1364 1555//1364
f 1933//943 1726//943 1751//943 1945//943
f 1727//944 1934//944 1946//944 1752//944
f 1411//1365 2420//1365 2219//1365 1374//1365
f 2220//1366 2421//1366 1412//1366 1375//1366
f 1938//1367 1895//1367 1773//1367 1795//1367
f 1778//1368 1392//1368 2146//1368 2124//1368
f 2147//1369 2125//1369 1779//1369 1393//1369
f 1945//1370 1961//1370 1786//1370 1751//1370
f 1946//1371 1752//1371 1787//1371 1962//1371
f 1607//1372 1415//1372 2089//1372 2350//1372
f 2090//1373 1416//1373 1608//1373 2351//1373
f 1537//1374 1951//1374 2309//1374 1661//1374
f 2310//1375 1952//1375 1538//1375 1662//1375
f 1591//1113 2051//1113 2116//1113 1675//1113
f 1592//1113 2052//1113 2117//1113 1676//1113
f 1961//1376 1937//1376 1794//1376 1786//1376
f 1962//1377 1787//1377 1795//1377 1938//1377
f 2004//1378 2092//1378 1963//1378 1421//1378
f 1964//1379 2093//1379 2005//1379 1422//1379
f 1717//1380 1977//1380 1996//1380 1789//1380
f 1716//1381 1785//1381 1997//1381 1976//1381
f 1781//1382 1842//1382 1990//1382 1896//1382
f 1991//1383 1843//1383 1782//1383 1897//1383
f 1559//1384 1441//1384 2075//1384 2472//1384
f 2076//1385 1442//1385 1560//1385 2473//1385
f 1556//1386 1554//1386 2193//1386 2289//1386
f 1866//1387 1923//1387 1913//1387 1854//1387
f 1914//1388 1924//1388 1867//1388 1855//1388
f 1915//1389 1854//1389 1866//1389 1925//1389
f 1867//1390 1926//1390 1916//1390 1855//1390
f 1997//1391 1785//1391 1796//1391 1979//1391
f 1996//1392 1978//1392 1797//1392 1789//1392
f 1969//1393 1869//1393 1815//1393 1910//1393
f 2198//1394 2094//1394 1617//1394 1684//1394
f 1618//1395 1685//1395 2199//1395 2095//1395
f 1688//1396 1623//1396 2053//1396 2229//1396
f 2054//1397 2230//1397 1689//1397 1624//1397
f 1682//1398 1856//1398 2154//1398 1906//1398
f 2155//1399 1857//1399 1683//1399 1907//1399
f 1531//1400 2370//1400 2470//1400 1285//1400
f 1532//1401 2371//1401 2471//1401 1286//1401
f 1929//1402 1840//1402 1902//1402 1951//1402
f 1903//1403 1952//1403 1930//1403 1841//1403
f 1838//1404 1517//1404 2010//1404 2261//1404
f 2011//1405 1518//1405 1839//1405 2262//1405
f 2010//1406 1890//1406 1805//1406 1917//1406
f 1806//1407 1891//1407 2011//1407 1918//1407
f 1986//1408 2148//1408 1862//1408 1657//1408
f 1987//1409 1658//1409 1863//1409 2149//1409
f 2085//1410 1860//1410 1694//1410 1992//1410
f 1695//1411 1861//1411 2086//1411 1993//1411
f 1816//1412 2081//1412 1902//1412 1840//1412
f 1903//1413 1841//1413 1817//1413 2082//1413
f 1935//1414 1949//1414 1898//1414 1892//1414
f 1899//1415 1950//1415 1936//1415 1893//1415
f 1659//1416 1505//1416 2202//1416 2336//1416
f 2203//1417 1506//1417 1660//1417 2337//1417
f 1745//1418 2079//1418 2100//1418 1739//1418
f 2101//1419 2080//1419 1746//1419 1740//1419
f 1747//1420 2112//1420 2079//1420 1745//1420
f 2080//1421 2113//1421 1748//1421 1746//1421
f 2154//1422 2081//1422 1714//1422 1729//1422
f 1715//1423 2082//1423 2155//1423 1730//1423
f 1949//1424 1898//1424 1911//1424 1976//1424
f 1912//1425 1899//1425 1950//1425 1977//1425
f 1710//1426 1998//1426 2177//1426 1828//1426
f 1711//1427 1999//1427 2178//1427 1829//1427
f 2012//1428 1493//1428 1809//1428 2399//1428
f 1810//1429 1494//1429 2013//1429 2400//1429
f 1925//1430 1866//1430 1953//1430 2002//1430
f 1954//1431 1867//1431 1926//1431 2003//1431
f 2022//1432 2020//1432 1830//1432 1850//1432
f 2023//1433 2021//1433 1831//1433 1851//1433
f 1686//1434 1688//1434 2229//1434 2171//1434
f 2230//1435 2172//1435 1687//1435 1689//1435
f 2523//1436 1390//1436 1411//1436 2420//1436
f 1412//1437 1391//1437 2524//1437 2421//1437
f 1828//1438 2037//1438 2047//1438 1818//1438
f 2048//1439 2038//1439 1829//1439 1819//1439
f 2209//1440 1631//1440 1661//1440 2309//1440
f 1662//1441 2310//1441 2210//1441 1632//1441
f 1939//1442 1735//1442 1731//1442 2356//1442
f 1732//1443 2357//1443 1940//1443 1736//1443
f 1527//1444 2067//1444 2383//1444 1792//1444
f 2384//1445 1793//1445 1528//1445 2068//1445
f 2282//1446 2069//1446 1671//1446 1790//1446
f 1672//1447 1791//1447 2283//1447 2070//1447
f 1834//1448 1842//1448 2043//1448 2055//1448
f 2044//1449 1843//1449 1835//1449 2056//1449
f 1678//1450 1649//1450 2298//1450 2207//1450
f 2299//1451 1650//1451 1679//1451 2208//1451
f 1858//1452 2173//1452 2035//1452 1758//1452
f 2036//1453 2174//1453 1859//1453 1759//1453
f 2190//1454 1593//1454 1704//1454 2350//1454
f 1705//1455 1594//1455 2191//1455 2351//1455
f 2027//1456 2158//1456 1886//1456 1770//1456
f 1887//1457 1771//1457 2028//1457 2159//1457
f 1675//1458 2116//1458 2246//1458 1807//1458
f 1676//1459 1808//1459 2247//1459 2117//1459
f 1778//1460 2124//1460 2138//1460 1818//1460
f 1779//1461 2125//1461 2139//1461 1819//1461
f 1962//1462 1996//1462 1978//1462 1938//1462
f 1955//1463 2259//1463 2012//1463 1655//1463
f 2013//1464 2260//1464 1956//1464 1656//1464
f 1979//1465 1997//1465 1961//1465 1937//1465
f 1946//1466 1977//1466 1996//1466 1962//1466
f 2346//1467 2031//1467 1680//1467 1799//1467
f 1681//1468 2032//1468 2347//1468 1800//1468
f 1872//1469 2108//1469 2022//1469 1850//1469
f 2023//1470 2109//1470 1873//1470 1851//1470
f 1997//1471 1976//1471 1945//1471 1961//1471
f 2091//1472 1966//1472 1869//1472 1969//1472
f 2198//1473 1684//1473 1878//1473 2156//1473
f 1879//1474 1685//1474 2199//1474 2157//1474
f 2302//1475 1836//1475 1692//1475 2077//1475
f 1693//1476 2078//1476 2303//1476 1837//1476
f 1531//1477 2370//1477 2474//1477 1529//1477
f 2475//1478 2371//1478 1532//1478 1530//1478
f 2136//1479 1984//1479 1848//1479 1939//1479
f 1849//1480 1985//1480 2137//1480 1940//1480
f 1834//1481 2055//1481 2169//1481 1882//1481
f 2170//1482 2056//1482 1835//1482 1883//1482
f 1935//1483 1974//1483 2164//1483 1892//1483
f 2165//1484 1975//1484 1936//1484 1893//1484
f 2057//1485 2059//1485 1923//1485 1913//1485
f 1924//1486 2060//1486 2058//1486 1914//1486
f 1915//1487 1925//1487 2063//1487 2061//1487
f 2064//1488 2062//1488 1916//1488 1926//1488
f 2346//1489 2106//1489 1702//1489 1799//1489
f 1703//1490 2107//1490 2347//1490 1800//1490
f 1906//1491 2154//1491 2081//1491 1816//1491
f 2082//1492 2155//1492 1907//1492 1817//1492
f 1575//1493 1541//1493 2450//1493 2407//1493
f 2451//1494 1542//1494 1576//1494 2408//1494
f 2072//1495 1769//1495 1875//1495 2314//1495
f 1957//1496 1862//1496 2148//1496 2029//1496
f 2149//1497 1863//1497 1958//1497 2030//1497
f 2418//1498 2106//1498 1702//1498 1776//1498
f 1703//1499 1777//1499 2419//1499 2107//1499
f 2450//1500 2474//1500 1529//1500 1541//1500
f 1530//1501 2475//1501 2451//1501 1542//1501
f 2006//1502 1900//1502 1992//1502 2085//1502
f 1993//1503 1901//1503 2007//1503 2086//1503
f 2186//1504 1621//1504 1844//1504 2381//1504
f 1845//1505 2382//1505 2187//1505 1622//1505
f 1953//1506 1923//1506 2059//1506 2104//1506
f 1954//1507 2105//1507 2060//1507 1924//1507
f 2503//1508 2501//1508 1473//1508 1475//1508
f 2504//1509 1476//1509 1474//1509 2502//1509
f 1870//1510 1627//1510 2186//1510 2381//1510
f 2187//1511 1628//1511 1871//1511 2382//1511
f 2223//1512 2418//1512 1776//1512 1673//1512
f 1777//1513 2419//1513 2224//1513 1674//1513
f 2484//1514 2407//1514 1575//1514 1589//1514
f 2485//1515 1590//1515 1576//1515 2408//1515
f 2164//1516 2156//1516 1878//1516 1892//1516
f 1879//1517 2157//1517 2165//1517 1893//1517
f 2523//1518 2519//1518 1535//1518 1390//1518
f 2524//1519 2520//1519 1536//1519 1391//1519
f 1838//1520 1822//1520 2200//1520 2261//1520
f 2201//1521 1823//1521 1839//1521 2262//1521
f 2196//1522 1814//1522 1868//1522 2276//1522
f 2008//1523 1749//1523 2031//1523 2346//1523
f 2032//1524 1750//1524 2009//1524 2347//1524
f 1820//1525 2067//1525 2292//1525 2000//1525
f 2293//1526 2068//1526 1821//1526 2001//1526
f 1994//1527 2110//1527 2120//1527 1955//1527
f 2121//1528 1956//1528 1995//1528 2111//1528
f 2098//1529 1974//1529 1988//1529 2118//1529
f 1989//1530 2119//1530 2099//1530 1975//1530
f 2206//1531 2168//1531 1908//1531 1957//1531
f 1909//1532 2168//1532 2206//1532 1958//1532
f 2442//1533 1774//1533 1453//1533 2517//1533
f 2443//1534 1775//1534 1454//1534 2518//1534
f 2261//1535 2010//1535 1890//1535 2073//1535
f 1891//1536 2074//1536 2262//1536 2011//1536
f 2100//1537 1739//1537 1984//1537 2385//1537
f 1985//1538 1740//1538 2101//1538 2386//1538
f 1743//1539 2403//1539 2358//1539 1741//1539
f 2359//1540 2404//1540 1744//1540 1742//1540
f 2169//1541 2053//1541 1970//1541 2055//1541
f 1971//1542 2056//1542 2170//1542 2054//1542
f 2168//1543 1908//1543 1959//1543 2255//1543
f 1960//1544 1909//1544 2168//1544 2255//1544
f 1818//1545 2138//1545 2251//1545 2047//1545
f 1819//1546 2048//1546 2252//1546 2139//1546
f 1828//1547 2177//1547 2253//1547 2037//1547
f 1829//1548 2038//1548 2254//1548 2178//1548
f 1601//1549 2519//1549 2484//1549 1589//1549
f 1602//1550 2520//1550 2485//1550 1590//1550
f 1807//1551 2246//1551 2332//1551 1927//1551
f 1808//1552 2247//1552 2333//1552 1928//1552
f 2037//1553 2083//1553 2096//1553 2047//1553
f 2097//1554 2084//1554 2038//1554 2048//1554
f 1974//1555 1988//1555 2184//1555 2164//1555
f 2185//1556 2165//1556 1975//1556 1989//1556
f 2324//1557 2169//1557 1882//1557 1967//1557
f 1883//1558 1968//1558 2325//1558 2170//1558
f 1969//1559 1910//1559 2197//1559 2277//1559
f 1581//1560 2591//1560 2472//1560 1559//1560
f 2473//1561 2592//1561 1582//1561 1560//1561
f 2302//1562 1836//1562 1809//1562 2399//1562
f 1810//1563 1837//1563 2303//1563 2400//1563
f 2140//1564 2130//1564 2049//1564 2000//1564
f 2141//1565 2131//1565 2050//1565 2001//1565
f 2360//1566 2085//1566 1860//1566 2014//1566
f 1861//1567 2086//1567 2361//1567 2015//1567
f 1792//1568 1874//1568 2313//1568 2383//1568
f 2314//1569 1875//1569 1793//1569 2384//1569
f 1880//1570 2008//1570 2346//1570 2106//1570
f 2347//1571 2009//1571 1881//1571 2107//1571
f 1868//1572 1965//1572 2319//1572 2276//1572
f 2042//1573 1788//1573 2133//1573 2425//1573
f 2217//1574 2118//1574 1988//1574 2087//1574
f 1989//1575 2119//1575 2218//1575 2088//1575
f 2530//1576 2492//1576 1407//1576 1904//1576
f 2531//1577 2493//1577 1408//1577 1905//1577
f 1941//1578 2256//1578 2324//1578 1967//1578
f 2325//1579 2257//1579 1942//1579 1968//1579
f 2041//1580 1811//1580 2132//1580 2424//1580
f 1929//1581 2298//1581 2309//1581 1951//1581
f 2310//1582 2299//1582 1930//1582 1952//1582
f 2063//1583 2213//1583 2166//1583 2002//1583
f 2167//1584 2214//1584 2064//1584 2003//1584
f 2496//1585 2413//1585 1764//1585 1733//1585
f 2497//1586 1734//1586 1765//1586 2414//1586
f 2418//1587 2033//1587 1880//1587 2106//1587
f 1881//1588 2107//1588 2419//1588 2034//1588
f 1801//1589 1659//1589 2336//1589 2575//1589
f 2337//1590 1660//1590 1802//1590 2576//1590
f 1651//827 2651//827 2501//827 1473//827
f 2502//827 2652//827 1652//827 1474//827
f 2083//1591 2096//1591 2175//1591 2179//1591
f 2176//1592 2097//1592 2084//1592 2180//1592
f 1988//1593 2087//1593 2280//1593 2184//1593
f 2281//1594 2088//1594 1989//1594 2185//1594
f 1585//1595 2545//1595 2591//1595 1581//1595
f 2592//1596 2546//1596 1586//1596 1582//1596
f 2022//1597 2233//1597 2249//1597 2020//1597
f 2023//1598 2234//1598 2250//1598 2021//1598
f 2225//1599 2211//1599 2059//1599 2057//1599
f 2060//1600 2212//1600 2226//1600 2058//1600
f 2227//1601 2213//1601 2063//1601 2061//1601
f 2064//1602 2214//1602 2228//1602 2062//1602
f 1603//1603 2593//1603 2545//1603 1585//1603
f 1604//1604 1586//1604 2546//1604 2594//1604
f 2200//1605 2045//1605 2073//1605 2261//1605
f 2074//1606 2046//1606 2201//1606 2262//1606
f 1613//1607 1603//1607 2593//1607 2559//1607
f 2594//1608 1604//1608 1614//1608 2560//1608
f 1921//1609 2223//1609 2418//1609 2033//1609
f 2419//1610 2034//1610 1922//1610 2224//1610
f 2259//1611 2322//1611 2120//1611 1955//1611
f 2260//1612 2323//1612 2121//1612 1956//1612
f 2480//1613 2352//1613 1812//1613 1931//1613
f 1813//1614 1932//1614 2481//1614 2353//1614
f 2091//1615 1969//1615 2277//1615 2320//1615
f 2268//1616 2037//1616 2083//1616 2272//1616
f 2269//1617 2273//1617 2084//1617 2038//1617
f 2381//1618 1844//1618 1947//1618 2466//1618
f 1948//1619 1845//1619 2382//1619 2467//1619
f 2413//1620 2311//1620 1919//1620 2016//1620
f 1920//1621 2017//1621 2414//1621 2312//1621
f 2528//1622 2442//1622 1774//1622 1846//1622
f 1775//1623 2443//1623 2529//1623 1847//1623
f 2282//1624 1756//1624 1826//1624 2647//1624
f 1827//1625 1757//1625 2283//1625 2648//1625
f 2446//1626 1571//1626 1826//1626 2647//1626
f 1827//1627 1572//1627 2447//1627 2648//1627
f 2096//1628 2047//1628 2270//1628 2285//1628
f 2271//1629 2286//1629 2097//1629 2048//1629
f 2219//1630 2360//1630 2085//1630 2006//1630
f 2086//1631 2361//1631 2220//1631 2007//1631
f 2266//1632 2217//1632 2087//1632 2142//1632
f 2088//1633 2218//1633 2267//1633 2143//1633
f 2112//1634 1741//1634 2358//1634 2456//1634
f 2113//1635 2457//1635 2359//1635 1742//1635
f 2248//1636 2434//1636 2196//1636 1814//1636
f 2029//1637 2148//1637 2342//1637 2204//1637
f 2343//1638 2205//1638 2030//1638 2149//1638
f 1980//1639 2466//1639 2381//1639 1870//1639
f 2382//1640 1871//1640 1981//1640 2467//1640
f 2397//1641 1927//1641 1986//1641 2409//1641
f 2398//1642 2410//1642 1987//1642 1928//1642
f 1724//1643 2599//1643 2525//1643 1647//1643
f 1725//1644 1648//1644 2526//1644 2600//1644
f 2292//1645 2000//1645 2140//1645 2328//1645
f 2141//1646 2001//1646 2293//1646 2329//1646
f 2229//1647 2053//1647 2169//1647 2324//1647
f 2170//1648 2054//1648 2230//1648 2325//1648
f 2215//1649 2278//1649 2211//1649 2104//1649
f 2212//1650 2279//1650 2216//1650 2105//1650
f 2272//1651 2083//1651 2179//1651 2305//1651
f 2273//1652 2306//1652 2180//1652 2084//1652
f 2142//1653 2315//1653 2307//1653 2087//1653
f 2308//1654 2316//1654 2143//1654 2088//1654
f 2274//1655 2266//1655 2142//1655 2188//1655
f 2143//1656 2189//1656 2275//1656 2267//1656
f 2348//1657 1998//1657 2162//1657 2326//1657
f 2163//1658 2327//1658 2349//1658 1999//1658
f 2175//1659 2317//1659 2285//1659 2096//1659
f 2286//1660 2318//1660 2176//1660 2097//1660
f 1758//1661 1858//1661 2553//1661 2505//1661
f 2554//1662 1859//1662 1759//1662 2506//1662
f 1641//1663 1595//1663 2488//1663 2818//1663
f 2489//1664 1596//1664 1642//1664 2819//1664
f 2142//1665 2315//1665 2294//1665 2188//1665
f 2295//1666 2316//1666 2143//1666 2189//1666
f 2511//1667 2561//1667 1886//1667 1770//1667
f 1887//1668 2562//1668 2512//1668 1771//1668
f 2287//1669 2321//1669 2233//1669 2108//1669
f 2234//1670 2321//1670 2287//1670 2109//1670
f 2277//1671 2263//1671 2232//1671 2197//1671
f 2435//1672 2362//1672 1910//1672 2197//1672
f 2256//1673 2171//1673 2229//1673 2324//1673
f 2230//1674 2325//1674 2257//1674 2172//1674
f 2221//1675 2486//1675 2158//1675 2027//1675
f 2159//1676 2028//1676 2222//1676 2487//1676
f 2348//1677 2138//1677 2124//1677 2326//1677
f 2125//1678 2139//1678 2349//1678 2327//1678
f 2235//1679 2039//1679 2160//1679 2478//1679
f 2161//1680 2479//1680 2236//1680 2040//1680
f 1904//1681 1864//1681 2498//1681 2530//1681
f 2499//1682 2531//1682 1905//1682 1865//1682
f 2173//1683 2486//1683 2221//1683 2035//1683
f 2222//1684 2036//1684 2174//1684 2487//1684
f 2278//1685 2296//1685 2225//1685 2211//1685
f 2226//1686 2212//1686 2279//1686 2297//1686
f 2213//1687 2227//1687 2296//1687 2278//1687
f 2297//1688 2228//1688 2214//1688 2279//1688
f 2124//1689 2146//1689 2363//1689 2326//1689
f 2364//1690 2147//1690 2125//1690 2327//1690
f 1994//1691 2426//1691 2389//1691 2110//1691
f 1995//1692 2111//1692 2390//1692 2427//1692
f 2638//1693 2651//1693 1651//1693 1653//1693
f 2639//1694 2652//1694 1652//1694 1654//1694
f 2207//1695 2209//1695 2309//1695 2298//1695
f 2310//1696 2299//1696 2208//1696 2210//1696
f 2528//1697 2575//1697 1801//1697 1846//1697
f 1802//1698 1847//1698 2529//1698 2576//1698
f 2094//1699 2198//1699 2363//1699 2326//1699
f 2364//1700 2327//1700 2095//1700 2199//1700
f 2385//1701 2452//1701 2136//1701 1984//1701
f 2137//1702 2453//1702 2386//1702 1985//1702
f 2302//1703 2077//1703 2194//1703 2426//1703
f 2303//1704 2078//1704 2195//1704 2427//1704
f 2391//1705 2079//1705 2100//1705 2385//1705
f 2101//1706 2080//1706 2392//1706 2386//1706
f 2284//1707 2304//1707 2276//1707 2196//1707
f 2274//1708 2188//1708 2237//1708 2344//1708
f 2238//1709 2189//1709 2275//1709 2345//1709
f 2409//1710 2436//1710 2148//1710 1986//1710
f 2410//1711 1987//1711 2149//1711 2437//1711
f 2049//1712 2130//1712 2368//1712 2438//1712
f 2050//1713 2439//1713 2369//1713 2131//1713
f 2156//1714 2164//1714 2340//1714 2374//1714
f 2157//1715 2375//1715 2341//1715 2165//1715
f 2289//1716 2193//1716 2183//1716 2388//1716
f 2320//1717 2277//1717 2263//1717 2245//1717
f 2132//1718 2424//1718 2338//1718 2144//1718
f 2133//1719 2145//1719 2339//1719 2425//1719
f 2466//1720 1947//1720 2025//1720 2515//1720
f 2026//1721 2516//1721 2467//1721 1948//1721
f 2146//1722 2098//1722 2428//1722 2363//1722
f 2429//1723 2364//1723 2147//1723 2099//1723
f 2340//1724 2164//1724 2184//1724 2405//1724
f 2185//1725 2165//1725 2341//1725 2406//1725
f 2112//1726 2456//1726 2391//1726 2079//1726
f 2392//1727 2080//1727 2113//1727 2457//1727
f 2321//1728 2233//1728 2249//1728 2330//1728
f 2250//1729 2234//1729 2321//1729 2330//1729
f 2365//1730 2251//1730 2138//1730 2348//1730
f 2139//1731 2349//1731 2366//1731 2252//1731
f 2098//1732 2118//1732 2432//1732 2428//1732
f 2433//1733 2119//1733 2099//1733 2429//1733
f 2509//1734 2360//1734 2014//1734 2128//1734
f 2015//1735 2129//1735 2510//1735 2361//1735
f 2075//1736 2515//1736 2466//1736 1980//1736
f 2467//1737 2516//1737 2076//1737 1981//1737
f 2177//1738 2348//1738 2365//1738 2253//1738
f 2366//1739 2254//1739 2178//1739 2349//1739
f 2692//1740 2630//1740 1698//1740 1762//1740
f 2657//1741 2599//1741 1724//1741 1824//1741
f 2658//1742 1825//1742 1725//1742 2600//1742
f 2304//1743 2331//1743 2319//1743 2276//1743
f 2613//1744 2692//1744 1762//1744 1766//1744
f 2042//1745 2183//1745 2477//1745 2425//1745
f 2630//1746 1698//1746 1696//1746 2726//1746
f 1697//1747 2727//1747 2631//1747 1699//1747
f 2259//1748 2012//1748 2399//1748 2482//1748
f 2400//1749 2013//1749 2260//1749 2483//1749
f 2367//1750 2435//1750 2197//1750 2232//1750
f 2464//1751 2507//1751 2116//1751 2051//1751
f 2465//1752 2508//1752 2117//1752 2052//1752
f 2118//1753 2432//1753 2454//1753 2217//1753
f 2455//1754 2433//1754 2119//1754 2218//1754
f 2237//1755 2294//1755 2401//1755 2344//1755
f 2402//1756 2295//1756 2238//1756 2345//1756
f 1888//1757 2579//1757 2657//1757 1824//1757
f 2658//1758 2580//1758 1889//1758 1825//1758
f 2067//1759 2383//1759 2490//1759 2292//1759
f 2491//1760 2384//1760 2068//1760 2293//1760
f 2272//1761 2372//1761 2393//1761 2268//1761
f 2394//1762 2373//1762 2273//1762 2269//1762
f 2476//1763 2182//1763 2192//1763 2424//1763
f 2184//1764 2280//1764 2440//1764 2405//1764
f 2441//1765 2281//1765 2185//1765 2406//1765
f 2393//1766 2270//1766 2285//1766 2372//1766
f 2286//1767 2373//1767 2394//1767 2271//1767
f 2255//1768 2620//1768 2334//1768 1959//1768
f 2335//1769 2620//1769 2255//1769 1960//1769
f 2253//1770 2268//1770 2393//1770 2411//1770
f 2394//1771 2269//1771 2254//1771 2412//1771
f 2305//1772 2272//1772 2372//1772 2379//1772
f 2373//1773 2273//1773 2306//1773 2380//1773
f 2411//1774 2251//1774 2270//1774 2393//1774
f 2271//1775 2394//1775 2412//1775 2252//1775
f 2196//1776 2434//1776 2415//1776 2284//1776
f 2628//1777 2114//1777 1943//1777 2446//1777
f 1944//1778 2115//1778 2629//1778 2447//1778
f 2372//1779 2379//1779 2317//1779 2285//1779
f 2318//1780 2380//1780 2373//1780 2286//1780
f 2264//1781 2802//1781 2503//1781 1475//1781
f 2504//1782 1476//1782 2265//1782 2803//1782
f 2217//1783 2266//1783 2462//1783 2454//1783
f 2218//1784 2267//1784 2463//1784 2455//1784
f 2462//1113 2422//1113 2274//1113 2266//1113
f 2463//1113 2423//1113 2275//1113 2267//1113
f 2401//1785 2448//1785 2315//1785 2294//1785
f 2316//1786 2295//1786 2402//1786 2449//1786
f 1763//1787 2837//1787 2631//1787 1699//1787
f 2460//1788 2290//1788 2280//1788 2440//1788
f 2281//1789 2441//1789 2461//1789 2291//1789
f 2342//1790 2148//1790 2436//1790 2494//1790
f 2437//1791 2149//1791 2343//1791 2495//1791
f 2322//1792 2259//1792 2482//1792 2430//1792
f 2483//1793 2260//1793 2323//1793 2431//1793
f 2460//1794 2458//1794 2307//1794 2290//1794
f 2461//1795 2291//1795 2308//1795 2459//1795
f 2395//1796 2340//1796 2374//1796 2377//1796
f 2375//1797 2341//1797 2396//1797 2378//1797
f 2307//1798 2458//1798 2448//1798 2315//1798
f 2459//1799 2308//1799 2316//1799 2449//1799
f 2490//1800 2416//1800 2328//1800 2292//1800
f 2329//1801 2417//1801 2491//1801 2293//1801
f 2507//1802 2551//1802 2246//1802 2116//1802
f 2508//1803 2117//1803 2247//1803 2552//1803
f 2428//1804 2363//1804 2377//1804 2395//1804
f 2378//1805 2396//1805 2429//1805 2364//1805
f 2496//1806 2356//1806 2311//1806 2413//1806
f 2312//1807 2414//1807 2497//1807 2357//1807
f 2354//1808 2338//1808 2424//1808 2476//1808
f 2425//1809 2477//1809 2355//1809 2339//1809
f 2302//1810 2426//1810 2482//1810 2399//1810
f 2483//1811 2400//1811 2303//1811 2427//1811
f 2420//1812 2219//1812 2360//1812 2543//1812
f 2361//1813 2220//1813 2421//1813 2544//1813
f 2313//1814 2383//1814 2490//1814 2438//1814
f 2491//1815 2384//1815 2314//1815 2439//1815
f 2428//1816 2395//1816 2405//1816 2432//1816
f 2406//1817 2396//1817 2429//1817 2433//1817
f 2540//1818 2534//1818 2204//1818 2231//1818
f 2535//1819 2205//1819 2231//1819 2540//1819
f 2534//1820 2204//1820 2342//1820 2494//1820
f 2343//1821 2495//1821 2535//1821 2205//1821
f 1767//1822 2786//1822 2837//1822 1763//1822
f 2391//1823 2456//1823 2452//1823 2385//1823
f 2453//1824 2457//1824 2392//1824 2386//1824
f 2134//1825 2202//1825 2585//1825 2567//1825
f 2135//1826 2568//1826 2586//1826 2203//1826
f 2422//1827 2462//1827 2448//1827 2401//1827
f 2449//1828 2402//1828 2423//1828 2463//1828
f 2432//1829 2454//1829 2440//1829 2405//1829
f 2441//1830 2455//1830 2433//1830 2406//1830
f 2416//1831 2368//1831 2438//1831 2490//1831
f 2439//1832 2369//1832 2417//1832 2491//1832
f 2638//1833 2802//1833 2264//1833 1653//1833
f 2265//1834 2803//1834 2639//1834 1654//1834
f 2426//1835 2482//1835 2430//1835 2389//1835
f 2431//1836 2483//1836 2427//1836 2390//1836
f 2532//1837 2681//1837 2282//1837 2069//1837
f 2283//1838 2682//1838 2533//1838 2070//1838
f 1667//1839 1641//1839 2818//1839 2926//1839
f 1668//1840 2927//1840 2819//1840 1642//1840
f 2462//1841 2454//1841 2458//1841 2448//1841
f 2459//1842 2455//1842 2463//1842 2449//1842
f 2722//1843 2350//1843 2089//1843 2480//1843
f 2090//1844 2481//1844 2723//1844 2351//1844
f 2102//1845 2765//1845 2679//1845 2039//1845
f 2680//1846 2040//1846 2103//1846 2766//1846
f 2152//1847 2126//1847 2677//1847 2700//1847
f 2153//1848 2701//1848 2678//1848 2127//1848
f 2677//1849 2765//1849 2102//1849 2126//1849
f 2103//1850 2766//1850 2678//1850 2127//1850
f 2758//1851 2750//1851 1733//1851 2403//1851
f 1734//1852 2404//1852 2759//1852 2751//1852
f 2917//1853 2752//1853 1312//1853 2492//1853
f 1313//1854 2753//1854 2918//1854 2493//1854
f 2551//1855 2246//1855 2521//1855 2571//1855
f 2552//1856 2247//1856 2522//1856 2572//1856
f 2500//1857 2367//1857 2435//1857 2641//1857
f 2777//1858 2706//1858 2122//1858 2150//1858
f 2123//1859 2707//1859 2778//1859 2151//1859
f 2557//1860 2569//1860 2409//1860 2436//1860
f 2410//1861 2570//1861 2558//1861 2437//1861
f 2181//1862 2152//1862 2700//1862 2745//1862
f 2701//1863 2745//1863 2181//1863 2153//1863
f 2748//1864 2585//1864 2202//1864 2336//1864
f 2203//1865 2586//1865 2749//1865 2337//1865
f 2434//1866 2640//1866 2573//1866 2248//1866
f 2597//1867 2722//1867 2350//1867 2190//1867
f 2351//1868 2191//1868 2598//1868 2723//1868
f 2515//1869 2825//1869 2468//1869 2025//1869
f 2595//1870 2397//1870 2409//1870 2569//1870
f 2410//1871 2398//1871 2596//1871 2570//1871
f 2472//1872 2825//1872 2515//1872 2075//1872
f 2516//1873 2826//1873 2473//1873 2076//1873
f 2555//1874 2557//1874 2436//1874 2494//1874
f 2437//1875 2558//1875 2556//1875 2495//1875
f 2434//1876 2415//1876 2527//1876 2640//1876
f 2667//1877 2258//1877 2288//1877 2735//1877
f 2641//1878 2435//1878 2362//1878 2574//1878
f 2789//1879 2777//1879 2150//1879 2160//1879
f 2151//1880 2778//1880 2790//1880 2161//1880
f 2726//1881 1519//1881 2468//1881 2939//1881
f 2469//1882 1520//1882 2727//1882 2940//1882
f 2695//1883 2480//1883 2352//1883 2577//1883
f 2353//1884 2481//1884 2696//1884 2578//1884
f 2716//1885 2478//1885 2122//1885 2706//1885
f 2123//1886 2707//1886 2717//1886 2479//1886
f 2589//1887 2534//1887 2494//1887 2555//1887
f 2495//1888 2535//1888 2590//1888 2556//1888
f 2403//1889 2758//1889 2649//1889 2358//1889
f 2650//1890 2759//1890 2404//1890 2359//1890
f 2376//1891 2289//1891 2736//1891 2762//1891
f 2653//1892 2356//1892 2496//1892 2750//1892
f 2497//1893 2357//1893 2654//1893 2751//1893
f 2536//1894 2601//1894 2587//1894 2538//1894
f 2588//1895 2539//1895 2537//1895 2602//1895
f 2603//1896 2583//1896 2557//1896 2555//1896
f 2558//1897 2584//1897 2604//1897 2556//1897
f 2540//1898 2623//1898 2589//1898 2534//1898
f 2590//1899 2535//1899 2540//1899 2623//1899
f 2583//1900 2557//1900 2569//1900 2609//1900
f 2570//1901 2558//1901 2584//1901 2610//1901
f 2688//1902 2702//1902 2507//1902 2464//1902
f 2508//1903 2465//1903 2689//1903 2703//1903
f 2705//1904 2641//1904 2500//1904 2548//1904
f 2624//1905 2509//1905 2549//1905 2710//1905
f 2550//1906 2711//1906 2625//1906 2510//1906
f 2547//1907 2704//1907 2605//1907 2541//1907
f 2606//1908 2705//1908 2548//1908 2542//1908
f 2661//1909 2614//1909 2563//1909 2571//1909
f 2564//1910 2572//1910 2662//1910 2615//1910
f 2527//1911 2547//1911 2704//1911 2640//1911
f 2932//1912 2876//1912 1579//1912 2613//1912
f 2634//1913 2603//1913 2583//1913 2611//1913
f 2552//1914 2709//1914 2703//1914 2508//1914
f 2523//1915 2849//1915 2663//1915 2420//1915
f 2664//1916 2421//1916 2524//1916 2850//1916
f 2636//1917 2668//1917 2603//1917 2555//1917
f 2604//1918 2556//1918 2637//1918 2669//1918
f 2647//1919 2830//1919 2681//1919 2282//1919
f 2682//1920 2831//1920 2648//1920 2283//1920
f 2452//1921 2653//1921 2750//1921 2649//1921
f 2453//1922 2654//1922 2751//1922 2650//1922
f 2708//1923 2551//1923 2571//1923 2661//1923
f 2572//1924 2552//1924 2709//1924 2662//1924
f 2670//1925 2659//1925 2595//1925 2569//1925
f 2596//1926 2660//1926 2671//1926 2570//1926
f 2704//1927 2626//1927 2565//1927 2605//1927
f 2566//1928 2627//1928 2705//1928 2606//1928
f 2673//1929 2609//1929 2569//1929 2670//1929
f 2570//1930 2610//1930 2674//1930 2671//1930
f 2623//1931 2672//1931 2636//1931 2589//1931
f 2637//1932 2672//1932 2623//1932 2590//1932
f 2640//1933 2704//1933 2626//1933 2573//1933
f 2627//1934 2705//1934 2641//1934 2574//1934
f 2665//1935 2611//1935 2618//1935 2683//1935
f 2619//1936 2612//1936 2666//1936 2684//1936
f 2780//1937 2862//1937 2528//1937 2442//1937
f 2529//1938 2863//1938 2781//1938 2443//1938
f 2851//1939 2872//1939 2470//1939 2370//1939
f 2471//1940 2371//1940 2852//1940 2873//1940
f 2724//1941 2634//1941 2603//1941 2668//1941
f 2604//1942 2635//1942 2725//1942 2669//1942
f 2893//1943 2851//1943 2370//1943 2474//1943
f 2371//1944 2475//1944 2894//1944 2852//1944
f 2774//1945 2567//1945 2585//1945 2748//1945
f 2586//1946 2568//1946 2775//1946 2749//1946
f 2672//1947 2685//1947 2668//1947 2636//1947
f 2669//1948 2637//1948 2672//1948 2685//1948
f 2895//1949 2628//1949 2446//1949 2647//1949
f 2447//1950 2629//1950 2896//1950 2648//1950
f 1580//1951 2786//1951 2985//1951 2877//1951
f 2860//1952 2893//1952 2474//1952 2450//1952
f 2475//1953 2894//1953 2861//1953 2451//1953
f 2698//1954 2737//1954 2643//1954 2621//1954
f 2644//1955 2622//1955 2699//1955 2738//1955
f 2714//664 2693//664 2632//664 2665//664
f 2633//664 2694//664 2715//664 2666//664
f 2728//1956 2645//1956 2632//1956 2693//1956
f 2633//1957 2646//1957 2729//1957 2694//1957
f 3025//1958 2822//1958 2158//1958 2486//1958
f 2159//1959 2823//1959 3026//1959 2487//1959
f 2698//1960 2621//1960 2659//1960 2767//1960
f 2660//1961 2622//1961 2699//1961 2768//1961
f 2728//1962 2724//1962 2634//1962 2645//1962
f 2635//1963 2646//1963 2729//1963 2725//1963
f 2173//1964 2486//1964 3025//1964 2828//1964
f 3026//1965 2487//1965 2174//1965 2829//1965
f 2655//1966 2581//1966 2804//1966 2740//1966
f 2805//1967 2582//1967 2656//1967 2741//1967
f 2710//1968 2832//1968 2675//1968 2549//1968
f 2711//1969 2550//1969 2676//1969 2833//1969
f 2771//1970 2708//1970 2661//1970 2643//1970
f 2662//1971 2644//1971 2772//1971 2709//1971
f 2731//1972 2673//1972 2670//1972 2718//1972
f 2671//1973 2674//1973 2732//1973 2719//1973
f 2752//1974 2830//1974 2681//1974 2532//1974
f 2682//1975 2831//1975 2753//1975 2533//1975
f 2739//1976 2724//1976 2668//1976 2685//1976
f 2669//1977 2685//1977 2739//1977 2725//1977
f 2714//1978 2756//1978 2683//1978 2665//1978
f 2684//1979 2757//1979 2715//1979 2666//1979
f 2530//1980 2498//1980 2857//1980 2887//1980
f 2858//1981 2888//1981 2531//1981 2499//1981
f 2756//1982 2683//1982 2673//1982 2769//1982
f 2674//1983 2770//1983 2757//1983 2684//1983
f 2697//1984 2744//1984 2728//1984 2693//1984
f 2729//1984 2744//1984 2697//1984 2694//1984
f 2575//1985 3027//1985 2748//1985 2336//1985
f 2749//1986 2337//1986 2576//1986 3028//1986
f 2577//1987 2742//1987 2842//1987 2695//1987
f 2578//1988 2696//1988 2843//1988 2743//1988
f 2809//1989 2740//1989 2655//1989 2720//1989
f 2656//1990 2741//1990 2810//1990 2721//1990
f 2794//1991 2525//1991 2599//1991 2924//1991
f 2600//1992 2526//1992 2795//1992 2925//1992
f 2712//1993 2561//1993 2822//1993 2820//1993
f 2823//1994 2821//1994 2713//1994 2562//1994
f 2712//1995 2820//1995 2828//1995 2553//1995
f 2713//1996 2554//1996 2829//1996 2821//1996
f 2744//1997 2739//1997 2724//1997 2728//1997
f 2729//1998 2725//1998 2739//1998 2744//1998
f 2769//1999 2787//1999 2731//1999 2673//1999
f 2732//2000 2788//2000 2770//2000 2674//2000
f 2591//2001 2472//2001 2825//2001 2953//2001
f 2826//2002 2954//2002 2592//2002 2473//2002
f 2970//2003 2484//2003 2407//2003 2907//2003
f 2408//2004 2485//2004 2971//2004 2908//2004
f 2782//2005 2688//2005 2702//2005 2813//2005
f 2703//2006 2689//2006 2783//2006 2814//2006
f 2779//2007 2756//2007 2714//2007 2730//2007
f 2715//2008 2757//2008 2779//2008 2730//2008
f 2754//2009 2616//2009 2735//2009 2844//2009
f 2736//2010 2845//2010 2755//2010 2617//2010
f 2706//2011 2777//2011 2789//2011 2716//2011
f 2790//2012 2778//2012 2707//2012 2717//2012
f 2813//2013 2771//2013 2708//2013 2702//2013
f 2709//2014 2703//2014 2814//2014 2772//2014
f 2763//2015 2698//2015 2737//2015 2811//2015
f 2738//2016 2699//2016 2764//2016 2812//2016
f 2838//2017 2733//2017 2690//2017 2760//2017
f 2839//2018 2734//2018 2691//2018 2761//2018
f 2864//2019 2597//2019 2444//2019 2974//2019
f 2445//2020 2975//2020 2865//2020 2598//2020
f 2779//2021 2773//2021 2769//2021 2756//2021
f 2757//2022 2770//2022 2773//2022 2779//2022
f 2559//2023 2876//2023 2913//2023 2593//2023
f 2914//2024 2877//2024 2560//2024 2594//2024
f 2746//2025 2740//2025 2800//2025 2784//2025
f 2801//2026 2785//2026 2747//2026 2741//2026
f 2796//2027 2807//2027 2731//2027 2718//2027
f 2797//2028 2719//2028 2732//2028 2808//2028
f 2791//2029 2838//2029 2733//2029 2686//2029
f 2734//2030 2839//2030 2792//2030 2687//2030
f 2890//2031 2577//2031 2444//2031 2974//2031
f 2445//2032 2578//2032 2891//2032 2975//2032
f 2834//2033 2767//2033 2698//2033 2763//2033
f 2699//2034 2768//2034 2835//2034 2764//2034
f 2798//2035 2844//2035 2735//2035 2667//2035
f 2840//2036 2884//2036 2679//2036 2607//2036
f 2680//2037 2885//2037 2841//2037 2608//2037
f 2773//2038 2769//2038 2787//2038 2793//2038
f 2770//2039 2773//2039 2793//2039 2788//2039
f 2519//2040 3014//2040 2849//2040 2523//2040
f 2850//2041 3015//2041 2520//2041 2524//2041
f 2818//2042 2488//2042 2794//2042 2924//2042
f 2795//2043 2489//2043 2819//2043 2925//2043
f 2593//2044 2913//2044 2911//2044 2545//2044
f 2912//2045 2546//2045 2594//2045 2914//2045
f 2849//2046 2663//2046 2675//2046 2870//2046
f 2676//2047 2664//2047 2850//2047 2871//2047
f 2811//2048 2737//2048 2771//2048 2816//2048
f 2772//2049 2817//2049 2812//2049 2738//2049
f 2815//2050 2776//2050 2763//2050 2811//2050
f 2764//2051 2776//2051 2815//2051 2812//2051
f 2868//2052 2935//2052 2657//2052 2579//2052
f 2658//2053 2936//2053 2869//2053 2580//2053
f 2545//2054 2591//2054 2953//2054 2911//2054
f 2954//2055 2592//2055 2546//2055 2912//2055
f 2806//2056 2824//2056 2813//2056 2782//2056
f 2814//2057 2783//2057 2806//2057 2824//2057
f 2846//2058 2834//2058 2763//2058 2776//2058
f 2764//2059 2835//2059 2846//2059 2776//2059
f 2844//2060 2838//2060 2760//2060 2754//2060
f 2845//2061 2755//2061 2761//2061 2839//2061
f 2864//2062 2933//2062 2722//2062 2597//2062
f 2723//2063 2934//2063 2865//2063 2598//2063
f 3007//2064 2519//2064 2484//2064 2970//2064
f 2485//2065 2971//2065 3008//2065 2520//2065
f 3029//2066 2710//2066 2567//2066 2774//2066
f 2568//2067 2711//2067 3030//2067 2775//2067
f 2827//2068 2815//2068 2811//2068 2816//2068
f 2812//2069 2817//2069 2827//2069 2815//2069
f 2824//2070 2827//2070 2816//2070 2813//2070
f 2817//2071 2814//2071 2824//2071 2827//2071
f 2878//2072 2517//2072 2780//2072 2972//2072
f 2781//2073 2518//2073 2878//2073 2972//2073
f 2798//2074 2791//2074 2838//2074 2844//2074
f 2839//2075 2792//2075 2799//2075 2845//2075
f 2935//2076 2657//2076 2599//2076 2924//2076
f 2600//2077 2658//2077 2936//2077 2925//2077
f 2793//2078 2787//2078 2855//2078 2859//2078
f 2856//2079 2788//2079 2793//2079 2859//2079
f 2720//2080 2655//2080 2919//2080 2903//2080
f 2920//2081 2904//2081 2721//2081 2656//2081
f 2937//2082 2882//2082 2581//2082 2804//2082
f 2582//2083 2805//2083 2938//2083 2883//2083
f 2855//2084 2787//2084 2807//2084 2866//2084
f 2808//2085 2867//2085 2856//2085 2788//2085
f 2951//2086 2722//2086 2695//2086 2842//2086
f 2696//2087 2723//2087 2952//2087 2843//2087
f 2847//2088 2796//2088 2807//2088 2866//2088
f 2808//2089 2797//2089 2848//2089 2867//2089
f 2899//2090 2630//2090 2726//2090 2939//2090
f 2727//2091 2631//2091 2900//2091 2940//2091
f 2874//2092 2897//2092 2784//2092 2746//2092
f 2785//2093 2747//2093 2875//2093 2898//2093
f 2953//2094 2939//2094 2468//2094 2825//2094
f 2469//2095 2940//2095 2954//2095 2826//2095
f 2976//2096 2692//2096 2630//2096 2899//2096
f 2932//2097 2613//2097 2692//2097 2976//2097
f 2870//2098 2675//2098 2832//2098 2961//2098
f 2833//2099 2676//2099 2871//2099 2962//2099
f 2886//2100 2846//2100 2834//2100 2847//2100
f 2835//2101 2846//2101 2886//2101 2848//2101
f 2890//2102 2742//2102 2842//2102 2951//2102
f 2843//2103 2743//2103 2891//2103 2952//2103
f 3057//2104 3055//2104 2501//2104 2503//2104
f 3058//2105 2504//2105 2502//2105 3056//2105
f 2919//2106 2997//2106 2882//2106 2581//2106
f 2883//2107 2998//2107 2920//2107 2582//2107
f 2837//2108 2631//2108 2900//2108 3022//2108
f 2901//2109 2866//2109 2847//2109 2886//2109
f 2848//2110 2886//2110 2901//2110 2867//2110
f 3000//2111 2800//2111 2784//2111 2897//2111
f 2785//2112 2898//2112 3001//2112 2801//2112
f 2880//2113 2957//2113 2884//2113 2765//2113
f 2885//2114 2958//2114 2881//2114 2766//2114
f 2857//2115 2887//2115 2917//2115 2895//2115
f 2918//2116 2888//2116 2858//2116 2896//2116
f 2740//2117 2800//2117 2995//2117 2967//2117
f 2741//2118 2968//2118 2996//2118 2801//2118
f 2841//2119 2921//2119 2948//2119 2885//2119
f 2926//2120 2935//2120 2924//2120 2818//2120
f 2925//2121 2819//2121 2927//2121 2936//2121
f 2875//2122 2923//2122 2946//2122 2898//2122
f 2837//2123 3022//2123 2985//2123 2786//2123
f 3009//2124 2575//2124 2862//2124 3052//2124
f 2863//2125 2576//2125 3009//2125 3052//2125
f 3027//2126 3041//2126 2774//2126 2748//2126
f 2775//2127 2749//2127 3028//2127 3042//2127
f 3102//827 3055//827 2501//827 2651//827
f 2502//827 3056//827 3103//827 2652//827
f 2943//2128 2930//2128 2903//2128 2915//2128
f 2904//2129 2931//2129 2944//2129 2916//2129
f 3002//2130 2851//2130 2872//2130 2965//2130
f 2873//2131 2966//2131 3003//2131 2852//2131
f 2913//2132 2976//2132 2899//2132 2911//2132
f 2963//2133 2926//2133 2935//2133 2868//2133
f 2936//2134 2869//2134 2964//2134 2927//2134
f 2876//2135 2932//2135 2976//2135 2913//2135
f 2802//2136 3079//2136 3057//2136 2503//2136
f 3058//2137 3080//2137 2803//2137 2504//2137
f 2930//2138 2959//2138 2919//2138 2903//2138
f 2920//2139 2904//2139 2931//2139 2960//2139
f 2911//2140 2953//2140 2939//2140 2899//2140
f 2940//2141 2954//2141 2912//2141 2900//2141
f 2933//2142 3037//2142 2951//2142 2722//2142
f 2952//2143 2723//2143 2934//2143 3038//2143
f 2972//2144 2780//2144 2862//2144 3052//2144
f 2863//2145 2781//2145 2972//2145 3052//2145
f 2880//2146 2909//2146 2991//2146 2957//2146
f 2881//2147 2958//2147 2992//2147 2910//2147
f 3005//2148 2893//2148 2851//2148 3002//2148
f 2852//2149 2894//2149 3006//2149 3003//2149
f 2985//2150 2877//2150 2914//2150 3022//2150
f 2921//2151 2942//2151 2990//2151 2948//2151
f 2977//1482 2949//1482 2922//1482 2945//1482
f 2923//1481 2950//1481 2978//1481 2946//1481
f 3036//2152 2902//2152 2926//2152 2963//2152
f 2927//2153 2902//2153 3036//2153 2964//2153
f 2943//2154 2986//2154 2959//2154 2930//2154
f 2960//2155 2931//2155 2944//2155 2987//2155
f 2997//2156 2882//2156 2937//2156 3016//2156
f 2938//2157 3017//2157 2998//2157 2883//2157
f 2974//2158 2890//2158 2951//2158 3037//2158
f 2952//2159 2891//2159 2975//2159 3038//2159
f 3104//2160 3102//2160 2651//2160 2638//2160
f 3105//2161 2639//2161 2652//2161 3103//2161
f 2638//2162 2802//2162 3079//2162 3104//2162
f 3080//2163 2803//2163 2639//2163 3105//2163
f 3020//2164 2957//2164 2947//2164 2990//2164
f 2948//2165 2958//2165 3020//2165 2990//2165
f 3059//2166 2933//2166 2864//2166 3034//2166
f 2865//2167 2934//2167 3060//2167 3035//2167
f 2949//2168 2977//2168 3012//2168 2986//2168
f 3013//2169 2978//2169 2950//2169 2987//2169
f 3014//2170 3065//2170 2961//2170 2870//2170
f 2962//2171 3066//2171 3015//2171 2871//2171
f 2959//2172 2986//2172 3016//2172 2997//2172
f 3017//2173 2987//2173 2960//2173 2998//2173
f 2986//2174 3012//2174 2995//2174 2967//2174
f 2996//2175 2968//2175 2987//2175 3013//2175
f 3009//2176 3109//2176 3027//2176 2575//2176
f 3028//2177 3109//2177 3009//2177 2576//2177
f 3021//2178 3002//2178 2965//2178 3047//2178
f 2966//2179 3003//2179 3021//2179 3047//2179
f 3041//2180 3092//2180 3029//2180 2774//2180
f 3030//2181 3093//2181 3042//2181 2775//2181
f 3071//2182 2907//2182 2970//2182 3075//2182
f 2971//2183 3075//2183 3071//2183 2908//2183
f 3023//2184 2974//2184 3037//2184 3061//2184
f 3038//2185 3062//2185 3024//2185 2975//2185
f 3053//2186 3071//2186 3005//2186 3002//2186
f 3006//2187 3003//2187 3053//2187 3071//2187
f 2981//2188 3063//2188 3069//2188 3018//2188
f 3070//2189 3064//2189 2982//2189 3019//2189
f 3023//2190 3034//2190 3059//2190 3061//2190
f 3060//2191 3062//2191 3024//2191 3035//2191
f 3010//2192 3018//2192 3069//2192 3073//2192
f 3070//2193 3074//2193 3011//2193 3019//2193
f 3065//2194 2961//2194 3029//2194 3092//2194
f 3030//2195 3093//2195 3066//2195 2962//2195
f 3048//2196 3083//2196 3063//2196 2981//2196
f 3064//2197 2982//2197 3049//2197 3084//2197
f 3075//2198 2970//2198 3007//2198 3094//2198
f 3008//2199 2971//2199 3075//2199 3094//2199
f 3073//2200 3081//2200 3032//2200 3010//2200
f 3033//2201 3011//2201 3074//2201 3082//2201
f 3007//2202 3014//2202 3076//2202 3094//2202
f 3077//2203 3015//2203 3008//2203 3094//2203
f 3081//2204 3086//2204 3039//2204 3032//2204
f 3040//2205 3087//2205 3082//2205 3033//2205
f 3076//2206 3014//2206 3065//2206 3095//2206
f 3066//2207 3015//2207 3077//2207 3096//2207
f 3090//2208 3086//2208 3039//2208 3043//2208
f 3040//2209 3087//2209 3091//2209 3044//2209
f 3050//2210 3085//2210 3088//2210 3045//2210
f 3089//2211 3046//2211 3051//2211 3085//2211
f 3109//2212 3027//2212 3041//2212 3107//2212
f 3042//2213 3107//2213 3109//2213 3028//2213
f 3067//2214 3100//2214 3083//2214 3048//2214
f 3084//2215 3101//2215 3068//2215 3049//2215
f 3119//2216 3097//2216 3039//2216 3043//2216
f 3040//2217 3097//2217 3119//2217 3044//2217
f 3120//2218 3063//2218 3069//2218 3073//2218
f 3070//2219 3074//2219 3120//2219 3064//2219
f 3088//2220 3045//2220 3098//2220 3116//2220
f 3099//2221 3046//2221 3089//2221 3117//2221
f 3107//2222 3041//2222 3092//2222 3110//2222
f 3093//2223 3042//2223 3107//2223 3110//2223
f 3078//2224 3067//2224 3100//2224 3108//2224
f 3101//2225 3068//2225 3078//2225 3108//2225
f 3114//2226 3077//2226 3094//2226 3076//2226
f 3127//2227 3090//2227 3043//2227 3119//2227
f 3044//2228 3091//2228 3127//2228 3119//2228
f 3054//2229 3098//2229 3121//2229 3113//2229
f 3122//2230 3099//2230 3054//2230 3113//2230
f 3085//2231 3088//2231 3111//2231 3115//2231
f 3112//2232 3115//2232 3085//2232 3089//2232
f 3114//2233 3076//2233 3095//2233 3118//2233
f 3096//2234 3077//2234 3114//2234 3118//2234
f 3131//2235 3120//2235 3073//2235 3081//2235
f 3074//2236 3082//2236 3131//2236 3120//2236
f 3118//2237 3095//2237 3092//2237 3110//2237
f 3093//2238 3096//2238 3118//2238 3110//2238
f 3131//2239 3081//2239 3086//2239 3128//2239
f 3087//2240 3082//2240 3131//2240 3128//2240
f 3128//2241 3127//2241 3090//2241 3086//2241
f 3091//2242 3127//2242 3128//2242 3087//2242
f 3124//2243 3111//2243 3088//2243 3116//2243
f 3089//2244 3112//2244 3125//2244 3117//2244
f 3121//2245 3129//2245 3116//2245 3098//2245
f 3117//2246 3130//2246 3122//2246 3099//2246
f 3138//2247 3142//2247 3055//2247 3057//2247
f 3139//2248 3058//2248 3056//2248 3143//2248
f 3132//2249 3124//2249 3111//2249 3115//2249
f 3112//2250 3125//2250 3132//2250 3115//2250
f 3079//2251 3140//2251 3138//2251 3057//2251
f 3139//2252 3058//2252 3080//2252 3141//2252
f 3133//2253 3116//2253 3124//2253 3132//2253
f 3148//827 3142//827 3055//827 3102//827
f 3056//827 3143//827 3149//827 3103//827
f 3133//2254 3137//2254 3134//2254 3116//2254
f 3133//2255 3137//2255 3135//2255 3117//2255
f 3104//2256 3079//2256 3140//2256 3146//2256
f 3141//2257 3080//2257 3105//2257 3147//2257
f 3146//2258 3148//2258 3102//2258 3104//2258
f 3147//2259 3149//2259 3103//2259 3105//2259
f 3140//2260 3150//2260 3142//2260 3138//2260
f 3143//2261 3139//2261 3141//2261 3151//2261
f 3146//2262 3148//2262 3152//2262 3140//2262
f 3153//2263 3149//2263 3147//2263 3141//2263
f 3148//664 3142//664 3150//664 3152//664
f 3151//827 3153//827 3149//827 3143//827
f 439//2264 394//2264 425//2264 571//2264
f 439//2265 382//2265 394//2265 571//2265
f 379//2266 573//2266 746//2266 525//2266
f 1581//2267 1585//2267 665//2267 566//2267
f 666//2268 1586//2268 1582//2268 567//2268
f 1336//2269 1334//2269 1135//2269 1117//2269
f 1337//2270 1118//2270 1136//2270 1335//2270
f 1479//2271 1291//2271 1364//2271 1573//2271
f 1773//2272 1797//2272 1978//2272 1938//2272
f 1866//2273 1953//2273 1923//2273 1854//2273
f 1924//2274 1855//2274 1867//2274 1954//2274
f 1556//2275 1554//2275 2289//2275 2376//2275
f 1874//2276 1768//2276 2071//2276 2313//2276
f 2176//2277 2380//2277 2306//2277 2180//2277
f 2379//2278 2317//2278 2175//2278 2305//2278
f 2176//2278 2318//2278 2380//2278 2306//2278
f 2518//2279 2878//2279 2517//2279 1728//2279
f 2469//2280 2026//2280 2516//2280 2826//2280
f 2584//2281 2612//2281 2635//2281 2604//2281
f 2645//2282 2665//2282 2618//2282 2611//2282
f 2634//2283 2645//2283 2611//2283 2583//2283
f 2612//2284 2646//2284 2635//2284 2584//2284
f 2619//2285 2666//2285 2646//2285 2612//2285
f 2612//2286 2684//2286 2674//2286 2610//2286
f 2730//2287 2714//2287 2693//2287 2697//2287
f 2694//2288 2715//2288 2730//2288 2697//2288
f 2796//2289 2670//2289 2659//2289 2767//2289
f 2660//2290 2671//2290 2797//2290 2768//2290
f 2767//2291 2718//2291 2796//2291 2847//2291
f 2797//2292 2719//2292 2768//2292 2848//2292
f 2909//2293 2880//2293 2677//2293 2700//2293
f 2856//2294 2855//2294 2889//2294 2867//2294
f 2889//2295 2866//2295 2855//2295 2859//2295
f 2856//2296 2867//2296 2889//2296 2859//2296
f 2945//2297 2897//2297 2874//2297 2922//2297
f 2945//2298 2897//2298 3000//2298 2981//2298
f 3001//2299 2898//2299 2946//2299 2982//2299
f 3004//2300 2941//2300 2909//2300 2991//2300
f 2910//2301 2941//2301 3004//2301 2992//2301
f 3004//2302 2992//2302 3020//2302 2991//2302
f 3051//2303 3085//2303 3050//2303 3031//2303
f 88//2304 109//2304 368//2304 601//2304
f 251//2305 153//2305 284//2305 399//2305
f 285//2306 154//2306 252//2306 400//2306
f 458//2307 533//2307 480//2307 413//2307
f 1090//2308 1039//2308 1459//2308 1469//2308
f 1460//2309 1040//2309 1091//2309 1470//2309
f 1382//2310 1563//2310 1269//2310
f 1480//2311 1574//2311 1365//2311 1292//2311
f 1435//2312 1338//2312 1645//2312 1501//2312
f 1921//2313 1358//2313 629//2313 2223//2313
f 1957//2314 1469//2314 1615//2314 2148//2314
f 1616//2315 1470//2315 1958//2315 2149//2315
f 2305//2316 2379//2316 2175//2316 2179//2316
f 2453//2317 2386//2317 2457//2317 2404//2317
f 2673//2318 2683//2318 2611//2318 2609//2318
f 2847//2319 2796//2319 2767//2319 2846//2319
f 2797//2320 2768//2320 2835//2320 2886//2320
f 2700//2321 2909//2321 2892//2321 2745//2321
f 2940//2322 2912//2322 2914//2322 2985//2322
f 114//2323 89//2323 62//2323 72//2323
f 481//2324 534//2324 459//2324 414//2324
f 533//2325 638//2325 580//2325 480//2325
f 295//2326 549//2326 1245//2326 359//2326
f 673//2327 624//2327 683//2327 663//2327
f 883//2328 754//2328 1019//2328 1156//2328
f 1120//2329 1166//2329 1112//2329 1172//2329
f 1459//2330 1187//2330 1255//2330 1573//2330
f 1383//2331 1270//2331 1564//2331
f 1392//2332 871//2332 1483//2332 1974//2332
f 1484//2333 1975//2333 1393//2333 872//2333
f 1646//2334 1339//2334 1436//2334 1502//2334
f 1675//2335 2256//2335 1577//2335 1279//2335
f 1746//2336 1400//2336 1744//2336 2080//2336
f 2456//2337 2385//2337 2452//2337 2403//2337
f 2325//2338 2680//2338 2508//2338 2236//2338
f 2702//2339 2708//2339 2551//2339 2507//2339
f 2596//2340 2671//2340 2622//2340 2564//2340
f 2732//2341 2770//2341 2788//2341 2797//2341
f 2895//2342 2917//2342 2752//2342 2681//2342
f 2753//2343 2918//2343 2896//2343 2682//2343
f 2949//2344 3002//2344 3012//2344 2851//2344
f 3136//2345 3123//2345 3098//2345 3134//2345
f 49//2346 57//2346 45//2346 80//2346
f 61//2347 71//2347 113//2347 88//2347
f 369//2348 110//2348 89//2348 602//2348
f 385//2349 175//2349 205//2349 656//2349
f 372//2350 397//2350 499//2350 426//2350
f 581//2351 639//2351 534//2351 481//2351
f 1246//2352 550//2352 296//2352 360//2352
f 983//2353 851//2353 813//2353 895//2353
f 1018//2354 1155//2354 882//2354 753//2354
f 855//2355 1323//2355 1021//2355 788//2355
f 1111//2356 1165//2356 1119//2356 1171//2356
f 1337//2357 1094//2357 928//2357 1184//2357
f 1638//2358 1193//2358 696//2358 1636//2358
f 630//2359 1359//2359 1922//2359 2224//2359
f 1458//2360 2161//2360 1833//2360 1215//2360
f 1578//2361 2257//2361 1676//2361 1280//2361
f 1987//2362 1500//2362 1470//2362 1909//2362
f 1743//2363 1399//2363 1745//2363 2079//2363
f 2278//2364 1913//2364 2059//2364 2211//2364
f 1784//2365 2382//2365 2487//2365 2111//2365
f 1995//2366 2369//2366 2491//2366 2072//2366
f 2507//2367 2679//2367 2324//2367 2235//2367
f 2397//2368 2160//2368 2607//2368 2789//2368
f 2645//2369 2634//2369 2557//2369 2569//2369
f 2683//2370 2569//2370 2583//2370 2665//2370
f 2570//2371 2584//2371 2646//2371 2633//2371
f 2408//2372 2580//2372 2908//2372 2971//2372
f 2787//2373 2769//2373 2731//2373 2796//2373
f 2885//2374 2958//2374 2836//2374 2236//2374
f 2948//2375 2992//2375 2836//2375 2552//2375
f 2904//2376 2916//2376 2946//2376 2908//2376
f 3037//2377 2895//2377 2857//2377 3034//2377
f 2858//2378 2896//2378 3038//2378 3035//2378
f 3013//2379 2852//2379 2950//2379 3003//2379
f 3070//2380 3064//2380 2982//2380 2801//2380
f 3003//2381 3078//2381 3005//2381 2965//2381
f 3006//2382 3078//2382 3002//2382 2966//2382
f 2778//2383 3099//2383 3122//2383 3113//2383
f 7//2384 1//2384 2//2384
f 1//2385 8//2385 2//2385
f 7//2386 14//2386 1//2386
f 14//2387 8//2387 1//2387
f 17//2388 9//2388 4//2388
f 18//2389 10//2389 4//2389
f 17//2390 11//2390 4//2390
f 18//2391 4//2391 11//2391
f 19//2392 21//2392 35//2392
f 20//2393 22//2393 36//2393
f 21//2394 25//2394 35//2394
f 22//2395 26//2395 36//2395
f 29//2396 47//2396 15//2396
f 30//2397 16//2397 48//2397
f 31//2398 25//2398 35//2398
f 32//2399 36//2399 26//2399
f 12//2400 51//2400 39//2400
f 13//2401 52//2401 40//2401
f 51//2402 12//2402 43//2402
f 13//2403 52//2403 44//2403
f 33//2404 78//2404 41//2404
f 79//2405 34//2405 42//2405
f 33//2406 45//2406 78//2406
f 34//2407 46//2407 79//2407
f 42//2408 50//2408 79//2408
f 51//2409 39//2409 82//2409
f 52//2409 83//2409 40//2409
f 53//2410 82//2410 39//2410
f 54//2411 83//2411 40//2411
f 78//2412 45//2412 55//2412
f 79//2413 46//2413 56//2413
f 82//2414 53//2414 57//2414
f 83//2415 54//2415 58//2415
f 71//2416 61//2416 80//2416
f 72//2417 62//2417 81//2417
f 94//2418 11//2418 123//2418
f 95//2419 11//2419 124//2419
f 51//2420 43//2420 109//2420
f 44//2421 52//2421 110//2421
f 59//2422 57//2422 92//2422
f 60//2423 58//2423 93//2423
f 69//2424 157//2424 14//2424
f 70//2425 158//2425 14//2425
f 55//2426 88//2426 78//2426
f 56//2427 89//2427 79//2427
f 65//2428 27//2428 178//2428
f 66//2429 28//2429 179//2429
f 67//2430 27//2430 178//2430
f 68//2431 28//2431 179//2431
f 90//2432 113//2432 78//2432
f 79//2433 114//2433 91//2433
f 157//2434 69//2434 94//2434
f 158//2435 95//2435 70//2435
f 100//2436 140//2436 82//2436
f 101//2437 141//2437 83//2437
f 67//2438 178//2438 96//2438
f 179//2439 68//2439 97//2439
f 98//2440 86//2440 178//2440
f 179//2441 99//2441 87//2441
f 178//2442 96//2442 98//2442
f 179//2443 97//2443 99//2443
f 134//2444 166//2444 63//2444
f 167//2445 135//2445 64//2445
f 102//2446 132//2446 127//2446
f 102//2447 133//2447 128//2447
f 73//2448 134//2448 168//2448
f 169//2449 135//2449 74//2449
f 268//2450 196//2450 14//2450
f 269//2451 196//2451 14//2451
f 157//2452 14//2452 350//2452
f 158//2453 351//2453 14//2453
f 113//2454 78//2454 260//2454
f 114//2455 79//2455 261//2455
f 186//2456 73//2456 168//2456
f 187//2457 74//2457 169//2457
f 199//2458 63//2458 166//2458
f 64//2459 167//2459 200//2459
f 151//2460 104//2460 155//2460
f 152//2461 104//2461 156//2461
f 103//2462 188//2462 147//2462
f 189//2463 103//2463 148//2463
f 132//2464 127//2464 149//2464
f 133//2465 150//2465 128//2465
f 84//2466 361//2466 111//2466
f 85//2467 362//2467 112//2467
f 14//2468 268//2468 350//2468
f 269//2469 14//2469 351//2469
f 149//2470 232//2470 132//2470
f 150//2471 133//2471 233//2471
f 238//2472 138//2472 193//2472
f 239//2473 194//2473 139//2473
f 105//2474 255//2474 295//2474
f 256//2475 106//2475 296//2475
f 204//2476 170//2476 197//2476
f 171//2477 205//2477 198//2477
f 160//2478 208//2478 300//2478
f 163//2479 209//2479 297//2479
f 197//2480 234//2480 204//2480
f 198//2481 235//2481 205//2481
f 132//2482 232//2482 336//2482
f 233//2483 133//2483 337//2483
f 284//2484 247//2484 153//2484
f 285//2485 154//2485 248//2485
f 244//2486 184//2486 251//2486
f 252//2487 245//2487 185//2487
f 350//2488 206//2488 157//2488
f 207//2489 351//2489 158//2489
f 361//2490 111//2490 338//2490
f 362//2491 112//2491 339//2491
f 242//2492 196//2492 268//2492
f 243//2493 269//2493 196//2493
f 228//2494 220//2494 246//2494
f 144//2495 303//2495 313//2495
f 145//2496 304//2496 314//2496
f 322//2497 132//2497 336//2497
f 323//2498 133//2498 337//2498
f 216//2499 130//2499 501//2499
f 217//2500 131//2500 502//2500
f 216//2501 509//2501 130//2501
f 217//2502 510//2502 131//2502
f 221//2503 310//2503 229//2503
f 246//2504 309//2504 220//2504
f 411//2505 601//2505 88//2505
f 412//2506 89//2506 602//2506
f 274//2507 515//2507 153//2507
f 275//2508 516//2508 154//2508
f 170//2509 204//2509 627//2509
f 171//2510 205//2510 628//2510
f 344//2511 228//2511 309//2511
f 229//2512 345//2512 310//2512
f 257//2513 172//2513 549//2513
f 258//2514 550//2514 173//2514
f 266//2515 307//2515 327//2515
f 267//2516 308//2516 328//2516
f 380//2517 309//2517 220//2517
f 221//2518 381//2518 310//2518
f 234//2519 204//2519 627//2519
f 235//2520 205//2520 628//2520
f 238//2521 372//2521 363//2521
f 239//2522 364//2522 373//2522
f 146//2523 462//2523 478//2523
f 146//2524 479//2524 462//2524
f 465//2525 447//2525 159//2525
f 466//2526 447//2526 159//2526
f 146//2527 478//2527 539//2527
f 479//2528 540//2528 146//2528
f 465//2529 159//2529 537//2529
f 466//2530 538//2530 159//2530
f 621//2531 295//2531 255//2531
f 622//2532 256//2532 296//2532
f 330//2533 212//2533 644//2533
f 331//2534 213//2534 645//2534
f 146//2535 578//2535 539//2535
f 579//2536 540//2536 146//2536
f 472//2537 344//2537 309//2537
f 473//2538 345//2538 310//2538
f 578//2539 607//2539 146//2539
f 579//2540 607//2540 146//2540
f 605//2541 159//2541 537//2541
f 606//2542 538//2542 159//2542
f 399//2543 247//2543 515//2543
f 516//2544 400//2544 248//2544
f 605//2545 623//2545 159//2545
f 606//2546 159//2546 623//2546
f 382//2547 394//2547 378//2547
f 363//2548 372//2548 458//2548
f 364//2549 373//2549 459//2549
f 266//2550 307//2550 805//2550
f 308//2551 267//2551 806//2551
f 553//2552 582//2552 210//2552
f 583//2553 554//2553 211//2553
f 380//2554 309//2554 584//2554
f 310//2555 381//2555 585//2555
f 627//2556 655//2556 170//2556
f 628//2557 171//2557 656//2557
f 555//2558 403//2558 324//2558
f 555//2559 404//2559 324//2559
f 394//2560 439//2560 386//2560
f 378//2561 526//2561 382//2561
f 1338//2562 1200//2562 1224//2562 1336//2562
f 416//2563 528//2563 347//2563
f 584//2564 472//2564 309//2564
f 585//2565 473//2565 310//2565
f 382//2566 394//2566 569//2566
f 373//2567 481//2567 459//2567
f 736//2568 320//2568 437//2568
f 737//2569 438//2569 321//2569
f 838//2570 260//2570 601//2570
f 602//2571 839//2571 261//2571
f 289//664 646//664 761//664
f 290//827 647//827 762//827
f 992//2572 707//2572 218//2572
f 993//2573 708//2573 219//2573
f 1579//2574 264//2574 190//2574
f 1580//2575 191//2575 265//2575
f 346//2576 767//2576 793//2576
f 347//2577 794//2577 768//2577
f 650//2578 686//2578 545//2578
f 651//2579 687//2579 546//2579
f 747//2580 480//2580 638//2580
f 481//2581 748//2581 639//2581
f 749//2582 590//2582 576//2582
f 750//2583 577//2583 591//2583
f 1002//2584 409//2584 558//2584
f 559//2585 410//2585 1003//2585
f 706//2586 625//2586 709//2586
f 624//2587 705//2587 780//2587
f 706//2588 625//2588 779//2588
f 747//2589 827//2589 638//2589
f 748//2590 828//2590 639//2590
f 785//2591 733//2591 713//2591
f 786//2592 734//2592 714//2592
f 917//2593 476//2593 807//2593
f 808//2594 918//2594 477//2594
f 521//2595 931//2595 769//2595
f 522//2596 932//2596 770//2596
f 655//2597 827//2597 747//2597
f 656//2598 748//2598 828//2598
f 573//2599 746//2599 914//2599
f 572//2600 673//2600 1043//2600
f 437//2601 1390//2601 415//2601
f 438//2602 416//2602 1391//2602
f 701//2603 891//2603 763//2603
f 702//2604 892//2604 764//2604
f 703//2605 1109//2605 485//2605
f 704//2606 1110//2606 486//2606
f 740//2607 811//2607 821//2607
f 741//2608 812//2608 822//2608
f 831//2609 821//2609 740//2609
f 832//2610 822//2610 741//2610
f 1002//2611 998//2611 409//2611
f 1003//2612 999//2612 410//2612
f 1579//2613 636//2613 264//2613
f 692//2614 955//2614 897//2614
f 956//2615 692//2615 897//2615
f 1044//2616 573//2616 914//2616
f 886//2617 1043//2617 673//2617
f 879//2618 925//2618 833//2618
f 880//2619 926//2619 834//2619
f 851//2620 896//2620 881//2620
f 854//2621 869//2621 943//2621
f 855//2622 870//2622 944//2622
f 833//2623 925//2623 958//2623
f 834//2624 926//2624 959//2624
f 1049//2625 955//2625 692//2625
f 1050//2626 956//2626 692//2626
f 819//2627 1119//2627 817//2627
f 1120//2628 818//2628 820//2628
f 1137//2629 1109//2629 485//2629
f 1138//2630 1110//2630 486//2630
f 586//2631 1208//2631 1022//2631
f 587//2632 1209//2632 1023//2632
f 895//2633 1082//2633 881//2633
f 896//2634 1083//2634 881//2634
f 990//2635 925//2635 1035//2635
f 991//2636 926//2636 1036//2636
f 1151//2637 1049//2637 692//2637
f 692//2638 1152//2638 1050//2638
f 1024//2639 977//2639 966//2639
f 1025//2640 978//2640 967//2640
f 983//2641 881//2641 1090//2641
f 983//2642 881//2642 1091//2642
f 726//2643 412//2643 1813//2643
f 1014//2644 927//2644 1053//2644
f 1015//2645 928//2645 1054//2645
f 904//2646 1222//2646 856//2646
f 905//2647 1223//2647 857//2647
f 1035//2648 1008//2648 990//2648
f 1036//2649 1009//2649 991//2649
f 1073//2650 951//2650 1004//2650
f 952//2651 1074//2651 1005//2651
f 1047//2652 1037//2652 953//2652
f 1038//2653 1048//2653 954//2653
f 960//2654 921//2654 1159//2654
f 922//2655 961//2655 1160//2655
f 1310//2656 608//2656 1099//2656
f 1311//2657 609//2657 1100//2657
f 1090//2658 1082//2658 881//2658
f 1091//2659 1083//2659 881//2659
f 856//2660 994//2660 1222//2660
f 857//2661 995//2661 1223//2661
f 1077//2662 1047//2662 953//2662
f 1078//2663 1048//2663 954//2663
f 1151//2664 1191//2664 692//2664
f 1191//2665 692//2665 1152//2665
f 924//2666 1242//2666 957//2666
f 1087//2667 1102//2667 886//2667
f 1117//2668 1053//2668 927//2668
f 1118//2669 1054//2669 928//2669
f 1086//2670 914//2670 1044//2670
f 1014//664 1232//664 871//664
f 1015//827 1233//827 872//827
f 1196//2671 1119//2671 819//2671
f 1197//2672 1120//2672 820//2672
f 1210//2673 902//2673 1045//2673
f 903//2674 1211//2674 1046//2674
f 923//2675 1301//2675 976//2675
f 1178//2676 950//2676 1087//2676
f 1105//2677 960//2677 1159//2677
f 1160//2678 1106//2678 961//2678
f 1053//2679 1232//2679 1014//2679
f 1054//2680 1233//2680 1015//2680
f 904//2681 1175//2681 1222//2681
f 905//2682 1223//2682 1176//2682
f 1051//2683 1043//2683 1282//2683
f 1086//2684 1101//2684 1177//2684
f 1281//2685 1092//2685 1044//2685
f 994//2686 1194//2686 1222//2686
f 995//2687 1195//2687 1223//2687
f 1117//2688 1224//2688 1093//2688
f 1118//2689 1225//2689 1094//2689
f 690//2690 1733//2690 1063//2690
f 691//2691 1734//2691 1064//2691
f 1157//2692 1273//2692 1063//2692
f 1158//2693 1274//2693 1064//2693
f 875//2694 1022//2694 1627//2694
f 876//2695 1023//2695 1628//2695
f 1117//2696 1224//2696 1135//2696
f 1084//2697 1183//2697 1206//2697
f 1184//2698 1085//2698 1207//2698
f 1097//2699 1153//2699 1257//2699
f 1258//2700 1098//2700 1154//2700
f 1216//2697 1084//2697 1206//2697
f 1217//2701 1085//2701 1207//2701
f 1093//2702 1200//2702 1220//2702
f 1201//2703 1094//2703 1221//2703
f 1200//2704 1093//2704 1224//2704
f 1201//2705 1094//2705 1118//2705
f 1269//2706 1063//2706 1273//2706
f 1270//2707 1064//2707 1274//2707
f 1039//2708 1364//2708 1187//2708
f 1040//2709 1365//2709 1188//2709
f 836//2710 1421//2710 1423//2710
f 837//2711 1422//2711 1424//2711
f 829//2712 1437//2712 1445//2712
f 1438//2713 830//2713 1446//2713
f 1931//2714 1143//2714 723//2714
f 1932//2715 1144//2715 724//2715
f 1185//2716 1275//2716 1295//2716
f 1276//2717 1186//2717 1296//2717
f 1338//2718 1220//2718 1200//2718
f 1339//2719 1221//2719 1201//2719
f 984//2720 1407//2720 1413//2720
f 985//2721 1408//2721 1414//2721
f 1263//2722 1204//2722 1326//2722
f 1264//2723 1205//2723 1327//2723
f 1026//2724 1637//2724 1192//2724
f 1337//2725 1339//2725 1201//2725
f 1044//2726 1555//2726 1281//2726
f 1194//2727 1439//2727 1222//2727
f 1440//2728 1195//2728 1223//2728
f 893//2729 1678//2729 1310//2729
f 894//2730 1679//2730 1311//2730
f 1175//2731 1471//2731 1222//2731
f 1472//2732 1176//2732 1223//2732
f 1521//2733 1006//2733 1465//2733
f 1466//2734 1007//2734 1522//2734
f 1360//2735 1295//2735 1433//2735
f 1361//2736 1296//2736 1434//2736
f 1310//2737 1099//2737 1631//2737
f 1311//2738 1632//2738 1100//2738
f 1352//2739 1306//2739 1376//2739
f 1307//2740 1353//2740 1377//2740
f 1273//2741 1269//2741 1569//2741
f 1274//2742 1270//2742 1570//2742
f 1292//2743 1452//2743 1321//2743
f 1394//2744 1360//2744 1433//2744
f 1361//2745 1395//2745 1434//2745
f 1673//2746 1249//2746 1238//2746
f 1674//2747 1250//2747 1239//2747
f 1332//2748 1354//2748 1405//2748
f 1333//2749 1355//2749 1406//2749
f 1822//2750 1330//2750 1026//2750
f 1331//2751 1823//2751 1027//2751
f 1354//2748 1350//2748 1405//2748
f 1351//2752 1355//2752 1406//2752
f 1283//2753 1293//2753 1591//2753
f 1284//2753 1294//2753 1592//2753
f 1352//2754 1306//2754 1497//2754
f 1353//2755 1307//2755 1498//2755
f 1533//2756 1439//2756 1222//2756
f 1534//2757 1440//2757 1223//2757
f 1376//2758 1477//2758 1352//2758
f 1377//2759 1353//2759 1478//2759
f 1222//2760 1471//2760 1533//2760
f 1223//2761 1472//2761 1534//2761
f 1609//2762 1597//2762 1077//2762
f 1078//2763 1610//2763 1598//2763
f 1320//2243 1479//2243 1451//2243
f 1321//2764 1480//2764 1452//2764
f 1451//2765 1573//2765 1291//2765
f 1131//2766 1774//2766 1453//2766
f 1775//2767 1132//2767 1454//2767
f 1545//2768 1587//2768 1279//2768
f 1546//2769 1588//2769 1280//2769
f 1302//2770 1778//2770 1392//2770
f 1303//2771 1393//2771 1779//2771
f 1477//2772 1619//2772 1352//2772
f 1620//2773 1478//2773 1353//2773
f 1497//2774 1352//2774 1619//2774
f 1498//2775 1620//2775 1353//2775
f 1840//2776 1304//2776 1384//2776
f 1841//2777 1305//2777 1385//2777
f 1419//2778 1397//2778 1722//2778
f 1420//2779 1398//2779 1723//2779
f 1443//2780 1409//2780 1722//2780
f 1444//2781 1410//2781 1723//2781
f 1483//2782 1643//2782 1435//2782
f 1484//2783 1644//2783 1436//2783
f 1419//2784 1370//2784 1805//2784
f 1420//2785 1371//2785 1806//2785
f 1743//2786 1165//2786 1733//2786
f 1166//2787 1744//2787 1734//2787
f 1637//2788 2045//2788 1026//2788
f 1638//2789 1027//2789 2046//2789
f 1509//2790 1372//2790 1729//2790
f 1510//2791 1373//2791 1730//2791
f 1421//2792 1423//2792 1852//2792
f 1422//2793 1424//2793 1853//2793
f 1407//2794 1904//2794 1413//2794
f 1905//2795 1408//2795 1414//2795
f 1445//2796 1437//2796 1852//2796
f 1438//2797 1446//2797 1853//2797
f 1783//2798 1489//2798 1655//2798
f 1784//2799 1656//2799 1490//2799
f 1419//2800 1722//2800 1805//2800
f 1420//2801 1806//2801 1723//2801
f 2069//2802 1671//2802 1312//2802
f 1672//2803 2070//2803 1313//2803
f 1583//2804 1760//2804 1684//2804
f 1761//2805 1584//2805 1685//2805
f 1712//2806 1726//2806 1561//2806
f 1713//2807 1727//2807 1562//2807
f 1751//2808 1561//2808 1726//2808
f 1752//2809 1562//2809 1727//2809
f 1370//2810 1805//2810 1890//2810
f 1371//2811 1806//2811 1891//2811
f 1663//2812 1645//2812 1753//2812
f 1664//2813 1646//2813 1754//2813
f 1310//2814 1631//2814 2209//2814
f 1311//2815 1632//2815 2210//2815
f 1657//2816 1862//2816 1615//2816
f 1756//2817 1790//2817 1611//2817
f 1791//2818 1757//2818 1612//2818
f 1609//2819 1605//2819 1970//2819
f 1610//2820 1606//2820 1971//2820
f 1543//2821 1597//2821 2043//2821
f 1598//2822 1544//2822 2044//2822
f 1773//2823 1795//2823 1670//2823
f 1797//2824 1670//2824 1773//2824
f 1706//2825 1803//2825 1708//2825
f 1707//2826 1804//2826 1709//2826
f 1852//2827 2004//2827 1421//2827
f 2005//2828 1853//2828 1422//2828
f 1783//2829 1489//2829 1994//2829
f 1784//2830 1490//2830 1995//2830
f 2004//2831 1852//2831 1437//2831
f 1853//2832 2005//2832 1438//2832
f 1760//2833 1878//2833 1684//2833
f 1879//2834 1761//2834 1685//2834
f 1772//2835 1796//2835 1669//2835
f 1794//2836 1772//2836 1669//2836
f 1783//2837 1955//2837 1655//2837
f 1784//2838 1956//2838 1656//2838
f 2010//2839 1517//2839 1917//2839
f 1518//2840 1918//2840 2011//2840
f 2122//2841 1499//2841 1832//2841
f 2123//2842 1500//2842 1833//2842
f 1722//2843 1805//2843 1917//2843
f 1723//2844 1918//2844 1806//2844
f 1629//2845 1820//2845 2000//2845
f 1704//2846 2350//2846 1607//2846
f 2351//2847 1705//2847 1608//2847
f 1894//2848 1937//2848 1979//2848
f 1979//2028 1796//2028 1894//2028
f 1872//2849 2024//2849 1798//2849
f 2024//2850 1798//2850 1873//2850
f 1601//2851 1535//2851 2519//2851
f 1602//2852 1536//2852 2520//2852
f 1783//2853 1955//2853 1994//2853
f 1784//2854 1956//2854 1995//2854
f 1756//2855 1790//2855 2282//2855
f 1757//2856 1791//2856 2283//2856
f 1978//2857 1938//2857 1895//2857
f 1911//2858 1933//2858 1976//2858
f 1912//2859 1934//2859 1977//2859
f 1579//2860 1613//2860 2559//2860
f 1580//2861 1614//2861 2560//2861
f 1945//2862 1933//2862 1976//2862
f 1946//2752 1934//2752 1977//2752
f 2403//2863 1743//2863 1733//2863
f 2404//2864 1734//2864 1744//2864
f 2043//2865 1990//2865 1842//2865
f 2044//2866 1991//2866 1843//2866
f 1571//2867 1943//2867 2446//2867
f 1572//2868 2447//2868 1944//2868
f 2000//2869 1876//2869 2049//2869
f 1877//2870 2001//2870 2050//2870
f 2069//2871 2532//2871 1312//2871
f 2070//2872 2533//2872 1313//2872
f 2002//2873 1925//2873 2063//2873
f 2003//2874 1926//2874 2064//2874
f 1974//2875 2098//2875 1935//2875
f 1975//2876 1936//2876 2099//2876
f 2065//2877 1953//2877 2002//2877
f 2066//2878 2003//2878 1954//2878
f 2024//2879 2108//2879 1872//2879
f 2024//2880 2109//2880 1873//2880
f 1731//2881 2356//2881 1919//2881
f 1732//2882 2357//2882 1920//2882
f 2043//2883 1970//2883 2055//2883
f 2044//2884 1971//2884 2056//2884
f 1815//2885 1910//2885 2362//2885
f 2065//2886 2104//2886 1953//2886
f 1954//2887 2066//2887 2105//2887
f 1957//2888 2204//2888 2029//2888
f 2030//2889 1958//2889 2205//2889
f 2413//2890 1764//2890 2016//2890
f 2414//1175 1765//1175 2017//1175
f 1593//2891 2444//2891 2190//2891
f 1594//2892 2445//2892 2191//2892
f 2002//2893 2065//2893 2166//2893
f 2003//2894 2066//2894 2167//2894
f 2288//2895 2387//2895 1553//2895
f 2204//2896 1957//2896 2206//2896
f 2205//2897 1958//2897 2206//2897
f 2022//2898 2108//2898 2233//2898
f 2234//2899 2023//2899 2109//2899
f 2105//2900 2060//2900 2212//2900
f 2215//2901 2065//2901 2104//2901
f 2216//2902 2066//2902 2105//2902
f 2193//2903 2042//2903 2183//2903
f 2024//2904 2108//2904 2287//2904
f 2109//2905 2024//2905 2287//2905
f 2215//2906 2166//2906 2065//2906
f 2216//2907 2167//2907 2066//2907
f 2136//2908 2356//2908 1939//2908
f 2357//2909 1940//2909 2137//2909
f 2110//2910 2120//2910 2241//2910
f 2111//2910 2242//2910 2121//2910
f 2122//2911 1832//2911 2478//2911
f 1833//2912 2479//2912 2123//2912
f 2258//2913 2288//2913 1972//2913
f 2144//2914 2338//2914 2018//2914
f 2145//2915 2339//2915 2019//2915
f 2130//2916 2243//2916 2140//2916
f 2131//2917 2244//2917 2141//2917
f 1998//2918 2177//2918 2348//2918
f 1999//2919 2349//2919 2178//2919
f 1931//2920 2480//2920 2089//2920
f 2481//2921 1932//2921 2090//2921
f 1864//2922 2498//2922 2114//2922
f 2499//2923 1865//2923 2115//2923
f 2037//2924 2268//2924 2253//2924
f 2038//2925 2254//2925 2269//2925
f 2047//2926 2270//2926 2251//2926
f 2048//2927 2271//2927 2252//2927
f 2162//2928 2094//2928 2326//2928
f 2163//2929 2095//2929 2327//2929
f 2311//2930 2356//2930 1919//2930
f 2312//2931 1920//2931 2357//2931
f 2313//2932 2239//2932 2071//2932
f 2314//2933 2240//2933 2072//2933
f 2204//2934 2231//2934 2206//2934
f 2205//2935 2206//2935 2231//2935
f 2166//2936 2215//2936 2278//2936
f 2167//2937 2216//2937 2214//2937
f 2280//2938 2290//2938 2087//2938
f 2281//2939 2291//2939 2088//2939
f 2376//2940 2289//2940 1973//2940
f 2194//2941 2426//2941 1994//2941
f 2352//2942 1812//2942 2444//2942
f 2353//2943 1813//2943 2445//2943
f 2322//2944 2120//2944 2241//2944
f 2121//2945 2242//2945 2323//2945
f 2307//2946 2290//2946 2087//2946
f 2308//2947 2088//2947 2291//2947
f 2041//2948 2192//2948 2424//2948
f 1677//2949 1667//2949 2902//2949
f 1677//2950 1668//2950 2902//2950
f 2237//2951 2294//2951 2188//2951
f 2238//2952 2295//2952 2189//2952
f 2328//2953 2140//2953 2243//2953
f 2141//2954 2329//2954 2244//2954
f 2354//2955 2018//2955 2338//2955
f 2355//2956 2339//2956 2019//2956
f 2156//2957 2374//2957 2198//2957
f 2157//2958 2375//2958 2199//2958
f 2239//2959 2438//2959 2049//2959
f 2130//2960 2368//2960 2243//2960
f 2131//2961 2369//2961 2244//2961
f 2110//2962 2241//2962 2389//2962
f 2242//2963 2390//2963 2111//2963
f 2192//2964 2182//2964 2387//2964
f 2532//2965 1312//2965 2752//2965
f 2533//2966 1313//2966 2753//2966
f 1568//2967 2236//2967 2836//2967
f 2363//2968 2377//2968 2198//2968
f 2364//2969 2378//2969 2199//2969
f 2305//2970 2379//2970 2300//2970
f 2306//2971 2380//2971 2301//2971
f 2374//2972 2377//2972 2198//2972
f 2375//2973 2378//2973 2199//2973
f 2416//2974 2328//2974 2243//2974
f 2329//2975 2417//2975 2244//2975
f 2239//2976 2438//2976 2313//2976
f 2240//2977 2439//2977 2314//2977
f 2430//2978 2241//2978 2322//2978
f 2431//2979 2323//2979 2242//2979
f 2397//2980 1927//2980 2563//2980
f 2398//2981 1928//2981 2564//2981
f 2274//2982 2422//2982 2344//2982
f 2275//2983 2423//2983 2345//2983
f 2365//2984 2251//2984 2411//2984
f 2366//2985 2252//2985 2412//2985
f 2365//2986 2253//2986 2411//2986
f 2254//2987 2366//2987 2412//2987
f 2368//2988 2243//2988 2416//2988
f 2369//2989 2244//2989 2417//2989
f 1567//2990 2235//2990 2879//2990
f 2430//2991 2389//2991 2241//2991
f 2431//2992 2242//2992 2390//2992
f 2395//2993 2340//2993 2405//2993
f 2396//2994 2341//2994 2406//2994
f 2401//2995 2344//2995 2422//2995
f 2423//2996 2402//2996 2345//2996
f 2332//2997 2246//2997 2563//2997
f 2333//2998 2247//2998 2564//2998
f 1733//2999 2496//2999 2750//2999
f 2497//3000 1734//3000 2751//3000
f 2444//3001 2597//3001 2190//3001
f 2445//3002 2598//3002 2191//3002
f 2440//3003 2454//3003 2460//3003
f 2441//3004 2455//3004 2461//3004
f 2458//3004 2454//3004 2460//3004
f 2459//3004 2461//3004 2455//3004
f 2114//3005 2628//3005 2498//3005
f 2115//3006 2629//3006 2499//3006
f 1579//3007 2559//3007 2876//3007
f 1580//3008 2560//3008 2877//3008
f 2521//3009 2563//3009 2246//3009
f 2522//3010 2247//3010 2564//3010
f 2577//3011 2352//3011 2444//3011
f 2578//3012 2353//3012 2445//3012
f 2360//3013 2543//3013 2509//3013
f 2361//3014 2510//3014 2544//3014
f 2452//3015 2649//3015 2358//3015
f 2453//3016 2359//3016 2650//3016
f 2479//3017 2161//3017 2790//3017
f 2509//3018 2543//3018 2549//3018
f 2510//3019 2544//3019 2550//3019
f 2543//3020 2420//3020 2663//3020
f 2544//3021 2421//3021 2664//3021
f 2605//3022 2541//3022 2513//3022
f 2606//3023 2514//3023 2542//3023
f 2735//3024 2288//3024 2616//3024
f 2736//3025 2289//3025 2617//3025
f 2565//3026 2605//3026 2513//3026
f 2566//3027 2606//3027 2514//3027
f 2442//3028 2780//3028 2517//3028
f 2781//3029 2518//3029 2443//3029
f 2509//3030 2624//3030 2567//3030
f 2568//3031 2625//3031 2510//3031
f 2407//3032 2450//3032 2860//3032
f 2408//3033 2451//3033 2861//3033
f 2608//3034 2836//3034 2236//3034
f 2543//3035 2549//3035 2675//3035
f 2550//3036 2544//3036 2676//3036
f 2505//3037 2712//3037 2553//3037
f 2713//3038 2506//3038 2554//3038
f 2588//3039 2642//3039 2539//3039
f 2511//3040 2712//3040 2561//3040
f 2512//3041 2562//3041 2713//3041
f 2636//3042 2555//3042 2589//3042
f 2637//3043 2556//3043 2590//3043
f 2584//3044 2619//3044 2612//3044
f 2675//3045 2543//3045 2663//3045
f 2664//3046 2544//3046 2676//3046
f 2480//3047 2722//3047 2695//3047
f 2481//3048 2723//3048 2696//3048
f 2624//3049 2567//3049 2710//3049
f 2568//3050 2625//3050 2711//3050
f 2902//3051 2926//3051 1667//3051
f 2902//3052 2927//3052 1668//3052
f 2661//3053 2643//3053 2614//3053
f 2492//3054 2887//3054 2530//3054
f 2493//3055 2888//3055 2531//3055
f 2733//827 2536//827 2686//827
f 2734//827 2687//827 2537//827
f 2716//3056 2789//3056 2478//3056
f 2717//3057 2790//3057 2479//3057
f 2528//3058 2862//3058 2575//3058
f 2529//3059 2863//3059 2576//3059
f 2857//3060 2628//3060 2498//3060
f 2858//3061 2629//3061 2499//3061
f 2660//3062 2719//3062 2768//3062
f 2758//3063 2750//3063 2649//3063
f 2759//3064 2650//3064 2751//3064
f 2919//3065 2655//3065 2581//3065
f 2656//3066 2582//3066 2920//3066
f 2577//3067 2742//3067 2890//3067
f 2578//3068 2743//3068 2891//3068
f 2907//3069 2860//3069 2407//3069
f 2740//3070 2746//3070 2809//3070
f 2810//3071 2741//3071 2747//3071
f 2884//3072 2679//3072 2765//3072
f 2885//3073 2680//3073 2766//3073
f 2736//3074 2845//3074 2762//3074
f 2879//3075 2840//3075 2607//3075
f 2917//3076 2887//3076 2492//3076
f 2918//3077 2493//3077 2888//3077
f 2762//3078 2799//3078 2845//3078
f 2895//3079 2830//3079 2647//3079
f 2896//3080 2831//3080 2648//3080
f 2746//3081 2874//3081 2809//3081
f 2810//2312 2747//2312 2875//2312
f 2628//3082 2895//3082 2857//3082
f 2629//3083 2896//3083 2858//3083
f 2853//3084 2822//3084 2820//3084
f 2854//3085 2823//3085 2821//3085
f 2853//3086 2828//3086 2820//3086
f 2854//3087 2829//3087 2821//3087
f 2740//3088 2967//3088 2804//3088
f 2741//3089 2968//3089 2805//3089
f 2895//3090 2917//3090 2752//3090
f 2918//3091 2896//3091 2753//3091
f 2915//3092 2809//3092 2874//3092
f 2916//3093 2810//3093 2875//3093
f 3029//3094 2832//3094 2710//3094
f 2833//3095 3030//3095 2711//3095
f 2840//3096 2947//3096 2884//3096
f 3007//3097 2519//3097 3014//3097
f 3008//3098 2520//3098 3015//3098
f 2836//3099 2942//3099 2921//3099
f 2874//3100 2915//3100 2922//3100
f 2875//3101 2916//3101 2923//3101
f 2849//3102 3014//3102 2870//3102
f 2850//3103 2871//3103 3015//3103
f 3005//3104 2907//3104 2860//3104
f 2908//3105 2861//3105 3006//3105
f 2943//3106 2915//3106 2922//3106
f 2944//3107 2916//3107 2923//3107
f 2957//3108 2947//3108 2884//3108
f 2958//3109 2948//3109 2885//3109
f 2995//3110 3000//3110 2800//3110
f 2996//3111 2801//3111 3001//3111
f 2961//3112 3029//3112 2832//3112
f 2962//3113 3030//3113 2833//3113
f 2949//3114 2922//3114 2943//3114
f 2950//3115 2944//3115 2923//3115
f 2919//3116 2959//3116 2997//3116
f 2998//3117 2920//3117 2960//3117
f 2990//3118 2942//3118 2947//3118
f 3034//3119 2864//3119 3023//3119
f 3035//3120 3024//3120 2865//3120
f 2986//3121 3016//3121 2967//3121
f 2987//3122 2968//3122 3017//3122
f 2993//3123 2991//3123 2957//3123
f 2992//3124 2958//3124 2994//3124
f 2905//3125 2892//3125 3106//3125
f 2906//3126 3106//3126 2892//3126
f 2977//3127 3012//3127 3000//3127
f 2965//3128 2983//3128 3047//3128
f 2966//3129 2984//3129 3047//3129
f 3018//3130 3010//3130 2981//3130
f 3019//3131 3011//3131 2982//3131
f 2995//3132 3000//3132 3012//3132
f 2996//3133 3013//3133 3001//3133
f 3005//3134 3071//3134 2907//3134
f 3006//3135 3071//3135 2908//3135
f 2905//3136 3106//3136 2928//3136
f 2906//3137 3106//3137 2929//3137
f 3037//3138 2933//3138 3061//3138
f 3038//3139 2934//3139 3062//3139
f 3106//3140 2928//3140 2955//3140
f 2956//3141 3106//3141 2929//3141
f 2969//3142 3106//3142 2955//3142
f 2969//3143 3106//3143 2956//3143
f 3059//3144 2933//3144 3061//3144
f 3060//3145 2934//3145 3062//3145
f 2853//3146 3144//3146 2822//3146
f 2854//3147 3145//3147 2823//3147
f 3072//3148 3047//3148 2983//3148
f 3047//3149 3072//3149 2984//3149
f 2853//3150 3144//3150 2828//3150
f 2854//3151 3145//3151 2829//3151
f 3010//3152 3097//3152 2981//3152
f 3011//3153 2982//3153 3097//3153
f 3050//3154 3054//3154 3031//3154
f 3054//2635 3051//2635 3031//2635
f 3048//3155 2981//3155 3097//3155
f 3097//3156 3049//3156 2982//3156
f 3032//3157 3097//3157 3010//3157
f 3033//3158 3097//3158 3011//3158
f 3126//3159 2979//3159 2973//3159
f 3126//3160 2980//3160 2973//3160
f 2979//3161 3126//3161 2988//3161
f 2980//3162 3126//3162 2989//3162
f 3126//3163 2993//3163 2988//3163
f 2994//3164 3126//3164 2980//3164
f 3097//3165 3032//3165 3039//3165
f 3040//3166 3097//3166 3033//3166
f 3126//3167 2993//3167 2999//3167
f 3126//3168 2999//3168 2994//3168
f 3098//3169 3050//3169 3045//3169
f 3051//3170 3099//3170 3046//3170
f 3078//3171 3067//3171 3048//3171
f 3049//3172 3078//3172 3068//3172
f 3025//3173 2822//3173 3144//3173
f 3026//3174 2823//3174 3145//3174
f 3025//3175 2828//3175 3144//3175
f 3026//3176 2829//3176 3145//3176
f 3050//3177 3054//3177 3098//3177
f 3048//3178 3078//3178 3097//3178
f 3049//3179 3097//3179 3078//3179
f 3095//3180 3065//3180 3092//3180
f 3096//3181 3093//3181 3066//3181
f 3083//3182 3120//3182 3063//3182
f 3084//3183 3064//3183 3120//3183
f 3083//3184 3100//3184 3120//3184
f 3084//3185 3101//3185 3120//3185
f 3108//3186 3100//3186 3120//3186
f 3108//3187 3120//3187 3101//3187
f 3123//3188 3121//3188 3113//3188
f 3123//3189 3113//3189 3122//3189
f 3129//3190 3116//3190 3134//3190
f 3130//3191 3135//3191 3117//3191
f 3129//3192 3134//3192 3136//3192
f 3135//3193 3130//3193 3136//3193
f 3137//3194 3134//3194 3136//3194
f 3136//3195 3137//3195 3135//3195
f 3140//3196 3152//3196 3150//3196
f 3141//3197 3153//3197 3151//3197
f 309//3198 246//3198 228//3198
f 1580//3199 637//3199 265//3199
f 725//3200 1812//3200 411//3200
f 1032//3201 970//3201 951//3201
f 1338//3202 1336//3202 1200//3202
f 1452//3203 1292//3203 1574//3203
f 1630//3204 1821//3204 2001//3204
f 1643//3205 1935//3205 2098//3205
f 1644//3206 1936//3206 2099//3206
f 2563//3207 2614//3207 2397//3207
f 2880//3208 2765//3208 2677//3208
f 2881//3209 2678//3209 2766//3209
f 2903//3210 2915//3210 2720//3210
f 2916//3211 2904//3211 2721//3211
f 3005//3212 2893//3212 2860//3212
f 416//3213 347//3213 271//3213 323//3213
f 1545//3214 1686//3214 1832//3214
f 1941//3215 2256//3215 1832//3215
f 2257//3216 2172//3216 1588//3216
f 2128//3217 2134//3217 2624//3217
f 2892//3218 2905//3218 2910//3218
f 3132//3219 3125//3219 3117//3219 3133//3219
f 3122//3220 3123//3220 3135//3220
f 1373//3221 400//3221 1072//3221
f 1519//3222 1698//3222 1724//3222
f 2129//3223 2135//3223 2625//3223
f 227//3224 432//3224 698//3224
f 1372//3225 399//3225 1071//3225
f 1766//3226 1832//3226 1419//3226
f 2967//3227 2882//3227 2919//3227
f 2938//3228 2968//3228 2873//3228
f 226//3229 431//3229 697//3229
f 945//3230 1593//3230 168//3230
f 1520//3231 1699//3231 1725//3231
f 1437//3232 1963//3232 2241//3232
f 1964//3233 1438//3233 2242//3233
f 1567//3234 2478//3234 2160//3234
f 2653//3235 2649//3235 1731//3235
f 2654//3236 1732//3236 2650//3236
f 1858//3237 1758//3237 3025//3237
f 2643//3238 2614//3238 2659//3238 2621//3238
f 2659//3239 2614//3239 2716//3239
f 2737//3240 2643//3240 2771//3240
f 2738//3241 2644//3241 2772//3241
f 2662//3242 2615//3242 2622//3242 2644//3242
f 2901//3243 2889//3243 2866//3243
f 2889//2764 2867//2764 2901//2764
f 2910//3244 2701//3244 2678//3244 2881//3244
f 2892//3245 2910//3245 2701//3245 2745//3245
f 3020//3246 2957//3246 2991//3246
f 2958//3247 2992//3247 3020//3247
f 2537//3248 2687//3248 2691//3248 2602//3248
f 2536//3249 2686//3249 2690//3249 2601//3249
f 493//3250 1555//3250 1696//3250
f 1696//3251 1555//3251 2726//3251
f 2727//3252 1697//3252 1520//3252
f 1520//3253 494//3253 1697//3253
f 415//3254 322//3254 270//3254 346//3254
f 346//3255 527//3255 415//3255
