# Reconstructed (polygon-aware; supports triangles, quads, etc.)
v 0.004639 -0.108545 -0.659619
v -0.179053 0.403564 -0.659619
v -0.173486 0.511182 -0.654053
v -0.077002 0.386865 -0.639209
v -0.058447 0.488916 -0.635498
v -0.225439 0.392432 -0.628076
v 0.058447 0.466650 -0.626221
v 0.017627 0.359033 -0.624365
v -0.186475 0.286670 -0.622510
v 0.097412 0.600244 -0.620654
v -0.247705 0.500049 -0.618799
v -0.171631 0.646631 -0.616943
v -0.075146 0.025049 -0.607666
v -0.038037 0.620654 -0.603955
v -0.238428 0.386865 -0.602100
v -0.119678 0.266260 -0.600244
v -0.019482 0.232861 -0.600244
v 0.008350 -0.117822 -0.596533
v -0.151221 0.192041 -0.583545
v 0.013916 -0.149365 -0.583545
v -0.008350 -0.132666 -0.579834
v -0.269971 0.611377 -0.579834
v -0.028760 0.171631 -0.577978
v -0.269971 0.483350 -0.574268
v -0.097412 0.082568 -0.572412
v 0.012061 -0.114111 -0.570557
v -0.171631 0.765381 -0.566846
v 0.121533 0.720850 -0.563135
v -0.023193 -0.180908 -0.557568
v -0.019482 0.733838 -0.550146
v -0.143799 0.075146 -0.546436
v 0.041748 0.097412 -0.544580
v -0.036182 -0.164209 -0.544580
v 0.032471 -0.147510 -0.544580
v -0.299658 0.360889 -0.544580
v -0.264404 0.260693 -0.539014
v -0.110400 0.088135 -0.537158
v 0.064014 0.164209 -0.535303
v -0.279248 0.706006 -0.531592
v -0.034326 0.080713 -0.529736
v -0.214307 0.164209 -0.526025
v 0.205029 0.544580 -0.522314
v 0.091846 0.243994 -0.520459
v 0.156787 0.435107 -0.518604
v -0.023193 -0.141943 -0.516748
v 0.112256 0.325635 -0.514893
v -0.288525 0.572412 -0.514893
v 0.026904 0.077002 -0.513037
v -0.329346 0.453662 -0.505615
v 0.095557 0.147510 -0.503760
v -0.154932 0.086279 -0.490771
v 0.141943 0.826611 -0.488916
v 0.002783 -0.082568 -0.483350
v 0.080713 0.216162 -0.477783
v 0.047314 -0.130811 -0.475928
v -0.013916 -0.188330 -0.475928
v -0.069580 0.012061 -0.475928
v -0.299658 0.644775 -0.464795
v -0.025049 -0.038037 -0.464795
v -0.000928 0.834033 -0.461084
v -0.039893 -0.106689 -0.461084
v 0.069580 0.141943 -0.461084
v 0.026904 -0.004639 -0.459229
v 0.151221 0.234717 -0.459229
v 0.238428 0.665186 -0.459229
v -0.058447 -0.192041 -0.453662
v -0.216162 0.145654 -0.451807
v -0.153076 0.867432 -0.449951
v 0.184619 0.325635 -0.446240
v 0.047314 -0.080713 -0.442529
v -0.192041 0.091846 -0.433252
v -0.338623 0.552002 -0.425830
v -0.130811 0.013916 -0.423975
v -0.075146 -0.054736 -0.422119
v 0.004639 -0.179053 -0.420264
v -0.266260 0.234717 -0.418408
v 0.064014 0.088135 -0.416553
v -0.080713 -0.143799 -0.409131
v -0.269971 0.809912 -0.409131
v 0.227295 0.503760 -0.401709
v 0.091846 0.219873 -0.399854
v -0.268115 0.357178 -0.392432
v 0.060303 -0.017627 -0.388721
v 0.052881 -0.110400 -0.386865
v -0.071436 -0.182764 -0.377588
v -0.000928 0.218018 -0.368311
v -0.247705 0.093701 -0.366455
v 0.112256 0.318213 -0.366455
v -0.284814 0.702295 -0.355322
v -0.117822 -0.086279 -0.355322
v 0.026904 0.333057 -0.351611
v -0.162354 0.010205 -0.349756
v 0.147510 0.880420 -0.346045
v -0.086279 -0.154932 -0.340479
v 0.002783 0.095557 -0.336768
v 0.242139 0.574268 -0.336768
v 0.121533 0.401709 -0.334912
v 0.232861 0.759814 -0.327490
v -0.312647 0.639209 -0.327490
v 0.028760 -0.112256 -0.323779
v -0.247705 0.446240 -0.323779
v -0.214307 0.223584 -0.318213
v 0.012061 -0.012061 -0.312647
v -0.199463 0.104834 -0.310791
v 0.138232 0.472217 -0.308936
v -0.208740 0.327490 -0.307080
v 0.015772 0.898975 -0.305225
v -0.104834 0.223584 -0.299658
v -0.045459 -0.106689 -0.297803
v 0.102979 0.461084 -0.295947
v -0.091846 0.104834 -0.294092
v -0.141943 -0.086279 -0.294092
v -0.197607 0.002783 -0.288525
v -0.173486 0.422119 -0.281103
v -0.095557 0.331201 -0.281103
v -0.130811 0.919385 -0.275537
v -0.056592 -0.002783 -0.269971
v -0.225439 0.505615 -0.269971
v 0.127100 0.529736 -0.266260
v 0.232861 0.628076 -0.255127
v -0.067725 0.433252 -0.251416
v -0.164209 0.470361 -0.247705
v -0.260693 0.741260 -0.243994
v -0.231006 0.856299 -0.242139
v -0.288525 0.670752 -0.229150
v -0.045459 0.501904 -0.218018
v -0.199463 0.548291 -0.218018
v -0.153076 0.518604 -0.214307
v 0.136377 0.885986 -0.186475
v 0.000928 0.423975 -0.182764
v 0.000928 0.253272 -0.175342
v -0.034326 0.566846 -0.167920
v 0.028760 0.898975 -0.166064
v -0.140088 0.587256 -0.153076
v -0.145654 0.423975 -0.153076
v 0.149365 0.423975 -0.153076
v 0.195752 0.629932 -0.140088
v -0.231006 0.680029 -0.140088
v -0.145654 0.253272 -0.140088
v 0.147510 0.253272 -0.140088
v -0.214307 0.757959 -0.134521
v 0.212451 0.737549 -0.132666
v -0.097412 0.915674 -0.130811
v -0.010205 0.581689 -0.121533
v -0.188330 0.861865 -0.121533
v 0.000928 0.086279 -0.112256
v -0.095557 0.596533 -0.110400
v 0.000928 0.594678 -0.102979
v 0.110400 0.607666 -0.097412
v -0.143799 0.572412 -0.082568
v 0.145654 0.572412 -0.082568
v -0.175342 0.659619 -0.078857
v -0.136377 0.089990 -0.078857
v 0.138232 0.089990 -0.078857
v -0.284814 0.420264 -0.077002
v 0.286670 0.420264 -0.077002
v -0.286670 0.255127 -0.067725
v 0.288525 0.255127 -0.067725
v -0.151221 0.639209 -0.065869
v -0.169775 0.728271 -0.054736
v -0.138232 0.949072 -0.052881
v 0.138232 0.949072 -0.052881
v -0.002783 0.544580 -0.051025
v 0.125244 0.809912 -0.051025
v -0.089990 0.941650 -0.049170
v 0.089990 0.941650 -0.049170
v -0.149365 0.919385 -0.045459
v 0.149365 0.919385 -0.045459
v -0.203174 0.941650 -0.043604
v 0.203174 0.941650 -0.043604
v 0.000928 -0.516748 -0.043604
v -0.054736 0.919385 -0.039893
v 0.054736 0.919385 -0.039893
v 0.089990 0.564990 -0.038037
v -0.043604 -0.527881 -0.034326
v 0.043604 -0.527881 -0.034326
v -0.099268 0.563135 -0.034326
v -0.149365 0.930518 -0.032471
v 0.149365 0.930518 -0.032471
v -0.275537 0.524170 -0.030615
v 0.277393 0.524170 -0.030615
v 0.151221 0.681885 -0.030615
v -0.253271 0.915674 -0.026904
v 0.253272 0.915674 -0.026904
v -0.145654 0.678174 -0.026904
v -0.145654 0.789502 -0.026904
v 0.019482 0.828467 -0.026904
v -0.078857 -0.542725 -0.021338
v 0.078857 -0.542725 -0.021338
v -0.075146 0.843311 -0.017627
v -0.043604 0.880420 -0.017627
v 0.043604 0.880420 -0.017627
v -0.260693 0.097412 -0.013916
v 0.262549 0.097412 -0.013916
v -0.173486 0.856299 -0.012061
v 0.173486 0.856299 -0.012061
v -0.281103 0.891553 -0.012061
v 0.281104 0.891553 -0.012061
v -0.082568 -0.568701 -0.004639
v 0.082568 -0.568701 -0.004639
v -0.058447 -0.585400 0.002783
v 0.058447 -0.585400 0.002783
v -0.060303 0.845166 0.002783
v 0.060303 0.845166 0.002783
v 0.000928 -0.475928 0.004639
v -0.141943 0.596533 0.006494
v -0.025049 -0.594678 0.006494
v 0.025049 -0.594678 0.006494
v -0.038037 -0.485205 0.012061
v 0.038037 -0.485205 0.012061
v -0.310791 0.848877 0.012061
v 0.310791 0.848877 0.012061
v -0.166064 -0.542725 0.012061
v 0.166064 -0.542725 0.012061
v -0.104834 0.720850 0.012061
v -0.173486 0.867432 0.013916
v 0.173486 0.867432 0.013916
v -0.036182 -0.618799 0.015772
v 0.036182 -0.618799 0.015772
v 0.104834 0.728271 0.017627
v 0.000928 -0.058447 0.019482
v 0.000928 0.685596 0.021338
v -0.149365 -0.568701 0.021338
v 0.149365 -0.568701 0.021338
v -0.065869 -0.498193 0.025049
v 0.065869 -0.498193 0.025049
v -0.065869 -0.639209 0.025049
v 0.065869 -0.639209 0.025049
v -0.201318 -0.527881 0.026904
v 0.201318 -0.527881 0.026904
v -0.184619 0.787646 0.026904
v 0.184619 0.787646 0.026904
v -0.078857 0.798779 0.028760
v 0.078857 0.798779 0.028760
v -0.132666 0.674463 0.036182
v 0.134521 0.674463 0.036182
v -0.106689 -0.650342 0.036182
v 0.106689 -0.650342 0.036182
v -0.060303 0.743115 0.036182
v -0.310791 0.804346 0.038037
v 0.310791 0.804346 0.038037
v -0.151221 0.635498 0.038037
v -0.091846 -0.049170 0.038037
v 0.093701 -0.049170 0.038037
v 0.012061 0.744971 0.038037
v 0.119678 0.637353 0.041748
v -0.162354 -0.585400 0.041748
v 0.162353 -0.585400 0.041748
v -0.073291 -0.529736 0.043604
v 0.073291 -0.529736 0.043604
v -0.077002 0.765381 0.049170
v 0.077002 0.765381 0.049170
v -0.238428 -0.516748 0.049170
v 0.238428 -0.516748 0.049170
v -0.051025 -0.550146 0.051025
v 0.051025 -0.550146 0.051025
v -0.184619 0.798779 0.052881
v 0.184619 0.798779 0.052881
v -0.143799 -0.498193 0.054736
v 0.143799 -0.498193 0.054736
v -0.160498 0.735693 0.056592
v 0.160498 0.735693 0.056592
v -0.140088 -0.639209 0.056592
v 0.140088 -0.639209 0.056592
v -0.000928 0.741260 0.058447
v -0.051025 0.746826 0.058447
v 0.051025 0.746826 0.058447
v -0.286670 0.765381 0.058447
v 0.286670 0.765381 0.058447
v -0.030615 -0.566846 0.058447
v 0.030615 -0.566846 0.058447
v -0.021338 0.739404 0.060303
v 0.021338 0.739404 0.060303
v -0.000928 0.715283 0.060303
v -0.102979 0.724561 0.060303
v 0.102979 0.724561 0.060303
v -0.054736 0.718994 0.062158
v 0.054736 0.718994 0.062158
v -0.023193 0.715283 0.062158
v 0.023193 0.715283 0.062158
v 0.000928 -0.453662 0.062158
v -0.125244 -0.529736 0.062158
v 0.125244 -0.529736 0.062158
v -0.169775 -0.485205 0.065869
v 0.169775 -0.485205 0.065869
v -0.028760 -0.459229 0.067725
v 0.028760 -0.459229 0.067725
v -0.166064 -0.618799 0.067725
v 0.166064 -0.618799 0.067725
v -0.182764 -0.594678 0.069580
v 0.182764 -0.594678 0.069580
v -0.210596 -0.025049 0.069580
v 0.212451 -0.025049 0.069580
v -0.056592 -0.590967 0.071436
v 0.056592 -0.590967 0.071436
v -0.160498 0.748682 0.071436
v 0.160498 0.748682 0.071436
v 0.095557 0.667041 0.071436
v -0.249561 0.737549 0.071436
v 0.249561 0.737549 0.071436
v -0.102979 0.668896 0.071436
v -0.249561 0.641064 0.073291
v 0.251416 0.641064 0.073291
v 0.000928 0.010205 0.075146
v 0.000928 0.728271 0.075146
v -0.102979 0.735693 0.075146
v 0.102979 0.735693 0.075146
v 0.000928 0.711572 0.075146
v -0.054736 0.730127 0.075146
v 0.054736 0.730127 0.075146
v -0.023193 0.711572 0.075146
v 0.023193 0.711572 0.075146
v -0.023193 0.726416 0.075146
v 0.023193 0.726416 0.075146
v -0.051025 -0.470361 0.077002
v 0.051025 -0.470361 0.077002
v -0.117822 0.718994 0.077002
v 0.117822 0.718994 0.077002
v -0.058447 0.713428 0.077002
v 0.058447 0.713428 0.077002
v -0.370166 0.431396 0.078857
v 0.372021 0.431396 0.078857
v -0.379443 0.273682 0.078857
v 0.381299 0.273682 0.078857
v -0.088135 -0.590967 0.078857
v 0.088135 -0.590967 0.078857
v -0.197607 0.720850 0.078857
v 0.197607 0.720850 0.078857
v -0.193896 -0.475928 0.084424
v 0.193896 -0.475928 0.084424
v -0.136377 -0.550146 0.084424
v 0.136377 -0.550146 0.084424
v 0.012061 0.691162 0.089990
v -0.060303 -0.496338 0.091846
v 0.060303 -0.496338 0.091846
v -0.056592 0.693018 0.091846
v -0.273682 -0.527881 0.093701
v 0.273682 -0.527881 0.093701
v -0.117822 -0.590967 0.095557
v 0.117822 -0.590967 0.095557
v -0.162354 0.015772 0.095557
v 0.162353 0.015772 0.095557
v -0.041748 -0.514893 0.097412
v 0.041748 -0.514893 0.097412
v -0.145654 -0.566846 0.102979
v 0.145654 -0.566846 0.102979
v -0.030615 -0.524170 0.104834
v 0.030615 -0.524170 0.104834
v -0.121533 -0.470361 0.104834
v 0.121533 -0.470361 0.104834
v -0.301514 0.290381 0.106689
v 0.301514 0.290381 0.106689
v -0.102979 -0.496338 0.108545
v 0.102979 -0.496338 0.108545
v -0.221729 -0.594678 0.108545
v 0.221729 -0.594678 0.108545
v -0.049170 -0.535303 0.112256
v 0.049170 -0.535303 0.112256
v -0.140088 -0.459229 0.112256
v 0.140088 -0.459229 0.112256
v -0.342334 0.140088 0.114111
v 0.344189 0.140088 0.114111
v -0.073291 -0.535303 0.117822
v 0.073291 -0.535303 0.117822
v -0.221729 -0.485205 0.121533
v 0.221729 -0.485205 0.121533
v -0.212451 -0.618799 0.123389
v 0.212451 -0.618799 0.123389
v -0.110400 -0.514893 0.125244
v 0.110400 -0.514893 0.125244
v 0.000928 -0.442529 0.125244
v -0.156787 -0.453662 0.127100
v 0.156787 -0.453662 0.127100
v -0.288525 -0.542725 0.127100
v 0.288525 -0.542725 0.127100
v -0.015772 -0.446240 0.127100
v 0.015772 -0.446240 0.127100
v -0.093701 -0.535303 0.128955
v 0.093701 -0.535303 0.128955
v -0.251416 -0.585400 0.130811
v 0.251416 -0.585400 0.130811
v 0.000928 -0.095557 0.130811
v -0.026904 -0.453662 0.132666
v 0.026904 -0.453662 0.132666
v -0.114111 -0.524170 0.136377
v 0.114111 -0.524170 0.136377
v -0.038037 -0.466650 0.138232
v 0.038037 -0.466650 0.138232
v -0.004639 -0.119678 0.140088
v 0.006494 -0.119678 0.140088
v -0.049170 -0.093701 0.141943
v 0.051025 -0.093701 0.141943
v -0.277393 -0.568701 0.141943
v 0.277393 -0.568701 0.141943
v -0.030615 -0.479639 0.143799
v 0.030615 -0.479639 0.143799
v -0.218018 -0.639209 0.143799
v 0.218018 -0.639209 0.143799
v -0.026904 -0.117822 0.149365
v 0.028760 -0.117822 0.149365
v -0.238428 -0.498193 0.149365
v 0.238428 -0.498193 0.149365
v -0.192041 -0.566846 0.149365
v 0.192041 -0.566846 0.149365
v -0.043604 -0.492627 0.149365
v 0.043604 -0.492627 0.149365
v -0.045459 -0.112256 0.153076
v 0.047314 -0.112256 0.153076
v -0.060303 -0.492627 0.153076
v 0.060303 -0.492627 0.153076
v -0.303369 0.043604 0.153076
v 0.305225 0.043604 0.153076
v -0.173486 -0.459229 0.153076
v 0.173486 -0.459229 0.153076
v 0.000928 -0.080713 0.153076
v -0.106689 -0.082568 0.154932
v 0.108545 -0.082568 0.154932
v -0.333057 0.574268 0.156787
v 0.334912 0.574268 0.156787
v -0.216162 -0.550146 0.158643
v 0.216162 -0.550146 0.158643
v -0.089990 -0.466650 0.158643
v 0.089990 -0.466650 0.158643
v -0.019482 -0.140088 0.158643
v 0.021338 -0.140088 0.158643
v -0.102979 -0.453662 0.160498
v 0.102979 -0.453662 0.160498
v -0.108545 -0.099268 0.162353
v 0.110400 -0.099268 0.162353
v -0.075146 -0.106689 0.162353
v 0.077002 -0.106689 0.162353
v 0.000928 -0.438818 0.162353
v -0.075146 -0.492627 0.162353
v 0.075146 -0.492627 0.162353
v -0.012061 -0.444385 0.164209
v 0.012061 -0.444385 0.164209
v -0.112256 -0.075146 0.166064
v 0.112256 -0.075146 0.166064
v -0.114111 -0.446240 0.166064
v 0.114111 -0.446240 0.166064
v -0.136377 -0.069580 0.166064
v 0.138232 -0.069580 0.166064
v -0.232861 0.689307 0.167920
v 0.234717 0.689307 0.167920
v -0.089990 -0.479639 0.167920
v 0.089990 -0.479639 0.167920
v -0.238428 -0.529736 0.169775
v 0.238428 -0.529736 0.169775
v -0.023193 -0.459229 0.169775
v 0.023193 -0.459229 0.169775
v -0.119678 0.735693 0.169775
v 0.121533 0.735693 0.169775
v -0.121533 -0.088135 0.169775
v 0.123389 -0.088135 0.169775
v -0.134521 -0.086279 0.171631
v 0.136377 -0.086279 0.171631
v -0.036182 -0.475928 0.173486
v 0.036182 -0.475928 0.173486
v -0.182764 -0.468506 0.173486
v 0.182764 -0.468506 0.173486
v -0.123389 -0.446240 0.173486
v 0.123389 -0.446240 0.173486
v -0.052881 -0.475928 0.175342
v 0.052881 -0.475928 0.175342
v -0.199463 -0.592822 0.175342
v 0.199463 -0.592822 0.175342
v -0.056592 -0.130811 0.177197
v 0.058447 -0.130811 0.177197
v 0.000928 0.744971 0.179053
v -0.162354 -0.524170 0.182764
v 0.162353 -0.524170 0.182764
v -0.119678 -0.110400 0.182764
v 0.121533 -0.110400 0.182764
v -0.396143 0.435107 0.182764
v 0.397998 0.435107 0.182764
v -0.149365 -0.077002 0.184619
v 0.151221 -0.077002 0.184619
v -0.173486 -0.514893 0.186475
v 0.173486 -0.514893 0.186475
v -0.067725 -0.475928 0.186475
v 0.067725 -0.475928 0.186475
v -0.225439 -0.650342 0.186475
v 0.225439 -0.650342 0.186475
v -0.182764 -0.054736 0.186475
v 0.184619 -0.054736 0.186475
v -0.240283 0.023193 0.186475
v 0.240283 0.023193 0.186475
v -0.132666 -0.446240 0.186475
v 0.132666 -0.446240 0.186475
v -0.080713 -0.459229 0.190185
v 0.080713 -0.459229 0.190185
v -0.151221 -0.097412 0.192041
v 0.153076 -0.097412 0.192041
v 0.000928 -0.444385 0.192041
v -0.008350 -0.446240 0.192041
v 0.008350 -0.446240 0.192041
v 0.360889 0.102979 0.192041
v -0.396143 0.288525 0.192041
v 0.397998 0.288525 0.192041
v -0.188330 -0.496338 0.192041
v 0.188330 -0.496338 0.192041
v -0.123389 -0.919385 0.193896
v 0.123389 -0.919385 0.193896
v -0.093701 -0.446240 0.195752
v 0.093701 -0.446240 0.195752
v 0.000928 -0.225439 0.195752
v -0.121533 -0.949072 0.197607
v 0.121533 -0.949072 0.197607
v -0.136377 -0.453662 0.197607
v 0.136377 -0.453662 0.197607
v -0.125244 -0.887842 0.199463
v 0.125244 -0.887842 0.199463
v -0.125244 -0.861865 0.199463
v 0.125244 -0.861865 0.199463
v -0.125244 -0.834033 0.199463
v 0.125244 -0.834033 0.199463
v -0.125244 -0.821045 0.199463
v 0.125244 -0.821045 0.199463
v -0.054736 -0.212451 0.201318
v 0.054736 -0.212451 0.201318
v -0.169775 -0.535303 0.201318
v 0.169775 -0.535303 0.201318
v -0.101123 -0.442529 0.201318
v 0.101123 -0.442529 0.201318
v -0.121533 -0.785791 0.203174
v 0.121533 -0.785791 0.203174
v -0.045459 -0.474072 0.203174
v 0.045459 -0.474072 0.203174
v -0.216162 -0.590967 0.205029
v 0.216162 -0.590967 0.205029
v -0.071436 -0.229150 0.205029
v 0.071436 -0.229150 0.205029
v -0.154932 -0.919385 0.206885
v 0.154932 -0.919385 0.206885
v -0.043604 -0.501904 0.206885
v 0.043604 -0.501904 0.206885
v -0.299658 0.123389 0.206885
v 0.299658 0.123389 0.206885
v -0.028760 -0.229150 0.206885
v 0.028760 -0.229150 0.206885
v -0.305225 -0.568701 0.206885
v 0.305225 -0.568701 0.206885
v -0.407275 -0.449951 0.208740
v 0.407275 -0.449951 0.208740
v -0.154932 -0.949072 0.208740
v 0.154932 -0.949072 0.208740
v 0.396143 0.177197 0.208740
v -0.099268 -0.232861 0.208740
v 0.099268 -0.232861 0.208740
v 0.000928 -0.229150 0.208740
v -0.446240 -0.451807 0.208740
v 0.446240 -0.451807 0.208740
v -0.435107 -0.462939 0.208740
v 0.435107 -0.462939 0.208740
v -0.130811 -0.479639 0.208740
v 0.130811 -0.479639 0.208740
v -0.416553 -0.435107 0.208740
v 0.416553 -0.435107 0.208740
v -0.106689 -0.446240 0.210596
v 0.106689 -0.446240 0.210596
v -0.138232 -0.468506 0.210596
v 0.138232 -0.468506 0.210596
v -0.084424 -0.446240 0.210596
v 0.084424 -0.446240 0.210596
v -0.461084 -0.470361 0.210596
v 0.461084 -0.470361 0.210596
v -0.114111 -0.234717 0.210596
v 0.114111 -0.234717 0.210596
v 0.000928 -0.475928 0.210596
v -0.156787 -0.889697 0.210596
v 0.156787 -0.889697 0.210596
v -0.474072 -0.490771 0.210596
v 0.474072 -0.490771 0.210596
v -0.451807 -0.479639 0.210596
v 0.451807 -0.479639 0.210596
v -0.327490 -0.542725 0.210596
v 0.327490 -0.542725 0.210596
v 0.000928 -0.179053 0.212451
v 0.000928 -0.282959 0.212451
v -0.095557 -0.887842 0.212451
v 0.095557 -0.887842 0.212451
v -0.464795 -0.496338 0.212451
v 0.464795 -0.496338 0.212451
v -0.030615 -0.281103 0.212451
v 0.030615 -0.281103 0.212451
v -0.479639 -0.496338 0.212451
v 0.479639 -0.496338 0.212451
v -0.091846 -0.921240 0.212451
v 0.091846 -0.921240 0.212451
v -0.154932 -0.861865 0.212451
v 0.154932 -0.861865 0.212451
v -0.336768 -0.392432 0.212451
v 0.336768 -0.392432 0.212451
v -0.470361 -0.498193 0.212451
v 0.470361 -0.498193 0.212451
v -0.093701 -0.861865 0.214307
v 0.093701 -0.861865 0.214307
v -0.089990 -0.444385 0.214307
v 0.089990 -0.444385 0.214307
v -0.128955 -0.247705 0.214307
v 0.128955 -0.247705 0.214307
v 0.000928 -0.308936 0.214307
v -0.045459 -0.453662 0.214307
v 0.045459 -0.453662 0.214307
v 0.000928 -0.503760 0.214307
v -0.091846 -0.845166 0.214307
v 0.091846 -0.845166 0.214307
v -0.156787 -0.834033 0.214307
v 0.156787 -0.834033 0.214307
v -0.114111 -0.737549 0.214307
v 0.114111 -0.737549 0.214307
v -0.106689 -0.182764 0.216162
v 0.106689 -0.182764 0.216162
v -0.158643 -0.821045 0.216162
v -0.086279 -0.821045 0.216162
v 0.086279 -0.821045 0.216162
v 0.158643 -0.821045 0.216162
v -0.034326 -0.310791 0.216162
v 0.034326 -0.310791 0.216162
v -0.026904 -0.175342 0.216162
v 0.026904 -0.175342 0.216162
v -0.095557 -0.949072 0.218018
v 0.095557 -0.949072 0.218018
v 0.000928 -0.336768 0.218018
v -0.318213 -0.377588 0.218018
v 0.318213 -0.377588 0.218018
v 0.000928 -0.455518 0.218018
v -0.260693 -0.529736 0.218018
v 0.260693 -0.529736 0.218018
v 0.000928 -0.423975 0.218018
v -0.364600 0.160498 0.218018
v 0.366455 0.175342 0.218018
v -0.051025 -0.448096 0.218018
v 0.051025 -0.448096 0.218018
v -0.355322 -0.409131 0.219873
v 0.355322 -0.409131 0.219873
v -0.479639 -0.487061 0.219873
v 0.479639 -0.487061 0.219873
v -0.466650 -0.466650 0.219873
v 0.466650 -0.466650 0.219873
v -0.080713 -0.785791 0.219873
v 0.080713 -0.785791 0.219873
v -0.093701 -0.446240 0.219873
v 0.093701 -0.446240 0.219873
v -0.043604 -0.423975 0.219873
v 0.043604 -0.423975 0.219873
v -0.036182 -0.338623 0.219873
v 0.036182 -0.338623 0.219873
v -0.256982 -0.357178 0.219873
v 0.256982 -0.357178 0.219873
v -0.106689 -0.713428 0.219873
v 0.106689 -0.713428 0.219873
v -0.481494 -0.496338 0.219873
v 0.481494 -0.496338 0.219873
v -0.253271 -0.307080 0.219873
v 0.253272 -0.307080 0.219873
v -0.449951 -0.448096 0.219873
v 0.449951 -0.448096 0.219873
v -0.158643 -0.785791 0.219873
v 0.158643 -0.785791 0.219873
v -0.028760 -0.446240 0.219873
v 0.028760 -0.446240 0.219873
v -0.448096 -0.483350 0.219873
v 0.448096 -0.483350 0.219873
v -0.433252 -0.470361 0.221729
v 0.433252 -0.470361 0.221729
v -0.370166 -0.429541 0.221729
v 0.370166 -0.429541 0.221729
v -0.184619 -0.535303 0.221729
v 0.184619 -0.535303 0.221729
v -0.147510 -0.262549 0.221729
v 0.147510 -0.262549 0.221729
v -0.012061 -0.448096 0.221729
v 0.012061 -0.448096 0.221729
v 0.000928 -0.385010 0.221729
v -0.279248 -0.327490 0.221729
v 0.279248 -0.327490 0.221729
v 0.000928 -0.448096 0.221729
v -0.461084 -0.500049 0.221729
v 0.461084 -0.500049 0.221729
v -0.401709 -0.461084 0.221729
v 0.401709 -0.461084 0.221729
v -0.379443 -0.418408 0.221729
v 0.379443 -0.418408 0.221729
v -0.173486 -0.077002 0.221729
v 0.173486 -0.077002 0.221729
v -0.093701 -0.186475 0.221729
v 0.093701 -0.186475 0.221729
v -0.112256 -0.459229 0.221729
v 0.112256 -0.459229 0.221729
v -0.470361 -0.500049 0.221729
v 0.470361 -0.500049 0.221729
v -0.136377 -0.492627 0.221729
v 0.136377 -0.492627 0.221729
v 0.000928 -0.173486 0.223584
v 0.399854 0.158643 0.223584
v -0.062158 -0.448096 0.223584
v 0.062158 -0.448096 0.223584
v -0.025049 -0.177197 0.223584
v 0.025049 -0.177197 0.223584
v -0.039893 -0.385010 0.223584
v 0.039893 -0.385010 0.223584
v -0.117822 -0.195752 0.223584
v 0.117822 -0.195752 0.223584
v -0.064014 -0.179053 0.223584
v 0.064014 -0.179053 0.223584
v -0.303369 0.205029 0.223584
v 0.303369 0.205029 0.223584
v -0.425830 -0.429541 0.223584
v 0.425830 -0.429541 0.223584
v -0.141943 -0.218018 0.223584
v 0.141943 -0.218018 0.223584
v -0.236572 -0.299658 0.223584
v 0.236572 -0.299658 0.223584
v -0.229150 -0.336768 0.225439
v 0.229150 -0.336768 0.225439
v -0.095557 -0.667041 0.225439
v 0.095557 -0.667041 0.225439
v -0.041748 -0.531592 0.225439
v 0.041748 -0.531592 0.225439
v -0.162354 -0.234717 0.227295
v 0.162353 -0.234717 0.227295
v -0.273682 0.012061 0.227295
v 0.275537 0.012061 0.227295
v -0.357178 -0.370166 0.227295
v 0.357178 -0.370166 0.227295
v -0.294092 -0.381299 0.227295
v 0.294092 -0.381299 0.227295
v -0.269971 -0.498193 0.227295
v 0.269971 -0.498193 0.227295
v -0.177197 -0.949072 0.227295
v 0.177197 -0.949072 0.227295
v -0.318213 -0.416553 0.227295
v 0.318213 -0.416553 0.227295
v -0.218018 -0.323779 0.227295
v 0.218018 -0.323779 0.227295
v -0.088135 -0.605811 0.227295
v 0.088135 -0.605811 0.227295
v -0.242139 -0.639209 0.229150
v 0.242139 -0.639209 0.229150
v -0.075146 -0.739404 0.229150
v 0.075146 -0.739404 0.229150
v -0.021338 -0.169775 0.229150
v 0.021338 -0.169775 0.229150
v -0.045459 -0.169775 0.229150
v 0.045459 -0.169775 0.229150
v -0.316357 -0.357178 0.229150
v 0.316357 -0.357178 0.229150
v -0.082568 -0.281103 0.229150
v 0.082568 -0.281103 0.229150
v -0.479639 -0.494482 0.231006
v 0.479639 -0.494482 0.231006
v -0.346045 -0.416553 0.231006
v 0.346045 -0.416553 0.231006
v -0.336768 -0.357178 0.231006
v 0.336768 -0.357178 0.231006
v -0.475928 -0.488916 0.231006
v 0.475928 -0.488916 0.231006
v -0.153076 -0.739404 0.231006
v 0.153076 -0.739404 0.231006
v -0.301514 -0.397998 0.231006
v 0.301514 -0.397998 0.231006
v -0.088135 -0.310791 0.231006
v 0.088135 -0.310791 0.231006
v -0.472217 -0.498193 0.231006
v 0.472217 -0.498193 0.231006
v -0.466650 -0.496338 0.231006
v 0.466650 -0.496338 0.231006
v -0.294092 -0.585400 0.231006
v 0.294092 -0.585400 0.231006
v -0.373877 -0.388721 0.231006
v 0.373877 -0.388721 0.231006
v -0.338623 -0.429541 0.231006
v 0.338623 -0.429541 0.231006
v -0.177197 -0.921240 0.231006
v 0.177197 -0.921240 0.231006
v -0.123389 -0.474072 0.231006
v 0.123389 -0.474072 0.231006
v 0.000928 -0.158643 0.231006
v -0.084424 -0.552002 0.232861
v 0.084424 -0.552002 0.232861
v -0.464795 -0.468506 0.232861
v 0.464795 -0.468506 0.232861
v 0.000928 -0.529736 0.232861
v -0.071436 -0.713428 0.232861
v 0.071436 -0.713428 0.232861
v -0.145654 -0.713428 0.232861
v 0.145654 -0.713428 0.232861
v -0.453662 -0.477783 0.232861
v 0.453662 -0.477783 0.232861
v -0.125244 -0.501904 0.232861
v 0.125244 -0.501904 0.232861
v -0.095557 -0.338623 0.234717
v 0.095557 -0.338623 0.234717
v -0.117822 -0.453662 0.234717
v 0.117822 -0.453662 0.234717
v -0.034326 -0.169775 0.234717
v 0.034326 -0.169775 0.234717
v -0.362744 -0.394287 0.234717
v 0.362744 -0.394287 0.234717
v -0.099268 -0.448096 0.234717
v 0.099268 -0.448096 0.234717
v -0.206885 -0.496338 0.234717
v 0.206885 -0.496338 0.234717
v -0.449951 -0.446240 0.236572
v 0.449951 -0.446240 0.236572
v -0.121533 -0.457373 0.236572
v -0.106689 -0.383154 0.236572
v 0.106689 -0.383154 0.236572
v -0.147510 -0.492627 0.236572
v 0.147510 -0.492627 0.236572
v -0.440674 -0.468506 0.236572
v 0.440674 -0.468506 0.236572
v -0.438818 -0.433252 0.236572
v 0.438818 -0.433252 0.236572
v -0.390576 -0.407275 0.236572
v 0.390576 -0.407275 0.236572
v -0.073291 -0.451807 0.236572
v 0.073291 -0.451807 0.236572
v -0.464795 -0.475928 0.236572
v 0.464795 -0.475928 0.236572
v -0.475928 -0.468506 0.236572
v 0.475928 -0.468506 0.236572
v -0.225439 -0.592822 0.236572
v 0.225439 -0.592822 0.236572
v -0.114111 -0.423975 0.238428
v 0.114111 -0.423975 0.238428
v 0.000928 -0.145654 0.238428
v 0.121533 -0.459229 0.238428
v 0.412842 0.288525 0.238428
v -0.104834 -0.256982 0.238428
v 0.104834 -0.256982 0.238428
v -0.015772 -0.156787 0.238428
v 0.015772 -0.156787 0.238428
v -0.485205 -0.500049 0.240283
v 0.485205 -0.500049 0.240283
v -0.360889 -0.444385 0.240283
v 0.360889 -0.444385 0.240283
v -0.054736 -0.667041 0.240283
v 0.054736 -0.667041 0.240283
v -0.496338 -0.494482 0.240283
v 0.496338 -0.494482 0.240283
v 0.360889 0.128955 0.240283
v -0.498193 -0.500049 0.240283
v 0.498193 -0.500049 0.240283
v -0.320068 0.067725 0.240283
v 0.320068 0.067725 0.240283
v -0.140088 -0.667041 0.242139
v 0.140088 -0.667041 0.242139
v -0.488916 -0.503760 0.242139
v 0.488916 -0.503760 0.242139
v 0.000928 -0.119678 0.242139
v -0.253271 -0.550146 0.242139
v 0.253272 -0.550146 0.242139
v 0.000928 -0.130811 0.242139
v -0.423975 -0.418408 0.243994
v 0.423975 -0.418408 0.243994
v 0.000928 -0.119678 0.243994
v -0.114111 -0.446240 0.243994
v 0.114111 -0.446240 0.243994
v -0.115967 -0.260693 0.243994
v 0.115967 -0.260693 0.243994
v 0.000928 -0.101123 0.243994
v -0.041748 -0.605811 0.243994
v 0.041748 -0.605811 0.243994
v -0.340479 -0.527881 0.245850
v 0.340478 -0.527881 0.245850
v -0.127100 -0.271826 0.245850
v 0.127100 -0.271826 0.245850
v -0.190186 -0.535303 0.245850
v 0.190185 -0.535303 0.245850
v -0.012061 -0.145654 0.245850
v 0.012061 -0.145654 0.245850
v -0.140088 -0.281103 0.245850
v 0.140088 -0.281103 0.245850
v -0.134521 -0.605811 0.245850
v 0.134521 -0.605811 0.245850
v -0.446240 -0.429541 0.245850
v 0.446240 -0.429541 0.245850
v -0.206885 -0.468506 0.245850
v 0.206885 -0.468506 0.245850
v -0.167920 -0.889697 0.245850
v 0.167920 -0.889697 0.245850
v -0.461084 -0.440674 0.245850
v 0.461084 -0.440674 0.245850
v -0.030615 -0.553857 0.245850
v 0.030615 -0.553857 0.245850
v -0.084424 -0.887842 0.247705
v 0.084424 -0.887842 0.247705
v -0.327490 0.064014 0.247705
v -0.320068 0.064014 0.247705
v -0.312647 0.064014 0.247705
v 0.312646 0.064014 0.247705
v 0.320068 0.064014 0.247705
v 0.327490 0.064014 0.247705
v -0.123389 -0.459229 0.247705
v 0.123389 -0.459229 0.247705
v -0.078857 -0.949072 0.247705
v 0.078857 -0.949072 0.247705
v -0.078857 -0.921240 0.247705
v 0.078857 -0.921240 0.247705
v -0.130811 -0.550146 0.247705
v 0.130811 -0.550146 0.247705
v 0.000928 -0.552002 0.247705
v -0.483350 -0.464795 0.247705
v 0.483350 -0.464795 0.247705
v -0.166064 -0.861865 0.247705
v 0.166064 -0.861865 0.247705
v -0.012061 -0.130811 0.247705
v 0.012061 -0.130811 0.247705
v -0.331201 0.084424 0.247705
v 0.329346 0.084424 0.247705
v -0.286670 0.436963 0.249561
v 0.286670 0.436963 0.249561
v -0.442529 -0.470361 0.249561
v 0.442529 -0.470361 0.249561
v -0.500049 -0.490771 0.249561
v 0.500049 -0.490771 0.249561
v -0.420264 -0.464795 0.249561
v 0.420264 -0.464795 0.249561
v -0.012061 -0.119678 0.249561
v 0.012061 -0.119678 0.249561
v -0.082568 -0.861865 0.249561
v 0.082568 -0.861865 0.249561
v -0.013916 -0.101123 0.249561
v 0.013916 -0.101123 0.249561
v -0.500049 -0.501904 0.249561
v 0.500049 -0.501904 0.249561
v -0.462939 -0.479639 0.249561
v 0.462939 -0.479639 0.249561
v -0.121533 -0.529736 0.249561
v 0.121533 -0.529736 0.249561
v -0.167920 -0.843311 0.251416
v 0.167920 -0.843311 0.251416
v -0.487061 -0.505615 0.251416
v 0.487060 -0.505615 0.251416
v -0.481494 -0.503760 0.251416
v 0.481494 -0.503760 0.251416
v -0.203174 -0.514893 0.253272
v 0.203174 -0.514893 0.253272
v -0.334912 -0.427686 0.253272
v 0.334912 -0.427686 0.253272
v -0.167920 -0.821045 0.253272
v 0.167920 -0.821045 0.253272
v -0.320068 0.062158 0.253272
v 0.320068 0.062158 0.253272
v -0.149365 -0.492627 0.253272
v 0.149365 -0.492627 0.253272
v -0.271826 -0.485205 0.255127
v 0.271826 -0.485205 0.255127
v -0.353467 0.049170 0.255127
v 0.353467 0.049170 0.255127
v -0.266260 -0.618799 0.255127
v 0.266260 -0.618799 0.255127
v -0.073291 -0.821045 0.255127
v 0.073291 -0.821045 0.255127
v 0.128955 -0.459229 0.255127
v -0.251416 -0.284814 0.256982
v 0.251416 -0.284814 0.256982
v -0.390576 -0.459229 0.256982
v 0.390576 -0.459229 0.256982
v -0.288525 -0.394287 0.256982
v 0.288525 -0.394287 0.256982
v -0.266260 -0.294092 0.256982
v 0.266260 -0.294092 0.256982
v -0.128955 -0.457373 0.258838
v -0.290381 -0.314502 0.258838
v 0.290381 -0.314502 0.258838
v -0.247705 -0.368311 0.258838
v 0.247705 -0.368311 0.258838
v -0.065869 -0.785791 0.258838
v 0.065869 -0.785791 0.258838
v -0.153076 -0.199463 0.260693
v 0.153076 -0.199463 0.260693
v -0.169775 -0.785791 0.260693
v 0.169775 -0.785791 0.260693
v 0.156787 -0.464795 0.260693
v -0.156787 -0.464795 0.260693
v -0.169775 -0.219873 0.260693
v 0.169775 -0.219873 0.260693
v -0.498193 -0.498193 0.260693
v 0.498193 -0.498193 0.260693
v -0.496338 -0.490771 0.260693
v 0.496338 -0.490771 0.260693
v -0.136377 -0.164209 0.260693
v 0.136377 -0.164209 0.260693
v -0.342334 -0.347900 0.260693
v 0.342334 -0.347900 0.260693
v -0.318213 -0.377588 0.260693
v 0.318213 -0.377588 0.260693
v -0.323779 -0.347900 0.260693
v 0.323779 -0.347900 0.260693
v -0.490771 -0.500049 0.260693
v 0.490771 -0.500049 0.260693
v -0.294092 -0.405420 0.260693
v 0.294092 -0.405420 0.260693
v -0.320068 0.119678 0.260693
v 0.320068 0.119678 0.260693
v -0.364600 -0.359033 0.260693
v 0.364600 -0.359033 0.260693
v -0.477783 -0.464795 0.260693
v 0.477783 -0.464795 0.260693
v -0.308936 -0.425830 0.262549
v 0.308936 -0.425830 0.262549
v -0.123389 -0.180908 0.262549
v 0.123389 -0.180908 0.262549
v -0.340479 0.021338 0.262549
v 0.340478 0.021338 0.262549
v -0.485205 -0.496338 0.262549
v 0.485205 -0.496338 0.262549
v -0.297803 0.069580 0.262549
v 0.297803 0.069580 0.262549
v -0.379443 -0.379443 0.262549
v 0.379443 -0.379443 0.262549
v -0.355322 -0.407275 0.262549
v 0.355322 -0.407275 0.262549
v -0.331201 -0.436963 0.262549
v 0.331201 -0.436963 0.262549
v -0.243994 -0.566846 0.262549
v 0.243994 -0.566846 0.262549
v -0.461084 -0.442529 0.262549
v 0.461084 -0.442529 0.262549
v -0.221729 -0.349756 0.262549
v 0.221729 -0.349756 0.262549
v -0.448096 -0.429541 0.262549
v 0.448096 -0.429541 0.262549
v -0.039893 -0.121533 0.262549
v 0.039893 -0.121533 0.262549
v -0.449951 -0.461084 0.264404
v 0.449951 -0.461084 0.264404
v -0.199463 -0.524170 0.264404
v 0.199463 -0.524170 0.264404
v -0.208740 -0.334912 0.264404
v 0.208740 -0.334912 0.264404
v -0.093701 -0.169775 0.264404
v 0.093701 -0.169775 0.264404
v -0.466650 -0.474072 0.264404
v 0.466650 -0.474072 0.264404
v -0.353467 -0.446240 0.264404
v 0.353467 -0.446240 0.264404
v 0.414697 0.258838 0.264404
v -0.069580 -0.167920 0.266260
v 0.069580 -0.167920 0.266260
v -0.327490 0.115967 0.266260
v -0.312647 0.115967 0.266260
v 0.312646 0.115967 0.266260
v 0.327490 0.115967 0.266260
v -0.479639 -0.466650 0.266260
v 0.479639 -0.466650 0.266260
v -0.425830 -0.414697 0.266260
v 0.425830 -0.414697 0.266260
v -0.288525 -0.594678 0.266260
v 0.288525 -0.594678 0.266260
v -0.366455 -0.388721 0.266260
v 0.366455 -0.388721 0.266260
v -0.208740 -0.459229 0.266260
v 0.208740 -0.459229 0.266260
v -0.466650 -0.475928 0.266260
v 0.466650 -0.475928 0.266260
v -0.320068 0.590967 0.266260
v 0.321924 0.590967 0.266260
v -0.360889 0.108545 0.266260
v 0.360889 0.108545 0.266260
v -0.154932 -0.479639 0.266260
v 0.154932 -0.479639 0.266260
v 0.403564 0.403564 0.268115
v -0.188330 -0.949072 0.268115
v 0.188330 -0.949072 0.268115
v -0.052881 -0.166064 0.268115
v 0.052881 -0.166064 0.268115
v -0.064014 -0.158643 0.268115
v 0.064014 -0.158643 0.268115
v -0.038037 -0.162354 0.268115
v 0.038037 -0.162354 0.268115
v -0.390576 -0.403564 0.268115
v 0.390576 -0.403564 0.268115
v -0.136377 -0.281103 0.269971
v 0.136377 -0.281103 0.269971
v -0.153076 -0.889697 0.269971
v 0.153076 -0.889697 0.269971
v -0.160498 -0.453662 0.269971
v 0.160498 -0.453662 0.269971
v -0.320068 0.112256 0.269971
v 0.320068 0.112256 0.269971
v -0.060303 -0.746826 0.271826
v 0.060303 -0.746826 0.271826
v -0.498193 -0.494482 0.271826
v 0.498193 -0.494482 0.271826
v -0.485205 -0.500049 0.271826
v 0.485205 -0.500049 0.271826
v -0.125244 -0.271826 0.271826
v 0.125244 -0.271826 0.271826
v -0.151221 -0.861865 0.271826
v 0.151221 -0.861865 0.271826
v -0.099268 -0.885986 0.271826
v 0.099268 -0.885986 0.271826
v -0.166064 -0.750537 0.271826
v 0.166064 -0.750537 0.271826
v -0.388721 0.440674 0.271826
v 0.390576 0.440674 0.271826
v -0.095557 -0.869287 0.271826
v 0.095557 -0.869287 0.271826
v -0.501904 -0.500049 0.273682
v 0.501904 -0.500049 0.273682
v 0.353467 0.195752 0.273682
v -0.318213 0.136377 0.273682
v 0.318213 0.136377 0.273682
v -0.028760 -0.149365 0.273682
v 0.028760 -0.149365 0.273682
v -0.490771 -0.505615 0.273682
v 0.490771 -0.505615 0.273682
v -0.132666 -0.449951 0.273682
v 0.132666 -0.449951 0.273682
v -0.179053 -0.921240 0.275537
v 0.179053 -0.921240 0.275537
v -0.049170 -0.711572 0.275537
v 0.049170 -0.711572 0.275537
v -0.117822 -0.269971 0.275537
v 0.117822 -0.269971 0.275537
v -0.312647 0.128955 0.275537
v 0.312646 0.128955 0.275537
v -0.026904 -0.132666 0.277393
v 0.026904 -0.132666 0.277393
v -0.446240 -0.427686 0.277393
v 0.446240 -0.427686 0.277393
v -0.025049 -0.123389 0.277393
v 0.025049 -0.123389 0.277393
v -0.325635 0.130811 0.277393
v -0.312647 0.130811 0.277393
v 0.312646 0.130811 0.277393
v 0.325635 0.130811 0.277393
v -0.218018 0.687451 0.277393
v 0.219873 0.687451 0.277393
v -0.442529 -0.474072 0.277393
v 0.442529 -0.474072 0.277393
v -0.025049 -0.106689 0.277393
v 0.025049 -0.106689 0.277393
v -0.052881 -0.724561 0.277393
v 0.052881 -0.724561 0.277393
v -0.422119 -0.470361 0.279248
v 0.422119 -0.470361 0.279248
v -0.160498 -0.728271 0.279248
v 0.160498 -0.728271 0.279248
v -0.461084 -0.440674 0.279248
v 0.461084 -0.440674 0.279248
v -0.117822 -0.279248 0.281104
v 0.117822 -0.279248 0.281104
v -0.318213 0.125244 0.281104
v 0.318213 0.125244 0.281104
v -0.397998 -0.466650 0.281104
v 0.397998 -0.466650 0.281104
v -0.485205 -0.466650 0.281104
v 0.485205 -0.466650 0.281104
v -0.156787 -0.717139 0.281104
v 0.156787 -0.717139 0.281104
v -0.151221 -0.821045 0.281104
v -0.089990 -0.821045 0.281104
v 0.089990 -0.821045 0.281104
v 0.151221 -0.821045 0.281104
v -0.162354 -0.446240 0.281104
v 0.162353 -0.446240 0.281104
v -0.461084 -0.483350 0.281104
v 0.461084 -0.483350 0.281104
v -0.323779 -0.002783 0.281104
v 0.323779 -0.002783 0.281104
v -0.500049 -0.492627 0.282959
v 0.500049 -0.492627 0.282959
v -0.503760 -0.503760 0.282959
v 0.503760 -0.503760 0.282959
v -0.127100 -0.887842 0.282959
v 0.127100 -0.887842 0.282959
v -0.488916 -0.509326 0.284814
v 0.488916 -0.509326 0.284814
v -0.479639 -0.503760 0.284814
v 0.479639 -0.503760 0.284814
v -0.091846 -0.949072 0.284814
v 0.091846 -0.949072 0.284814
v 0.000928 0.741260 0.286670
v -0.110400 -0.446240 0.286670
v 0.110400 -0.446240 0.286670
v -0.125244 -0.861865 0.286670
v 0.125244 -0.861865 0.286670
v -0.385010 0.299658 0.286670
v 0.386865 0.299658 0.286670
v -0.101123 -0.921240 0.286670
v 0.101123 -0.921240 0.286670
v 0.340478 0.149365 0.286670
v -0.119678 -0.303369 0.286670
v 0.119678 -0.303369 0.286670
v -0.112256 0.737549 0.286670
v 0.114111 0.737549 0.286670
v 0.396143 0.192041 0.288525
v -0.134521 -0.446240 0.288525
v 0.134521 -0.446240 0.288525
v -0.336768 -0.425830 0.288525
v 0.336768 -0.425830 0.288525
v -0.125244 -0.336768 0.290381
v 0.125244 -0.336768 0.290381
v -0.295947 -0.386865 0.290381
v 0.295947 -0.386865 0.290381
v -0.038037 -0.667041 0.290381
v 0.038037 -0.667041 0.290381
v -0.121533 -0.446240 0.290381
v 0.121533 -0.446240 0.290381
v -0.334912 -0.355322 0.292236
v 0.334912 -0.355322 0.292236
v -0.301514 -0.397998 0.292236
v 0.301514 -0.397998 0.292236
v -0.156787 -0.667041 0.292236
v 0.156787 -0.667041 0.292236
v -0.238428 -0.299658 0.292236
v 0.238428 -0.299658 0.292236
v -0.372021 -0.386865 0.292236
v 0.372021 -0.386865 0.292236
v -0.442529 -0.429541 0.292236
v 0.442529 -0.429541 0.292236
v -0.355322 -0.403564 0.292236
v 0.355322 -0.403564 0.292236
v -0.338623 -0.427686 0.292236
v 0.338623 -0.427686 0.292236
v 0.000928 -0.134521 0.292236
v -0.355322 -0.444385 0.294092
v 0.355322 -0.444385 0.294092
v -0.316357 -0.362744 0.294092
v 0.316357 -0.362744 0.294092
v -0.490771 -0.505615 0.294092
v 0.490771 -0.505615 0.294092
v -0.501904 -0.501904 0.294092
v 0.501904 -0.501904 0.294092
v -0.446240 -0.461084 0.294092
v 0.446240 -0.461084 0.294092
v -0.134521 -0.383154 0.294092
v 0.134521 -0.383154 0.294092
v -0.498193 -0.496338 0.294092
v 0.498193 -0.496338 0.294092
v -0.457373 -0.440674 0.294092
v 0.457373 -0.440674 0.294092
v -0.218018 -0.325635 0.294092
v 0.218018 -0.325635 0.294092
v -0.190186 -0.949072 0.294092
v 0.190185 -0.949072 0.294092
v -0.256982 -0.360889 0.294092
v 0.256982 -0.360889 0.294092
v -0.351611 0.188330 0.294092
v -0.479639 -0.466650 0.294092
v 0.479639 -0.466650 0.294092
v -0.418408 -0.414697 0.294092
v 0.418408 -0.414697 0.294092
v -0.143799 -0.900830 0.294092
v 0.143799 -0.900830 0.294092
v -0.487061 -0.501904 0.294092
v 0.487060 -0.501904 0.294092
v -0.160498 -0.231006 0.294092
v 0.160498 -0.231006 0.294092
v -0.121533 -0.190186 0.295947
v 0.121533 -0.190186 0.295947
v -0.151221 -0.785791 0.295947
v -0.082568 -0.785791 0.295947
v 0.082568 -0.785791 0.295947
v 0.151221 -0.785791 0.295947
v -0.464795 -0.477783 0.295947
v 0.464795 -0.477783 0.295947
v -0.355322 -0.368311 0.295947
v 0.355322 -0.368311 0.295947
v -0.316357 -0.414697 0.295947
v 0.316357 -0.414697 0.295947
v -0.123389 -0.821045 0.295947
v 0.123389 -0.821045 0.295947
v -0.231006 -0.338623 0.295947
v 0.231006 -0.338623 0.295947
v -0.334912 0.132666 0.295947
v 0.334912 0.132666 0.295947
v -0.281103 -0.329346 0.295947
v 0.281104 -0.329346 0.295947
v -0.095557 -0.179053 0.295947
v 0.095557 -0.179053 0.295947
v -0.318213 0.145654 0.295947
v 0.318213 0.145654 0.295947
v -0.255127 -0.310791 0.297803
v 0.255127 -0.310791 0.297803
v -0.331201 0.145654 0.297803
v -0.141943 -0.425830 0.297803
v 0.141943 -0.425830 0.297803
v -0.156787 -0.602100 0.297803
v 0.156787 -0.602100 0.297803
v -0.347900 -0.516748 0.297803
v 0.347900 -0.516748 0.297803
v -0.271826 -0.475928 0.297803
v 0.271826 -0.475928 0.297803
v -0.208740 -0.453662 0.297803
v 0.208740 -0.453662 0.297803
v -0.123389 -0.444385 0.297803
v -0.136377 -0.442529 0.297803
v 0.136377 -0.442529 0.297803
v -0.110400 -0.453662 0.297803
v 0.110400 -0.453662 0.297803
v -0.162354 -0.446240 0.297803
v 0.162353 -0.446240 0.297803
v 0.123389 -0.444385 0.297803
v -0.145654 -0.455518 0.297803
v 0.145654 -0.455518 0.297803
v -0.149365 -0.477783 0.297803
v 0.149365 -0.477783 0.297803
v -0.151221 -0.503760 0.297803
v 0.151221 -0.503760 0.297803
v 0.353467 0.153076 0.299658
v -0.325635 0.138232 0.299658
v -0.310791 0.138232 0.299658
v 0.310791 0.138232 0.299658
v 0.325635 0.138232 0.299658
v -0.180908 -0.923096 0.299658
v 0.180908 -0.923096 0.299658
v -0.141943 -0.214307 0.299658
v 0.141943 -0.214307 0.299658
v -0.021338 -0.605811 0.299658
v 0.021338 -0.605811 0.299658
v -0.462939 -0.474072 0.299658
v 0.462939 -0.474072 0.299658
v -0.071436 -0.177197 0.299658
v 0.071436 -0.177197 0.299658
v -0.047314 -0.125244 0.299658
v 0.047314 -0.125244 0.299658
v -0.154932 -0.550146 0.301514
v 0.154932 -0.550146 0.301514
v -0.475928 -0.462939 0.301514
v 0.475928 -0.462939 0.301514
v -0.318213 0.130811 0.301514
v 0.318213 0.130811 0.301514
v -0.143799 -0.260693 0.303369
v 0.143799 -0.260693 0.303369
v -0.379443 -0.470361 0.303369
v 0.379443 -0.470361 0.303369
v -0.379443 -0.414697 0.303369
v 0.379443 -0.414697 0.303369
v -0.052881 -0.173486 0.303369
v 0.052881 -0.173486 0.303369
v -0.318213 -0.375732 0.303369
v 0.318213 -0.375732 0.303369
v -0.481494 -0.488916 0.303369
v 0.481494 -0.488916 0.303369
v -0.364600 -0.429541 0.303369
v 0.364600 -0.429541 0.303369
v -0.442529 -0.429541 0.305225
v 0.442529 -0.429541 0.305225
v -0.355322 -0.407275 0.305225
v 0.355322 -0.407275 0.305225
v -0.121533 -0.446240 0.305225
v 0.121533 -0.446240 0.305225
v 0.372021 0.477783 0.305225
v -0.494482 -0.483350 0.305225
v 0.494482 -0.483350 0.305225
v -0.422119 -0.464795 0.305225
v 0.422119 -0.464795 0.305225
v -0.036182 -0.171631 0.305225
v 0.036182 -0.171631 0.305225
v -0.064014 -0.169775 0.305225
v 0.064014 -0.169775 0.305225
v -0.490771 -0.496338 0.307080
v 0.490771 -0.496338 0.307080
v -0.013916 -0.553857 0.307080
v 0.013916 -0.553857 0.307080
v -0.498193 -0.490771 0.307080
v 0.498193 -0.490771 0.307080
v -0.407275 -0.466650 0.307080
v 0.407275 -0.466650 0.307080
v -0.459229 -0.440674 0.307080
v 0.459228 -0.440674 0.307080
v -0.108545 -0.949072 0.308936
v 0.108545 -0.949072 0.308936
v -0.078857 -0.752393 0.308936
v 0.078857 -0.752393 0.308936
v -0.134521 -0.446240 0.308936
v 0.134521 -0.446240 0.308936
v -0.436963 -0.470361 0.308936
v 0.436963 -0.470361 0.308936
v -0.336768 -0.392432 0.310791
v 0.336768 -0.392432 0.310791
v -0.336768 0.117822 0.310791
v -0.119678 -0.923096 0.310791
v 0.119678 -0.923096 0.310791
v -0.119678 -0.785791 0.310791
v 0.119678 -0.785791 0.310791
v 0.000928 -0.559424 0.310791
v -0.119678 -0.206885 0.310791
v 0.119678 -0.206885 0.310791
v -0.147510 -0.756104 0.312646
v 0.147510 -0.756104 0.312646
v 0.331201 0.115967 0.312646
v -0.015772 -0.154932 0.312646
v 0.015772 -0.154932 0.312646
v -0.013916 -0.140088 0.314502
v 0.013916 -0.140088 0.314502
v -0.481494 -0.461084 0.314502
v 0.479639 -0.461084 0.314502
v -0.128955 -0.247705 0.314502
v 0.128955 -0.247705 0.314502
v -0.013916 -0.128955 0.314502
v 0.013916 -0.128955 0.314502
v -0.013916 -0.112256 0.314502
v 0.013916 -0.112256 0.314502
v -0.457373 -0.481494 0.314502
v 0.457373 -0.481494 0.314502
v -0.409131 -0.420264 0.314502
v 0.409131 -0.420264 0.314502
v -0.162354 -0.446240 0.314502
v 0.162353 -0.446240 0.314502
v -0.496338 -0.483350 0.316357
v 0.496338 -0.483350 0.316357
v -0.479639 -0.496338 0.316357
v 0.479639 -0.496338 0.316357
v -0.488916 -0.500049 0.316357
v 0.488916 -0.500049 0.316357
v -0.097412 -0.199463 0.316357
v 0.097412 -0.199463 0.316357
v -0.500049 -0.490771 0.318213
v 0.500049 -0.490771 0.318213
v -0.153076 -0.915674 0.318213
v 0.153076 -0.915674 0.318213
v -0.134521 -0.182764 0.318213
v 0.134521 -0.182764 0.318213
v -0.184619 -0.945361 0.320068
v 0.184619 -0.945361 0.320068
v -0.314502 0.325635 0.320068
v 0.314502 0.325635 0.320068
v -0.017627 -0.169775 0.320068
v 0.017627 -0.169775 0.320068
v -0.117822 -0.240283 0.320068
v 0.117822 -0.240283 0.320068
v -0.425830 -0.451807 0.321924
v 0.425830 -0.451807 0.321924
v -0.436963 -0.435107 0.321924
v 0.436963 -0.435107 0.321924
v -0.368311 -0.464795 0.321924
v 0.368311 -0.464795 0.321924
v -0.067725 -0.711572 0.321924
v 0.067725 -0.711572 0.321924
v -0.132666 -0.459229 0.321924
v 0.132666 -0.459229 0.321924
v -0.028760 -0.130811 0.321924
v 0.028760 -0.130811 0.321924
v -0.308936 0.123389 0.323779
v 0.308936 0.123389 0.323779
v -0.412842 -0.459229 0.323779
v 0.412842 -0.459229 0.323779
v -0.453662 -0.446240 0.323779
v 0.453662 -0.446240 0.323779
v -0.128955 -0.451807 0.323779
v 0.128955 -0.451807 0.323779
v -0.073291 -0.728271 0.323779
v 0.073291 -0.728271 0.323779
v -0.115967 -0.757959 0.323779
v 0.115967 -0.757959 0.323779
v -0.442529 -0.459229 0.323779
v 0.442529 -0.459229 0.323779
v -0.143799 -0.731982 0.323779
v 0.143799 -0.731982 0.323779
v -0.117822 -0.305225 0.325635
v 0.117822 -0.305225 0.325635
v -0.075146 -0.193896 0.325635
v 0.075146 -0.193896 0.325635
v -0.475928 -0.466650 0.325635
v 0.475928 -0.466650 0.325635
v -0.492627 -0.487061 0.325635
v 0.492627 -0.487061 0.325635
v -0.110400 -0.255127 0.325635
v 0.110400 -0.255127 0.325635
v -0.143799 -0.715283 0.325635
v 0.143799 -0.715283 0.325635
v -0.498193 -0.490771 0.325635
v 0.498193 -0.490771 0.325635
v -0.160498 -0.453662 0.325635
v 0.160498 -0.453662 0.325635
v -0.388721 0.301514 0.325635
v -0.386865 0.297803 0.325635
v 0.388721 0.297803 0.325635
v -0.288525 0.049170 0.325635
v 0.288525 0.049170 0.325635
v -0.112256 -0.277393 0.327490
v 0.112256 -0.277393 0.327490
v -0.464795 -0.475928 0.327490
v 0.464795 -0.475928 0.327490
v -0.490771 -0.498193 0.327490
v 0.490771 -0.498193 0.327490
v -0.043604 -0.192041 0.327490
v 0.043604 -0.192041 0.327490
v -0.483350 -0.494482 0.327490
v 0.483350 -0.494482 0.327490
v 0.407275 0.368311 0.327490
v -0.396143 -0.483350 0.329346
v 0.396143 -0.483350 0.329346
v -0.102979 -0.227295 0.329346
v 0.102979 -0.227295 0.329346
v -0.128955 -0.947217 0.329346
v 0.128955 -0.947217 0.329346
v -0.154932 -0.479639 0.329346
v 0.154932 -0.479639 0.329346
v -0.143799 -0.115967 0.329346
v 0.143799 -0.115967 0.329346
v -0.208740 -0.459229 0.329346
v 0.208740 -0.459229 0.329346
v -0.321924 0.082568 0.331201
v 0.314502 0.082568 0.331201
v -0.412842 -0.472217 0.331201
v 0.412842 -0.472217 0.331201
v -0.410986 -0.442529 0.331201
v 0.410986 -0.442529 0.331201
v -0.288525 -0.594678 0.331201
v 0.288525 -0.594678 0.331201
v 0.000928 -0.160498 0.331201
v -0.017627 -0.192041 0.331201
v 0.017627 -0.192041 0.331201
v -0.381299 0.201318 0.331201
v -0.281103 -0.019482 0.331201
v 0.281104 -0.019482 0.331201
v 0.000928 -0.143799 0.331201
v -0.199463 -0.102979 0.331201
v 0.199463 -0.102979 0.331201
v -0.255127 -0.071436 0.333057
v 0.255127 -0.071436 0.333057
v 0.000928 -0.171631 0.333057
v -0.199463 -0.524170 0.333057
v 0.199463 -0.524170 0.333057
v -0.390576 -0.435107 0.333057
v 0.390576 -0.435107 0.333057
v -0.160498 -0.937939 0.333057
v 0.160498 -0.937939 0.333057
v 0.000928 -0.132666 0.333057
v -0.243994 -0.566846 0.334912
v 0.243994 -0.566846 0.334912
v -0.130811 -0.455518 0.334912
v 0.130811 -0.455518 0.334912
v -0.364600 0.208740 0.334912
v 0.347900 0.208740 0.334912
v -0.377588 -0.446240 0.334912
v 0.377588 -0.446240 0.334912
v -0.056592 -0.667041 0.334912
v 0.056592 -0.667041 0.334912
v 0.000928 -0.136377 0.336768
v -0.156787 -0.464795 0.336768
v 0.156787 -0.464795 0.336768
v -0.138232 -0.667041 0.336768
v 0.138232 -0.667041 0.336768
v -0.112256 -0.731982 0.336768
v 0.112256 -0.731982 0.336768
v -0.379443 0.423975 0.336768
v 0.381299 0.423975 0.336768
v -0.347900 0.134521 0.338623
v -0.108545 -0.713428 0.338623
v 0.108545 -0.713428 0.338623
v 0.000928 -0.119678 0.338623
v 0.333057 0.140088 0.338623
v -0.080713 -0.218018 0.340478
v 0.080713 -0.218018 0.340478
v -0.054736 -0.195752 0.340478
v 0.054736 -0.195752 0.340478
v -0.266260 -0.618799 0.340478
v 0.266260 -0.618799 0.340478
v 0.000928 -0.190186 0.342334
v -0.271826 -0.485205 0.342334
v 0.271826 -0.485205 0.342334
v -0.414697 -0.457373 0.342334
v 0.414697 -0.457373 0.342334
v -0.149365 -0.492627 0.342334
v 0.149365 -0.492627 0.342334
v -0.418408 -0.481494 0.342334
v 0.418408 -0.481494 0.342334
v -0.043604 -0.605811 0.344189
v 0.043604 -0.605811 0.344189
v -0.386865 -0.477783 0.344189
v 0.386865 -0.477783 0.344189
v -0.203174 -0.514893 0.344189
v 0.203174 -0.514893 0.344189
v -0.134521 -0.507471 0.346045
v 0.134521 -0.507471 0.346045
v -0.405420 -0.490771 0.346045
v 0.405420 -0.490771 0.346045
v -0.021338 -0.206885 0.346045
v 0.021338 -0.206885 0.346045
v -0.136377 -0.602100 0.346045
v 0.136377 -0.602100 0.346045
v -0.049170 -0.212451 0.346045
v 0.049170 -0.212451 0.346045
v -0.117822 -0.448096 0.347900
v 0.117822 -0.448096 0.347900
v -0.097412 -0.667041 0.347900
v 0.097412 -0.667041 0.347900
v -0.134521 -0.550146 0.349756
v 0.134521 -0.550146 0.349756
v -0.132666 -0.483350 0.349756
v 0.132666 -0.483350 0.349756
v -0.036182 -0.555713 0.349756
v 0.036182 -0.555713 0.349756
v -0.127100 -0.427686 0.349756
v 0.127100 -0.427686 0.349756
v -0.321924 0.084424 0.349756
v 0.312646 0.084424 0.349756
v -0.206885 -0.468506 0.349756
v 0.206885 -0.468506 0.349756
v -0.088135 -0.249561 0.351611
v 0.088135 -0.249561 0.351611
v -0.130811 -0.457373 0.351611
v 0.130811 -0.457373 0.351611
v -0.190186 -0.535303 0.351611
v 0.190185 -0.535303 0.351611
v -0.420264 -0.485205 0.351611
v 0.420264 -0.485205 0.351611
v -0.403564 -0.455518 0.351611
v 0.403564 -0.455518 0.351611
v -0.340479 -0.527881 0.351611
v 0.340478 -0.527881 0.351611
v -0.128955 -0.455518 0.351611
v 0.128955 -0.455518 0.351611
v -0.123389 -0.383154 0.351611
v 0.123389 -0.383154 0.351611
v -0.021338 -0.212451 0.353467
v 0.021338 -0.212451 0.353467
v -0.392432 -0.462939 0.353467
v 0.392432 -0.462939 0.353467
v -0.422119 -0.470361 0.353467
v 0.422119 -0.470361 0.353467
v 0.000928 -0.542725 0.353467
v -0.410986 -0.490771 0.353467
v 0.410986 -0.490771 0.353467
v 0.000928 -0.212451 0.355322
v -0.253271 -0.550146 0.355322
v 0.253272 -0.550146 0.355322
v -0.112256 -0.221729 0.355322
v 0.112256 -0.221729 0.355322
v -0.308936 0.566846 0.355322
v 0.310791 0.566846 0.355322
v -0.026904 -0.544580 0.355322
v 0.026904 -0.544580 0.355322
v -0.095557 -0.273682 0.357178
v 0.095557 -0.273682 0.357178
v -0.397998 -0.485205 0.357178
v 0.397998 -0.485205 0.357178
v -0.114111 -0.338623 0.357178
v 0.114111 -0.338623 0.357178
v -0.088135 -0.603955 0.357178
v 0.088135 -0.603955 0.357178
v 0.325635 0.557568 0.357178
v -0.025049 -0.210596 0.359033
v 0.025049 -0.210596 0.359033
v -0.104834 -0.305225 0.359033
v 0.104834 -0.305225 0.359033
v 0.288525 -0.030615 0.359033
v -0.086279 -0.524170 0.359033
v 0.086279 -0.524170 0.359033
v -0.422119 -0.477783 0.359033
v 0.422119 -0.477783 0.359033
v -0.225439 -0.592822 0.359033
v 0.225439 -0.592822 0.359033
v -0.088135 -0.553857 0.359033
v 0.088135 -0.553857 0.359033
v -0.147510 -0.492627 0.360889
v 0.147510 -0.492627 0.360889
v -0.412842 -0.468506 0.360889
v 0.412842 -0.468506 0.360889
v -0.416553 -0.485205 0.360889
v 0.416553 -0.485205 0.360889
v -0.401709 -0.474072 0.360889
v 0.401709 -0.474072 0.360889
v -0.206885 -0.496338 0.360889
v 0.206885 -0.496338 0.360889
v -0.377588 0.114111 0.362744
v -0.314502 0.255127 0.362744
v 0.314502 0.255127 0.362744
v -0.405420 -0.487061 0.364600
v 0.405420 -0.487061 0.364600
v -0.088135 -0.449951 0.364600
v 0.088135 -0.449951 0.364600
v -0.086279 -0.514893 0.364600
v 0.086279 -0.514893 0.364600
v -0.299658 0.084424 0.364600
v 0.303369 0.084424 0.364600
v -0.294092 -0.585400 0.364600
v 0.294092 -0.585400 0.364600
v -0.414697 -0.475928 0.364600
v 0.414697 -0.475928 0.364600
v -0.119678 -0.455518 0.364600
v 0.119678 -0.455518 0.364600
v -0.409131 -0.483350 0.366455
v 0.409131 -0.483350 0.366455
v 0.307080 0.015772 0.368311
v -0.401709 -0.127100 0.368311
v 0.000928 -0.218018 0.368311
v -0.056592 -0.245850 0.368311
v 0.056592 -0.245850 0.368311
v -0.242139 -0.639209 0.368311
v 0.242139 -0.639209 0.368311
v -0.405420 -0.143799 0.368311
v -0.032471 -0.522314 0.368311
v 0.032471 -0.522314 0.368311
v -0.269971 -0.498193 0.370166
v 0.269971 -0.498193 0.370166
v -0.080713 -0.453662 0.370166
v 0.080713 -0.453662 0.370166
v 0.000928 -0.522314 0.370166
v -0.312647 0.143799 0.372021
v 0.325635 0.143799 0.372021
v 0.000928 -0.245850 0.372021
v -0.212451 0.654053 0.372021
v -0.243994 0.704150 0.372021
v -0.025049 -0.245850 0.372021
v 0.025049 -0.245850 0.372021
v 0.136377 -0.492627 0.373877
v -0.136377 -0.492627 0.373877
v -0.344189 0.583545 0.373877
v -0.292236 0.047314 0.373877
v -0.112256 -0.459229 0.373877
v 0.112256 -0.459229 0.373877
v -0.088135 -0.488916 0.373877
v 0.088135 -0.488916 0.373877
v -0.184619 -0.535303 0.375732
v 0.184619 -0.535303 0.375732
v 0.286670 0.036182 0.377588
v 0.294092 -0.058447 0.377588
v -0.093701 -0.446240 0.377588
v 0.093701 -0.446240 0.377588
v -0.260693 -0.529736 0.377588
v 0.260693 -0.529736 0.377588
v -0.069580 -0.455518 0.379443
v 0.069580 -0.455518 0.379443
v -0.086279 -0.429541 0.379443
v 0.086279 -0.429541 0.379443
v -0.062158 -0.271826 0.379443
v 0.062158 -0.271826 0.379443
v 0.310791 -0.047314 0.379443
v 0.386865 0.321924 0.379443
v -0.088135 -0.459229 0.379443
v 0.088135 -0.459229 0.379443
v -0.080713 -0.385010 0.381299
v 0.080713 -0.385010 0.381299
v -0.058447 -0.255127 0.381299
v 0.058447 -0.255127 0.381299
v -0.394287 -0.162354 0.381299
v -0.104834 0.691162 0.381299
v -0.114111 0.759814 0.381299
v -0.089990 -0.444385 0.383154
v 0.089990 -0.444385 0.383154
v -0.028760 -0.453662 0.383154
v 0.028760 -0.453662 0.383154
v -0.243994 0.516748 0.383154
v 0.243994 0.516748 0.383154
v 0.000928 -0.271826 0.383154
v -0.203174 0.641064 0.383154
v 0.205029 0.641064 0.383154
v -0.039893 -0.492627 0.383154
v 0.039893 -0.492627 0.383154
v -0.049170 -0.453662 0.383154
v 0.049170 -0.453662 0.383154
v -0.028760 -0.271826 0.383154
v 0.028760 -0.271826 0.383154
v 0.372021 0.457373 0.383154
v -0.077002 -0.342334 0.385010
v 0.077002 -0.342334 0.385010
v -0.069580 -0.307080 0.385010
v 0.069580 -0.307080 0.385010
v -0.327490 -0.542725 0.385010
v 0.327490 -0.542725 0.385010
v 0.000928 -0.492627 0.386865
v -0.012061 -0.455518 0.386865
v 0.012061 -0.455518 0.386865
v 0.305225 -0.064014 0.386865
v -0.084424 -0.446240 0.386865
v 0.084424 -0.446240 0.386865
v -0.138232 -0.468506 0.386865
v 0.138232 -0.468506 0.386865
v -0.106689 -0.446240 0.386865
v 0.106689 -0.446240 0.386865
v 0.000928 -0.453662 0.386865
v -0.130811 -0.479639 0.386865
v 0.130811 -0.479639 0.386865
v 0.329346 -0.013916 0.388721
v -0.039893 -0.431396 0.388721
v 0.039893 -0.431396 0.388721
v 0.347900 0.039893 0.388721
v -0.305225 -0.568701 0.388721
v 0.305225 -0.568701 0.388721
v -0.041748 -0.459229 0.388721
v 0.041748 -0.459229 0.388721
v 0.038037 0.700439 0.390576
v 0.021338 0.761670 0.390576
v 0.000928 -0.266260 0.390576
v -0.425830 0.193896 0.390576
v -0.377588 -0.101123 0.390576
v 0.000928 -0.459229 0.390576
v -0.036182 -0.385010 0.390576
v 0.036182 -0.385010 0.390576
v 0.000928 -0.307080 0.390576
v 0.000928 0.691162 0.390576
v -0.030615 -0.307080 0.392432
v 0.030615 -0.307080 0.392432
v -0.216162 -0.590967 0.392432
v 0.216162 -0.590967 0.392432
v 0.000928 -0.431396 0.392432
v 0.000928 -0.385010 0.392432
v -0.310791 0.186475 0.392432
v 0.310791 0.186475 0.392432
v -0.104834 0.680029 0.392432
v 0.106689 0.680029 0.392432
v -0.416553 0.114111 0.394287
v 0.346045 0.203174 0.394287
v -0.034326 -0.342334 0.394287
v 0.034326 -0.342334 0.394287
v -0.101123 -0.442529 0.394287
v 0.101123 -0.442529 0.394287
v -0.427686 0.290381 0.396143
v -0.169775 -0.535303 0.396143
v 0.169775 -0.535303 0.396143
v 0.000928 -0.342334 0.396143
v -0.136377 -0.453662 0.397998
v 0.136377 -0.453662 0.397998
v -0.320068 0.212451 0.399854
v 0.321924 0.212451 0.399854
v 0.238428 0.598389 0.399854
v -0.093701 -0.446240 0.399854
v 0.093701 -0.446240 0.399854
v -0.006494 -0.446240 0.401709
v 0.006494 -0.446240 0.401709
v 0.000928 -0.444385 0.401709
v -0.286670 0.058447 0.401709
v 0.286670 0.058447 0.401709
v 0.110400 0.678174 0.401709
v 0.132666 0.707861 0.401709
v 0.368311 0.256982 0.403564
v -0.379443 0.043604 0.403564
v -0.188330 -0.496338 0.403564
v 0.188330 -0.496338 0.403564
v -0.295947 0.127100 0.403564
v 0.295947 0.127100 0.403564
v 0.000928 -0.151221 0.405420
v -0.080713 -0.459229 0.407275
v 0.080713 -0.459229 0.407275
v -0.065869 -0.143799 0.407275
v 0.065869 -0.143799 0.407275
v -0.418408 0.446240 0.407275
v 0.299658 -0.086279 0.409131
v -0.277393 -0.015772 0.409131
v 0.277393 -0.015772 0.409131
v -0.136377 -0.128955 0.409131
v 0.136377 -0.128955 0.409131
v -0.132666 -0.446240 0.409131
v 0.132666 -0.446240 0.409131
v -0.225439 -0.650342 0.410986
v 0.225439 -0.650342 0.410986
v -0.381299 -0.134521 0.410986
v -0.381299 -0.156787 0.410986
v -0.067725 -0.475928 0.410986
v 0.067725 -0.475928 0.410986
v -0.173486 -0.514893 0.410986
v 0.173486 -0.514893 0.410986
v -0.203174 -0.106689 0.412842
v 0.203174 -0.106689 0.412842
v -0.251416 -0.071436 0.412842
v 0.251416 -0.071436 0.412842
v -0.366455 -0.180908 0.412842
v -0.162354 -0.524170 0.414697
v 0.162353 -0.524170 0.414697
v 0.166064 0.639209 0.414697
v -0.407275 0.435107 0.418408
v -0.327490 0.281104 0.420264
v 0.329346 0.281104 0.420264
v -0.199463 -0.592822 0.420264
v 0.199463 -0.592822 0.420264
v -0.052881 -0.475928 0.422119
v 0.052881 -0.475928 0.422119
v 0.355322 0.123389 0.422119
v 0.123389 -0.446240 0.422119
v -0.123389 -0.446240 0.422119
v -0.182764 -0.468506 0.422119
v 0.182764 -0.468506 0.422119
v -0.036182 -0.475928 0.422119
v 0.036182 -0.475928 0.422119
v 0.336768 0.169775 0.423975
v -0.347900 -0.000928 0.423975
v -0.321924 0.394287 0.427686
v 0.323779 0.394287 0.427686
v -0.023193 -0.459229 0.427686
v 0.023193 -0.459229 0.427686
v -0.342334 -0.078857 0.427686
v -0.238428 -0.529736 0.427686
v 0.238428 -0.529736 0.427686
v -0.360889 -0.175342 0.427686
v 0.342334 0.236572 0.427686
v -0.089990 -0.479639 0.429541
v 0.089990 -0.479639 0.429541
v -0.266260 0.396143 0.429541
v 0.266260 0.396143 0.429541
v 0.397998 0.056592 0.429541
v -0.114111 -0.446240 0.431396
v 0.114111 -0.446240 0.431396
v -0.010205 -0.446240 0.431396
v 0.010205 -0.446240 0.431396
v 0.334912 0.212451 0.433252
v 0.000928 -0.442529 0.433252
v -0.362744 -0.112256 0.433252
v 0.351611 0.006494 0.433252
v -0.075146 -0.492627 0.433252
v 0.075146 -0.492627 0.433252
v 0.190185 0.583545 0.435107
v -0.334912 -0.056592 0.435107
v -0.102979 -0.453662 0.435107
v 0.102979 -0.453662 0.435107
v 0.385010 0.086279 0.436963
v -0.089990 -0.466650 0.438818
v 0.089990 -0.466650 0.438818
v -0.216162 -0.550146 0.438818
v 0.216162 -0.550146 0.438818
v -0.321924 0.550147 0.438818
v -0.347900 -0.151221 0.438818
v 0.336768 0.242139 0.438818
v 0.394287 0.071436 0.440674
v -0.268115 0.511182 0.440674
v 0.269971 0.511182 0.440674
v -0.342334 -0.167920 0.442529
v -0.383154 0.190185 0.442529
v -0.173486 -0.459229 0.442529
v 0.173486 -0.459229 0.442529
v -0.060303 -0.492627 0.444385
v 0.060303 -0.492627 0.444385
v -0.151221 0.537158 0.446240
v 0.151221 0.537158 0.446240
v -0.370166 0.125244 0.446240
v -0.314502 -0.190186 0.446240
v -0.043604 -0.492627 0.446240
v 0.043604 -0.492627 0.446240
v -0.192041 -0.566846 0.446240
v 0.192041 -0.566846 0.446240
v -0.243994 0.678174 0.446240
v -0.238428 -0.498193 0.448096
v 0.238428 -0.498193 0.448096
v -0.203174 0.550147 0.448096
v 0.205029 0.550147 0.448096
v -0.416553 0.438818 0.448096
v 0.307080 0.533447 0.448096
v -0.334912 0.561279 0.449951
v -0.446240 0.333057 0.451807
v -0.218018 -0.639209 0.451807
v 0.218018 -0.639209 0.451807
v -0.030615 -0.479639 0.451807
v 0.030615 -0.479639 0.451807
v -0.277393 -0.568701 0.453662
v 0.277393 -0.568701 0.453662
v -0.383154 0.281104 0.455518
v -0.114111 0.737549 0.455518
v -0.225439 0.624365 0.457373
v -0.243994 0.652197 0.457373
v 0.347900 0.412842 0.457373
v 0.295947 0.123389 0.457373
v -0.038037 -0.466650 0.459228
v 0.038037 -0.466650 0.459228
v 0.273682 0.167920 0.459228
v -0.351611 0.080713 0.459228
v -0.114111 -0.524170 0.461084
v 0.114111 -0.524170 0.461084
v -0.264404 0.318213 0.461084
v 0.264404 0.318213 0.461084
v 0.017627 0.743115 0.461084
v 0.329346 0.301514 0.461084
v -0.334912 -0.127100 0.462939
v -0.026904 -0.453662 0.464795
v 0.026904 -0.453662 0.464795
v 0.110400 0.698584 0.464795
v -0.251416 -0.585400 0.466650
v 0.251416 -0.585400 0.466650
v -0.331201 -0.088135 0.466650
v 0.093701 -0.535303 0.466650
v -0.093701 -0.535303 0.466650
v -0.015772 -0.446240 0.468506
v 0.015772 -0.446240 0.468506
v -0.106689 0.572412 0.468506
v 0.108545 0.572412 0.468506
v -0.288525 -0.542725 0.468506
v 0.288525 -0.542725 0.468506
v -0.156787 -0.453662 0.470361
v 0.156787 -0.453662 0.470361
v 0.000928 -0.446240 0.470361
v -0.110400 -0.514893 0.472217
v 0.110400 -0.514893 0.472217
v -0.102979 0.665186 0.472217
v -0.114111 0.711572 0.472217
v -0.212451 -0.618799 0.472217
v 0.212451 -0.618799 0.472217
v 0.166064 0.559424 0.475928
v -0.221729 -0.485205 0.475928
v 0.221729 -0.485205 0.475928
v 0.154932 0.633643 0.475928
v 0.034326 0.676318 0.477783
v 0.017627 0.718994 0.477783
v -0.258838 0.243994 0.477783
v 0.258838 0.243994 0.477783
v 0.334912 0.080713 0.477783
v -0.245850 0.084424 0.477783
v 0.245850 0.084424 0.477783
v 0.000928 0.574268 0.477783
v 0.000928 0.544580 0.477783
v 0.368311 0.021338 0.477783
v -0.073291 -0.535303 0.479639
v 0.073291 -0.535303 0.479639
v 0.000928 -0.143799 0.479639
v 0.141943 0.629932 0.479639
v 0.082568 0.667041 0.479639
v 0.099268 0.683740 0.479639
v -0.321924 0.019482 0.479639
v -0.318213 -0.065869 0.481494
v 0.264404 0.223584 0.481494
v -0.349756 0.401709 0.481494
v -0.229150 0.012061 0.483350
v 0.229150 0.012061 0.483350
v -0.140088 -0.459229 0.483350
v 0.140088 -0.459229 0.483350
v -0.064014 -0.136377 0.483350
v 0.064014 -0.136377 0.483350
v 0.351611 0.051025 0.485205
v -0.049170 -0.535303 0.485205
v 0.049170 -0.535303 0.485205
v 0.282959 0.221729 0.487060
v -0.221729 -0.594678 0.488916
v 0.221729 -0.594678 0.488916
v -0.125244 -0.119678 0.488916
v 0.125244 -0.119678 0.488916
v -0.102979 -0.496338 0.488916
v 0.102979 -0.496338 0.488916
v -0.208740 -0.054736 0.490771
v 0.208740 -0.054736 0.490771
v -0.175342 -0.095557 0.490771
v 0.175342 -0.095557 0.490771
v -0.151221 0.420264 0.490771
v 0.151221 0.420264 0.490771
v -0.121533 -0.470361 0.492627
v 0.121533 -0.470361 0.492627
v -0.251416 0.164209 0.492627
v 0.251416 0.164209 0.492627
v -0.308936 -0.108545 0.492627
v -0.030615 -0.524170 0.492627
v 0.030615 -0.524170 0.492627
v -0.303369 -0.047314 0.492627
v -0.145654 -0.566846 0.492627
v 0.145654 -0.568701 0.494482
v 0.216162 0.555713 0.494482
v -0.301514 0.099268 0.494482
v -0.292236 0.026904 0.496338
v -0.305225 0.138232 0.496338
v 0.249561 0.266260 0.496338
v -0.041748 -0.514893 0.498193
v 0.041748 -0.514893 0.498193
v -0.297803 0.186475 0.501904
v -0.117822 -0.590967 0.501904
v 0.117822 -0.590967 0.501904
v -0.273682 -0.527881 0.501904
v 0.273682 -0.527881 0.501904
v 0.284814 0.494482 0.503760
v 0.264404 0.273682 0.503760
v -0.282959 -0.036182 0.505615
v 0.177197 0.522314 0.505615
v -0.060303 -0.496338 0.505615
v 0.060303 -0.496338 0.505615
v 0.123389 0.611377 0.505615
v -0.290381 -0.078857 0.507471
v -0.288525 0.051025 0.509326
v 0.288525 0.051025 0.509326
v -0.281103 0.496338 0.509326
v -0.281103 0.004639 0.511182
v 0.281104 0.004639 0.511182
v -0.281103 0.097412 0.511182
v 0.281104 0.097412 0.511182
v -0.136377 -0.550146 0.513037
v 0.136377 -0.550146 0.513037
v -0.193896 -0.475928 0.513037
v 0.193896 -0.475928 0.513037
v 0.294092 0.377588 0.513037
v 0.056592 0.648486 0.513037
v -0.299658 0.051025 0.513037
v 0.299658 0.051025 0.513037
v 0.028760 0.648486 0.514893
v -0.288525 0.000928 0.516748
v 0.288525 0.000928 0.516748
v -0.288525 0.101123 0.516748
v 0.288525 0.101123 0.516748
v -0.206885 0.574268 0.516748
v -0.277393 0.091846 0.518604
v 0.277393 0.091846 0.518604
v -0.286670 0.099268 0.518604
v -0.269971 0.099268 0.518604
v 0.269971 0.099268 0.518604
v 0.286670 0.099268 0.518604
v -0.277393 0.108545 0.518604
v 0.277393 0.108545 0.518604
v -0.088135 -0.590967 0.518604
v 0.088135 -0.590967 0.518604
v -0.282959 0.051025 0.518604
v -0.281103 0.051025 0.518604
v 0.279248 0.051025 0.518604
v 0.281104 0.051025 0.518604
v -0.255127 -0.034326 0.518604
v 0.255127 -0.034326 0.518604
v -0.255127 0.138232 0.518604
v 0.255127 0.138232 0.518604
v -0.051025 -0.470361 0.520459
v 0.051025 -0.470361 0.520459
v -0.275537 0.008350 0.520459
v -0.273682 0.008350 0.520459
v 0.271826 0.008350 0.520459
v 0.273682 0.008350 0.520459
v -0.275537 0.093701 0.520459
v -0.273682 0.093701 0.520459
v 0.271826 0.093701 0.520459
v 0.273682 0.093701 0.520459
v -0.295947 0.236572 0.522314
v -0.093701 0.639209 0.522314
v -0.281103 0.251416 0.522314
v -0.294092 0.051025 0.522314
v 0.294092 0.051025 0.522314
v -0.166064 0.097412 0.524170
v 0.166064 0.097412 0.524170
v -0.262549 -0.039893 0.524170
v 0.262549 -0.039893 0.524170
v -0.262549 0.143799 0.524170
v 0.262549 0.143799 0.524170
v 0.205029 0.346045 0.524170
v 0.136377 0.527881 0.524170
v -0.284814 0.004639 0.526025
v 0.284814 0.004639 0.526025
v -0.284814 0.097412 0.526025
v 0.284814 0.097412 0.526025
v -0.153076 0.017627 0.526025
v 0.153076 0.017627 0.526025
v -0.056592 -0.590967 0.526025
v 0.056592 -0.590967 0.526025
v -0.182764 -0.594678 0.527881
v 0.182764 -0.594678 0.527881
v -0.251416 -0.028760 0.527881
v -0.249561 -0.028760 0.527881
v 0.247705 -0.028760 0.527881
v 0.249561 -0.028760 0.527881
v -0.251416 0.130811 0.527881
v -0.249561 0.130811 0.527881
v 0.247705 0.130811 0.527881
v 0.249561 0.130811 0.527881
v -0.166064 -0.618799 0.527881
v 0.166064 -0.618799 0.527881
v -0.143799 0.340478 0.527881
v 0.143799 0.340478 0.527881
v -0.028760 -0.459229 0.529736
v 0.028760 -0.459229 0.529736
v -0.216162 -0.062158 0.529736
v 0.216162 -0.062158 0.529736
v -0.216162 0.164209 0.529736
v 0.216162 0.164209 0.529736
v 0.000928 0.429541 0.529736
v 0.184619 0.462939 0.531592
v -0.203174 0.561279 0.531592
v 0.219873 0.349756 0.531592
v -0.169775 -0.485205 0.531592
v 0.169775 -0.485205 0.531592
v -0.258838 -0.034326 0.533447
v 0.258838 -0.034326 0.533447
v -0.258838 0.138232 0.533447
v 0.258838 0.138232 0.533447
v 0.104834 0.602100 0.533447
v 0.000928 -0.115967 0.533447
v -0.125244 -0.529736 0.533447
v 0.125244 -0.529736 0.533447
v 0.180908 0.403564 0.533447
v 0.000928 -0.453662 0.535303
v -0.054736 -0.108545 0.535303
v 0.054736 -0.108545 0.535303
v -0.221729 -0.069580 0.535303
v 0.221729 -0.069580 0.535303
v -0.221729 0.171631 0.535303
v 0.221729 0.171631 0.535303
v -0.284814 0.284814 0.537158
v -0.095557 -0.093701 0.537158
v 0.095557 -0.093701 0.537158
v -0.141943 -0.026904 0.537158
v 0.141943 -0.026904 0.537158
v -0.216162 -0.052881 0.537158
v -0.214307 -0.052881 0.537158
v 0.212451 -0.052881 0.537158
v 0.214307 -0.052881 0.537158
v -0.216162 0.154932 0.537158
v -0.214307 0.154932 0.537158
v 0.212451 0.154932 0.537158
v 0.214307 0.154932 0.537158
v -0.030615 -0.566846 0.539014
v 0.030615 -0.566846 0.539014
v -0.140088 -0.639209 0.539014
v 0.140088 -0.639209 0.539014
v -0.125244 -0.062158 0.540869
v 0.125244 -0.062158 0.540869
v -0.175342 0.171631 0.540869
v 0.175342 0.171631 0.540869
v 0.192041 0.412842 0.540869
v -0.143799 -0.498193 0.540869
v 0.143799 -0.498193 0.540869
v 0.199463 0.505615 0.542725
v -0.171631 -0.071436 0.542725
v 0.171631 -0.071436 0.542725
v -0.171631 0.173486 0.542725
v 0.171631 0.173486 0.542725
v -0.219873 -0.062158 0.542725
v 0.219873 -0.062158 0.542725
v -0.219873 0.164209 0.542725
v 0.219873 0.164209 0.542725
v 0.179053 0.390576 0.544580
v -0.264404 0.355322 0.544580
v 0.243994 0.451807 0.544580
v -0.051025 -0.550146 0.546436
v 0.051025 -0.550146 0.546436
v -0.067725 0.095557 0.546436
v 0.067725 0.095557 0.546436
v -0.238428 -0.516748 0.546436
v 0.238428 -0.516748 0.546436
v 0.025049 0.626221 0.548291
v -0.143799 0.260693 0.548291
v 0.143799 0.260693 0.548291
v -0.173486 -0.078857 0.550147
v 0.173486 -0.078857 0.550147
v -0.175342 -0.060303 0.550147
v -0.173486 -0.060303 0.550147
v 0.171631 -0.060303 0.550147
v 0.173486 -0.060303 0.550147
v -0.175342 0.051025 0.550147
v 0.171631 0.051025 0.550147
v -0.175342 0.164209 0.550147
v -0.173486 0.164209 0.550147
v 0.171631 0.164209 0.550147
v 0.173486 0.164209 0.550147
v -0.173486 0.180908 0.550147
v 0.173486 0.180908 0.550147
v -0.080713 0.622510 0.550147
v -0.060303 0.023193 0.552002
v 0.060303 0.023193 0.552002
v -0.073291 -0.529736 0.553857
v 0.073291 -0.529736 0.553857
v -0.162354 -0.585400 0.553857
v 0.162353 -0.585400 0.553857
v -0.127100 -0.062158 0.555713
v 0.127100 -0.062158 0.555713
v -0.127100 0.164209 0.555713
v 0.127100 0.164209 0.555713
v 0.000928 0.347900 0.555713
v -0.175342 -0.071436 0.555713
v 0.175342 -0.071436 0.555713
v -0.175342 0.173486 0.555713
v 0.175342 0.173486 0.555713
v -0.049170 -0.077002 0.557568
v 0.049170 -0.077002 0.557568
v 0.160498 0.329346 0.559424
v -0.106689 -0.650342 0.561279
v 0.106689 -0.650342 0.561279
v -0.134521 -0.052881 0.561279
v -0.132666 -0.052881 0.561279
v 0.130811 -0.052881 0.561279
v 0.132666 -0.052881 0.561279
v -0.134521 0.154932 0.561279
v -0.132666 0.154932 0.561279
v 0.130811 0.154932 0.561279
v 0.132666 0.154932 0.561279
v -0.080713 0.171631 0.563135
v 0.080713 0.171631 0.563135
v 0.000928 -0.078857 0.563135
v -0.125244 -0.069580 0.563135
v 0.125244 -0.069580 0.563135
v -0.125244 0.171631 0.563135
v 0.125244 0.171631 0.563135
v -0.231006 0.236572 0.563135
v 0.000928 0.088135 0.564990
v -0.051025 -0.041748 0.564990
v 0.051025 -0.041748 0.564990
v -0.054736 -0.008350 0.566846
v 0.054736 -0.008350 0.566846
v -0.088135 -0.034326 0.566846
v 0.088135 -0.034326 0.566846
v -0.088135 0.138232 0.566846
v 0.088135 0.138232 0.566846
v -0.206885 0.457373 0.566846
v -0.130811 -0.062158 0.568701
v 0.130811 -0.062158 0.568701
v -0.130811 0.164209 0.568701
v 0.130811 0.164209 0.568701
v -0.049170 0.585400 0.570557
v -0.201318 -0.527881 0.570557
v 0.201318 -0.527881 0.570557
v -0.266260 0.269971 0.570557
v -0.099268 -0.028760 0.570557
v -0.097412 -0.028760 0.570557
v 0.095557 -0.028760 0.570557
v 0.097412 -0.028760 0.570557
v -0.099268 0.130811 0.570557
v -0.097412 0.130811 0.570557
v 0.095557 0.130811 0.570557
v 0.097412 0.130811 0.570557
v -0.065869 -0.639209 0.572412
v 0.065869 -0.639209 0.572412
v -0.065869 -0.498193 0.572412
v 0.065869 -0.498193 0.572412
v 0.000928 0.160498 0.574268
v -0.064014 0.004639 0.574268
v 0.064014 0.004639 0.574268
v -0.064014 0.097412 0.574268
v 0.064014 0.097412 0.574268
v 0.000928 0.036182 0.574268
v -0.149365 -0.568701 0.574268
v 0.149365 -0.568701 0.574268
v -0.084424 -0.039893 0.574268
v 0.084424 -0.039893 0.574268
v -0.084424 0.143799 0.574268
v 0.084424 0.143799 0.574268
v -0.140088 0.537158 0.574268
v 0.153076 0.470361 0.576123
v -0.054736 0.051025 0.576123
v 0.054736 0.051025 0.576123
v 0.114111 0.500049 0.577979
v -0.075146 0.008350 0.577979
v -0.073291 0.008350 0.577979
v 0.071436 0.008350 0.577979
v 0.073291 0.008350 0.577979
v -0.075146 0.093701 0.577979
v -0.073291 0.093701 0.577979
v 0.071436 0.093701 0.577979
v 0.073291 0.093701 0.577979
v 0.000928 0.266260 0.577979
v 0.106689 0.247705 0.579834
v -0.091846 -0.034326 0.579834
v 0.091846 -0.034326 0.579834
v -0.091846 0.138232 0.579834
v 0.091846 0.138232 0.579834
v 0.000928 -0.038037 0.579834
v -0.067725 0.051025 0.579834
v -0.065869 0.051025 0.579834
v 0.064014 0.051025 0.579834
v 0.065869 0.051025 0.579834
v -0.023193 0.062158 0.579834
v 0.023193 0.062158 0.579834
v -0.000928 0.067725 0.579834
v -0.028760 0.089990 0.579834
v 0.028760 0.089990 0.579834
v -0.000928 0.095557 0.579834
v -0.036182 -0.618799 0.581689
v 0.036182 -0.618799 0.581689
v -0.058447 0.000928 0.581689
v 0.058447 0.000928 0.581689
v -0.058447 0.101123 0.581689
v 0.058447 0.101123 0.581689
v -0.054736 0.077002 0.583545
v 0.054736 0.077002 0.583545
v -0.166064 -0.542725 0.583545
v 0.166064 -0.542725 0.583545
v -0.038037 -0.485205 0.585400
v 0.038037 -0.485205 0.585400
v -0.049170 0.049170 0.585400
v 0.049170 0.049170 0.585400
v -0.049170 0.051025 0.585400
v 0.049170 0.051025 0.585400
v -0.060303 0.065869 0.585400
v 0.060303 0.065869 0.585400
v 0.054736 0.216162 0.585400
v -0.026904 0.075146 0.587256
v 0.026904 0.075146 0.587256
v 0.000928 0.082568 0.587256
v -0.067725 0.004639 0.587256
v 0.067725 0.004639 0.587256
v -0.067725 0.097412 0.587256
v 0.067725 0.097412 0.587256
v -0.015772 0.199463 0.587256
v -0.101123 0.206885 0.589111
v -0.058447 0.051025 0.589111
v 0.058447 0.051025 0.589111
v -0.025049 -0.594678 0.590967
v 0.025049 -0.594678 0.590967
v 0.080713 0.563135 0.590967
v 0.000928 0.008350 0.592822
v -0.134521 0.245850 0.592822
v 0.000928 -0.475928 0.592822
v -0.058447 -0.585400 0.594678
v 0.058447 -0.585400 0.594678
v -0.180908 0.453662 0.596533
v -0.156787 0.234717 0.598389
v 0.095557 0.451807 0.600244
v -0.082568 -0.568701 0.600244
v 0.082568 -0.568701 0.600244
v 0.019482 0.577979 0.602100
v -0.199463 0.277393 0.607666
v 0.140088 0.420264 0.609521
v -0.102979 0.527881 0.611377
v -0.036182 0.559424 0.613232
v 0.125244 0.359033 0.615088
v 0.058447 0.394287 0.615088
v -0.203174 0.320068 0.616943
v -0.078857 -0.542725 0.616943
v 0.078857 -0.542725 0.616943
v 0.062158 0.383154 0.618799
v -0.227295 0.346045 0.620654
v 0.095557 0.286670 0.622510
v -0.182764 0.301514 0.626221
v -0.141943 0.281104 0.626221
v -0.088135 0.273682 0.628076
v -0.008350 0.318213 0.628076
v -0.043604 -0.527881 0.631787
v 0.043604 -0.527881 0.631787
v 0.038037 0.336768 0.631787
v -0.015772 0.282959 0.637353
v 0.000928 -0.516748 0.639209
v -0.002783 0.501904 0.655908
v -0.088135 0.427686 0.659619
g recon
f 5 3 2 4
f 2 6 11 3
f 8 4 5 7
f 4 2 9 16
f 14 5 3 12
f 7 5 14 10
f 3 11 22 12
f 8 17 16 4
f 15 6 11 24
f 23 17 16 19
f 30 14 12 27
f 10 14 30 28
f 15 9 36 35
f 26 18 20 34
f 12 22 39 27
f 42 10 7 44
f 22 47 24 11
f 46 8 7 44
f 19 41 36 9
f 31 25 19 41
f 23 40 37 19
f 24 15 35 49
f 46 54 17 8
f 42 65 28 10
f 34 56 29 20
f 58 47 22 39
f 34 26 53 55
f 28 52 60 30
f 53 61 45 26
f 60 30 27 68
f 47 24 49 72
f 50 38 43 64
f 54 23 48 77
f 48 40 57 63
f 27 68 79 39
f 64 69 46 43
f 41 36 76 67
f 55 75 56 34
f 51 71 67 41
f 80 69 44 42
f 82 49 35 76
f 61 45 66 78
f 59 53 61 74
f 73 71 51 57
f 64 50 62 81
f 46 43 81 88
f 74 59 57 73
f 77 48 63 83
f 79 89 58 39
f 75 85 66 56
f 84 70 55 75
f 65 42 80 96
f 54 86 91 46
f 83 63 70 84
f 64 81 88 69
f 74 61 78 90
f 101 82 49 72
f 98 93 52 65
f 93 52 60 107
f 77 54 86 95
f 92 73 71 87
f 99 89 58 72
f 90 92 73 74
f 69 88 97 80
f 100 85 75 84
f 107 60 68 116
f 94 85 78 90
f 83 103 95 77
f 106 82 76 102
f 102 104 87 76
f 83 103 100 84
f 98 120 96 65
f 68 116 124 79
f 118 99 72 101
f 100 85 94 109
f 96 119 105 80
f 106 114 101 82
f 86 91 115 108
f 86 95 111 108
f 112 90 92 113
f 79 89 123 124
f 108 102 104 111
f 95 111 117 103
f 103 117 109 100
f 108 102 106 115
f 91 115 121 110
f 111 117 113 104
f 89 123 125 99
f 117 109 112 113
f 114 101 118 122
f 115 106 114 121
f 127 118 99 125
f 129 93 107 133
f 98 93 129 142
f 119 110 126 132
f 128 127 118 122
f 126 121 122 128
f 133 143 116 107
f 142 137 120 98
f 116 143 145 124
f 132 126 128 134
f 138 125 123 141
f 124 123 141 145
f 127 134 138 125
f 119 137 149 132
f 131 139 135 130
f 136 130 131 140
f 132 134 147 144
f 130 135 150 148
f 151 136 130 148
f 146 131 139 153
f 140 131 146 154
f 134 138 152 147
f 139 157 155 135
f 156 136 140 158
f 164 187 133 129
f 160 152 138 141
f 135 155 180 150
f 181 151 136 156
f 187 133 143 190
f 186 160 141 145
f 163 177 147 144
f 174 149 144 163
f 153 193 157 139
f 158 140 154 194
f 190 143 145 186
f 185 160 152 159
f 177 206 159 147
f 182 142 164 220
f 146 153 243 221
f 244 221 146 154
f 148 222 235 150
f 236 151 148 222
f 182 246 174 149
f 191 195 167 172
f 168 173 192 196
f 215 185 160 186
f 191 172 178 216
f 179 217 192 173
f 171 205 209 175
f 210 176 171 205
f 195 167 197 211
f 198 168 196 212
f 185 159 206 242
f 220 164 187 245
f 175 209 225 188
f 226 189 176 210
f 216 178 197 211
f 198 212 217 179
f 150 180 302 235
f 303 181 151 236
f 239 190 186 215
f 155 321 323 157
f 324 322 156 158
f 153 243 292 193
f 293 194 154 244
f 187 190 239 245
f 249 225 188 199
f 250 200 189 226
f 233 203 195 231
f 196 204 234 232
f 231 195 211 240
f 212 241 232 196
f 255 249 199 201
f 200 250 256 202
f 215 185 242 301
f 233 203 216 257
f 217 258 234 204
f 246 298 220 182
f 157 323 361 193
f 362 324 158 194
f 257 216 211 240
f 212 217 258 241
f 270 255 201 207
f 202 208 271 256
f 281 286 209 205
f 210 205 281 287
f 282 223 213 259
f 214 224 283 260
f 259 213 229 284
f 230 214 260 285
f 251 233 231 261
f 232 234 252 262
f 218 270 294 227
f 295 271 219 228
f 209 286 315 225
f 316 287 210 226
f 251 296 257 233
f 258 297 252 234
f 227 237 325 294
f 326 295 228 238
f 331 282 223 247
f 224 283 332 248
f 239 215 301 336
f 231 261 299 268
f 300 269 232 262
f 298 333 245 220
f 284 229 253 329
f 254 230 285 330
f 266 251 275 277
f 276 252 267 278
f 225 315 334 249
f 335 316 226 250
f 274 279 272 265
f 273 265 274 280
f 272 266 277 279
f 278 280 273 267
f 257 296 299 268
f 300 297 258 269
f 266 309 306 251
f 307 252 267 310
f 245 239 336 333
f 325 339 263 237
f 264 340 326 238
f 305 265 272 313
f 273 314 305 265
f 272 313 309 266
f 310 314 273 267
f 274 279 311 308
f 280 274 308 312
f 319 317 275 277
f 276 318 320 278
f 311 319 277 279
f 278 320 312 280
f 180 321 418 302
f 419 303 181 322
f 343 334 249 255
f 250 335 344 256
f 345 290 247 331
f 248 332 346 291
f 317 306 296 327
f 297 328 318 307
f 308 305 313 311
f 312 314 305 308
f 319 317 306 309
f 307 310 320 318
f 311 319 309 313
f 310 320 312 314
f 347 270 255 343
f 256 344 348 271
f 193 292 411 361
f 412 293 194 362
f 339 345 288 263
f 289 346 340 264
f 221 243 391 382
f 392 244 221 382
f 353 349 259 282
f 260 350 354 283
f 349 359 284 259
f 285 360 350 260
f 270 347 357 294
f 358 348 271 295
f 365 329 253 337
f 254 338 366 330
f 294 357 363 325
f 364 326 295 358
f 369 331 282 353
f 283 354 370 332
f 281 371 376 286
f 377 371 281 287
f 359 372 329 284
f 330 285 360 373
f 286 376 383 315
f 384 377 287 316
f 243 391 416 292
f 244 392 417 293
f 222 235 451 469
f 452 469 222 236
f 363 378 339 325
f 340 379 364 326
f 387 383 315 334
f 316 384 388 335
f 235 302 443 451
f 444 303 236 452
f 385 369 331 345
f 332 346 386 370
f 378 385 345 339
f 346 386 379 340
f 395 387 334 343
f 335 388 396 344
f 372 329 365 413
f 366 330 373 414
f 304 341 437 415
f 438 342 304 415
f 401 374 337 365
f 338 366 402 375
f 347 357 405 395
f 406 358 348 396
f 321 323 498 474
f 322 475 499 324
f 357 405 409 363
f 410 364 358 406
f 422 426 349 353
f 350 427 423 354
f 426 349 359 439
f 360 350 427 440
f 403 355 380 420
f 381 421 404 356
f 403 355 367 465
f 404 466 368 356
f 422 445 369 353
f 423 354 370 446
f 382 389 399 391
f 400 390 382 392
f 409 433 378 363
f 379 364 410 434
f 439 461 372 359
f 373 462 440 360
f 432 435 376 371
f 377 436 432 371
f 447 393 374 401
f 375 394 448 402
f 341 351 537 486
f 538 487 342 352
f 433 378 385 445
f 386 446 434 379
f 459 413 365 401
f 366 402 460 414
f 420 447 393 380
f 394 448 421 381
f 498 323 361 631
f 324 362 632 499
f 449 435 383 387
f 384 388 450 436
f 484 723 411 292
f 412 724 485 293
f 395 405 457 449
f 458 450 396 406
f 461 488 413 372
f 414 373 462 489
f 405 409 463 457
f 464 410 406 458
f 685 437 341 486
f 686 438 342 487
f 463 409 433 480
f 434 410 464 481
f 470 478 420 403
f 421 479 471 404
f 500 459 401 447
f 402 460 501 448
f 478 420 447 500
f 448 421 479 501
f 480 433 445 490
f 446 434 481 491
f 490 504 426 422
f 427 505 491 423
f 521 465 403 470
f 404 471 522 466
f 488 413 459 509
f 460 414 489 510
f 465 529 482 397
f 466 398 483 530
f 455 492 476 441
f 477 493 456 442
f 361 411 911 631
f 362 632 912 412
f 504 439 461 523
f 462 440 505 524
f 495 673 457 449
f 458 450 496 674
f 523 461 488 559
f 489 462 524 560
f 561 509 459 500
f 460 510 562 501
f 457 463 633 661
f 634 464 458 662
f 555 561 500 478
f 501 562 556 479
f 633 697 480 463
f 481 464 634 698
f 521 465 529 669
f 530 466 522 670
f 507 545 533 502
f 534 546 508 503
f 697 480 490 563
f 491 481 698 564
f 511 502 533 570
f 534 571 512 503
f 693 521 470 555
f 471 556 694 522
f 580 588 502 511
f 503 512 581 589
f 588 622 507 502
f 508 623 589 503
f 598 523 504 563
f 505 524 599 564
f 852 415 437 1027
f 438 415 852 1028
f 511 513 590 570
f 591 571 512 514
f 580 596 513 511
f 514 512 581 597
f 506 578 620 519
f 621 578 506 520
f 678 494 495 673
f 496 674 678 494
f 515 513 590 608
f 591 609 516 514
f 606 515 513 596
f 514 516 607 597
f 615 517 515 606
f 516 518 616 607
f 517 515 608 614
f 609 516 518 617
f 569 605 535 527
f 536 528 569 605
f 557 551 553 543
f 554 552 558 544
f 615 641 525 517
f 526 642 616 518
f 553 551 565 574
f 566 575 554 552
f 689 559 509 561
f 510 560 690 562
f 550 579 584 539
f 585 540 550 579
f 517 525 659 614
f 660 526 518 617
f 574 565 572 582
f 573 566 575 583
f 598 523 559 643
f 560 644 599 524
f 569 627 603 527
f 604 627 569 528
f 584 539 531 749
f 532 750 585 540
f 602 579 584 618
f 585 579 602 619
f 529 482 739 824
f 740 825 530 483
f 657 551 565 639
f 566 552 658 640
f 531 548 687 705
f 688 706 532 549
f 539 531 705 699
f 706 700 540 532
f 565 639 637 572
f 638 640 566 573
f 681 543 553 665
f 554 544 682 666
f 683 557 543 667
f 544 558 684 668
f 550 539 699 695
f 700 540 550 695
f 665 553 574 663
f 575 554 666 664
f 745 620 519 612
f 746 621 520 613
f 709 557 551 657
f 552 558 710 658
f 637 653 586 572
f 587 654 638 573
f 548 567 703 687
f 704 688 549 568
f 628 541 576 729
f 577 542 629 730
f 641 741 610 525
f 611 742 642 526
f 663 574 582 679
f 583 575 664 680
f 691 653 586 594
f 587 654 692 595
f 443 1132 1060 418
f 1061 419 444 1133
f 624 647 618 602
f 619 602 624 648
f 525 659 759 610
f 760 660 526 611
f 582 679 691 594
f 692 595 583 680
f 627 603 645 630
f 646 604 627 630
f 567 600 711 703
f 712 601 568 704
f 545 731 775 533
f 776 732 546 534
f 535 791 777 527
f 778 792 536 528
f 418 1060 1099 474
f 419 1061 1100 475
f 695 578 620 743
f 621 744 695 578
f 605 784 719 535
f 720 536 605 784
f 810 669 521 693
f 522 694 811 670
f 675 624 647 701
f 648 702 675 624
f 630 675 701 645
f 702 675 630 646
f 527 603 795 777
f 796 604 528 778
f 818 697 563 598
f 564 698 819 599
f 655 715 649 676
f 650 716 656 677
f 600 711 721 671
f 722 712 601 672
f 592 625 755 725
f 756 626 593 726
f 625 761 733 592
f 734 762 626 593
f 618 584 749 763
f 750 585 619 764
f 807 693 555 689
f 667 837 681 543
f 682 838 668 544
f 635 771 725 592
f 726 772 636 593
f 733 773 635 592
f 636 593 734 774
f 816 683 557 709
f 558 684 817 710
f 556 690 829 694
f 570 533 775 882
f 776 534 571 883
f 715 735 713 655
f 714 736 716 656
f 741 785 651 610
f 652 786 742 611
f 676 649 727 747
f 728 650 677 748
f 1423 707 351 913
f 1424 914 352 708
f 610 759 787 651
f 788 760 611 652
f 853 769 541 628
f 542 770 854 629
f 898 731 545 622
f 546 732 899 623
f 637 757 751 653
f 638 654 752 758
f 671 735 713 721
f 714 722 672 736
f 831 861 567 548
f 568 862 832 549
f 647 618 763 793
f 764 619 648 794
f 639 782 757 637
f 758 638 640 783
f 451 1190 1132 443
f 1133 1191 452 444
f 765 691 653 751
f 654 692 766 752
f 603 645 826 795
f 827 796 604 646
f 767 765 691 679
f 692 680 768 766
f 663 789 767 679
f 768 790 664 680
f 657 805 782 639
f 783 806 658 640
f 620 743 797 745
f 798 744 621 746
f 669 529 824 870
f 825 871 670 530
f 812 789 663 665
f 664 790 813 666
f 701 808 793 647
f 794 648 702 809
f 861 567 600 868
f 601 869 862 568
f 719 535 791 931
f 792 536 720 932
f 645 701 808 826
f 809 827 646 702
f 814 709 657 805
f 658 806 815 710
f 785 651 717 839
f 718 840 786 652
f 590 570 882 907
f 591 908 883 571
f 888 580 588 900
f 889 581 589 901
f 651 717 848 787
f 849 788 652 718
f 747 799 753 727
f 754 728 748 800
f 779 695 743 833
f 744 834 779 695
f 596 923 888 580
f 597 924 889 581
f 469 1178 1190 451
f 1191 452 469 1178
f 765 767 757 751
f 758 768 766 752
f 900 898 622 588
f 901 589 623 899
f 868 600 671 874
f 672 601 869 875
f 803 628 729 880
f 730 629 804 881
f 608 933 907 590
f 609 591 908 934
f 789 782 757 767
f 758 783 790 768
f 919 812 665 681
f 666 813 920 682
f 474 498 1183 1099
f 475 499 1184 1100
f 801 859 807 689
f 614 943 933 608
f 617 609 934 944
f 955 923 606 615
f 956 616 607 924
f 839 717 737 864
f 738 718 840 865
f 829 690 802 860
f 729 576 866 949
f 867 950 730 577
f 812 789 782 805
f 783 806 813 790
f 717 737 876 848
f 877 738 718 849
f 807 896 810 693
f 753 941 837 667
f 838 668 754 942
f 1015 771 635 773
f 636 774 1016 772
f 811 897 829 694
f 805 822 820 812
f 821 823 806 813
f 939 803 628 853
f 629 804 940 854
f 659 614 943 975
f 660 617 944 976
f 864 737 780 886
f 781 738 865 887
f 641 971 955 615
f 642 616 956 972
f 784 719 886 904
f 887 720 784 904
f 737 876 902 780
f 903 781 738 877
f 828 779 833 872
f 834 873 828 779
f 822 841 835 820
f 836 842 823 821
f 810 947 870 669
f 871 670 811 948
f 964 655 676 967
f 677 656 965 968
f 958 713 655 964
f 656 714 959 965
f 850 844 841 835
f 842 845 851 836
f 969 962 727 649
f 728 650 970 963
f 878 884 805 814
f 806 885 879 815
f 715 1023 969 649
f 970 650 716 1024
f 884 905 822 805
f 823 806 885 906
f 727 753 941 962
f 942 754 728 963
f 721 713 958 979
f 959 980 722 714
f 960 919 681 837
f 682 920 961 838
f 537 1011 1120 707
f 1121 1012 538 708
f 703 1005 973 711
f 974 1006 704 712
f 967 676 747 991
f 748 992 968 677
f 989 987 755 625
f 756 988 990 626
f 499 1184 1105 632
f 687 703 1005 1035
f 1006 1036 688 704
f 761 995 989 625
f 990 996 762 626
f 711 721 979 973
f 980 722 712 974
f 1071 745 612 985
f 613 746 1072 986
f 855 909 872 828
f 873 828 855 910
f 915 929 820 812
f 821 930 916 813
f 705 1042 1035 687
f 1036 688 706 1043
f 905 917 841 822
f 842 823 906 918
f 929 937 835 820
f 836 938 930 821
f 741 1085 971 641
f 742 642 972 1086
f 735 715 1023 1033
f 1024 716 736 1034
f 755 987 999 725
f 1000 726 756 988
f 841 917 927 844
f 842 845 928 918
f 995 761 733 1003
f 734 762 996 1004
f 725 999 1013 771
f 1014 772 726 1000
f 733 1003 1017 773
f 1018 1004 734 774
f 858 921 909 855
f 910 922 858 855
f 824 739 953 1019
f 954 1020 825 740
f 1192 696 547 1041
f 937 935 850 835
f 851 936 938 836
f 850 844 927 935
f 928 845 851 936
f 759 1097 975 659
f 760 660 976 1098
f 863 925 921 858
f 922 858 863 926
f 1069 1042 705 797
f 706 1043 1070 798
f 991 747 799 1054
f 800 1055 992 748
f 498 631 1244 1183
f 811 897 957 948
f 880 729 949 1056
f 950 730 881 1057
f 896 966 947 810
f 745 797 1069 1071
f 1070 1072 746 798
f 1019 853 769 1052
f 770 854 1020 1053
f 775 731 1067 1114
f 776 1115 1068 732
f 486 685 1513 1011
f 1514 686 487 1012
f 874 735 1033 1077
f 1034 736 875 1078
f 1054 1075 816 799
f 817 800 1055 1076
f 870 824 1019 1031
f 1020 825 871 1032
f 797 833 1073 1069
f 1074 834 798 1070
f 785 741 1085 1138
f 786 1139 1086 742
f 881 1082 977 804
f 978 803 880 1081
f 1039 960 837 941
f 838 961 1040 942
f 1064 939 803 978
f 804 940 1065 977
f 1075 816 856 1050
f 857 817 1076 1051
f 1142 787 759 1097
f 1143 1098 760 788
f 846 997 1044 890
f 1045 892 846 997
f 847 893 1046 998
f 1047 895 847 998
f 1321 437 685 1497
f 686 438 1322 1498
f 1025 878 884 1021
f 885 879 1026 1022
f 1050 856 878 1025
f 879 1026 1051 857
f 884 905 1001 1021
f 1002 906 885 1022
f 905 1001 983 917
f 984 1002 906 918
f 1031 939 853 1019
f 854 940 1032 1020
f 917 983 981 927
f 918 928 982 984
f 993 981 927 935
f 928 982 994 936
f 749 831 1118 1146
f 1119 832 750 1147
f 937 935 993 1009
f 994 1010 938 936
f 1029 1037 929 915
f 930 1038 1030 916
f 1176 1067 731 898
f 732 1068 1177 899
f 872 833 1073 1108
f 1074 1109 873 834
f 929 937 1009 1037
f 1010 938 930 1038
f 632 912 1187 1105
f 763 749 1146 1188
f 1147 1189 764 750
f 947 1064 1031 870
f 1032 1065 948 871
f 868 1091 1077 874
f 1078 875 869 1092
f 897 860 1180 957
f 1079 882 907 1093
f 908 883 1080 1094
f 861 868 1091 1118
f 1092 869 862 1119
f 1083 945 890 1044
f 892 945 1083 1045
f 1084 1046 893 946
f 895 946 1084 1047
f 839 1201 1116 785
f 840 786 1117 1202
f 888 923 1101 1095
f 1102 924 889 1096
f 793 1197 1188 763
f 1189 764 794 1198
f 993 981 983 1009
f 984 982 994 1010
f 909 872 1108 1122
f 1109 873 910 1123
f 848 787 1154 1209
f 849 1210 1155 788
f 1001 983 1009 1037
f 1010 1038 1002 984
f 1017 773 1015 1219
f 1016 774 1018 1220
f 1192 1306 843 696
f 1065 1113 957 948
f 1029 1037 1001 1021
f 1002 1022 1030 1038
f 909 1122 1126 921
f 1127 1123 910 922
f 900 888 1095 1185
f 1096 889 901 1186
f 966 1112 1064 947
f 1136 925 921 1126
f 1137 1127 922 926
f 808 793 1197 1232
f 1198 1233 809 794
f 1156 1093 933 943
f 934 1094 1159 944
f 631 1244 1281 911
f 1029 1021 1048 1058
f 1049 1059 1030 1022
f 923 955 1157 1101
f 1158 956 924 1102
f 1011 951 1062 1120
f 1063 952 1012 1121
f 1221 1028 852 1027
f 1302 1304 791 777
f 1303 778 792 1305
f 1300 795 777 1302
f 1301 796 778 1303
f 1081 880 1056 1160
f 1057 1161 1082 881
f 1150 1140 919 960
f 920 961 1151 1141
f 826 808 1232 1282
f 1233 809 827 1283
f 900 1185 1176 898
f 1177 1186 901 899
f 1282 826 795 1300
f 1283 1301 796 827
f 919 1140 1134 1029
f 1135 1141 920 1030
f 864 839 1201 1315
f 865 1316 1202 840
f 876 1284 1209 848
f 877 849 1210 1285
f 1048 1058 1089 1087
f 1090 1059 1049 1088
f 997 1044 1128 1106
f 1129 1106 997 1045
f 998 1107 1130 1046
f 1131 1107 998 1047
f 1025 1021 1144 1124
f 1145 1022 1026 1125
f 1144 1152 1048 1021
f 1049 1153 1145 1022
f 962 1199 1195 941
f 1196 1200 963 942
f 1134 1029 1058 1162
f 1059 1030 1135 1163
f 1156 943 975 1257
f 976 944 1159 1260
f 1110 1089 1087 1103
f 1088 1090 1111 1104
f 971 1258 1157 955
f 1158 1259 972 956
f 902 1323 1284 876
f 903 877 1285 1324
f 1148 1083 1044 1128
f 1045 1083 1148 1129
f 1149 1084 1046 1130
f 1047 1131 1149 1084
f 949 1288 1286 866
f 1287 1289 950 867
f 886 864 1315 1360
f 887 865 1316 1361
f 931 1304 1323 902
f 1324 1305 932 903
f 1488 1041 830 1066
f 1195 1222 1039 941
f 1040 1223 1196 942
f 1242 969 962 1199
f 963 970 1243 1200
f 1152 1048 1087 1166
f 1088 1049 1153 1167
f 1211 1279 964 958
f 965 1280 1212 959
f 979 1253 1211 958
f 1212 959 980 1254
f 1039 960 1150 1331
f 1151 961 1040 1332
f 1162 1174 1089 1058
f 1090 1175 1163 1059
f 1113 1204 1180 957
f 987 1205 1263 999
f 1264 1000 988 1206
f 1279 1273 967 964
f 968 1274 1280 965
f 1273 1224 991 967
f 992 1225 1274 968
f 1179 966 1112 1203
f 1166 1168 1103 1087
f 1167 1088 1104 1169
f 1207 1265 1003 995
f 1004 996 1208 1266
f 904 886 1360 1383
f 1361 887 904 1383
f 1263 999 1013 1213
f 1014 1214 1264 1000
f 1170 1181 1093 1079
f 1094 1182 1171 1080
f 1023 969 1242 1269
f 1243 970 1024 1270
f 1003 1017 1219 1265
f 1220 1266 1004 1018
f 1224 1217 1054 991
f 1055 1218 1225 992
f 1110 1103 1168 1172
f 1169 1104 1111 1173
f 1095 1101 1181 1170
f 1182 1102 1096 1171
f 973 979 1253 1313
f 1254 980 974 1314
f 1174 1172 1110 1089
f 1111 1173 1175 1090
f 1255 1313 973 1005
f 974 1314 1256 1006
f 1033 1238 1269 1023
f 1270 1239 1034 1024
f 989 987 1205 1337
f 1275 1035 1005 1255
f 1006 1036 1276 1256
f 1207 995 989 1337
f 990 996 1208 1338
f 1056 949 1288 1290
f 1289 950 1057 1291
f 1249 1114 1079 1170
f 1080 1115 1250 1171
f 1042 1319 1275 1035
f 1276 1036 1043 1320
f 1077 1329 1238 1033
f 1239 1034 1078 1330
f 1247 1215 1124 1050
f 1125 1216 1248 1051
f 1217 1333 1075 1054
f 1076 1334 1218 1055
f 1085 971 1258 1370
f 1259 972 1086 1371
f 1114 1067 1240 1311
f 1115 1312 1241 1068
f 1181 1267 1156 1093
f 1159 1268 1182 1094
f 1157 1267 1181 1101
f 1182 1268 1158 1102
f 1069 1335 1319 1042
f 1320 1336 1070 1043
f 1257 975 1097 1386
f 1098 976 1260 1387
f 1124 1144 1236 1215
f 1237 1216 1125 1145
f 1069 1335 1356 1071
f 1357 1336 1070 1072
f 1160 1056 1290 1297
f 1291 1298 1161 1057
f 1073 1354 1335 1069
f 1336 1355 1074 1070
f 1476 951 1062 1271
f 1063 1272 1477 952
f 1277 1106 1128 1307
f 1129 1106 1277 1308
f 1278 1107 1130 1309
f 1131 1310 1278 1107
f 1144 1236 1245 1152
f 1246 1237 1145 1153
f 1230 1261 1162 1134
f 1163 1262 1231 1135
f 1245 1152 1166 1234
f 1167 1153 1246 1235
f 1015 1213 1345 1219
f 1356 1071 985 1419
f 986 1072 1357 1420
f 1166 1168 1228 1234
f 1167 1235 1229 1169
f 1176 1067 1240 1368
f 1241 1068 1177 1369
f 1226 1228 1168 1172
f 1169 1229 1227 1173
f 1140 1134 1230 1352
f 1231 1135 1141 1353
f 1261 1162 1174 1251
f 1175 1163 1262 1252
f 1251 1226 1172 1174
f 1173 1227 1252 1175
f 1091 1395 1329 1077
f 1330 1396 1092 1078
f 1148 1128 1307 1327
f 1308 1327 1148 1129
f 1149 1328 1309 1130
f 1310 1131 1149 1328
f 1108 1073 1354 1389
f 1355 1074 1109 1390
f 1199 1224 1217 1195
f 1218 1225 1200 1196
f 1193 1293 1297 1160
f 1298 1161 1194 1294
f 1364 1150 1140 1352
f 1141 1151 1365 1353
f 1273 1242 1199 1224
f 1200 1225 1274 1243
f 1292 1203 1193 1293
f 1194 1204 1299 1294
f 1226 1251 1234 1228
f 1235 1252 1227 1229
f 1122 1391 1389 1108
f 1123 1392 1390 1109
f 1230 1236 1245 1261
f 1246 1237 1231 1262
f 1195 1222 1341 1217
f 1342 1223 1196 1218
f 1245 1234 1251 1261
f 1252 1235 1246 1262
f 1221 1027 1321 1439
f 1322 1440 1221 1028
f 1238 1211 1279 1269
f 1280 1270 1239 1212
f 1333 1403 1247 1075
f 1248 1076 1334 1404
f 1397 1391 1122 1126
f 1398 1127 1123 1392
f 1138 1085 1370 1449
f 1371 1086 1139 1450
f 1666 1120 707 1423
f 1667 1424 708 1121
f 1222 1433 1331 1039
f 1332 1434 1223 1040
f 1118 1427 1395 1091
f 1396 1428 1119 1092
f 1136 1399 1397 1126
f 1400 1137 1127 1398
f 1267 1156 1257 1381
f 1258 1381 1267 1157
f 1268 1382 1259 1158
f 1260 1159 1268 1382
f 1329 1253 1211 1238
f 1212 1254 1330 1239
f 1279 1269 1242 1273
f 1243 1274 1280 1270
f 1249 1114 1311 1417
f 1312 1115 1250 1418
f 1142 1455 1386 1097
f 1143 1456 1387 1098
f 1230 1317 1325 1236
f 1326 1318 1231 1237
f 1185 1379 1368 1176
f 1369 1380 1186 1177
f 1343 1215 1236 1366
f 1237 1216 1344 1367
f 1138 1116 1435 1449
f 1436 1117 1139 1450
f 1337 1205 1263 1376
f 1264 1377 1338 1206
f 1207 1265 1376 1337
f 1377 1266 1208 1338
f 1263 1213 1345 1376
f 1346 1214 1264 1377
f 1376 1345 1219 1265
f 1377 1346 1220 1266
f 1247 1215 1343 1403
f 1344 1216 1248 1404
f 1465 1118 1146 1478
f 1466 1479 1147 1119
f 1154 1467 1455 1142
f 1155 1143 1456 1468
f 1379 1185 1249 1417
f 1250 1186 1380 1418
f 1395 1329 1253 1313
f 1254 1314 1396 1330
f 1325 1317 1339 1350
f 1340 1318 1326 1351
f 1292 1347 1372 1293
f 1373 1348 1299 1294
f 1366 1393 1325 1236
f 1326 1237 1367 1394
f 1374 1401 1317 1230
f 1318 1402 1375 1231
f 1478 1457 1188 1146
f 1479 1147 1189 1458
f 1413 1275 1255 1384
f 1256 1385 1414 1276
f 1372 1293 1297 1405
f 1298 1294 1373 1406
f 1184 1475 1533 1105
f 1545 1474 1183 1099
f 1546 1475 1184 1100
f 1358 1339 1350 1362
f 1351 1340 1359 1363
f 1201 1536 1435 1116
f 1436 1537 1202 1117
f 1629 1545 1099 1060
f 1100 1061 1630 1546
f 1533 1551 1187 1105
f 1401 1409 1339 1317
f 1340 1410 1402 1318
f 1209 1154 1467 1541
f 1210 1542 1468 1155
f 1393 1325 1350 1407
f 1351 1326 1394 1408
f 1258 1381 1451 1370
f 1452 1382 1259 1371
f 1319 1459 1413 1275
f 1414 1276 1320 1460
f 1183 1244 1532 1474
f 1405 1499 1290 1297
f 1291 1500 1406 1298
f 1381 1451 1386 1257
f 1387 1452 1382 1260
f 1409 1411 1358 1339
f 1359 1412 1410 1340
f 1427 1384 1313 1395
f 1314 1385 1428 1396
f 1407 1350 1362 1415
f 1363 1416 1408 1351
f 1358 1411 1415 1362
f 1416 1412 1359 1363
f 1493 1368 1240 1421
f 1241 1422 1494 1369
f 1341 1222 1433 1534
f 1434 1223 1342 1535
f 1335 1319 1459 1484
f 1460 1485 1336 1320
f 1343 1366 1445 1431
f 1446 1367 1344 1432
f 1443 1429 1352 1364
f 1353 1365 1444 1430
f 1457 1637 1197 1188
f 1458 1189 1198 1638
f 1429 1453 1374 1352
f 1375 1353 1430 1454
f 1244 1532 1547 1281
f 1499 1559 1288 1290
f 1289 1560 1500 1291
f 1315 1201 1536 1567
f 1537 1202 1316 1568
f 1445 1366 1393 1461
f 1394 1462 1446 1367
f 1525 1417 1311 1421
f 1312 1418 1526 1422
f 1284 1209 1541 1579
f 1285 1580 1542 1210
f 1221 1440 1538 1439
f 1453 1374 1401 1480
f 1402 1375 1454 1481
f 1341 1333 1523 1534
f 1524 1334 1342 1535
f 1491 1413 1384 1427
f 1385 1414 1492 1428
f 1484 1335 1356 1554
f 1357 1555 1485 1336
f 1461 1463 1407 1393
f 1408 1464 1462 1394
f 1523 1333 1403 1505
f 1404 1334 1524 1506
f 1132 1060 1629 1746
f 1630 1747 1133 1061
f 1425 1510 1484 1354
f 1485 1355 1426 1511
f 1349 1754 1488 1066
f 1463 1407 1415 1469
f 1416 1408 1464 1470
f 1480 1486 1409 1401
f 1410 1487 1481 1402
f 1411 1482 1469 1415
f 1470 1416 1412 1483
f 1486 1409 1411 1482
f 1412 1410 1487 1483
f 1515 1509 1389 1391
f 1390 1509 1515 1392
f 1431 1445 1453 1429
f 1454 1446 1432 1430
f 1559 1609 1286 1288
f 1287 1610 1560 1289
f 1493 1379 1417 1525
f 1418 1380 1494 1526
f 1302 1589 1573 1304
f 1303 1590 1574 1305
f 1370 1449 1543 1451
f 1544 1450 1371 1452
f 1527 1515 1391 1397
f 1392 1515 1527 1398
f 1437 1372 1471 1539
f 1472 1373 1438 1540
f 1197 1232 1613 1637
f 1198 1233 1614 1638
f 1573 1304 1323 1587
f 1574 1588 1324 1305
f 1323 1284 1579 1587
f 1324 1588 1580 1285
f 1613 1593 1282 1232
f 1614 1594 1283 1233
f 1433 1569 1489 1331
f 1490 1570 1434 1332
f 1509 1389 1425 1520
f 1426 1520 1509 1390
f 1593 1601 1300 1282
f 1594 1283 1301 1602
f 1451 1543 1455 1386
f 1456 1544 1452 1387
f 1601 1589 1302 1300
f 1602 1301 1303 1590
f 1360 1591 1567 1315
f 1568 1592 1361 1316
f 1445 1461 1480 1453
f 1481 1462 1446 1454
f 1550 1399 1397 1527
f 1398 1527 1550 1400
f 1461 1463 1486 1480
f 1487 1481 1462 1464
f 1482 1469 1463 1486
f 1464 1470 1483 1487
f 1552 1459 1413 1491
f 1414 1492 1553 1460
f 1449 1543 1548 1435
f 1549 1544 1450 1436
f 1554 1627 1419 1356
f 1420 1628 1555 1357
f 1471 1597 1499 1405
f 1500 1598 1472 1406
f 1621 1383 1360 1631
f 1361 1632 1621 1383
f 1543 1548 1467 1455
f 1468 1456 1544 1549
f 1520 1425 1510 1558
f 1511 1426 1520 1558
f 1561 1503 1443 1505
f 1562 1506 1444 1504
f 1501 1378 1547 1595
f 1551 1388 1502 1596
f 1041 1192 1826 1729
f 1581 1552 1459 1484
f 1460 1553 1582 1485
f 1800 1746 1132 1190
f 1133 1747 1801 1191
f 1435 1548 1585 1536
f 1586 1537 1436 1549
f 1599 1552 1491 1465
f 1492 1553 1600 1466
f 1489 1503 1565 1575
f 1566 1504 1490 1576
f 1548 1467 1541 1585
f 1542 1586 1549 1468
f 1534 1617 1569 1433
f 1570 1618 1535 1434
f 1666 1120 1441 1798
f 1667 1799 1442 1121
f 1563 1495 1521 1603
f 1522 1604 1564 1496
f 1607 1561 1505 1523
f 1506 1562 1608 1524
f 1791 1800 1190 1178
f 1191 1801 1791 1178
f 1633 1599 1465 1478
f 1466 1479 1634 1600
f 1644 1633 1478 1457
f 1479 1634 1645 1458
f 1521 1528 1625 1571
f 1626 1529 1522 1572
f 1561 1503 1565 1619
f 1562 1620 1566 1504
f 1495 1571 1663 1539
f 1664 1572 1496 1540
f 1534 1617 1607 1523
f 1608 1618 1535 1524
f 1577 1484 1554 1642
f 1555 1643 1578 1485
f 1577 1615 1581 1484
f 1582 1485 1578 1616
f 1558 1624 1577 1510
f 1578 1511 1558 1624
f 1539 1663 1597 1471
f 1598 1664 1540 1472
f 1569 1635 1575 1489
f 1576 1490 1570 1636
f 1603 1651 1528 1521
f 1529 1652 1604 1522
f 913 1423 1888 1743
f 914 1744 1889 1424
f 1192 1306 1803 1826
f 1536 1567 1639 1585
f 1640 1568 1537 1586
f 1528 1507 1676 1625
f 1677 1508 1529 1626
f 1585 1639 1579 1541
f 1580 1640 1586 1542
f 1597 1499 1559 1694
f 1560 1500 1598 1695
f 1622 1575 1565 1605
f 1566 1606 1623 1576
f 1651 1528 1556 1689
f 1557 1690 1652 1529
f 1687 1599 1552 1581
f 1553 1600 1688 1582
f 1619 1565 1605 1649
f 1620 1650 1606 1566
f 1657 1607 1561 1619
f 1562 1620 1658 1608
f 1567 1639 1653 1591
f 1654 1592 1568 1640
f 1653 1587 1579 1639
f 1580 1640 1654 1588
f 1647 1653 1587 1573
f 1588 1654 1648 1574
f 1569 1617 1661 1635
f 1662 1636 1570 1618
f 1635 1668 1622 1575
f 1623 1669 1636 1576
f 1656 1531 1612 1706
f 1611 1707 1655 1530
f 1591 1653 1647 1631
f 1648 1654 1592 1632
f 1699 1674 1595 1547
f 1661 1657 1607 1617
f 1608 1618 1662 1658
f 1700 1551 1596 1675
f 1659 1649 1605 1622
f 1606 1650 1660 1623
f 1624 1577 1642 1686
f 1643 1686 1624 1578
f 1655 1563 1603 1714
f 1604 1564 1656 1715
f 1712 1672 1573 1589
f 1574 1673 1713 1590
f 1734 1642 1554 1627
f 1735 1643 1555 1628
f 1657 1619 1649 1678
f 1650 1679 1658 1620
f 1571 1625 1720 1663
f 1721 1626 1572 1664
f 1704 1615 1581 1687
f 1582 1688 1705 1616
f 1699 1814 1532 1547
f 1512 1785 1808 1473
f 1533 1815 1700 1551
f 1668 1622 1659 1682
f 1660 1623 1669 1683
f 1692 1672 1647 1631
f 1648 1632 1693 1673
f 1694 1759 1609 1559
f 1610 1560 1695 1760
f 1661 1682 1668 1635
f 1669 1636 1662 1683
f 1698 1692 1631 1621
f 1632 1693 1698 1621
f 1701 1624 1615 1704
f 1616 1624 1701 1705
f 1670 1583 1680 1710
f 1681 1584 1671 1711
f 1678 1649 1659 1682
f 1660 1650 1679 1683
f 1661 1657 1678 1682
f 1679 1683 1662 1658
f 1441 1476 1822 1830
f 1442 1831 1823 1477
f 1726 1687 1599 1633
f 1600 1688 1727 1634
f 1712 1730 1601 1589
f 1602 1731 1713 1590
f 1663 1597 1694 1720
f 1695 1598 1664 1721
f 1730 1724 1593 1601
f 1594 1725 1731 1602
f 1724 1593 1613 1732
f 1614 1594 1725 1733
f 1822 1476 1513 1839
f 1823 1477 1514 1840
f 1835 1841 1497 1439
f 1498 1842 1836 1440
f 1538 1832 1835 1439
f 1836 1832 1538 1440
f 1732 1613 1637 1755
f 1638 1614 1733 1756
f 1665 1512 1785 1802
f 1714 1794 1651 1603
f 1652 1604 1715 1795
f 1545 1473 1808 1861
f 1706 1773 1681 1612
f 1680 1611 1707 1772
f 1757 1726 1633 1644
f 1634 1645 1758 1727
f 1862 1474 1532 1814
f 1533 1475 1863 1815
f 1497 1516 1853 1841
f 1854 1517 1498 1842
f 1839 1513 1518 1855
f 1840 1856 1519 1514
f 1755 1637 1644 1757
f 1645 1638 1756 1758
f 1625 1676 1778 1720
f 1779 1677 1626 1721
f 1853 1855 1518 1516
f 1519 1856 1854 1517
f 1748 1692 1672 1712
f 1673 1693 1749 1713
f 1774 1684 1646 1728
f 1696 1739 1718 1670
f 1719 1671 1697 1740
f 1754 1936 1641 1349
f 1686 1784 1734 1642
f 1735 1784 1686 1643
f 1752 1726 1687 1704
f 1688 1727 1753 1705
f 1810 1715 1656 1706
f 1655 1714 1809 1707
f 1761 1698 1692 1748
f 1693 1698 1761 1749
f 1701 1745 1752 1704
f 1705 1753 1745 1701
f 1877 1545 1474 1862
f 1475 1863 1878 1546
f 1696 1739 1765 1722
f 1766 1740 1697 1723
f 1720 1694 1759 1778
f 1760 1779 1721 1695
f 1780 1748 1712 1730
f 1713 1749 1781 1731
f 1794 1651 1689 1845
f 1690 1652 1795 1846
f 1780 1775 1724 1730
f 1725 1776 1781 1731
f 1775 1724 1732 1788
f 1733 1789 1776 1725
f 1792 1752 1726 1757
f 1727 1753 1793 1758
f 1739 1806 1769 1718
f 1770 1719 1740 1807
f 1710 1767 1812 1769
f 1813 1768 1711 1770
f 1787 1780 1748 1761
f 1749 1781 1787 1761
f 1790 1745 1752 1792
f 1753 1793 1790 1745
f 1910 1629 1545 1861
f 1754 1949 1729 1488
f 1788 1804 1755 1732
f 1756 1733 1789 1805
f 1804 1755 1757 1792
f 1758 1793 1805 1756
f 1914 1629 1545 1877
f 1546 1630 1915 1878
f 1787 1796 1775 1780
f 1776 1781 1787 1796
f 1796 1775 1788 1797
f 1789 1776 1796 1797
f 1739 1765 1817 1806
f 1818 1766 1740 1807
f 1847 1691 1736 1848
f 1859 1773 1706 1810
f 1707 1772 1858 1809
f 1423 1888 1957 1666
f 1424 1667 1958 1889
f 1811 1804 1792 1790
f 1793 1790 1811 1805
f 1797 1811 1804 1788
f 1805 1811 1797 1789
f 1771 1762 1819 1821
f 1820 1763 1771 1821
f 1809 1864 1794 1714
f 1795 1715 1810 1865
f 1772 1767 1828 1851
f 1829 1768 1773 1852
f 1750 1722 1849 1866
f 1850 1867 1751 1723
f 1786 1685 1847 1897
f 1873 1741 1750 1866
f 1867 1751 1742 1874
f 1767 1812 1871 1828
f 1872 1813 1768 1829
f 1806 1870 1843 1769
f 1844 1869 1807 1770
f 1947 1702 1629 1910
f 1933 1914 1629 1746
f 1630 1747 1934 1915
f 2088 1277 1307 2084
f 2088 2085 1308 1277
f 1309 2086 2089 1278
f 1310 2087 2089 1278
f 1857 1736 1848 1884
f 2084 2082 1327 1307
f 2085 2082 1327 1308
f 1328 2083 2086 1309
f 1328 2083 2087 1310
f 1762 1873 1879 1819
f 1880 1820 1763 1874
f 1930 1703 1708 1937
f 1869 1807 1818 1892
f 1817 1806 1870 1891
f 1946 1930 1703 1738
f 1819 1821 1893 1879
f 1894 1821 1820 1880
f 1917 1924 1802 1785
f 1864 1939 1845 1794
f 1865 1795 1846 1940
f 1843 1918 1871 1812
f 1872 1813 1844 1919
f 1809 1864 1928 1858
f 1929 1865 1810 1859
f 1937 1935 1837 1708
f 1833 1817 1903 1906
f 1904 1818 1834 1907
f 1849 1899 1886 1833
f 1887 1900 1850 1834
f 1851 1908 1882 1828
f 1883 1909 1852 1829
f 1945 1917 1785 1808
f 1981 1737 1702 1947
f 1911 1884 1848 1847
f 1783 1738 1946 1959
f 1972 1933 1746 1800
f 1747 1801 1973 1934
f 1991 1798 1666 1957
f 1667 1799 1992 1958
f 1936 2041 1816 1641
f 1828 1882 1931 1871
f 1932 1883 1829 1872
f 1924 1802 1827 1954
f 1858 1928 1908 1851
f 1909 1929 1859 1852
f 1866 1920 1899 1849
f 1900 1850 1867 1921
f 1881 1786 1897 1967
f 1964 1825 1783 1959
f 1782 1737 1981 1989
f 1890 1777 1898 1998
f 1996 1972 1800 1791
f 1801 1791 1996 1973
f 1926 1920 1866 1873
f 1867 1921 1927 1874
f 1911 1961 1897 1847
f 1919 1977 1869 1844
f 1870 1976 1918 1843
f 2003 1824 1782 1989
f 1941 1926 1873 1879
f 1874 1927 1942 1880
f 2029 1922 1743 1888
f 1744 1923 2030 1889
f 1945 2008 1861 1808
f 1860 1825 1964 1988
f 1875 1953 1950 1868
f 2033 1991 1798 1830
f 1799 1831 2034 1992
f 1876 2005 1954 1827
f 2009 1994 1822 1839
f 1823 1995 2010 1840
f 1988 1860 1824 2003
f 1994 1822 1830 2033
f 1831 1823 1995 2034
f 2001 1832 1835 2013
f 1836 1832 2001 2014
f 1879 1893 1962 1951
f 1963 1894 1880 1952
f 1908 1882 1943 1965
f 1944 1883 1909 1966
f 1871 1918 1986 1931
f 1987 1932 1872 1919
f 2013 1835 1841 2021
f 1842 2022 2014 1836
f 1956 1968 1900 1887
f 1899 1969 1955 1886
f 1949 1754 1936 2053
f 1868 1950 1993 1905
f 2009 2025 1855 1839
f 1856 2026 2010 1840
f 1882 1943 1974 1931
f 1975 1932 1883 1944
f 1901 1985 1988 1860
f 1841 2021 2027 1853
f 2028 2022 1842 1854
f 1895 2018 1953 1875
f 1896 1978 1970 1893
f 1971 1978 1896 1894
f 1853 2027 2025 1855
f 2026 2028 1854 1856
f 1977 1869 1892 2012
f 1891 2011 1976 1870
f 1902 1881 1967 2006
f 1949 1729 1960 2072
f 2005 2006 1902 1876
f 1968 1900 1921 2000
f 1920 1899 1969 1999
f 1906 1886 1979 2023
f 1907 1887 1980 2024
f 1928 1864 1983 2019
f 1929 2020 1984 1865
f 1982 1946 1930 1948
f 1913 1890 1998 2015
f 1928 2019 1965 1908
f 1966 2020 1929 1909
f 1905 1993 2015 1913
f 1903 1891 2011 2031
f 2012 1892 1904 2032
f 1906 1903 2031 2023
f 2032 2024 1907 1904
f 2016 1999 1920 1926
f 1921 1927 2017 2000
f 1967 2035 1961 1897
f 1990 1959 1946 1982
f 2036 1941 1926 2016
f 1927 1942 2037 2017
f 1964 1959 1990 2004
f 2044 2048 1917 1924
f 1960 1912 2018 2054
f 1931 1974 2051 1986
f 2052 1987 1932 1975
f 2044 1924 1954 2042
f 2002 1988 1964 2004
f 1976 1918 1986 2070
f 1987 1919 1977 2071
f 2029 1888 1957 2143
f 1958 1889 2030 2144
f 1951 1941 2046 2057
f 2047 1942 1952 2058
f 2048 2112 1945 1917
f 1969 2049 2039 1955
f 2040 2050 1968 1956
f 2081 1947 1910 2063
f 2042 1954 2005 2043
f 1955 2039 2068 1979
f 2069 1980 1956 2040
f 1997 2151 2029 1922
f 2030 2151 1997 1923
f 2035 1967 2006 2060
f 1951 2057 2100 1962
f 2101 1963 1952 2058
f 2050 1968 2000 2091
f 1999 2090 2049 1969
f 1981 2111 2081 1947
f 2054 2045 2007 2018
f 2055 2038 2005 2043
f 2059 2073 2003 2002
f 2145 1970 1962 2100
f 2146 1971 1963 2101
f 2073 2003 1989 2076
f 2076 1989 1981 2111
f 2011 1976 2070 2155
f 2071 1977 2012 2156
f 1978 1970 2145 2166
f 2146 2166 1978 1971
f 2207 2008 1945 2112
f 1979 2068 2163 2023
f 2164 2024 1980 2069
f 2129 2090 1999 2016
f 2000 2091 2130 2017
f 2072 2154 2054 1960
f 2115 2127 2009 1994
f 2010 1995 2116 2128
f 2143 2216 1991 1957
f 1992 2217 2144 1958
f 2072 2208 2053 1949
f 2162 2167 2013 2001
f 2014 2168 2162 2001
f 2115 2192 2033 1994
f 2034 1995 2116 2193
f 2127 2009 2025 2176
f 2026 2177 2128 2010
f 1986 2051 2213 2070
f 2214 2071 1987 2052
f 2122 1985 2059 2161
f 2186 2129 2016 2036
f 2017 2130 2187 2037
f 2013 2167 2174 2021
f 2175 2168 2014 2022
f 2031 2011 2155 2195
f 2156 2196 2032 2012
f 2064 2061 2074 2077
f 2075 2062 2065 2078
f 2066 2079 2074 2061
f 2075 2062 2067 2080
f 2023 2163 2195 2031
f 2196 2164 2024 2032
f 2190 2174 2021 2027
f 2022 2175 2191 2028
f 2045 2054 2154 2121
f 2192 2033 1991 2216
f 1992 2034 2193 2217
f 2176 2025 2027 2190
f 2028 2191 2177 2026
f 2103 2064 2061 2093
f 2062 2095 2105 2065
f 2107 2093 2061 2066
f 2062 2095 2109 2067
f 2049 2039 2141 2188
f 2142 2189 2050 2040
f 2096 2064 2077 2117
f 2078 2118 2097 2065
f 2098 2066 2079 2119
f 2080 2067 2099 2120
f 2036 2046 2209 2186
f 2210 2047 2037 2187
f 2123 2077 2074 2113
f 2075 2114 2124 2078
f 2125 2079 2074 2113
f 2075 2080 2126 2114
f 2096 2064 2103 2134
f 2105 2065 2097 2136
f 2098 2138 2107 2066
f 2109 2140 2099 2067
f 2053 2041 2197 2208
f 2093 2113 2123 2103
f 2124 2105 2095 2114
f 2093 2107 2125 2113
f 2126 2114 2095 2109
f 2039 2131 2237 2068
f 2238 2069 2040 2132
f 2157 2123 2077 2117
f 2078 2124 2158 2118
f 2159 2125 2079 2119
f 2080 2120 2160 2126
f 2161 2059 2073 2215
f 2207 2278 2063 2008
f 2046 2057 2235 2209
f 2236 2210 2047 2058
f 2151 2243 2143 2029
f 2144 2243 2151 2030
f 2157 2123 2103 2134
f 2105 2136 2158 2124
f 2138 2107 2125 2159
f 2126 2109 2140 2160
f 2169 2117 2096 2147
f 2097 2148 2170 2118
f 2171 2119 2098 2149
f 2099 2150 2172 2120
f 2147 2096 2134 2179
f 2136 2097 2148 2181
f 2149 2183 2138 2098
f 2140 2099 2150 2185
f 2111 2081 2153 2232
f 2090 2251 2188 2049
f 2189 2252 2091 2050
f 2072 2154 2194 2208
f 2154 2194 2165 2121
f 2076 2215 2232 2111
f 2169 2202 2157 2117
f 2158 2203 2170 2118
f 2171 2204 2159 2119
f 2160 2120 2172 2205
f 2152 2312 2122 2056
f 2202 2179 2134 2157
f 2136 2158 2203 2181
f 2204 2159 2138 2183
f 2140 2160 2205 2185
f 2211 2115 2127 2233
f 2128 2116 2212 2234
f 2297 2100 2057 2235
f 2298 2101 2058 2236
f 2218 2198 2147 2169
f 2148 2199 2219 2170
f 2230 2200 2149 2171
f 2150 2172 2231 2201
f 2198 2221 2179 2147
f 2181 2148 2199 2223
f 2200 2149 2183 2227
f 2185 2150 2201 2229
f 2155 2284 2213 2070
f 2214 2071 2156 2285
f 2261 2192 2115 2211
f 2116 2212 2262 2193
f 2068 2163 2305 2237
f 2306 2238 2069 2164
f 2295 2251 2090 2129
f 2091 2130 2296 2252
f 2233 2127 2176 2272
f 2177 2273 2234 2128
f 2153 2311 2278 2063
f 2218 2169 2202 2244
f 2203 2170 2219 2245
f 2230 2171 2204 2246
f 2205 2172 2231 2247
f 2244 2221 2179 2202
f 2181 2203 2245 2223
f 2227 2246 2204 2183
f 2205 2185 2229 2247
f 2162 2263 2248 2167
f 2249 2263 2162 2168
f 2270 2190 2174 2248
f 2175 2191 2271 2249
f 2351 2297 2100 2145
f 2101 2298 2352 2146
f 2272 2176 2190 2270
f 2191 2177 2273 2271
f 2254 2221 2198 2239
f 2199 2223 2256 2240
f 2241 2200 2227 2258
f 2229 2201 2242 2260
f 2239 2198 2218 2264
f 2219 2265 2240 2199
f 2241 2266 2230 2200
f 2231 2267 2242 2201
f 2243 2324 2216 2143
f 2217 2144 2243 2324
f 2341 2295 2129 2186
f 2130 2296 2342 2187
f 2232 2153 2311 2283
f 2122 2161 2373 2315
f 2195 2349 2284 2155
f 2285 2350 2196 2156
f 2163 2305 2349 2195
f 2350 2306 2164 2196
f 2279 2254 2221 2244
f 2223 2245 2280 2256
f 2281 2258 2227 2246
f 2229 2247 2282 2260
f 2269 2304 2233 2211
f 2234 2304 2269 2212
f 2279 2244 2218 2264
f 2219 2245 2280 2265
f 2281 2246 2230 2266
f 2231 2247 2282 2267
f 2166 2376 2351 2145
f 2352 2146 2166 2376
f 2299 2261 2211 2269
f 2212 2262 2299 2269
f 2288 2274 2239 2254
f 2240 2275 2290 2256
f 2292 2276 2241 2258
f 2242 2277 2294 2260
f 2274 2307 2264 2239
f 2265 2308 2275 2240
f 2276 2241 2266 2309
f 2267 2310 2277 2242
f 2206 2386 2312 2152
f 2324 2216 2261 2299
f 2262 2299 2324 2217
f 2263 2248 2270 2330
f 2271 2249 2263 2330
f 2286 2173 2207 2391
f 2186 2209 2377 2371
f 2378 2210 2187 2372
f 2373 2384 2215 2161
f 2288 2326 2279 2254
f 2280 2327 2290 2256
f 2292 2328 2281 2258
f 2282 2260 2294 2329
f 2304 2233 2272 2374
f 2273 2234 2304 2374
f 2326 2307 2264 2279
f 2265 2308 2327 2280
f 2328 2309 2266 2281
f 2267 2310 2329 2282
f 2317 2288 2274 2300
f 2275 2290 2319 2301
f 2302 2276 2292 2321
f 2294 2323 2303 2277
f 2209 2377 2382 2235
f 2383 2236 2210 2378
f 2343 2300 2274 2307
f 2275 2308 2344 2301
f 2345 2302 2276 2309
f 2277 2303 2346 2310
f 2330 2270 2272 2374
f 2273 2271 2330 2374
f 2313 2300 2317 2332
f 2319 2301 2314 2334
f 2313 2332 2321 2302
f 2323 2303 2314 2334
f 2317 2288 2326 2363
f 2327 2290 2319 2364
f 2365 2321 2292 2328
f 2294 2323 2366 2329
f 2355 2343 2300 2313
f 2301 2314 2356 2344
f 2355 2345 2302 2313
f 2303 2346 2356 2314
f 2343 2307 2326 2363
f 2327 2308 2344 2364
f 2345 2309 2328 2365
f 2329 2366 2346 2310
f 2391 2379 2278 2207
f 2206 2386 2389 2250
f 2384 2388 2283 2215
f 2337 2362 2360 2335
f 2361 2336 2337 2362
f 2362 2360 2338 2340
f 2339 2361 2362 2340
f 2369 2332 2317 2363
f 2319 2364 2370 2334
f 2369 2332 2321 2365
f 2323 2334 2370 2366
f 2360 2357 2353 2335
f 2354 2358 2361 2336
f 2391 2375 2268 2286
f 2235 2382 2392 2297
f 2236 2298 2393 2383
f 2355 2343 2363 2369
f 2364 2370 2356 2344
f 2311 2278 2379 2387
f 2312 2386 2381 2315
f 2283 2311 2387 2388
f 2250 2389 2396 2325
f 2401 2351 2297 2392
f 2298 2393 2402 2352
f 2315 2373 2406 2381
f 2386 2381 2394 2389
f 2399 2398 2380 2368
f 2367 2368 2399 2404
f 2405 2401 2351 2376
f 2352 2402 2405 2376
f 2398 2397 2385 2380
f 2396 2359 2404 2403
f 2389 2396 2403 2394
f 2407 2400 2375 2391
f 2407 2379 2387 2406
f 2390 2400 2407 2406
f 43 81 62 38
f 599 564 819 802
f 1206 988 990 1338
f 1346 1214 1016 1220
f 2355 2345 2365 2369
f 2366 2346 2356 2370
f 818 563 598 801
f 829 897 860 796
f 1193 1160 978 966
f 1833 1817 1739 1722
f 1740 1818 1834 1723
f 2340 2345 2357 2355
f 2358 2346 2340 2356
f 771 557 814 1050
f 815 558 772 1051
f 1161 1294 957 977
f 1292 1293 978 1179
f 1135 1365 1430 1318
f 1510 1554 1356 1073
f 1357 1555 1511 1074
f 1403 1343 1445 1523
f 1446 1344 1404 1524
f 1432 1454 1444 1524
f 801 598 523 807
f 796 819 599 510
f 801 1203 1112 807
f 1113 1180 1299 1161
f 1429 1364 1134 1317
f 1364 1569 1503 1352
f 1504 1570 1365 1353
f 1443 1453 1431 1523
f 1372 1583 1655 1302
f 1558 1554 1704 1578
f 2 6 9
f 15 6 9
f 1 20 18
f 1 21 18
f 9 19 16
f 20 29 1
f 21 33 1
f 29 33 1
f 13 31 25
f 25 13 37
f 25 19 37
f 23 17 54
f 31 13 51
f 33 45 21
f 37 51 13
f 23 40 48
f 50 38 32
f 31 41 51
f 29 33 66
f 38 32 62
f 33 45 66
f 28 65 52
f 62 50 32
f 36 76 35
f 66 56 29
f 69 46 44
f 53 59 55
f 47 58 72
f 59 63 57
f 87 71 67
f 66 85 78
f 67 76 87
f 88 97 46
f 91 46 97
f 105 80 97
f 92 87 113
f 90 112 94
f 97 110 91
f 113 87 104
f 97 110 105
f 94 112 109
f 105 110 119
f 120 119 96
f 114 122 121
f 121 126 110
f 137 120 119
f 127 128 134
f 144 149 132
f 142 164 129
f 147 159 152
f 161 165 167
f 162 166 168
f 169 161 167
f 170 162 168
f 172 167 165
f 168 173 166
f 165 178 161
f 162 166 179
f 169 178 161
f 170 179 162
f 172 178 165
f 179 173 166
f 167 169 183
f 168 170 184
f 178 169 183
f 179 170 184
f 183 197 167
f 168 198 184
f 183 197 178
f 184 179 198
f 321 180 155
f 322 181 156
f 203 191 195
f 204 192 196
f 216 203 191
f 217 204 192
f 218 270 207
f 208 271 219
f 240 231 268
f 241 269 232
f 240 257 268
f 241 258 269
f 306 251 296
f 307 252 297
f 299 327 261
f 300 328 262
f 327 317 261
f 328 318 262
f 327 299 296
f 328 300 297
f 345 288 290
f 346 289 291
f 395 347 343
f 348 396 344
f 441 292 416
f 442 417 293
f 418 302 443
f 419 303 444
f 474 321 418
f 475 322 419
f 484 292 441
f 485 442 293
f 376 383 435
f 384 377 436
f 385 445 369
f 386 446 370
f 397 367 465
f 398 368 466
f 399 424 389
f 425 400 390
f 391 407 416
f 392 417 408
f 395 449 387
f 396 450 388
f 430 416 407
f 408 417 431
f 428 416 441
f 417 429 442
f 467 430 407
f 431 468 408
f 453 441 428
f 454 442 429
f 432 494 435
f 453 472 428
f 473 454 429
f 490 422 445
f 423 491 446
f 426 504 439
f 427 505 440
f 537 351 707
f 538 352 708
f 441 484 476
f 485 442 477
f 495 435 449
f 496 436 450
f 470 555 478
f 471 556 479
f 509 488 559
f 510 560 489
f 490 504 563
f 491 564 505
f 661 673 457
f 674 662 458
f 507 545 622
f 508 623 546
f 547 696 497
f 411 723 911
f 912 724 412
f 572 582 594
f 573 583 587
f 594 586 582
f 595 587 583
f 555 689 561
f 556 690 562
f 548 531 831
f 549 532 832
f 486 537 1011
f 1012 487 538
f 497 843 696
f 749 831 531
f 750 532 832
f 743 695 699
f 744 695 700
f 606 596 923
f 607 597 924
f 699 705 797
f 700 706 798
f 753 816 667
f 754 817 668
f 797 743 699
f 744 798 700
f 801 643 818
f 802 644 819
f 671 735 874
f 736 672 875
f 799 753 816
f 800 754 817
f 833 743 797
f 744 798 834
f 719 886 780
f 720 887 781
f 709 814 856
f 710 815 857
f 931 719 780
f 781 932 720
f 830 547 1041
f 878 856 814
f 879 857 815
f 896 859 807
f 1027 1321 437
f 1028 1322 438
f 931 902 780
f 903 932 781
f 890 846 891
f 892 846 891
f 894 893 847
f 895 894 847
f 915 812 919
f 916 813 920
f 890 891 945
f 891 892 945
f 894 893 946
f 895 894 946
f 831 1118 861
f 1119 832 862
f 919 1029 915
f 920 916 1030
f 1093 933 907
f 934 1094 908
f 1007 1011 951
f 952 1008 1012
f 931 791 1304
f 932 792 1305
f 1064 939 1031
f 1065 940 1032
f 953 1019 1052
f 954 1020 1053
f 785 1116 1138
f 786 1117 1139
f 1154 787 1142
f 788 1155 1143
f 1113 977 1065
f 978 1064 1112
f 1007 1164 1011
f 1165 1008 1012
f 1124 1025 1050
f 1026 1051 1125
f 1247 1075 1050
f 1248 1076 1051
f 1062 1120 1271
f 1063 1121 1272
f 1081 1160 1193
f 1082 1161 1194
f 1095 1170 1185
f 1096 1186 1171
f 1476 951 1007
f 1477 952 1008
f 1249 1170 1185
f 1171 1250 1186
f 1164 1476 1007
f 1165 1477 1008
f 1164 1513 1011
f 1514 1165 1012
f 1203 1179 1295
f 1204 1180 1296
f 1497 685 1516
f 1498 686 1517
f 685 1513 1518
f 686 1519 1514
f 1516 1518 685
f 1517 1519 686
f 1441 1271 1120
f 1272 1121 1442
f 1333 1217 1341
f 1334 1342 1218
f 1347 1295 1292
f 1348 1296 1299
f 1313 1384 1255
f 1314 1385 1256
f 1421 1240 1311
f 1422 1241 1312
f 1427 1465 1118
f 1428 1466 1119
f 1347 1295 1447
f 1348 1448 1296
f 1437 1347 1372
f 1348 1438 1373
f 1425 1354 1389
f 1426 1355 1390
f 1551 1388 1187
f 1513 1476 1164
f 1514 1477 1165
f 1281 1547 1378
f 1441 1476 1271
f 1442 1477 1272
f 1379 1493 1368
f 1380 1494 1369
f 1405 1471 1372
f 1406 1472 1373
f 1447 1347 1437
f 1448 1348 1438
f 1321 1439 1497
f 1322 1440 1498
f 1429 1431 1443
f 1430 1432 1444
f 1488 1041 1729
f 1465 1491 1427
f 1492 1466 1428
f 1530 1447 1437
f 1531 1438 1448
f 1525 1421 1493
f 1526 1422 1494
f 1438 1531 1496
f 1495 1437 1539
f 1496 1438 1540
f 1577 1510 1484
f 1578 1511 1485
f 1447 1530 1583
f 1448 1531 1584
f 1528 1556 1507
f 1529 1557 1508
f 1495 1521 1571
f 1522 1496 1572
f 1591 1631 1360
f 1592 1361 1632
f 1655 1563 1530
f 1530 1583 1611
f 1531 1584 1612
f 1457 1637 1644
f 1458 1645 1638
f 1578 1624 1616
f 1501 1709 1595
f 1596 1502 1716
f 1583 1680 1611
f 1584 1681 1612
f 1647 1672 1573
f 1648 1673 1574
f 1595 1709 1674
f 1596 1675 1716
f 1717 1646 1728
f 1798 1830 1441
f 1442 1799 1831
f 1769 1710 1670
f 1770 1711 1671
f 1710 1772 1680
f 1711 1681 1773
f 1718 1670 1769
f 1719 1671 1770
f 1728 1764 1717
f 1685 1691 1847
f 1772 1710 1767
f 1773 1711 1768
f 1665 1827 1802
f 1717 1838 1764
f 1774 1898 1684
f 1777 1898 1684
f 1873 1741 1762
f 1874 1742 1763
f 1812 1769 1843
f 1813 1844 1770
f 1833 1849 1722
f 1850 1834 1723
f 1858 1772 1851
f 1773 1859 1852
f 1885 1803 1826
f 1729 1960 1826
f 1903 1891 1817
f 1904 1892 1818
f 1906 1886 1833
f 1907 1887 1834
f 1857 1884 1925
f 1912 1826 1960
f 1938 1837 1935
f 1916 1911 1884
f 1916 1925 1884
f 1816 2041 1901
f 1941 1879 1951
f 1942 1952 1880
f 1939 1864 1983
f 1940 1865 1984
f 1948 1937 1930
f 1912 1895 2018
f 1955 1979 1886
f 1887 1956 1980
f 1970 1962 1893
f 1971 1963 1894
f 2007 2018 1953
f 2002 1988 2003
f 2036 1941 2046
f 2037 1942 2047
f 1936 2041 2053
f 2038 2006 2005
f 2060 2006 2038
f 2060 2055 2038
f 2056 2122 1985
f 2039 2131 2141
f 2040 2132 2142
f 2153 2081 2063
f 2073 2215 2076
f 2224 2092 2102
f 2094 2225 2104
f 2224 2106 2092
f 2225 2108 2094
f 2224 2133 2102
f 2225 2104 2135
f 2224 2137 2106
f 2225 2108 2139
f 2165 2152 2194
f 2194 2152 2197
f 2224 2178 2133
f 2180 2225 2135
f 2224 2182 2137
f 2225 2184 2139
f 2208 2194 2197
f 2248 2167 2174
f 2249 2168 2175
f 2220 2224 2178
f 2180 2225 2222
f 2182 2226 2224
f 2225 2228 2184
f 2261 2192 2216
f 2262 2217 2193
f 2224 2220 2253
f 2225 2222 2255
f 2224 2257 2226
f 2225 2228 2259
f 2232 2283 2215
f 2122 2312 2315
f 2224 2287 2253
f 2255 2289 2225
f 2224 2257 2291
f 2293 2259 2225
f 2287 2224 2316
f 2289 2225 2318
f 2224 2291 2320
f 2293 2225 2322
f 2316 2224 2331
f 2225 2318 2333
f 2224 2331 2320
f 2225 2322 2333
f 2186 2371 2341
f 2187 2372 2342
f 2359 2325 2396
f 2367 2359 2404
f 2384 2373 2406
f 2385 2397 2395
f 2388 2384 2406
f 2406 2381 2390
f 2388 2387 2406
f 21 45 18
f 26 18 45
f 771 1015 1213
f 1016 772 1214
f 1331 1489 1150
f 1490 1332 1151
f 1656 1564 1531
f 1896 1893 1821
f 2379 2407 2391
f 2002 2161 1901
f 2041 1860 2152
f 883 1312 571
